
*** Running vivado
    with args -log finn_design_MVAU_hls_1_0.vds -m64 -product Vivado -mode batch -messageDb vivado.pb -notrace -source finn_design_MVAU_hls_1_0.tcl


****** Vivado v2022.2 (64-bit)
  **** SW Build 3671981 on Fri Oct 14 04:59:54 MDT 2022
  **** IP Build 3669848 on Fri Oct 14 08:30:02 MDT 2022
    ** Copyright 1986-2022 Xilinx, Inc. All Rights Reserved.

source finn_design_MVAU_hls_1_0.tcl -notrace
create_project: Time (s): cpu = 00:00:08 ; elapsed = 00:00:08 . Memory (MB): peak = 1317.020 ; gain = 0.027 ; free physical = 1219 ; free virtual = 3921
INFO: [IP_Flow 19-234] Refreshing IP repositories
INFO: [IP_Flow 19-1700] Loaded user IP repository '/home/andreea/finn/finn-rtllib/memstream'.
INFO: [IP_Flow 19-1700] Loaded user IP repository '/tmp/finn_dev_andreea/code_gen_ipgen_StreamingFIFO_rtl_0_ydn40a1v'.
INFO: [IP_Flow 19-1700] Loaded user IP repository '/tmp/finn_dev_andreea/code_gen_ipgen_FMPadding_rtl_0_zyuj32m2'.
INFO: [IP_Flow 19-1700] Loaded user IP repository '/tmp/finn_dev_andreea/code_gen_ipgen_StreamingFIFO_rtl_1_w6d3yn59'.
INFO: [IP_Flow 19-1700] Loaded user IP repository '/tmp/finn_dev_andreea/code_gen_ipgen_ConvolutionInputGenerator_rtl_0_odh4qvan'.
INFO: [IP_Flow 19-1700] Loaded user IP repository '/tmp/finn_dev_andreea/code_gen_ipgen_StreamingFIFO_rtl_2_kc_2n9b3'.
INFO: [IP_Flow 19-1700] Loaded user IP repository '/tmp/finn_dev_andreea/code_gen_ipgen_MVAU_hls_0__5svskkv/project_MVAU_hls_0/sol1/impl/ip'.
INFO: [IP_Flow 19-1700] Loaded user IP repository '/tmp/finn_dev_andreea/code_gen_ipgen_StreamingFIFO_rtl_3_0rs67dmk'.
INFO: [IP_Flow 19-1700] Loaded user IP repository '/tmp/finn_dev_andreea/code_gen_ipgen_StreamingDataWidthConverter_rtl_0_doquwkd1'.
INFO: [IP_Flow 19-1700] Loaded user IP repository '/tmp/finn_dev_andreea/code_gen_ipgen_StreamingFIFO_rtl_4_h8xhgbxy'.
INFO: [IP_Flow 19-1700] Loaded user IP repository '/tmp/finn_dev_andreea/code_gen_ipgen_StreamingMaxPool_hls_0_0r5oxrr5/project_StreamingMaxPool_hls_0/sol1/impl/ip'.
INFO: [IP_Flow 19-1700] Loaded user IP repository '/tmp/finn_dev_andreea/code_gen_ipgen_StreamingFIFO_rtl_5_lid_1kvr'.
INFO: [IP_Flow 19-1700] Loaded user IP repository '/tmp/finn_dev_andreea/code_gen_ipgen_StreamingDataWidthConverter_rtl_1_f4cj5x1a'.
INFO: [IP_Flow 19-1700] Loaded user IP repository '/tmp/finn_dev_andreea/code_gen_ipgen_StreamingFIFO_rtl_6_tfkpmsz1'.
INFO: [IP_Flow 19-1700] Loaded user IP repository '/tmp/finn_dev_andreea/code_gen_ipgen_MVAU_hls_1_tffy9gsm/project_MVAU_hls_1/sol1/impl/ip'.
INFO: [IP_Flow 19-1700] Loaded user IP repository '/tmp/finn_dev_andreea/code_gen_ipgen_StreamingFIFO_rtl_7__esnd9yq'.
INFO: [IP_Flow 19-1700] Loaded user IP repository '/tmp/finn_dev_andreea/code_gen_ipgen_MVAU_rtl_0_oa_hx13n'.
INFO: [IP_Flow 19-1700] Loaded user IP repository '/tmp/finn_dev_andreea/code_gen_ipgen_StreamingFIFO_rtl_8_difgt9_g'.
INFO: [IP_Flow 19-2313] Loaded Vivado IP repository '/tools/Xilinx/Vivado/2022.2/data/ip'.
INFO: [IP_Flow 19-6924] IPCACHE: Running cache check for IP inst: finn_design_MVAU_hls_1_0
Command: synth_design -top finn_design_MVAU_hls_1_0 -part xc7z020clg400-1 -incremental_mode off -mode out_of_context
Starting synth_design
Attempting to get a license for feature 'Synthesis' and/or device 'xc7z020'
INFO: [Common 17-349] Got license for feature 'Synthesis' and/or device 'xc7z020'
INFO: [Device 21-403] Loading part xc7z020clg400-1
INFO: [Synth 8-7079] Multithreading enabled for synth_design using a maximum of 4 processes.
INFO: [Synth 8-7078] Launching helper process for spawning children vivado processes
INFO: [Synth 8-7075] Helper process launched with PID 135268
INFO: [Synth 8-11241] undeclared symbol 'REGCCE', assumed default net type 'wire' [/tools/Xilinx/Vivado/2022.2/data/verilog/src/unimacro/BRAM_SINGLE_MACRO.v:2170]
---------------------------------------------------------------------------------
Starting RTL Elaboration : Time (s): cpu = 00:00:04 ; elapsed = 00:00:05 . Memory (MB): peak = 2004.445 ; gain = 370.801 ; free physical = 762 ; free virtual = 3468
Synthesis current peak Physical Memory [PSS] (MB): peak = 1316.548; parent = 1153.979; children = 162.569
Synthesis current peak Virtual Memory [VSS] (MB): peak = 2993.531; parent = 2022.258; children = 971.273
---------------------------------------------------------------------------------
INFO: [Synth 8-6157] synthesizing module 'finn_design_MVAU_hls_1_0' [/home/andreea/proiect_finn/output_ip_hardware/stitched_ip/finn_vivado_stitch_proj.gen/sources_1/bd/finn_design/ip/finn_design_MVAU_hls_1_0/synth/finn_design_MVAU_hls_1_0.v:53]
INFO: [Synth 8-6157] synthesizing module 'MVAU_hls_1' [/home/andreea/proiect_finn/output_ip_hardware/stitched_ip/finn_vivado_stitch_proj.gen/sources_1/bd/finn_design/ipshared/03cf/hdl/verilog/MVAU_hls_1.v:10]
INFO: [Synth 8-6157] synthesizing module 'MVAU_hls_1_Matrix_Vector_Activate_Stream_Batch' [/home/andreea/proiect_finn/output_ip_hardware/stitched_ip/finn_vivado_stitch_proj.gen/sources_1/bd/finn_design/ipshared/03cf/hdl/verilog/MVAU_hls_1_Matrix_Vector_Activate_Stream_Batch.v:10]
WARNING: [Synth 8-5974] attribute "use_dsp48" has been deprecated, please use "use_dsp" instead 
INFO: [Synth 8-6157] synthesizing module 'MVAU_hls_1_Matrix_Vector_Activate_Stream_Batch_p_ZL7threshs_0_ROM_AUTO_1R' [/home/andreea/proiect_finn/output_ip_hardware/stitched_ip/finn_vivado_stitch_proj.gen/sources_1/bd/finn_design/ipshared/03cf/hdl/verilog/MVAU_hls_1_Matrix_Vector_Activate_Stream_Batch_p_ZL7threshs_0_ROM_AUTO_1R.v:7]
INFO: [Synth 8-3876] $readmem data file '/tmp/finn_dev_andreea/code_gen_ipgen_MVAU_hls_1_tffy9gsm/project_MVAU_hls_1/sol1/impl/ip/hdl/verilog/MVAU_hls_1_Matrix_Vector_Activate_Stream_Batch_p_ZL7threshs_0_ROM_AUTO_1R.dat' is read successfully [/home/andreea/proiect_finn/output_ip_hardware/stitched_ip/finn_vivado_stitch_proj.gen/sources_1/bd/finn_design/ipshared/03cf/hdl/verilog/MVAU_hls_1_Matrix_Vector_Activate_Stream_Batch_p_ZL7threshs_0_ROM_AUTO_1R.v:28]
INFO: [Synth 8-6155] done synthesizing module 'MVAU_hls_1_Matrix_Vector_Activate_Stream_Batch_p_ZL7threshs_0_ROM_AUTO_1R' (0#1) [/home/andreea/proiect_finn/output_ip_hardware/stitched_ip/finn_vivado_stitch_proj.gen/sources_1/bd/finn_design/ipshared/03cf/hdl/verilog/MVAU_hls_1_Matrix_Vector_Activate_Stream_Batch_p_ZL7threshs_0_ROM_AUTO_1R.v:7]
INFO: [Synth 8-6157] synthesizing module 'MVAU_hls_1_Matrix_Vector_Activate_Stream_Batch_p_ZL7threshs_1_ROM_AUTO_1R' [/home/andreea/proiect_finn/output_ip_hardware/stitched_ip/finn_vivado_stitch_proj.gen/sources_1/bd/finn_design/ipshared/03cf/hdl/verilog/MVAU_hls_1_Matrix_Vector_Activate_Stream_Batch_p_ZL7threshs_1_ROM_AUTO_1R.v:7]
INFO: [Synth 8-3876] $readmem data file '/tmp/finn_dev_andreea/code_gen_ipgen_MVAU_hls_1_tffy9gsm/project_MVAU_hls_1/sol1/impl/ip/hdl/verilog/MVAU_hls_1_Matrix_Vector_Activate_Stream_Batch_p_ZL7threshs_1_ROM_AUTO_1R.dat' is read successfully [/home/andreea/proiect_finn/output_ip_hardware/stitched_ip/finn_vivado_stitch_proj.gen/sources_1/bd/finn_design/ipshared/03cf/hdl/verilog/MVAU_hls_1_Matrix_Vector_Activate_Stream_Batch_p_ZL7threshs_1_ROM_AUTO_1R.v:28]
INFO: [Synth 8-6155] done synthesizing module 'MVAU_hls_1_Matrix_Vector_Activate_Stream_Batch_p_ZL7threshs_1_ROM_AUTO_1R' (0#1) [/home/andreea/proiect_finn/output_ip_hardware/stitched_ip/finn_vivado_stitch_proj.gen/sources_1/bd/finn_design/ipshared/03cf/hdl/verilog/MVAU_hls_1_Matrix_Vector_Activate_Stream_Batch_p_ZL7threshs_1_ROM_AUTO_1R.v:7]
INFO: [Synth 8-6157] synthesizing module 'MVAU_hls_1_Matrix_Vector_Activate_Stream_Batch_p_ZL7threshs_2_ROM_AUTO_1R' [/home/andreea/proiect_finn/output_ip_hardware/stitched_ip/finn_vivado_stitch_proj.gen/sources_1/bd/finn_design/ipshared/03cf/hdl/verilog/MVAU_hls_1_Matrix_Vector_Activate_Stream_Batch_p_ZL7threshs_2_ROM_AUTO_1R.v:7]
INFO: [Synth 8-3876] $readmem data file '/tmp/finn_dev_andreea/code_gen_ipgen_MVAU_hls_1_tffy9gsm/project_MVAU_hls_1/sol1/impl/ip/hdl/verilog/MVAU_hls_1_Matrix_Vector_Activate_Stream_Batch_p_ZL7threshs_2_ROM_AUTO_1R.dat' is read successfully [/home/andreea/proiect_finn/output_ip_hardware/stitched_ip/finn_vivado_stitch_proj.gen/sources_1/bd/finn_design/ipshared/03cf/hdl/verilog/MVAU_hls_1_Matrix_Vector_Activate_Stream_Batch_p_ZL7threshs_2_ROM_AUTO_1R.v:28]
INFO: [Synth 8-6155] done synthesizing module 'MVAU_hls_1_Matrix_Vector_Activate_Stream_Batch_p_ZL7threshs_2_ROM_AUTO_1R' (0#1) [/home/andreea/proiect_finn/output_ip_hardware/stitched_ip/finn_vivado_stitch_proj.gen/sources_1/bd/finn_design/ipshared/03cf/hdl/verilog/MVAU_hls_1_Matrix_Vector_Activate_Stream_Batch_p_ZL7threshs_2_ROM_AUTO_1R.v:7]
INFO: [Synth 8-6157] synthesizing module 'MVAU_hls_1_Matrix_Vector_Activate_Stream_Batch_p_ZL7threshs_3_ROM_AUTO_1R' [/home/andreea/proiect_finn/output_ip_hardware/stitched_ip/finn_vivado_stitch_proj.gen/sources_1/bd/finn_design/ipshared/03cf/hdl/verilog/MVAU_hls_1_Matrix_Vector_Activate_Stream_Batch_p_ZL7threshs_3_ROM_AUTO_1R.v:7]
INFO: [Synth 8-3876] $readmem data file '/tmp/finn_dev_andreea/code_gen_ipgen_MVAU_hls_1_tffy9gsm/project_MVAU_hls_1/sol1/impl/ip/hdl/verilog/MVAU_hls_1_Matrix_Vector_Activate_Stream_Batch_p_ZL7threshs_3_ROM_AUTO_1R.dat' is read successfully [/home/andreea/proiect_finn/output_ip_hardware/stitched_ip/finn_vivado_stitch_proj.gen/sources_1/bd/finn_design/ipshared/03cf/hdl/verilog/MVAU_hls_1_Matrix_Vector_Activate_Stream_Batch_p_ZL7threshs_3_ROM_AUTO_1R.v:28]
INFO: [Synth 8-6155] done synthesizing module 'MVAU_hls_1_Matrix_Vector_Activate_Stream_Batch_p_ZL7threshs_3_ROM_AUTO_1R' (0#1) [/home/andreea/proiect_finn/output_ip_hardware/stitched_ip/finn_vivado_stitch_proj.gen/sources_1/bd/finn_design/ipshared/03cf/hdl/verilog/MVAU_hls_1_Matrix_Vector_Activate_Stream_Batch_p_ZL7threshs_3_ROM_AUTO_1R.v:7]
INFO: [Synth 8-6157] synthesizing module 'MVAU_hls_1_Matrix_Vector_Activate_Stream_Batch_p_ZL7threshs_4_ROM_AUTO_1R' [/home/andreea/proiect_finn/output_ip_hardware/stitched_ip/finn_vivado_stitch_proj.gen/sources_1/bd/finn_design/ipshared/03cf/hdl/verilog/MVAU_hls_1_Matrix_Vector_Activate_Stream_Batch_p_ZL7threshs_4_ROM_AUTO_1R.v:7]
INFO: [Synth 8-3876] $readmem data file '/tmp/finn_dev_andreea/code_gen_ipgen_MVAU_hls_1_tffy9gsm/project_MVAU_hls_1/sol1/impl/ip/hdl/verilog/MVAU_hls_1_Matrix_Vector_Activate_Stream_Batch_p_ZL7threshs_4_ROM_AUTO_1R.dat' is read successfully [/home/andreea/proiect_finn/output_ip_hardware/stitched_ip/finn_vivado_stitch_proj.gen/sources_1/bd/finn_design/ipshared/03cf/hdl/verilog/MVAU_hls_1_Matrix_Vector_Activate_Stream_Batch_p_ZL7threshs_4_ROM_AUTO_1R.v:28]
INFO: [Synth 8-6155] done synthesizing module 'MVAU_hls_1_Matrix_Vector_Activate_Stream_Batch_p_ZL7threshs_4_ROM_AUTO_1R' (0#1) [/home/andreea/proiect_finn/output_ip_hardware/stitched_ip/finn_vivado_stitch_proj.gen/sources_1/bd/finn_design/ipshared/03cf/hdl/verilog/MVAU_hls_1_Matrix_Vector_Activate_Stream_Batch_p_ZL7threshs_4_ROM_AUTO_1R.v:7]
INFO: [Synth 8-6157] synthesizing module 'MVAU_hls_1_Matrix_Vector_Activate_Stream_Batch_p_ZL7threshs_5_ROM_AUTO_1R' [/home/andreea/proiect_finn/output_ip_hardware/stitched_ip/finn_vivado_stitch_proj.gen/sources_1/bd/finn_design/ipshared/03cf/hdl/verilog/MVAU_hls_1_Matrix_Vector_Activate_Stream_Batch_p_ZL7threshs_5_ROM_AUTO_1R.v:7]
INFO: [Synth 8-3876] $readmem data file '/tmp/finn_dev_andreea/code_gen_ipgen_MVAU_hls_1_tffy9gsm/project_MVAU_hls_1/sol1/impl/ip/hdl/verilog/MVAU_hls_1_Matrix_Vector_Activate_Stream_Batch_p_ZL7threshs_5_ROM_AUTO_1R.dat' is read successfully [/home/andreea/proiect_finn/output_ip_hardware/stitched_ip/finn_vivado_stitch_proj.gen/sources_1/bd/finn_design/ipshared/03cf/hdl/verilog/MVAU_hls_1_Matrix_Vector_Activate_Stream_Batch_p_ZL7threshs_5_ROM_AUTO_1R.v:28]
INFO: [Synth 8-6155] done synthesizing module 'MVAU_hls_1_Matrix_Vector_Activate_Stream_Batch_p_ZL7threshs_5_ROM_AUTO_1R' (0#1) [/home/andreea/proiect_finn/output_ip_hardware/stitched_ip/finn_vivado_stitch_proj.gen/sources_1/bd/finn_design/ipshared/03cf/hdl/verilog/MVAU_hls_1_Matrix_Vector_Activate_Stream_Batch_p_ZL7threshs_5_ROM_AUTO_1R.v:7]
INFO: [Synth 8-6157] synthesizing module 'MVAU_hls_1_Matrix_Vector_Activate_Stream_Batch_p_ZL7threshs_6_ROM_AUTO_1R' [/home/andreea/proiect_finn/output_ip_hardware/stitched_ip/finn_vivado_stitch_proj.gen/sources_1/bd/finn_design/ipshared/03cf/hdl/verilog/MVAU_hls_1_Matrix_Vector_Activate_Stream_Batch_p_ZL7threshs_6_ROM_AUTO_1R.v:7]
INFO: [Synth 8-3876] $readmem data file '/tmp/finn_dev_andreea/code_gen_ipgen_MVAU_hls_1_tffy9gsm/project_MVAU_hls_1/sol1/impl/ip/hdl/verilog/MVAU_hls_1_Matrix_Vector_Activate_Stream_Batch_p_ZL7threshs_6_ROM_AUTO_1R.dat' is read successfully [/home/andreea/proiect_finn/output_ip_hardware/stitched_ip/finn_vivado_stitch_proj.gen/sources_1/bd/finn_design/ipshared/03cf/hdl/verilog/MVAU_hls_1_Matrix_Vector_Activate_Stream_Batch_p_ZL7threshs_6_ROM_AUTO_1R.v:28]
INFO: [Synth 8-6155] done synthesizing module 'MVAU_hls_1_Matrix_Vector_Activate_Stream_Batch_p_ZL7threshs_6_ROM_AUTO_1R' (0#1) [/home/andreea/proiect_finn/output_ip_hardware/stitched_ip/finn_vivado_stitch_proj.gen/sources_1/bd/finn_design/ipshared/03cf/hdl/verilog/MVAU_hls_1_Matrix_Vector_Activate_Stream_Batch_p_ZL7threshs_6_ROM_AUTO_1R.v:7]
INFO: [Synth 8-6157] synthesizing module 'MVAU_hls_1_Matrix_Vector_Activate_Stream_Batch_p_ZL7threshs_7_ROM_AUTO_1R' [/home/andreea/proiect_finn/output_ip_hardware/stitched_ip/finn_vivado_stitch_proj.gen/sources_1/bd/finn_design/ipshared/03cf/hdl/verilog/MVAU_hls_1_Matrix_Vector_Activate_Stream_Batch_p_ZL7threshs_7_ROM_AUTO_1R.v:7]
INFO: [Synth 8-3876] $readmem data file '/tmp/finn_dev_andreea/code_gen_ipgen_MVAU_hls_1_tffy9gsm/project_MVAU_hls_1/sol1/impl/ip/hdl/verilog/MVAU_hls_1_Matrix_Vector_Activate_Stream_Batch_p_ZL7threshs_7_ROM_AUTO_1R.dat' is read successfully [/home/andreea/proiect_finn/output_ip_hardware/stitched_ip/finn_vivado_stitch_proj.gen/sources_1/bd/finn_design/ipshared/03cf/hdl/verilog/MVAU_hls_1_Matrix_Vector_Activate_Stream_Batch_p_ZL7threshs_7_ROM_AUTO_1R.v:28]
INFO: [Synth 8-6155] done synthesizing module 'MVAU_hls_1_Matrix_Vector_Activate_Stream_Batch_p_ZL7threshs_7_ROM_AUTO_1R' (0#1) [/home/andreea/proiect_finn/output_ip_hardware/stitched_ip/finn_vivado_stitch_proj.gen/sources_1/bd/finn_design/ipshared/03cf/hdl/verilog/MVAU_hls_1_Matrix_Vector_Activate_Stream_Batch_p_ZL7threshs_7_ROM_AUTO_1R.v:7]
INFO: [Synth 8-6157] synthesizing module 'MVAU_hls_1_Matrix_Vector_Activate_Stream_Batch_p_ZL7threshs_8_ROM_AUTO_1R' [/home/andreea/proiect_finn/output_ip_hardware/stitched_ip/finn_vivado_stitch_proj.gen/sources_1/bd/finn_design/ipshared/03cf/hdl/verilog/MVAU_hls_1_Matrix_Vector_Activate_Stream_Batch_p_ZL7threshs_8_ROM_AUTO_1R.v:7]
INFO: [Synth 8-3876] $readmem data file '/tmp/finn_dev_andreea/code_gen_ipgen_MVAU_hls_1_tffy9gsm/project_MVAU_hls_1/sol1/impl/ip/hdl/verilog/MVAU_hls_1_Matrix_Vector_Activate_Stream_Batch_p_ZL7threshs_8_ROM_AUTO_1R.dat' is read successfully [/home/andreea/proiect_finn/output_ip_hardware/stitched_ip/finn_vivado_stitch_proj.gen/sources_1/bd/finn_design/ipshared/03cf/hdl/verilog/MVAU_hls_1_Matrix_Vector_Activate_Stream_Batch_p_ZL7threshs_8_ROM_AUTO_1R.v:28]
INFO: [Synth 8-6155] done synthesizing module 'MVAU_hls_1_Matrix_Vector_Activate_Stream_Batch_p_ZL7threshs_8_ROM_AUTO_1R' (0#1) [/home/andreea/proiect_finn/output_ip_hardware/stitched_ip/finn_vivado_stitch_proj.gen/sources_1/bd/finn_design/ipshared/03cf/hdl/verilog/MVAU_hls_1_Matrix_Vector_Activate_Stream_Batch_p_ZL7threshs_8_ROM_AUTO_1R.v:7]
INFO: [Synth 8-6157] synthesizing module 'MVAU_hls_1_Matrix_Vector_Activate_Stream_Batch_p_ZL7threshs_9_ROM_AUTO_1R' [/home/andreea/proiect_finn/output_ip_hardware/stitched_ip/finn_vivado_stitch_proj.gen/sources_1/bd/finn_design/ipshared/03cf/hdl/verilog/MVAU_hls_1_Matrix_Vector_Activate_Stream_Batch_p_ZL7threshs_9_ROM_AUTO_1R.v:7]
INFO: [Synth 8-3876] $readmem data file '/tmp/finn_dev_andreea/code_gen_ipgen_MVAU_hls_1_tffy9gsm/project_MVAU_hls_1/sol1/impl/ip/hdl/verilog/MVAU_hls_1_Matrix_Vector_Activate_Stream_Batch_p_ZL7threshs_9_ROM_AUTO_1R.dat' is read successfully [/home/andreea/proiect_finn/output_ip_hardware/stitched_ip/finn_vivado_stitch_proj.gen/sources_1/bd/finn_design/ipshared/03cf/hdl/verilog/MVAU_hls_1_Matrix_Vector_Activate_Stream_Batch_p_ZL7threshs_9_ROM_AUTO_1R.v:28]
INFO: [Synth 8-6155] done synthesizing module 'MVAU_hls_1_Matrix_Vector_Activate_Stream_Batch_p_ZL7threshs_9_ROM_AUTO_1R' (0#1) [/home/andreea/proiect_finn/output_ip_hardware/stitched_ip/finn_vivado_stitch_proj.gen/sources_1/bd/finn_design/ipshared/03cf/hdl/verilog/MVAU_hls_1_Matrix_Vector_Activate_Stream_Batch_p_ZL7threshs_9_ROM_AUTO_1R.v:7]
INFO: [Synth 8-6157] synthesizing module 'MVAU_hls_1_Matrix_Vector_Activate_Stream_Batch_p_ZL7threshs_10_ROM_AUTO_1R' [/home/andreea/proiect_finn/output_ip_hardware/stitched_ip/finn_vivado_stitch_proj.gen/sources_1/bd/finn_design/ipshared/03cf/hdl/verilog/MVAU_hls_1_Matrix_Vector_Activate_Stream_Batch_p_ZL7threshs_10_ROM_AUTO_1R.v:7]
INFO: [Synth 8-3876] $readmem data file '/tmp/finn_dev_andreea/code_gen_ipgen_MVAU_hls_1_tffy9gsm/project_MVAU_hls_1/sol1/impl/ip/hdl/verilog/MVAU_hls_1_Matrix_Vector_Activate_Stream_Batch_p_ZL7threshs_10_ROM_AUTO_1R.dat' is read successfully [/home/andreea/proiect_finn/output_ip_hardware/stitched_ip/finn_vivado_stitch_proj.gen/sources_1/bd/finn_design/ipshared/03cf/hdl/verilog/MVAU_hls_1_Matrix_Vector_Activate_Stream_Batch_p_ZL7threshs_10_ROM_AUTO_1R.v:28]
INFO: [Synth 8-6155] done synthesizing module 'MVAU_hls_1_Matrix_Vector_Activate_Stream_Batch_p_ZL7threshs_10_ROM_AUTO_1R' (0#1) [/home/andreea/proiect_finn/output_ip_hardware/stitched_ip/finn_vivado_stitch_proj.gen/sources_1/bd/finn_design/ipshared/03cf/hdl/verilog/MVAU_hls_1_Matrix_Vector_Activate_Stream_Batch_p_ZL7threshs_10_ROM_AUTO_1R.v:7]
INFO: [Synth 8-6157] synthesizing module 'MVAU_hls_1_Matrix_Vector_Activate_Stream_Batch_p_ZL7threshs_11_ROM_AUTO_1R' [/home/andreea/proiect_finn/output_ip_hardware/stitched_ip/finn_vivado_stitch_proj.gen/sources_1/bd/finn_design/ipshared/03cf/hdl/verilog/MVAU_hls_1_Matrix_Vector_Activate_Stream_Batch_p_ZL7threshs_11_ROM_AUTO_1R.v:7]
INFO: [Synth 8-3876] $readmem data file '/tmp/finn_dev_andreea/code_gen_ipgen_MVAU_hls_1_tffy9gsm/project_MVAU_hls_1/sol1/impl/ip/hdl/verilog/MVAU_hls_1_Matrix_Vector_Activate_Stream_Batch_p_ZL7threshs_11_ROM_AUTO_1R.dat' is read successfully [/home/andreea/proiect_finn/output_ip_hardware/stitched_ip/finn_vivado_stitch_proj.gen/sources_1/bd/finn_design/ipshared/03cf/hdl/verilog/MVAU_hls_1_Matrix_Vector_Activate_Stream_Batch_p_ZL7threshs_11_ROM_AUTO_1R.v:28]
INFO: [Synth 8-6155] done synthesizing module 'MVAU_hls_1_Matrix_Vector_Activate_Stream_Batch_p_ZL7threshs_11_ROM_AUTO_1R' (0#1) [/home/andreea/proiect_finn/output_ip_hardware/stitched_ip/finn_vivado_stitch_proj.gen/sources_1/bd/finn_design/ipshared/03cf/hdl/verilog/MVAU_hls_1_Matrix_Vector_Activate_Stream_Batch_p_ZL7threshs_11_ROM_AUTO_1R.v:7]
INFO: [Synth 8-6157] synthesizing module 'MVAU_hls_1_Matrix_Vector_Activate_Stream_Batch_p_ZL7threshs_12_ROM_AUTO_1R' [/home/andreea/proiect_finn/output_ip_hardware/stitched_ip/finn_vivado_stitch_proj.gen/sources_1/bd/finn_design/ipshared/03cf/hdl/verilog/MVAU_hls_1_Matrix_Vector_Activate_Stream_Batch_p_ZL7threshs_12_ROM_AUTO_1R.v:7]
INFO: [Synth 8-3876] $readmem data file '/tmp/finn_dev_andreea/code_gen_ipgen_MVAU_hls_1_tffy9gsm/project_MVAU_hls_1/sol1/impl/ip/hdl/verilog/MVAU_hls_1_Matrix_Vector_Activate_Stream_Batch_p_ZL7threshs_12_ROM_AUTO_1R.dat' is read successfully [/home/andreea/proiect_finn/output_ip_hardware/stitched_ip/finn_vivado_stitch_proj.gen/sources_1/bd/finn_design/ipshared/03cf/hdl/verilog/MVAU_hls_1_Matrix_Vector_Activate_Stream_Batch_p_ZL7threshs_12_ROM_AUTO_1R.v:28]
INFO: [Synth 8-6155] done synthesizing module 'MVAU_hls_1_Matrix_Vector_Activate_Stream_Batch_p_ZL7threshs_12_ROM_AUTO_1R' (0#1) [/home/andreea/proiect_finn/output_ip_hardware/stitched_ip/finn_vivado_stitch_proj.gen/sources_1/bd/finn_design/ipshared/03cf/hdl/verilog/MVAU_hls_1_Matrix_Vector_Activate_Stream_Batch_p_ZL7threshs_12_ROM_AUTO_1R.v:7]
INFO: [Synth 8-6157] synthesizing module 'MVAU_hls_1_Matrix_Vector_Activate_Stream_Batch_p_ZL7threshs_13_ROM_AUTO_1R' [/home/andreea/proiect_finn/output_ip_hardware/stitched_ip/finn_vivado_stitch_proj.gen/sources_1/bd/finn_design/ipshared/03cf/hdl/verilog/MVAU_hls_1_Matrix_Vector_Activate_Stream_Batch_p_ZL7threshs_13_ROM_AUTO_1R.v:7]
INFO: [Synth 8-3876] $readmem data file '/tmp/finn_dev_andreea/code_gen_ipgen_MVAU_hls_1_tffy9gsm/project_MVAU_hls_1/sol1/impl/ip/hdl/verilog/MVAU_hls_1_Matrix_Vector_Activate_Stream_Batch_p_ZL7threshs_13_ROM_AUTO_1R.dat' is read successfully [/home/andreea/proiect_finn/output_ip_hardware/stitched_ip/finn_vivado_stitch_proj.gen/sources_1/bd/finn_design/ipshared/03cf/hdl/verilog/MVAU_hls_1_Matrix_Vector_Activate_Stream_Batch_p_ZL7threshs_13_ROM_AUTO_1R.v:28]
INFO: [Synth 8-6155] done synthesizing module 'MVAU_hls_1_Matrix_Vector_Activate_Stream_Batch_p_ZL7threshs_13_ROM_AUTO_1R' (0#1) [/home/andreea/proiect_finn/output_ip_hardware/stitched_ip/finn_vivado_stitch_proj.gen/sources_1/bd/finn_design/ipshared/03cf/hdl/verilog/MVAU_hls_1_Matrix_Vector_Activate_Stream_Batch_p_ZL7threshs_13_ROM_AUTO_1R.v:7]
INFO: [Synth 8-6157] synthesizing module 'MVAU_hls_1_Matrix_Vector_Activate_Stream_Batch_p_ZL7threshs_14_ROM_AUTO_1R' [/home/andreea/proiect_finn/output_ip_hardware/stitched_ip/finn_vivado_stitch_proj.gen/sources_1/bd/finn_design/ipshared/03cf/hdl/verilog/MVAU_hls_1_Matrix_Vector_Activate_Stream_Batch_p_ZL7threshs_14_ROM_AUTO_1R.v:7]
INFO: [Synth 8-3876] $readmem data file '/tmp/finn_dev_andreea/code_gen_ipgen_MVAU_hls_1_tffy9gsm/project_MVAU_hls_1/sol1/impl/ip/hdl/verilog/MVAU_hls_1_Matrix_Vector_Activate_Stream_Batch_p_ZL7threshs_14_ROM_AUTO_1R.dat' is read successfully [/home/andreea/proiect_finn/output_ip_hardware/stitched_ip/finn_vivado_stitch_proj.gen/sources_1/bd/finn_design/ipshared/03cf/hdl/verilog/MVAU_hls_1_Matrix_Vector_Activate_Stream_Batch_p_ZL7threshs_14_ROM_AUTO_1R.v:28]
INFO: [Synth 8-6155] done synthesizing module 'MVAU_hls_1_Matrix_Vector_Activate_Stream_Batch_p_ZL7threshs_14_ROM_AUTO_1R' (0#1) [/home/andreea/proiect_finn/output_ip_hardware/stitched_ip/finn_vivado_stitch_proj.gen/sources_1/bd/finn_design/ipshared/03cf/hdl/verilog/MVAU_hls_1_Matrix_Vector_Activate_Stream_Batch_p_ZL7threshs_14_ROM_AUTO_1R.v:7]
INFO: [Synth 8-6157] synthesizing module 'MVAU_hls_1_Matrix_Vector_Activate_Stream_Batch_p_ZL7threshs_15_ROM_AUTO_1R' [/home/andreea/proiect_finn/output_ip_hardware/stitched_ip/finn_vivado_stitch_proj.gen/sources_1/bd/finn_design/ipshared/03cf/hdl/verilog/MVAU_hls_1_Matrix_Vector_Activate_Stream_Batch_p_ZL7threshs_15_ROM_AUTO_1R.v:7]
INFO: [Synth 8-3876] $readmem data file '/tmp/finn_dev_andreea/code_gen_ipgen_MVAU_hls_1_tffy9gsm/project_MVAU_hls_1/sol1/impl/ip/hdl/verilog/MVAU_hls_1_Matrix_Vector_Activate_Stream_Batch_p_ZL7threshs_15_ROM_AUTO_1R.dat' is read successfully [/home/andreea/proiect_finn/output_ip_hardware/stitched_ip/finn_vivado_stitch_proj.gen/sources_1/bd/finn_design/ipshared/03cf/hdl/verilog/MVAU_hls_1_Matrix_Vector_Activate_Stream_Batch_p_ZL7threshs_15_ROM_AUTO_1R.v:28]
INFO: [Synth 8-6155] done synthesizing module 'MVAU_hls_1_Matrix_Vector_Activate_Stream_Batch_p_ZL7threshs_15_ROM_AUTO_1R' (0#1) [/home/andreea/proiect_finn/output_ip_hardware/stitched_ip/finn_vivado_stitch_proj.gen/sources_1/bd/finn_design/ipshared/03cf/hdl/verilog/MVAU_hls_1_Matrix_Vector_Activate_Stream_Batch_p_ZL7threshs_15_ROM_AUTO_1R.v:7]
INFO: [Synth 8-6157] synthesizing module 'MVAU_hls_1_Matrix_Vector_Activate_Stream_Batch_p_ZL7threshs_16_ROM_AUTO_1R' [/home/andreea/proiect_finn/output_ip_hardware/stitched_ip/finn_vivado_stitch_proj.gen/sources_1/bd/finn_design/ipshared/03cf/hdl/verilog/MVAU_hls_1_Matrix_Vector_Activate_Stream_Batch_p_ZL7threshs_16_ROM_AUTO_1R.v:7]
INFO: [Synth 8-3876] $readmem data file '/tmp/finn_dev_andreea/code_gen_ipgen_MVAU_hls_1_tffy9gsm/project_MVAU_hls_1/sol1/impl/ip/hdl/verilog/MVAU_hls_1_Matrix_Vector_Activate_Stream_Batch_p_ZL7threshs_16_ROM_AUTO_1R.dat' is read successfully [/home/andreea/proiect_finn/output_ip_hardware/stitched_ip/finn_vivado_stitch_proj.gen/sources_1/bd/finn_design/ipshared/03cf/hdl/verilog/MVAU_hls_1_Matrix_Vector_Activate_Stream_Batch_p_ZL7threshs_16_ROM_AUTO_1R.v:28]
INFO: [Synth 8-6155] done synthesizing module 'MVAU_hls_1_Matrix_Vector_Activate_Stream_Batch_p_ZL7threshs_16_ROM_AUTO_1R' (0#1) [/home/andreea/proiect_finn/output_ip_hardware/stitched_ip/finn_vivado_stitch_proj.gen/sources_1/bd/finn_design/ipshared/03cf/hdl/verilog/MVAU_hls_1_Matrix_Vector_Activate_Stream_Batch_p_ZL7threshs_16_ROM_AUTO_1R.v:7]
INFO: [Synth 8-6157] synthesizing module 'MVAU_hls_1_Matrix_Vector_Activate_Stream_Batch_p_ZL7threshs_17_ROM_AUTO_1R' [/home/andreea/proiect_finn/output_ip_hardware/stitched_ip/finn_vivado_stitch_proj.gen/sources_1/bd/finn_design/ipshared/03cf/hdl/verilog/MVAU_hls_1_Matrix_Vector_Activate_Stream_Batch_p_ZL7threshs_17_ROM_AUTO_1R.v:7]
INFO: [Synth 8-3876] $readmem data file '/tmp/finn_dev_andreea/code_gen_ipgen_MVAU_hls_1_tffy9gsm/project_MVAU_hls_1/sol1/impl/ip/hdl/verilog/MVAU_hls_1_Matrix_Vector_Activate_Stream_Batch_p_ZL7threshs_17_ROM_AUTO_1R.dat' is read successfully [/home/andreea/proiect_finn/output_ip_hardware/stitched_ip/finn_vivado_stitch_proj.gen/sources_1/bd/finn_design/ipshared/03cf/hdl/verilog/MVAU_hls_1_Matrix_Vector_Activate_Stream_Batch_p_ZL7threshs_17_ROM_AUTO_1R.v:28]
INFO: [Synth 8-6155] done synthesizing module 'MVAU_hls_1_Matrix_Vector_Activate_Stream_Batch_p_ZL7threshs_17_ROM_AUTO_1R' (0#1) [/home/andreea/proiect_finn/output_ip_hardware/stitched_ip/finn_vivado_stitch_proj.gen/sources_1/bd/finn_design/ipshared/03cf/hdl/verilog/MVAU_hls_1_Matrix_Vector_Activate_Stream_Batch_p_ZL7threshs_17_ROM_AUTO_1R.v:7]
INFO: [Synth 8-6157] synthesizing module 'MVAU_hls_1_Matrix_Vector_Activate_Stream_Batch_p_ZL7threshs_18_ROM_AUTO_1R' [/home/andreea/proiect_finn/output_ip_hardware/stitched_ip/finn_vivado_stitch_proj.gen/sources_1/bd/finn_design/ipshared/03cf/hdl/verilog/MVAU_hls_1_Matrix_Vector_Activate_Stream_Batch_p_ZL7threshs_18_ROM_AUTO_1R.v:7]
INFO: [Synth 8-3876] $readmem data file '/tmp/finn_dev_andreea/code_gen_ipgen_MVAU_hls_1_tffy9gsm/project_MVAU_hls_1/sol1/impl/ip/hdl/verilog/MVAU_hls_1_Matrix_Vector_Activate_Stream_Batch_p_ZL7threshs_18_ROM_AUTO_1R.dat' is read successfully [/home/andreea/proiect_finn/output_ip_hardware/stitched_ip/finn_vivado_stitch_proj.gen/sources_1/bd/finn_design/ipshared/03cf/hdl/verilog/MVAU_hls_1_Matrix_Vector_Activate_Stream_Batch_p_ZL7threshs_18_ROM_AUTO_1R.v:28]
INFO: [Synth 8-6155] done synthesizing module 'MVAU_hls_1_Matrix_Vector_Activate_Stream_Batch_p_ZL7threshs_18_ROM_AUTO_1R' (0#1) [/home/andreea/proiect_finn/output_ip_hardware/stitched_ip/finn_vivado_stitch_proj.gen/sources_1/bd/finn_design/ipshared/03cf/hdl/verilog/MVAU_hls_1_Matrix_Vector_Activate_Stream_Batch_p_ZL7threshs_18_ROM_AUTO_1R.v:7]
INFO: [Synth 8-6157] synthesizing module 'MVAU_hls_1_Matrix_Vector_Activate_Stream_Batch_p_ZL7threshs_19_ROM_AUTO_1R' [/home/andreea/proiect_finn/output_ip_hardware/stitched_ip/finn_vivado_stitch_proj.gen/sources_1/bd/finn_design/ipshared/03cf/hdl/verilog/MVAU_hls_1_Matrix_Vector_Activate_Stream_Batch_p_ZL7threshs_19_ROM_AUTO_1R.v:7]
INFO: [Synth 8-3876] $readmem data file '/tmp/finn_dev_andreea/code_gen_ipgen_MVAU_hls_1_tffy9gsm/project_MVAU_hls_1/sol1/impl/ip/hdl/verilog/MVAU_hls_1_Matrix_Vector_Activate_Stream_Batch_p_ZL7threshs_19_ROM_AUTO_1R.dat' is read successfully [/home/andreea/proiect_finn/output_ip_hardware/stitched_ip/finn_vivado_stitch_proj.gen/sources_1/bd/finn_design/ipshared/03cf/hdl/verilog/MVAU_hls_1_Matrix_Vector_Activate_Stream_Batch_p_ZL7threshs_19_ROM_AUTO_1R.v:28]
INFO: [Synth 8-6155] done synthesizing module 'MVAU_hls_1_Matrix_Vector_Activate_Stream_Batch_p_ZL7threshs_19_ROM_AUTO_1R' (0#1) [/home/andreea/proiect_finn/output_ip_hardware/stitched_ip/finn_vivado_stitch_proj.gen/sources_1/bd/finn_design/ipshared/03cf/hdl/verilog/MVAU_hls_1_Matrix_Vector_Activate_Stream_Batch_p_ZL7threshs_19_ROM_AUTO_1R.v:7]
INFO: [Synth 8-6157] synthesizing module 'MVAU_hls_1_Matrix_Vector_Activate_Stream_Batch_p_ZL7threshs_20_ROM_AUTO_1R' [/home/andreea/proiect_finn/output_ip_hardware/stitched_ip/finn_vivado_stitch_proj.gen/sources_1/bd/finn_design/ipshared/03cf/hdl/verilog/MVAU_hls_1_Matrix_Vector_Activate_Stream_Batch_p_ZL7threshs_20_ROM_AUTO_1R.v:7]
INFO: [Synth 8-3876] $readmem data file '/tmp/finn_dev_andreea/code_gen_ipgen_MVAU_hls_1_tffy9gsm/project_MVAU_hls_1/sol1/impl/ip/hdl/verilog/MVAU_hls_1_Matrix_Vector_Activate_Stream_Batch_p_ZL7threshs_20_ROM_AUTO_1R.dat' is read successfully [/home/andreea/proiect_finn/output_ip_hardware/stitched_ip/finn_vivado_stitch_proj.gen/sources_1/bd/finn_design/ipshared/03cf/hdl/verilog/MVAU_hls_1_Matrix_Vector_Activate_Stream_Batch_p_ZL7threshs_20_ROM_AUTO_1R.v:28]
INFO: [Synth 8-6155] done synthesizing module 'MVAU_hls_1_Matrix_Vector_Activate_Stream_Batch_p_ZL7threshs_20_ROM_AUTO_1R' (0#1) [/home/andreea/proiect_finn/output_ip_hardware/stitched_ip/finn_vivado_stitch_proj.gen/sources_1/bd/finn_design/ipshared/03cf/hdl/verilog/MVAU_hls_1_Matrix_Vector_Activate_Stream_Batch_p_ZL7threshs_20_ROM_AUTO_1R.v:7]
INFO: [Synth 8-6157] synthesizing module 'MVAU_hls_1_Matrix_Vector_Activate_Stream_Batch_p_ZL7threshs_21_ROM_AUTO_1R' [/home/andreea/proiect_finn/output_ip_hardware/stitched_ip/finn_vivado_stitch_proj.gen/sources_1/bd/finn_design/ipshared/03cf/hdl/verilog/MVAU_hls_1_Matrix_Vector_Activate_Stream_Batch_p_ZL7threshs_21_ROM_AUTO_1R.v:7]
INFO: [Synth 8-3876] $readmem data file '/tmp/finn_dev_andreea/code_gen_ipgen_MVAU_hls_1_tffy9gsm/project_MVAU_hls_1/sol1/impl/ip/hdl/verilog/MVAU_hls_1_Matrix_Vector_Activate_Stream_Batch_p_ZL7threshs_21_ROM_AUTO_1R.dat' is read successfully [/home/andreea/proiect_finn/output_ip_hardware/stitched_ip/finn_vivado_stitch_proj.gen/sources_1/bd/finn_design/ipshared/03cf/hdl/verilog/MVAU_hls_1_Matrix_Vector_Activate_Stream_Batch_p_ZL7threshs_21_ROM_AUTO_1R.v:28]
INFO: [Synth 8-6155] done synthesizing module 'MVAU_hls_1_Matrix_Vector_Activate_Stream_Batch_p_ZL7threshs_21_ROM_AUTO_1R' (0#1) [/home/andreea/proiect_finn/output_ip_hardware/stitched_ip/finn_vivado_stitch_proj.gen/sources_1/bd/finn_design/ipshared/03cf/hdl/verilog/MVAU_hls_1_Matrix_Vector_Activate_Stream_Batch_p_ZL7threshs_21_ROM_AUTO_1R.v:7]
INFO: [Synth 8-6157] synthesizing module 'MVAU_hls_1_Matrix_Vector_Activate_Stream_Batch_p_ZL7threshs_22_ROM_AUTO_1R' [/home/andreea/proiect_finn/output_ip_hardware/stitched_ip/finn_vivado_stitch_proj.gen/sources_1/bd/finn_design/ipshared/03cf/hdl/verilog/MVAU_hls_1_Matrix_Vector_Activate_Stream_Batch_p_ZL7threshs_22_ROM_AUTO_1R.v:7]
INFO: [Synth 8-3876] $readmem data file '/tmp/finn_dev_andreea/code_gen_ipgen_MVAU_hls_1_tffy9gsm/project_MVAU_hls_1/sol1/impl/ip/hdl/verilog/MVAU_hls_1_Matrix_Vector_Activate_Stream_Batch_p_ZL7threshs_22_ROM_AUTO_1R.dat' is read successfully [/home/andreea/proiect_finn/output_ip_hardware/stitched_ip/finn_vivado_stitch_proj.gen/sources_1/bd/finn_design/ipshared/03cf/hdl/verilog/MVAU_hls_1_Matrix_Vector_Activate_Stream_Batch_p_ZL7threshs_22_ROM_AUTO_1R.v:28]
INFO: [Synth 8-6155] done synthesizing module 'MVAU_hls_1_Matrix_Vector_Activate_Stream_Batch_p_ZL7threshs_22_ROM_AUTO_1R' (0#1) [/home/andreea/proiect_finn/output_ip_hardware/stitched_ip/finn_vivado_stitch_proj.gen/sources_1/bd/finn_design/ipshared/03cf/hdl/verilog/MVAU_hls_1_Matrix_Vector_Activate_Stream_Batch_p_ZL7threshs_22_ROM_AUTO_1R.v:7]
INFO: [Synth 8-6157] synthesizing module 'MVAU_hls_1_Matrix_Vector_Activate_Stream_Batch_p_ZL7threshs_23_ROM_AUTO_1R' [/home/andreea/proiect_finn/output_ip_hardware/stitched_ip/finn_vivado_stitch_proj.gen/sources_1/bd/finn_design/ipshared/03cf/hdl/verilog/MVAU_hls_1_Matrix_Vector_Activate_Stream_Batch_p_ZL7threshs_23_ROM_AUTO_1R.v:7]
INFO: [Synth 8-3876] $readmem data file '/tmp/finn_dev_andreea/code_gen_ipgen_MVAU_hls_1_tffy9gsm/project_MVAU_hls_1/sol1/impl/ip/hdl/verilog/MVAU_hls_1_Matrix_Vector_Activate_Stream_Batch_p_ZL7threshs_23_ROM_AUTO_1R.dat' is read successfully [/home/andreea/proiect_finn/output_ip_hardware/stitched_ip/finn_vivado_stitch_proj.gen/sources_1/bd/finn_design/ipshared/03cf/hdl/verilog/MVAU_hls_1_Matrix_Vector_Activate_Stream_Batch_p_ZL7threshs_23_ROM_AUTO_1R.v:28]
INFO: [Synth 8-6155] done synthesizing module 'MVAU_hls_1_Matrix_Vector_Activate_Stream_Batch_p_ZL7threshs_23_ROM_AUTO_1R' (0#1) [/home/andreea/proiect_finn/output_ip_hardware/stitched_ip/finn_vivado_stitch_proj.gen/sources_1/bd/finn_design/ipshared/03cf/hdl/verilog/MVAU_hls_1_Matrix_Vector_Activate_Stream_Batch_p_ZL7threshs_23_ROM_AUTO_1R.v:7]
INFO: [Synth 8-6157] synthesizing module 'MVAU_hls_1_Matrix_Vector_Activate_Stream_Batch_p_ZL7threshs_24_ROM_AUTO_1R' [/home/andreea/proiect_finn/output_ip_hardware/stitched_ip/finn_vivado_stitch_proj.gen/sources_1/bd/finn_design/ipshared/03cf/hdl/verilog/MVAU_hls_1_Matrix_Vector_Activate_Stream_Batch_p_ZL7threshs_24_ROM_AUTO_1R.v:7]
INFO: [Synth 8-3876] $readmem data file '/tmp/finn_dev_andreea/code_gen_ipgen_MVAU_hls_1_tffy9gsm/project_MVAU_hls_1/sol1/impl/ip/hdl/verilog/MVAU_hls_1_Matrix_Vector_Activate_Stream_Batch_p_ZL7threshs_24_ROM_AUTO_1R.dat' is read successfully [/home/andreea/proiect_finn/output_ip_hardware/stitched_ip/finn_vivado_stitch_proj.gen/sources_1/bd/finn_design/ipshared/03cf/hdl/verilog/MVAU_hls_1_Matrix_Vector_Activate_Stream_Batch_p_ZL7threshs_24_ROM_AUTO_1R.v:28]
INFO: [Synth 8-6155] done synthesizing module 'MVAU_hls_1_Matrix_Vector_Activate_Stream_Batch_p_ZL7threshs_24_ROM_AUTO_1R' (0#1) [/home/andreea/proiect_finn/output_ip_hardware/stitched_ip/finn_vivado_stitch_proj.gen/sources_1/bd/finn_design/ipshared/03cf/hdl/verilog/MVAU_hls_1_Matrix_Vector_Activate_Stream_Batch_p_ZL7threshs_24_ROM_AUTO_1R.v:7]
INFO: [Synth 8-6157] synthesizing module 'MVAU_hls_1_Matrix_Vector_Activate_Stream_Batch_p_ZL7threshs_25_ROM_AUTO_1R' [/home/andreea/proiect_finn/output_ip_hardware/stitched_ip/finn_vivado_stitch_proj.gen/sources_1/bd/finn_design/ipshared/03cf/hdl/verilog/MVAU_hls_1_Matrix_Vector_Activate_Stream_Batch_p_ZL7threshs_25_ROM_AUTO_1R.v:7]
INFO: [Synth 8-3876] $readmem data file '/tmp/finn_dev_andreea/code_gen_ipgen_MVAU_hls_1_tffy9gsm/project_MVAU_hls_1/sol1/impl/ip/hdl/verilog/MVAU_hls_1_Matrix_Vector_Activate_Stream_Batch_p_ZL7threshs_25_ROM_AUTO_1R.dat' is read successfully [/home/andreea/proiect_finn/output_ip_hardware/stitched_ip/finn_vivado_stitch_proj.gen/sources_1/bd/finn_design/ipshared/03cf/hdl/verilog/MVAU_hls_1_Matrix_Vector_Activate_Stream_Batch_p_ZL7threshs_25_ROM_AUTO_1R.v:28]
INFO: [Synth 8-6155] done synthesizing module 'MVAU_hls_1_Matrix_Vector_Activate_Stream_Batch_p_ZL7threshs_25_ROM_AUTO_1R' (0#1) [/home/andreea/proiect_finn/output_ip_hardware/stitched_ip/finn_vivado_stitch_proj.gen/sources_1/bd/finn_design/ipshared/03cf/hdl/verilog/MVAU_hls_1_Matrix_Vector_Activate_Stream_Batch_p_ZL7threshs_25_ROM_AUTO_1R.v:7]
INFO: [Synth 8-6157] synthesizing module 'MVAU_hls_1_Matrix_Vector_Activate_Stream_Batch_p_ZL7threshs_26_ROM_AUTO_1R' [/home/andreea/proiect_finn/output_ip_hardware/stitched_ip/finn_vivado_stitch_proj.gen/sources_1/bd/finn_design/ipshared/03cf/hdl/verilog/MVAU_hls_1_Matrix_Vector_Activate_Stream_Batch_p_ZL7threshs_26_ROM_AUTO_1R.v:7]
INFO: [Synth 8-3876] $readmem data file '/tmp/finn_dev_andreea/code_gen_ipgen_MVAU_hls_1_tffy9gsm/project_MVAU_hls_1/sol1/impl/ip/hdl/verilog/MVAU_hls_1_Matrix_Vector_Activate_Stream_Batch_p_ZL7threshs_26_ROM_AUTO_1R.dat' is read successfully [/home/andreea/proiect_finn/output_ip_hardware/stitched_ip/finn_vivado_stitch_proj.gen/sources_1/bd/finn_design/ipshared/03cf/hdl/verilog/MVAU_hls_1_Matrix_Vector_Activate_Stream_Batch_p_ZL7threshs_26_ROM_AUTO_1R.v:28]
INFO: [Synth 8-6155] done synthesizing module 'MVAU_hls_1_Matrix_Vector_Activate_Stream_Batch_p_ZL7threshs_26_ROM_AUTO_1R' (0#1) [/home/andreea/proiect_finn/output_ip_hardware/stitched_ip/finn_vivado_stitch_proj.gen/sources_1/bd/finn_design/ipshared/03cf/hdl/verilog/MVAU_hls_1_Matrix_Vector_Activate_Stream_Batch_p_ZL7threshs_26_ROM_AUTO_1R.v:7]
INFO: [Synth 8-6157] synthesizing module 'MVAU_hls_1_Matrix_Vector_Activate_Stream_Batch_p_ZL7threshs_27_ROM_AUTO_1R' [/home/andreea/proiect_finn/output_ip_hardware/stitched_ip/finn_vivado_stitch_proj.gen/sources_1/bd/finn_design/ipshared/03cf/hdl/verilog/MVAU_hls_1_Matrix_Vector_Activate_Stream_Batch_p_ZL7threshs_27_ROM_AUTO_1R.v:7]
INFO: [Synth 8-3876] $readmem data file '/tmp/finn_dev_andreea/code_gen_ipgen_MVAU_hls_1_tffy9gsm/project_MVAU_hls_1/sol1/impl/ip/hdl/verilog/MVAU_hls_1_Matrix_Vector_Activate_Stream_Batch_p_ZL7threshs_27_ROM_AUTO_1R.dat' is read successfully [/home/andreea/proiect_finn/output_ip_hardware/stitched_ip/finn_vivado_stitch_proj.gen/sources_1/bd/finn_design/ipshared/03cf/hdl/verilog/MVAU_hls_1_Matrix_Vector_Activate_Stream_Batch_p_ZL7threshs_27_ROM_AUTO_1R.v:28]
INFO: [Synth 8-6155] done synthesizing module 'MVAU_hls_1_Matrix_Vector_Activate_Stream_Batch_p_ZL7threshs_27_ROM_AUTO_1R' (0#1) [/home/andreea/proiect_finn/output_ip_hardware/stitched_ip/finn_vivado_stitch_proj.gen/sources_1/bd/finn_design/ipshared/03cf/hdl/verilog/MVAU_hls_1_Matrix_Vector_Activate_Stream_Batch_p_ZL7threshs_27_ROM_AUTO_1R.v:7]
INFO: [Synth 8-6157] synthesizing module 'MVAU_hls_1_Matrix_Vector_Activate_Stream_Batch_p_ZL7threshs_28_ROM_AUTO_1R' [/home/andreea/proiect_finn/output_ip_hardware/stitched_ip/finn_vivado_stitch_proj.gen/sources_1/bd/finn_design/ipshared/03cf/hdl/verilog/MVAU_hls_1_Matrix_Vector_Activate_Stream_Batch_p_ZL7threshs_28_ROM_AUTO_1R.v:7]
INFO: [Synth 8-3876] $readmem data file '/tmp/finn_dev_andreea/code_gen_ipgen_MVAU_hls_1_tffy9gsm/project_MVAU_hls_1/sol1/impl/ip/hdl/verilog/MVAU_hls_1_Matrix_Vector_Activate_Stream_Batch_p_ZL7threshs_28_ROM_AUTO_1R.dat' is read successfully [/home/andreea/proiect_finn/output_ip_hardware/stitched_ip/finn_vivado_stitch_proj.gen/sources_1/bd/finn_design/ipshared/03cf/hdl/verilog/MVAU_hls_1_Matrix_Vector_Activate_Stream_Batch_p_ZL7threshs_28_ROM_AUTO_1R.v:28]
INFO: [Synth 8-6155] done synthesizing module 'MVAU_hls_1_Matrix_Vector_Activate_Stream_Batch_p_ZL7threshs_28_ROM_AUTO_1R' (0#1) [/home/andreea/proiect_finn/output_ip_hardware/stitched_ip/finn_vivado_stitch_proj.gen/sources_1/bd/finn_design/ipshared/03cf/hdl/verilog/MVAU_hls_1_Matrix_Vector_Activate_Stream_Batch_p_ZL7threshs_28_ROM_AUTO_1R.v:7]
INFO: [Synth 8-6157] synthesizing module 'MVAU_hls_1_Matrix_Vector_Activate_Stream_Batch_p_ZL7threshs_29_ROM_AUTO_1R' [/home/andreea/proiect_finn/output_ip_hardware/stitched_ip/finn_vivado_stitch_proj.gen/sources_1/bd/finn_design/ipshared/03cf/hdl/verilog/MVAU_hls_1_Matrix_Vector_Activate_Stream_Batch_p_ZL7threshs_29_ROM_AUTO_1R.v:7]
INFO: [Synth 8-3876] $readmem data file '/tmp/finn_dev_andreea/code_gen_ipgen_MVAU_hls_1_tffy9gsm/project_MVAU_hls_1/sol1/impl/ip/hdl/verilog/MVAU_hls_1_Matrix_Vector_Activate_Stream_Batch_p_ZL7threshs_29_ROM_AUTO_1R.dat' is read successfully [/home/andreea/proiect_finn/output_ip_hardware/stitched_ip/finn_vivado_stitch_proj.gen/sources_1/bd/finn_design/ipshared/03cf/hdl/verilog/MVAU_hls_1_Matrix_Vector_Activate_Stream_Batch_p_ZL7threshs_29_ROM_AUTO_1R.v:28]
INFO: [Synth 8-6155] done synthesizing module 'MVAU_hls_1_Matrix_Vector_Activate_Stream_Batch_p_ZL7threshs_29_ROM_AUTO_1R' (0#1) [/home/andreea/proiect_finn/output_ip_hardware/stitched_ip/finn_vivado_stitch_proj.gen/sources_1/bd/finn_design/ipshared/03cf/hdl/verilog/MVAU_hls_1_Matrix_Vector_Activate_Stream_Batch_p_ZL7threshs_29_ROM_AUTO_1R.v:7]
INFO: [Synth 8-6157] synthesizing module 'MVAU_hls_1_Matrix_Vector_Activate_Stream_Batch_p_ZL7threshs_30_ROM_AUTO_1R' [/home/andreea/proiect_finn/output_ip_hardware/stitched_ip/finn_vivado_stitch_proj.gen/sources_1/bd/finn_design/ipshared/03cf/hdl/verilog/MVAU_hls_1_Matrix_Vector_Activate_Stream_Batch_p_ZL7threshs_30_ROM_AUTO_1R.v:7]
INFO: [Synth 8-3876] $readmem data file '/tmp/finn_dev_andreea/code_gen_ipgen_MVAU_hls_1_tffy9gsm/project_MVAU_hls_1/sol1/impl/ip/hdl/verilog/MVAU_hls_1_Matrix_Vector_Activate_Stream_Batch_p_ZL7threshs_30_ROM_AUTO_1R.dat' is read successfully [/home/andreea/proiect_finn/output_ip_hardware/stitched_ip/finn_vivado_stitch_proj.gen/sources_1/bd/finn_design/ipshared/03cf/hdl/verilog/MVAU_hls_1_Matrix_Vector_Activate_Stream_Batch_p_ZL7threshs_30_ROM_AUTO_1R.v:28]
INFO: [Synth 8-6155] done synthesizing module 'MVAU_hls_1_Matrix_Vector_Activate_Stream_Batch_p_ZL7threshs_30_ROM_AUTO_1R' (0#1) [/home/andreea/proiect_finn/output_ip_hardware/stitched_ip/finn_vivado_stitch_proj.gen/sources_1/bd/finn_design/ipshared/03cf/hdl/verilog/MVAU_hls_1_Matrix_Vector_Activate_Stream_Batch_p_ZL7threshs_30_ROM_AUTO_1R.v:7]
INFO: [Synth 8-6157] synthesizing module 'MVAU_hls_1_Matrix_Vector_Activate_Stream_Batch_p_ZL7threshs_31_ROM_AUTO_1R' [/home/andreea/proiect_finn/output_ip_hardware/stitched_ip/finn_vivado_stitch_proj.gen/sources_1/bd/finn_design/ipshared/03cf/hdl/verilog/MVAU_hls_1_Matrix_Vector_Activate_Stream_Batch_p_ZL7threshs_31_ROM_AUTO_1R.v:7]
INFO: [Synth 8-3876] $readmem data file '/tmp/finn_dev_andreea/code_gen_ipgen_MVAU_hls_1_tffy9gsm/project_MVAU_hls_1/sol1/impl/ip/hdl/verilog/MVAU_hls_1_Matrix_Vector_Activate_Stream_Batch_p_ZL7threshs_31_ROM_AUTO_1R.dat' is read successfully [/home/andreea/proiect_finn/output_ip_hardware/stitched_ip/finn_vivado_stitch_proj.gen/sources_1/bd/finn_design/ipshared/03cf/hdl/verilog/MVAU_hls_1_Matrix_Vector_Activate_Stream_Batch_p_ZL7threshs_31_ROM_AUTO_1R.v:28]
INFO: [Synth 8-6155] done synthesizing module 'MVAU_hls_1_Matrix_Vector_Activate_Stream_Batch_p_ZL7threshs_31_ROM_AUTO_1R' (0#1) [/home/andreea/proiect_finn/output_ip_hardware/stitched_ip/finn_vivado_stitch_proj.gen/sources_1/bd/finn_design/ipshared/03cf/hdl/verilog/MVAU_hls_1_Matrix_Vector_Activate_Stream_Batch_p_ZL7threshs_31_ROM_AUTO_1R.v:7]
INFO: [Synth 8-6157] synthesizing module 'MVAU_hls_1_Matrix_Vector_Activate_Stream_Batch_p_ZL7threshs_32_ROM_AUTO_1R' [/home/andreea/proiect_finn/output_ip_hardware/stitched_ip/finn_vivado_stitch_proj.gen/sources_1/bd/finn_design/ipshared/03cf/hdl/verilog/MVAU_hls_1_Matrix_Vector_Activate_Stream_Batch_p_ZL7threshs_32_ROM_AUTO_1R.v:7]
INFO: [Synth 8-3876] $readmem data file '/tmp/finn_dev_andreea/code_gen_ipgen_MVAU_hls_1_tffy9gsm/project_MVAU_hls_1/sol1/impl/ip/hdl/verilog/MVAU_hls_1_Matrix_Vector_Activate_Stream_Batch_p_ZL7threshs_32_ROM_AUTO_1R.dat' is read successfully [/home/andreea/proiect_finn/output_ip_hardware/stitched_ip/finn_vivado_stitch_proj.gen/sources_1/bd/finn_design/ipshared/03cf/hdl/verilog/MVAU_hls_1_Matrix_Vector_Activate_Stream_Batch_p_ZL7threshs_32_ROM_AUTO_1R.v:28]
INFO: [Synth 8-6155] done synthesizing module 'MVAU_hls_1_Matrix_Vector_Activate_Stream_Batch_p_ZL7threshs_32_ROM_AUTO_1R' (0#1) [/home/andreea/proiect_finn/output_ip_hardware/stitched_ip/finn_vivado_stitch_proj.gen/sources_1/bd/finn_design/ipshared/03cf/hdl/verilog/MVAU_hls_1_Matrix_Vector_Activate_Stream_Batch_p_ZL7threshs_32_ROM_AUTO_1R.v:7]
INFO: [Synth 8-6157] synthesizing module 'MVAU_hls_1_Matrix_Vector_Activate_Stream_Batch_p_ZL7threshs_33_ROM_AUTO_1R' [/home/andreea/proiect_finn/output_ip_hardware/stitched_ip/finn_vivado_stitch_proj.gen/sources_1/bd/finn_design/ipshared/03cf/hdl/verilog/MVAU_hls_1_Matrix_Vector_Activate_Stream_Batch_p_ZL7threshs_33_ROM_AUTO_1R.v:7]
INFO: [Synth 8-3876] $readmem data file '/tmp/finn_dev_andreea/code_gen_ipgen_MVAU_hls_1_tffy9gsm/project_MVAU_hls_1/sol1/impl/ip/hdl/verilog/MVAU_hls_1_Matrix_Vector_Activate_Stream_Batch_p_ZL7threshs_33_ROM_AUTO_1R.dat' is read successfully [/home/andreea/proiect_finn/output_ip_hardware/stitched_ip/finn_vivado_stitch_proj.gen/sources_1/bd/finn_design/ipshared/03cf/hdl/verilog/MVAU_hls_1_Matrix_Vector_Activate_Stream_Batch_p_ZL7threshs_33_ROM_AUTO_1R.v:28]
INFO: [Synth 8-6155] done synthesizing module 'MVAU_hls_1_Matrix_Vector_Activate_Stream_Batch_p_ZL7threshs_33_ROM_AUTO_1R' (0#1) [/home/andreea/proiect_finn/output_ip_hardware/stitched_ip/finn_vivado_stitch_proj.gen/sources_1/bd/finn_design/ipshared/03cf/hdl/verilog/MVAU_hls_1_Matrix_Vector_Activate_Stream_Batch_p_ZL7threshs_33_ROM_AUTO_1R.v:7]
INFO: [Synth 8-6157] synthesizing module 'MVAU_hls_1_Matrix_Vector_Activate_Stream_Batch_p_ZL7threshs_34_ROM_AUTO_1R' [/home/andreea/proiect_finn/output_ip_hardware/stitched_ip/finn_vivado_stitch_proj.gen/sources_1/bd/finn_design/ipshared/03cf/hdl/verilog/MVAU_hls_1_Matrix_Vector_Activate_Stream_Batch_p_ZL7threshs_34_ROM_AUTO_1R.v:7]
INFO: [Synth 8-3876] $readmem data file '/tmp/finn_dev_andreea/code_gen_ipgen_MVAU_hls_1_tffy9gsm/project_MVAU_hls_1/sol1/impl/ip/hdl/verilog/MVAU_hls_1_Matrix_Vector_Activate_Stream_Batch_p_ZL7threshs_34_ROM_AUTO_1R.dat' is read successfully [/home/andreea/proiect_finn/output_ip_hardware/stitched_ip/finn_vivado_stitch_proj.gen/sources_1/bd/finn_design/ipshared/03cf/hdl/verilog/MVAU_hls_1_Matrix_Vector_Activate_Stream_Batch_p_ZL7threshs_34_ROM_AUTO_1R.v:28]
INFO: [Synth 8-6155] done synthesizing module 'MVAU_hls_1_Matrix_Vector_Activate_Stream_Batch_p_ZL7threshs_34_ROM_AUTO_1R' (0#1) [/home/andreea/proiect_finn/output_ip_hardware/stitched_ip/finn_vivado_stitch_proj.gen/sources_1/bd/finn_design/ipshared/03cf/hdl/verilog/MVAU_hls_1_Matrix_Vector_Activate_Stream_Batch_p_ZL7threshs_34_ROM_AUTO_1R.v:7]
INFO: [Synth 8-6157] synthesizing module 'MVAU_hls_1_Matrix_Vector_Activate_Stream_Batch_p_ZL7threshs_35_ROM_AUTO_1R' [/home/andreea/proiect_finn/output_ip_hardware/stitched_ip/finn_vivado_stitch_proj.gen/sources_1/bd/finn_design/ipshared/03cf/hdl/verilog/MVAU_hls_1_Matrix_Vector_Activate_Stream_Batch_p_ZL7threshs_35_ROM_AUTO_1R.v:7]
INFO: [Synth 8-3876] $readmem data file '/tmp/finn_dev_andreea/code_gen_ipgen_MVAU_hls_1_tffy9gsm/project_MVAU_hls_1/sol1/impl/ip/hdl/verilog/MVAU_hls_1_Matrix_Vector_Activate_Stream_Batch_p_ZL7threshs_35_ROM_AUTO_1R.dat' is read successfully [/home/andreea/proiect_finn/output_ip_hardware/stitched_ip/finn_vivado_stitch_proj.gen/sources_1/bd/finn_design/ipshared/03cf/hdl/verilog/MVAU_hls_1_Matrix_Vector_Activate_Stream_Batch_p_ZL7threshs_35_ROM_AUTO_1R.v:28]
INFO: [Synth 8-6155] done synthesizing module 'MVAU_hls_1_Matrix_Vector_Activate_Stream_Batch_p_ZL7threshs_35_ROM_AUTO_1R' (0#1) [/home/andreea/proiect_finn/output_ip_hardware/stitched_ip/finn_vivado_stitch_proj.gen/sources_1/bd/finn_design/ipshared/03cf/hdl/verilog/MVAU_hls_1_Matrix_Vector_Activate_Stream_Batch_p_ZL7threshs_35_ROM_AUTO_1R.v:7]
INFO: [Synth 8-6157] synthesizing module 'MVAU_hls_1_Matrix_Vector_Activate_Stream_Batch_p_ZL7threshs_36_ROM_AUTO_1R' [/home/andreea/proiect_finn/output_ip_hardware/stitched_ip/finn_vivado_stitch_proj.gen/sources_1/bd/finn_design/ipshared/03cf/hdl/verilog/MVAU_hls_1_Matrix_Vector_Activate_Stream_Batch_p_ZL7threshs_36_ROM_AUTO_1R.v:7]
INFO: [Synth 8-3876] $readmem data file '/tmp/finn_dev_andreea/code_gen_ipgen_MVAU_hls_1_tffy9gsm/project_MVAU_hls_1/sol1/impl/ip/hdl/verilog/MVAU_hls_1_Matrix_Vector_Activate_Stream_Batch_p_ZL7threshs_36_ROM_AUTO_1R.dat' is read successfully [/home/andreea/proiect_finn/output_ip_hardware/stitched_ip/finn_vivado_stitch_proj.gen/sources_1/bd/finn_design/ipshared/03cf/hdl/verilog/MVAU_hls_1_Matrix_Vector_Activate_Stream_Batch_p_ZL7threshs_36_ROM_AUTO_1R.v:28]
INFO: [Synth 8-6155] done synthesizing module 'MVAU_hls_1_Matrix_Vector_Activate_Stream_Batch_p_ZL7threshs_36_ROM_AUTO_1R' (0#1) [/home/andreea/proiect_finn/output_ip_hardware/stitched_ip/finn_vivado_stitch_proj.gen/sources_1/bd/finn_design/ipshared/03cf/hdl/verilog/MVAU_hls_1_Matrix_Vector_Activate_Stream_Batch_p_ZL7threshs_36_ROM_AUTO_1R.v:7]
INFO: [Synth 8-6157] synthesizing module 'MVAU_hls_1_Matrix_Vector_Activate_Stream_Batch_p_ZL7threshs_37_ROM_AUTO_1R' [/home/andreea/proiect_finn/output_ip_hardware/stitched_ip/finn_vivado_stitch_proj.gen/sources_1/bd/finn_design/ipshared/03cf/hdl/verilog/MVAU_hls_1_Matrix_Vector_Activate_Stream_Batch_p_ZL7threshs_37_ROM_AUTO_1R.v:7]
INFO: [Synth 8-3876] $readmem data file '/tmp/finn_dev_andreea/code_gen_ipgen_MVAU_hls_1_tffy9gsm/project_MVAU_hls_1/sol1/impl/ip/hdl/verilog/MVAU_hls_1_Matrix_Vector_Activate_Stream_Batch_p_ZL7threshs_37_ROM_AUTO_1R.dat' is read successfully [/home/andreea/proiect_finn/output_ip_hardware/stitched_ip/finn_vivado_stitch_proj.gen/sources_1/bd/finn_design/ipshared/03cf/hdl/verilog/MVAU_hls_1_Matrix_Vector_Activate_Stream_Batch_p_ZL7threshs_37_ROM_AUTO_1R.v:28]
INFO: [Synth 8-6155] done synthesizing module 'MVAU_hls_1_Matrix_Vector_Activate_Stream_Batch_p_ZL7threshs_37_ROM_AUTO_1R' (0#1) [/home/andreea/proiect_finn/output_ip_hardware/stitched_ip/finn_vivado_stitch_proj.gen/sources_1/bd/finn_design/ipshared/03cf/hdl/verilog/MVAU_hls_1_Matrix_Vector_Activate_Stream_Batch_p_ZL7threshs_37_ROM_AUTO_1R.v:7]
INFO: [Synth 8-6157] synthesizing module 'MVAU_hls_1_Matrix_Vector_Activate_Stream_Batch_p_ZL7threshs_38_ROM_AUTO_1R' [/home/andreea/proiect_finn/output_ip_hardware/stitched_ip/finn_vivado_stitch_proj.gen/sources_1/bd/finn_design/ipshared/03cf/hdl/verilog/MVAU_hls_1_Matrix_Vector_Activate_Stream_Batch_p_ZL7threshs_38_ROM_AUTO_1R.v:7]
INFO: [Synth 8-3876] $readmem data file '/tmp/finn_dev_andreea/code_gen_ipgen_MVAU_hls_1_tffy9gsm/project_MVAU_hls_1/sol1/impl/ip/hdl/verilog/MVAU_hls_1_Matrix_Vector_Activate_Stream_Batch_p_ZL7threshs_38_ROM_AUTO_1R.dat' is read successfully [/home/andreea/proiect_finn/output_ip_hardware/stitched_ip/finn_vivado_stitch_proj.gen/sources_1/bd/finn_design/ipshared/03cf/hdl/verilog/MVAU_hls_1_Matrix_Vector_Activate_Stream_Batch_p_ZL7threshs_38_ROM_AUTO_1R.v:28]
INFO: [Synth 8-6155] done synthesizing module 'MVAU_hls_1_Matrix_Vector_Activate_Stream_Batch_p_ZL7threshs_38_ROM_AUTO_1R' (0#1) [/home/andreea/proiect_finn/output_ip_hardware/stitched_ip/finn_vivado_stitch_proj.gen/sources_1/bd/finn_design/ipshared/03cf/hdl/verilog/MVAU_hls_1_Matrix_Vector_Activate_Stream_Batch_p_ZL7threshs_38_ROM_AUTO_1R.v:7]
INFO: [Synth 8-6157] synthesizing module 'MVAU_hls_1_Matrix_Vector_Activate_Stream_Batch_p_ZL7threshs_39_ROM_AUTO_1R' [/home/andreea/proiect_finn/output_ip_hardware/stitched_ip/finn_vivado_stitch_proj.gen/sources_1/bd/finn_design/ipshared/03cf/hdl/verilog/MVAU_hls_1_Matrix_Vector_Activate_Stream_Batch_p_ZL7threshs_39_ROM_AUTO_1R.v:7]
INFO: [Synth 8-3876] $readmem data file '/tmp/finn_dev_andreea/code_gen_ipgen_MVAU_hls_1_tffy9gsm/project_MVAU_hls_1/sol1/impl/ip/hdl/verilog/MVAU_hls_1_Matrix_Vector_Activate_Stream_Batch_p_ZL7threshs_39_ROM_AUTO_1R.dat' is read successfully [/home/andreea/proiect_finn/output_ip_hardware/stitched_ip/finn_vivado_stitch_proj.gen/sources_1/bd/finn_design/ipshared/03cf/hdl/verilog/MVAU_hls_1_Matrix_Vector_Activate_Stream_Batch_p_ZL7threshs_39_ROM_AUTO_1R.v:28]
INFO: [Synth 8-6155] done synthesizing module 'MVAU_hls_1_Matrix_Vector_Activate_Stream_Batch_p_ZL7threshs_39_ROM_AUTO_1R' (0#1) [/home/andreea/proiect_finn/output_ip_hardware/stitched_ip/finn_vivado_stitch_proj.gen/sources_1/bd/finn_design/ipshared/03cf/hdl/verilog/MVAU_hls_1_Matrix_Vector_Activate_Stream_Batch_p_ZL7threshs_39_ROM_AUTO_1R.v:7]
INFO: [Synth 8-6157] synthesizing module 'MVAU_hls_1_Matrix_Vector_Activate_Stream_Batch_p_ZL7threshs_40_ROM_AUTO_1R' [/home/andreea/proiect_finn/output_ip_hardware/stitched_ip/finn_vivado_stitch_proj.gen/sources_1/bd/finn_design/ipshared/03cf/hdl/verilog/MVAU_hls_1_Matrix_Vector_Activate_Stream_Batch_p_ZL7threshs_40_ROM_AUTO_1R.v:7]
INFO: [Synth 8-3876] $readmem data file '/tmp/finn_dev_andreea/code_gen_ipgen_MVAU_hls_1_tffy9gsm/project_MVAU_hls_1/sol1/impl/ip/hdl/verilog/MVAU_hls_1_Matrix_Vector_Activate_Stream_Batch_p_ZL7threshs_40_ROM_AUTO_1R.dat' is read successfully [/home/andreea/proiect_finn/output_ip_hardware/stitched_ip/finn_vivado_stitch_proj.gen/sources_1/bd/finn_design/ipshared/03cf/hdl/verilog/MVAU_hls_1_Matrix_Vector_Activate_Stream_Batch_p_ZL7threshs_40_ROM_AUTO_1R.v:28]
INFO: [Synth 8-6155] done synthesizing module 'MVAU_hls_1_Matrix_Vector_Activate_Stream_Batch_p_ZL7threshs_40_ROM_AUTO_1R' (0#1) [/home/andreea/proiect_finn/output_ip_hardware/stitched_ip/finn_vivado_stitch_proj.gen/sources_1/bd/finn_design/ipshared/03cf/hdl/verilog/MVAU_hls_1_Matrix_Vector_Activate_Stream_Batch_p_ZL7threshs_40_ROM_AUTO_1R.v:7]
INFO: [Synth 8-6157] synthesizing module 'MVAU_hls_1_Matrix_Vector_Activate_Stream_Batch_p_ZL7threshs_41_ROM_AUTO_1R' [/home/andreea/proiect_finn/output_ip_hardware/stitched_ip/finn_vivado_stitch_proj.gen/sources_1/bd/finn_design/ipshared/03cf/hdl/verilog/MVAU_hls_1_Matrix_Vector_Activate_Stream_Batch_p_ZL7threshs_41_ROM_AUTO_1R.v:7]
INFO: [Synth 8-3876] $readmem data file '/tmp/finn_dev_andreea/code_gen_ipgen_MVAU_hls_1_tffy9gsm/project_MVAU_hls_1/sol1/impl/ip/hdl/verilog/MVAU_hls_1_Matrix_Vector_Activate_Stream_Batch_p_ZL7threshs_41_ROM_AUTO_1R.dat' is read successfully [/home/andreea/proiect_finn/output_ip_hardware/stitched_ip/finn_vivado_stitch_proj.gen/sources_1/bd/finn_design/ipshared/03cf/hdl/verilog/MVAU_hls_1_Matrix_Vector_Activate_Stream_Batch_p_ZL7threshs_41_ROM_AUTO_1R.v:28]
INFO: [Synth 8-6155] done synthesizing module 'MVAU_hls_1_Matrix_Vector_Activate_Stream_Batch_p_ZL7threshs_41_ROM_AUTO_1R' (0#1) [/home/andreea/proiect_finn/output_ip_hardware/stitched_ip/finn_vivado_stitch_proj.gen/sources_1/bd/finn_design/ipshared/03cf/hdl/verilog/MVAU_hls_1_Matrix_Vector_Activate_Stream_Batch_p_ZL7threshs_41_ROM_AUTO_1R.v:7]
INFO: [Synth 8-6157] synthesizing module 'MVAU_hls_1_Matrix_Vector_Activate_Stream_Batch_p_ZL7threshs_42_ROM_AUTO_1R' [/home/andreea/proiect_finn/output_ip_hardware/stitched_ip/finn_vivado_stitch_proj.gen/sources_1/bd/finn_design/ipshared/03cf/hdl/verilog/MVAU_hls_1_Matrix_Vector_Activate_Stream_Batch_p_ZL7threshs_42_ROM_AUTO_1R.v:7]
INFO: [Synth 8-3876] $readmem data file '/tmp/finn_dev_andreea/code_gen_ipgen_MVAU_hls_1_tffy9gsm/project_MVAU_hls_1/sol1/impl/ip/hdl/verilog/MVAU_hls_1_Matrix_Vector_Activate_Stream_Batch_p_ZL7threshs_42_ROM_AUTO_1R.dat' is read successfully [/home/andreea/proiect_finn/output_ip_hardware/stitched_ip/finn_vivado_stitch_proj.gen/sources_1/bd/finn_design/ipshared/03cf/hdl/verilog/MVAU_hls_1_Matrix_Vector_Activate_Stream_Batch_p_ZL7threshs_42_ROM_AUTO_1R.v:28]
INFO: [Synth 8-6155] done synthesizing module 'MVAU_hls_1_Matrix_Vector_Activate_Stream_Batch_p_ZL7threshs_42_ROM_AUTO_1R' (0#1) [/home/andreea/proiect_finn/output_ip_hardware/stitched_ip/finn_vivado_stitch_proj.gen/sources_1/bd/finn_design/ipshared/03cf/hdl/verilog/MVAU_hls_1_Matrix_Vector_Activate_Stream_Batch_p_ZL7threshs_42_ROM_AUTO_1R.v:7]
INFO: [Synth 8-6157] synthesizing module 'MVAU_hls_1_Matrix_Vector_Activate_Stream_Batch_p_ZL7threshs_43_ROM_AUTO_1R' [/home/andreea/proiect_finn/output_ip_hardware/stitched_ip/finn_vivado_stitch_proj.gen/sources_1/bd/finn_design/ipshared/03cf/hdl/verilog/MVAU_hls_1_Matrix_Vector_Activate_Stream_Batch_p_ZL7threshs_43_ROM_AUTO_1R.v:7]
INFO: [Synth 8-3876] $readmem data file '/tmp/finn_dev_andreea/code_gen_ipgen_MVAU_hls_1_tffy9gsm/project_MVAU_hls_1/sol1/impl/ip/hdl/verilog/MVAU_hls_1_Matrix_Vector_Activate_Stream_Batch_p_ZL7threshs_43_ROM_AUTO_1R.dat' is read successfully [/home/andreea/proiect_finn/output_ip_hardware/stitched_ip/finn_vivado_stitch_proj.gen/sources_1/bd/finn_design/ipshared/03cf/hdl/verilog/MVAU_hls_1_Matrix_Vector_Activate_Stream_Batch_p_ZL7threshs_43_ROM_AUTO_1R.v:28]
INFO: [Synth 8-6155] done synthesizing module 'MVAU_hls_1_Matrix_Vector_Activate_Stream_Batch_p_ZL7threshs_43_ROM_AUTO_1R' (0#1) [/home/andreea/proiect_finn/output_ip_hardware/stitched_ip/finn_vivado_stitch_proj.gen/sources_1/bd/finn_design/ipshared/03cf/hdl/verilog/MVAU_hls_1_Matrix_Vector_Activate_Stream_Batch_p_ZL7threshs_43_ROM_AUTO_1R.v:7]
INFO: [Synth 8-6157] synthesizing module 'MVAU_hls_1_Matrix_Vector_Activate_Stream_Batch_p_ZL7threshs_44_ROM_AUTO_1R' [/home/andreea/proiect_finn/output_ip_hardware/stitched_ip/finn_vivado_stitch_proj.gen/sources_1/bd/finn_design/ipshared/03cf/hdl/verilog/MVAU_hls_1_Matrix_Vector_Activate_Stream_Batch_p_ZL7threshs_44_ROM_AUTO_1R.v:7]
INFO: [Synth 8-3876] $readmem data file '/tmp/finn_dev_andreea/code_gen_ipgen_MVAU_hls_1_tffy9gsm/project_MVAU_hls_1/sol1/impl/ip/hdl/verilog/MVAU_hls_1_Matrix_Vector_Activate_Stream_Batch_p_ZL7threshs_44_ROM_AUTO_1R.dat' is read successfully [/home/andreea/proiect_finn/output_ip_hardware/stitched_ip/finn_vivado_stitch_proj.gen/sources_1/bd/finn_design/ipshared/03cf/hdl/verilog/MVAU_hls_1_Matrix_Vector_Activate_Stream_Batch_p_ZL7threshs_44_ROM_AUTO_1R.v:28]
INFO: [Synth 8-6155] done synthesizing module 'MVAU_hls_1_Matrix_Vector_Activate_Stream_Batch_p_ZL7threshs_44_ROM_AUTO_1R' (0#1) [/home/andreea/proiect_finn/output_ip_hardware/stitched_ip/finn_vivado_stitch_proj.gen/sources_1/bd/finn_design/ipshared/03cf/hdl/verilog/MVAU_hls_1_Matrix_Vector_Activate_Stream_Batch_p_ZL7threshs_44_ROM_AUTO_1R.v:7]
INFO: [Synth 8-6157] synthesizing module 'MVAU_hls_1_Matrix_Vector_Activate_Stream_Batch_p_ZL7threshs_45_ROM_AUTO_1R' [/home/andreea/proiect_finn/output_ip_hardware/stitched_ip/finn_vivado_stitch_proj.gen/sources_1/bd/finn_design/ipshared/03cf/hdl/verilog/MVAU_hls_1_Matrix_Vector_Activate_Stream_Batch_p_ZL7threshs_45_ROM_AUTO_1R.v:7]
INFO: [Synth 8-3876] $readmem data file '/tmp/finn_dev_andreea/code_gen_ipgen_MVAU_hls_1_tffy9gsm/project_MVAU_hls_1/sol1/impl/ip/hdl/verilog/MVAU_hls_1_Matrix_Vector_Activate_Stream_Batch_p_ZL7threshs_45_ROM_AUTO_1R.dat' is read successfully [/home/andreea/proiect_finn/output_ip_hardware/stitched_ip/finn_vivado_stitch_proj.gen/sources_1/bd/finn_design/ipshared/03cf/hdl/verilog/MVAU_hls_1_Matrix_Vector_Activate_Stream_Batch_p_ZL7threshs_45_ROM_AUTO_1R.v:28]
INFO: [Synth 8-6155] done synthesizing module 'MVAU_hls_1_Matrix_Vector_Activate_Stream_Batch_p_ZL7threshs_45_ROM_AUTO_1R' (0#1) [/home/andreea/proiect_finn/output_ip_hardware/stitched_ip/finn_vivado_stitch_proj.gen/sources_1/bd/finn_design/ipshared/03cf/hdl/verilog/MVAU_hls_1_Matrix_Vector_Activate_Stream_Batch_p_ZL7threshs_45_ROM_AUTO_1R.v:7]
INFO: [Synth 8-6157] synthesizing module 'MVAU_hls_1_Matrix_Vector_Activate_Stream_Batch_p_ZL7threshs_46_ROM_AUTO_1R' [/home/andreea/proiect_finn/output_ip_hardware/stitched_ip/finn_vivado_stitch_proj.gen/sources_1/bd/finn_design/ipshared/03cf/hdl/verilog/MVAU_hls_1_Matrix_Vector_Activate_Stream_Batch_p_ZL7threshs_46_ROM_AUTO_1R.v:7]
INFO: [Synth 8-3876] $readmem data file '/tmp/finn_dev_andreea/code_gen_ipgen_MVAU_hls_1_tffy9gsm/project_MVAU_hls_1/sol1/impl/ip/hdl/verilog/MVAU_hls_1_Matrix_Vector_Activate_Stream_Batch_p_ZL7threshs_46_ROM_AUTO_1R.dat' is read successfully [/home/andreea/proiect_finn/output_ip_hardware/stitched_ip/finn_vivado_stitch_proj.gen/sources_1/bd/finn_design/ipshared/03cf/hdl/verilog/MVAU_hls_1_Matrix_Vector_Activate_Stream_Batch_p_ZL7threshs_46_ROM_AUTO_1R.v:28]
INFO: [Synth 8-6155] done synthesizing module 'MVAU_hls_1_Matrix_Vector_Activate_Stream_Batch_p_ZL7threshs_46_ROM_AUTO_1R' (0#1) [/home/andreea/proiect_finn/output_ip_hardware/stitched_ip/finn_vivado_stitch_proj.gen/sources_1/bd/finn_design/ipshared/03cf/hdl/verilog/MVAU_hls_1_Matrix_Vector_Activate_Stream_Batch_p_ZL7threshs_46_ROM_AUTO_1R.v:7]
INFO: [Synth 8-6157] synthesizing module 'MVAU_hls_1_Matrix_Vector_Activate_Stream_Batch_p_ZL7threshs_47_ROM_AUTO_1R' [/home/andreea/proiect_finn/output_ip_hardware/stitched_ip/finn_vivado_stitch_proj.gen/sources_1/bd/finn_design/ipshared/03cf/hdl/verilog/MVAU_hls_1_Matrix_Vector_Activate_Stream_Batch_p_ZL7threshs_47_ROM_AUTO_1R.v:7]
INFO: [Synth 8-3876] $readmem data file '/tmp/finn_dev_andreea/code_gen_ipgen_MVAU_hls_1_tffy9gsm/project_MVAU_hls_1/sol1/impl/ip/hdl/verilog/MVAU_hls_1_Matrix_Vector_Activate_Stream_Batch_p_ZL7threshs_47_ROM_AUTO_1R.dat' is read successfully [/home/andreea/proiect_finn/output_ip_hardware/stitched_ip/finn_vivado_stitch_proj.gen/sources_1/bd/finn_design/ipshared/03cf/hdl/verilog/MVAU_hls_1_Matrix_Vector_Activate_Stream_Batch_p_ZL7threshs_47_ROM_AUTO_1R.v:28]
INFO: [Synth 8-6155] done synthesizing module 'MVAU_hls_1_Matrix_Vector_Activate_Stream_Batch_p_ZL7threshs_47_ROM_AUTO_1R' (0#1) [/home/andreea/proiect_finn/output_ip_hardware/stitched_ip/finn_vivado_stitch_proj.gen/sources_1/bd/finn_design/ipshared/03cf/hdl/verilog/MVAU_hls_1_Matrix_Vector_Activate_Stream_Batch_p_ZL7threshs_47_ROM_AUTO_1R.v:7]
INFO: [Synth 8-6157] synthesizing module 'MVAU_hls_1_Matrix_Vector_Activate_Stream_Batch_p_ZL7threshs_48_ROM_AUTO_1R' [/home/andreea/proiect_finn/output_ip_hardware/stitched_ip/finn_vivado_stitch_proj.gen/sources_1/bd/finn_design/ipshared/03cf/hdl/verilog/MVAU_hls_1_Matrix_Vector_Activate_Stream_Batch_p_ZL7threshs_48_ROM_AUTO_1R.v:7]
INFO: [Synth 8-3876] $readmem data file '/tmp/finn_dev_andreea/code_gen_ipgen_MVAU_hls_1_tffy9gsm/project_MVAU_hls_1/sol1/impl/ip/hdl/verilog/MVAU_hls_1_Matrix_Vector_Activate_Stream_Batch_p_ZL7threshs_48_ROM_AUTO_1R.dat' is read successfully [/home/andreea/proiect_finn/output_ip_hardware/stitched_ip/finn_vivado_stitch_proj.gen/sources_1/bd/finn_design/ipshared/03cf/hdl/verilog/MVAU_hls_1_Matrix_Vector_Activate_Stream_Batch_p_ZL7threshs_48_ROM_AUTO_1R.v:28]
INFO: [Synth 8-6155] done synthesizing module 'MVAU_hls_1_Matrix_Vector_Activate_Stream_Batch_p_ZL7threshs_48_ROM_AUTO_1R' (0#1) [/home/andreea/proiect_finn/output_ip_hardware/stitched_ip/finn_vivado_stitch_proj.gen/sources_1/bd/finn_design/ipshared/03cf/hdl/verilog/MVAU_hls_1_Matrix_Vector_Activate_Stream_Batch_p_ZL7threshs_48_ROM_AUTO_1R.v:7]
INFO: [Synth 8-6157] synthesizing module 'MVAU_hls_1_Matrix_Vector_Activate_Stream_Batch_p_ZL7threshs_49_ROM_AUTO_1R' [/home/andreea/proiect_finn/output_ip_hardware/stitched_ip/finn_vivado_stitch_proj.gen/sources_1/bd/finn_design/ipshared/03cf/hdl/verilog/MVAU_hls_1_Matrix_Vector_Activate_Stream_Batch_p_ZL7threshs_49_ROM_AUTO_1R.v:7]
INFO: [Synth 8-3876] $readmem data file '/tmp/finn_dev_andreea/code_gen_ipgen_MVAU_hls_1_tffy9gsm/project_MVAU_hls_1/sol1/impl/ip/hdl/verilog/MVAU_hls_1_Matrix_Vector_Activate_Stream_Batch_p_ZL7threshs_49_ROM_AUTO_1R.dat' is read successfully [/home/andreea/proiect_finn/output_ip_hardware/stitched_ip/finn_vivado_stitch_proj.gen/sources_1/bd/finn_design/ipshared/03cf/hdl/verilog/MVAU_hls_1_Matrix_Vector_Activate_Stream_Batch_p_ZL7threshs_49_ROM_AUTO_1R.v:28]
INFO: [Synth 8-6155] done synthesizing module 'MVAU_hls_1_Matrix_Vector_Activate_Stream_Batch_p_ZL7threshs_49_ROM_AUTO_1R' (0#1) [/home/andreea/proiect_finn/output_ip_hardware/stitched_ip/finn_vivado_stitch_proj.gen/sources_1/bd/finn_design/ipshared/03cf/hdl/verilog/MVAU_hls_1_Matrix_Vector_Activate_Stream_Batch_p_ZL7threshs_49_ROM_AUTO_1R.v:7]
INFO: [Synth 8-6157] synthesizing module 'MVAU_hls_1_Matrix_Vector_Activate_Stream_Batch_p_ZL7threshs_50_ROM_AUTO_1R' [/home/andreea/proiect_finn/output_ip_hardware/stitched_ip/finn_vivado_stitch_proj.gen/sources_1/bd/finn_design/ipshared/03cf/hdl/verilog/MVAU_hls_1_Matrix_Vector_Activate_Stream_Batch_p_ZL7threshs_50_ROM_AUTO_1R.v:7]
INFO: [Synth 8-3876] $readmem data file '/tmp/finn_dev_andreea/code_gen_ipgen_MVAU_hls_1_tffy9gsm/project_MVAU_hls_1/sol1/impl/ip/hdl/verilog/MVAU_hls_1_Matrix_Vector_Activate_Stream_Batch_p_ZL7threshs_50_ROM_AUTO_1R.dat' is read successfully [/home/andreea/proiect_finn/output_ip_hardware/stitched_ip/finn_vivado_stitch_proj.gen/sources_1/bd/finn_design/ipshared/03cf/hdl/verilog/MVAU_hls_1_Matrix_Vector_Activate_Stream_Batch_p_ZL7threshs_50_ROM_AUTO_1R.v:28]
INFO: [Synth 8-6155] done synthesizing module 'MVAU_hls_1_Matrix_Vector_Activate_Stream_Batch_p_ZL7threshs_50_ROM_AUTO_1R' (0#1) [/home/andreea/proiect_finn/output_ip_hardware/stitched_ip/finn_vivado_stitch_proj.gen/sources_1/bd/finn_design/ipshared/03cf/hdl/verilog/MVAU_hls_1_Matrix_Vector_Activate_Stream_Batch_p_ZL7threshs_50_ROM_AUTO_1R.v:7]
INFO: [Synth 8-6157] synthesizing module 'MVAU_hls_1_Matrix_Vector_Activate_Stream_Batch_p_ZL7threshs_51_ROM_AUTO_1R' [/home/andreea/proiect_finn/output_ip_hardware/stitched_ip/finn_vivado_stitch_proj.gen/sources_1/bd/finn_design/ipshared/03cf/hdl/verilog/MVAU_hls_1_Matrix_Vector_Activate_Stream_Batch_p_ZL7threshs_51_ROM_AUTO_1R.v:7]
INFO: [Synth 8-3876] $readmem data file '/tmp/finn_dev_andreea/code_gen_ipgen_MVAU_hls_1_tffy9gsm/project_MVAU_hls_1/sol1/impl/ip/hdl/verilog/MVAU_hls_1_Matrix_Vector_Activate_Stream_Batch_p_ZL7threshs_51_ROM_AUTO_1R.dat' is read successfully [/home/andreea/proiect_finn/output_ip_hardware/stitched_ip/finn_vivado_stitch_proj.gen/sources_1/bd/finn_design/ipshared/03cf/hdl/verilog/MVAU_hls_1_Matrix_Vector_Activate_Stream_Batch_p_ZL7threshs_51_ROM_AUTO_1R.v:28]
INFO: [Synth 8-6155] done synthesizing module 'MVAU_hls_1_Matrix_Vector_Activate_Stream_Batch_p_ZL7threshs_51_ROM_AUTO_1R' (0#1) [/home/andreea/proiect_finn/output_ip_hardware/stitched_ip/finn_vivado_stitch_proj.gen/sources_1/bd/finn_design/ipshared/03cf/hdl/verilog/MVAU_hls_1_Matrix_Vector_Activate_Stream_Batch_p_ZL7threshs_51_ROM_AUTO_1R.v:7]
INFO: [Synth 8-6157] synthesizing module 'MVAU_hls_1_Matrix_Vector_Activate_Stream_Batch_p_ZL7threshs_52_ROM_AUTO_1R' [/home/andreea/proiect_finn/output_ip_hardware/stitched_ip/finn_vivado_stitch_proj.gen/sources_1/bd/finn_design/ipshared/03cf/hdl/verilog/MVAU_hls_1_Matrix_Vector_Activate_Stream_Batch_p_ZL7threshs_52_ROM_AUTO_1R.v:7]
INFO: [Synth 8-3876] $readmem data file '/tmp/finn_dev_andreea/code_gen_ipgen_MVAU_hls_1_tffy9gsm/project_MVAU_hls_1/sol1/impl/ip/hdl/verilog/MVAU_hls_1_Matrix_Vector_Activate_Stream_Batch_p_ZL7threshs_52_ROM_AUTO_1R.dat' is read successfully [/home/andreea/proiect_finn/output_ip_hardware/stitched_ip/finn_vivado_stitch_proj.gen/sources_1/bd/finn_design/ipshared/03cf/hdl/verilog/MVAU_hls_1_Matrix_Vector_Activate_Stream_Batch_p_ZL7threshs_52_ROM_AUTO_1R.v:28]
INFO: [Synth 8-6155] done synthesizing module 'MVAU_hls_1_Matrix_Vector_Activate_Stream_Batch_p_ZL7threshs_52_ROM_AUTO_1R' (0#1) [/home/andreea/proiect_finn/output_ip_hardware/stitched_ip/finn_vivado_stitch_proj.gen/sources_1/bd/finn_design/ipshared/03cf/hdl/verilog/MVAU_hls_1_Matrix_Vector_Activate_Stream_Batch_p_ZL7threshs_52_ROM_AUTO_1R.v:7]
INFO: [Synth 8-6157] synthesizing module 'MVAU_hls_1_Matrix_Vector_Activate_Stream_Batch_p_ZL7threshs_53_ROM_AUTO_1R' [/home/andreea/proiect_finn/output_ip_hardware/stitched_ip/finn_vivado_stitch_proj.gen/sources_1/bd/finn_design/ipshared/03cf/hdl/verilog/MVAU_hls_1_Matrix_Vector_Activate_Stream_Batch_p_ZL7threshs_53_ROM_AUTO_1R.v:7]
INFO: [Synth 8-3876] $readmem data file '/tmp/finn_dev_andreea/code_gen_ipgen_MVAU_hls_1_tffy9gsm/project_MVAU_hls_1/sol1/impl/ip/hdl/verilog/MVAU_hls_1_Matrix_Vector_Activate_Stream_Batch_p_ZL7threshs_53_ROM_AUTO_1R.dat' is read successfully [/home/andreea/proiect_finn/output_ip_hardware/stitched_ip/finn_vivado_stitch_proj.gen/sources_1/bd/finn_design/ipshared/03cf/hdl/verilog/MVAU_hls_1_Matrix_Vector_Activate_Stream_Batch_p_ZL7threshs_53_ROM_AUTO_1R.v:28]
INFO: [Synth 8-6155] done synthesizing module 'MVAU_hls_1_Matrix_Vector_Activate_Stream_Batch_p_ZL7threshs_53_ROM_AUTO_1R' (0#1) [/home/andreea/proiect_finn/output_ip_hardware/stitched_ip/finn_vivado_stitch_proj.gen/sources_1/bd/finn_design/ipshared/03cf/hdl/verilog/MVAU_hls_1_Matrix_Vector_Activate_Stream_Batch_p_ZL7threshs_53_ROM_AUTO_1R.v:7]
INFO: [Synth 8-6157] synthesizing module 'MVAU_hls_1_Matrix_Vector_Activate_Stream_Batch_p_ZL7threshs_54_ROM_AUTO_1R' [/home/andreea/proiect_finn/output_ip_hardware/stitched_ip/finn_vivado_stitch_proj.gen/sources_1/bd/finn_design/ipshared/03cf/hdl/verilog/MVAU_hls_1_Matrix_Vector_Activate_Stream_Batch_p_ZL7threshs_54_ROM_AUTO_1R.v:7]
INFO: [Synth 8-3876] $readmem data file '/tmp/finn_dev_andreea/code_gen_ipgen_MVAU_hls_1_tffy9gsm/project_MVAU_hls_1/sol1/impl/ip/hdl/verilog/MVAU_hls_1_Matrix_Vector_Activate_Stream_Batch_p_ZL7threshs_54_ROM_AUTO_1R.dat' is read successfully [/home/andreea/proiect_finn/output_ip_hardware/stitched_ip/finn_vivado_stitch_proj.gen/sources_1/bd/finn_design/ipshared/03cf/hdl/verilog/MVAU_hls_1_Matrix_Vector_Activate_Stream_Batch_p_ZL7threshs_54_ROM_AUTO_1R.v:28]
INFO: [Synth 8-6155] done synthesizing module 'MVAU_hls_1_Matrix_Vector_Activate_Stream_Batch_p_ZL7threshs_54_ROM_AUTO_1R' (0#1) [/home/andreea/proiect_finn/output_ip_hardware/stitched_ip/finn_vivado_stitch_proj.gen/sources_1/bd/finn_design/ipshared/03cf/hdl/verilog/MVAU_hls_1_Matrix_Vector_Activate_Stream_Batch_p_ZL7threshs_54_ROM_AUTO_1R.v:7]
INFO: [Synth 8-6157] synthesizing module 'MVAU_hls_1_Matrix_Vector_Activate_Stream_Batch_p_ZL7threshs_55_ROM_AUTO_1R' [/home/andreea/proiect_finn/output_ip_hardware/stitched_ip/finn_vivado_stitch_proj.gen/sources_1/bd/finn_design/ipshared/03cf/hdl/verilog/MVAU_hls_1_Matrix_Vector_Activate_Stream_Batch_p_ZL7threshs_55_ROM_AUTO_1R.v:7]
INFO: [Synth 8-3876] $readmem data file '/tmp/finn_dev_andreea/code_gen_ipgen_MVAU_hls_1_tffy9gsm/project_MVAU_hls_1/sol1/impl/ip/hdl/verilog/MVAU_hls_1_Matrix_Vector_Activate_Stream_Batch_p_ZL7threshs_55_ROM_AUTO_1R.dat' is read successfully [/home/andreea/proiect_finn/output_ip_hardware/stitched_ip/finn_vivado_stitch_proj.gen/sources_1/bd/finn_design/ipshared/03cf/hdl/verilog/MVAU_hls_1_Matrix_Vector_Activate_Stream_Batch_p_ZL7threshs_55_ROM_AUTO_1R.v:28]
INFO: [Synth 8-6155] done synthesizing module 'MVAU_hls_1_Matrix_Vector_Activate_Stream_Batch_p_ZL7threshs_55_ROM_AUTO_1R' (0#1) [/home/andreea/proiect_finn/output_ip_hardware/stitched_ip/finn_vivado_stitch_proj.gen/sources_1/bd/finn_design/ipshared/03cf/hdl/verilog/MVAU_hls_1_Matrix_Vector_Activate_Stream_Batch_p_ZL7threshs_55_ROM_AUTO_1R.v:7]
INFO: [Synth 8-6157] synthesizing module 'MVAU_hls_1_Matrix_Vector_Activate_Stream_Batch_p_ZL7threshs_56_ROM_AUTO_1R' [/home/andreea/proiect_finn/output_ip_hardware/stitched_ip/finn_vivado_stitch_proj.gen/sources_1/bd/finn_design/ipshared/03cf/hdl/verilog/MVAU_hls_1_Matrix_Vector_Activate_Stream_Batch_p_ZL7threshs_56_ROM_AUTO_1R.v:7]
INFO: [Synth 8-3876] $readmem data file '/tmp/finn_dev_andreea/code_gen_ipgen_MVAU_hls_1_tffy9gsm/project_MVAU_hls_1/sol1/impl/ip/hdl/verilog/MVAU_hls_1_Matrix_Vector_Activate_Stream_Batch_p_ZL7threshs_56_ROM_AUTO_1R.dat' is read successfully [/home/andreea/proiect_finn/output_ip_hardware/stitched_ip/finn_vivado_stitch_proj.gen/sources_1/bd/finn_design/ipshared/03cf/hdl/verilog/MVAU_hls_1_Matrix_Vector_Activate_Stream_Batch_p_ZL7threshs_56_ROM_AUTO_1R.v:28]
INFO: [Synth 8-6155] done synthesizing module 'MVAU_hls_1_Matrix_Vector_Activate_Stream_Batch_p_ZL7threshs_56_ROM_AUTO_1R' (0#1) [/home/andreea/proiect_finn/output_ip_hardware/stitched_ip/finn_vivado_stitch_proj.gen/sources_1/bd/finn_design/ipshared/03cf/hdl/verilog/MVAU_hls_1_Matrix_Vector_Activate_Stream_Batch_p_ZL7threshs_56_ROM_AUTO_1R.v:7]
INFO: [Synth 8-6157] synthesizing module 'MVAU_hls_1_Matrix_Vector_Activate_Stream_Batch_p_ZL7threshs_57_ROM_AUTO_1R' [/home/andreea/proiect_finn/output_ip_hardware/stitched_ip/finn_vivado_stitch_proj.gen/sources_1/bd/finn_design/ipshared/03cf/hdl/verilog/MVAU_hls_1_Matrix_Vector_Activate_Stream_Batch_p_ZL7threshs_57_ROM_AUTO_1R.v:7]
INFO: [Synth 8-3876] $readmem data file '/tmp/finn_dev_andreea/code_gen_ipgen_MVAU_hls_1_tffy9gsm/project_MVAU_hls_1/sol1/impl/ip/hdl/verilog/MVAU_hls_1_Matrix_Vector_Activate_Stream_Batch_p_ZL7threshs_57_ROM_AUTO_1R.dat' is read successfully [/home/andreea/proiect_finn/output_ip_hardware/stitched_ip/finn_vivado_stitch_proj.gen/sources_1/bd/finn_design/ipshared/03cf/hdl/verilog/MVAU_hls_1_Matrix_Vector_Activate_Stream_Batch_p_ZL7threshs_57_ROM_AUTO_1R.v:28]
INFO: [Synth 8-6155] done synthesizing module 'MVAU_hls_1_Matrix_Vector_Activate_Stream_Batch_p_ZL7threshs_57_ROM_AUTO_1R' (0#1) [/home/andreea/proiect_finn/output_ip_hardware/stitched_ip/finn_vivado_stitch_proj.gen/sources_1/bd/finn_design/ipshared/03cf/hdl/verilog/MVAU_hls_1_Matrix_Vector_Activate_Stream_Batch_p_ZL7threshs_57_ROM_AUTO_1R.v:7]
INFO: [Synth 8-6157] synthesizing module 'MVAU_hls_1_Matrix_Vector_Activate_Stream_Batch_p_ZL7threshs_58_ROM_AUTO_1R' [/home/andreea/proiect_finn/output_ip_hardware/stitched_ip/finn_vivado_stitch_proj.gen/sources_1/bd/finn_design/ipshared/03cf/hdl/verilog/MVAU_hls_1_Matrix_Vector_Activate_Stream_Batch_p_ZL7threshs_58_ROM_AUTO_1R.v:7]
INFO: [Synth 8-3876] $readmem data file '/tmp/finn_dev_andreea/code_gen_ipgen_MVAU_hls_1_tffy9gsm/project_MVAU_hls_1/sol1/impl/ip/hdl/verilog/MVAU_hls_1_Matrix_Vector_Activate_Stream_Batch_p_ZL7threshs_58_ROM_AUTO_1R.dat' is read successfully [/home/andreea/proiect_finn/output_ip_hardware/stitched_ip/finn_vivado_stitch_proj.gen/sources_1/bd/finn_design/ipshared/03cf/hdl/verilog/MVAU_hls_1_Matrix_Vector_Activate_Stream_Batch_p_ZL7threshs_58_ROM_AUTO_1R.v:28]
INFO: [Synth 8-6155] done synthesizing module 'MVAU_hls_1_Matrix_Vector_Activate_Stream_Batch_p_ZL7threshs_58_ROM_AUTO_1R' (0#1) [/home/andreea/proiect_finn/output_ip_hardware/stitched_ip/finn_vivado_stitch_proj.gen/sources_1/bd/finn_design/ipshared/03cf/hdl/verilog/MVAU_hls_1_Matrix_Vector_Activate_Stream_Batch_p_ZL7threshs_58_ROM_AUTO_1R.v:7]
INFO: [Synth 8-6157] synthesizing module 'MVAU_hls_1_Matrix_Vector_Activate_Stream_Batch_p_ZL7threshs_59_ROM_AUTO_1R' [/home/andreea/proiect_finn/output_ip_hardware/stitched_ip/finn_vivado_stitch_proj.gen/sources_1/bd/finn_design/ipshared/03cf/hdl/verilog/MVAU_hls_1_Matrix_Vector_Activate_Stream_Batch_p_ZL7threshs_59_ROM_AUTO_1R.v:7]
INFO: [Synth 8-3876] $readmem data file '/tmp/finn_dev_andreea/code_gen_ipgen_MVAU_hls_1_tffy9gsm/project_MVAU_hls_1/sol1/impl/ip/hdl/verilog/MVAU_hls_1_Matrix_Vector_Activate_Stream_Batch_p_ZL7threshs_59_ROM_AUTO_1R.dat' is read successfully [/home/andreea/proiect_finn/output_ip_hardware/stitched_ip/finn_vivado_stitch_proj.gen/sources_1/bd/finn_design/ipshared/03cf/hdl/verilog/MVAU_hls_1_Matrix_Vector_Activate_Stream_Batch_p_ZL7threshs_59_ROM_AUTO_1R.v:28]
INFO: [Synth 8-6155] done synthesizing module 'MVAU_hls_1_Matrix_Vector_Activate_Stream_Batch_p_ZL7threshs_59_ROM_AUTO_1R' (0#1) [/home/andreea/proiect_finn/output_ip_hardware/stitched_ip/finn_vivado_stitch_proj.gen/sources_1/bd/finn_design/ipshared/03cf/hdl/verilog/MVAU_hls_1_Matrix_Vector_Activate_Stream_Batch_p_ZL7threshs_59_ROM_AUTO_1R.v:7]
INFO: [Synth 8-6157] synthesizing module 'MVAU_hls_1_Matrix_Vector_Activate_Stream_Batch_p_ZL7threshs_60_ROM_AUTO_1R' [/home/andreea/proiect_finn/output_ip_hardware/stitched_ip/finn_vivado_stitch_proj.gen/sources_1/bd/finn_design/ipshared/03cf/hdl/verilog/MVAU_hls_1_Matrix_Vector_Activate_Stream_Batch_p_ZL7threshs_60_ROM_AUTO_1R.v:7]
INFO: [Synth 8-3876] $readmem data file '/tmp/finn_dev_andreea/code_gen_ipgen_MVAU_hls_1_tffy9gsm/project_MVAU_hls_1/sol1/impl/ip/hdl/verilog/MVAU_hls_1_Matrix_Vector_Activate_Stream_Batch_p_ZL7threshs_60_ROM_AUTO_1R.dat' is read successfully [/home/andreea/proiect_finn/output_ip_hardware/stitched_ip/finn_vivado_stitch_proj.gen/sources_1/bd/finn_design/ipshared/03cf/hdl/verilog/MVAU_hls_1_Matrix_Vector_Activate_Stream_Batch_p_ZL7threshs_60_ROM_AUTO_1R.v:28]
INFO: [Synth 8-6155] done synthesizing module 'MVAU_hls_1_Matrix_Vector_Activate_Stream_Batch_p_ZL7threshs_60_ROM_AUTO_1R' (0#1) [/home/andreea/proiect_finn/output_ip_hardware/stitched_ip/finn_vivado_stitch_proj.gen/sources_1/bd/finn_design/ipshared/03cf/hdl/verilog/MVAU_hls_1_Matrix_Vector_Activate_Stream_Batch_p_ZL7threshs_60_ROM_AUTO_1R.v:7]
INFO: [Synth 8-6157] synthesizing module 'MVAU_hls_1_Matrix_Vector_Activate_Stream_Batch_p_ZL7threshs_61_ROM_AUTO_1R' [/home/andreea/proiect_finn/output_ip_hardware/stitched_ip/finn_vivado_stitch_proj.gen/sources_1/bd/finn_design/ipshared/03cf/hdl/verilog/MVAU_hls_1_Matrix_Vector_Activate_Stream_Batch_p_ZL7threshs_61_ROM_AUTO_1R.v:7]
INFO: [Synth 8-3876] $readmem data file '/tmp/finn_dev_andreea/code_gen_ipgen_MVAU_hls_1_tffy9gsm/project_MVAU_hls_1/sol1/impl/ip/hdl/verilog/MVAU_hls_1_Matrix_Vector_Activate_Stream_Batch_p_ZL7threshs_61_ROM_AUTO_1R.dat' is read successfully [/home/andreea/proiect_finn/output_ip_hardware/stitched_ip/finn_vivado_stitch_proj.gen/sources_1/bd/finn_design/ipshared/03cf/hdl/verilog/MVAU_hls_1_Matrix_Vector_Activate_Stream_Batch_p_ZL7threshs_61_ROM_AUTO_1R.v:28]
INFO: [Synth 8-6155] done synthesizing module 'MVAU_hls_1_Matrix_Vector_Activate_Stream_Batch_p_ZL7threshs_61_ROM_AUTO_1R' (0#1) [/home/andreea/proiect_finn/output_ip_hardware/stitched_ip/finn_vivado_stitch_proj.gen/sources_1/bd/finn_design/ipshared/03cf/hdl/verilog/MVAU_hls_1_Matrix_Vector_Activate_Stream_Batch_p_ZL7threshs_61_ROM_AUTO_1R.v:7]
INFO: [Synth 8-6157] synthesizing module 'MVAU_hls_1_Matrix_Vector_Activate_Stream_Batch_p_ZL7threshs_62_ROM_AUTO_1R' [/home/andreea/proiect_finn/output_ip_hardware/stitched_ip/finn_vivado_stitch_proj.gen/sources_1/bd/finn_design/ipshared/03cf/hdl/verilog/MVAU_hls_1_Matrix_Vector_Activate_Stream_Batch_p_ZL7threshs_62_ROM_AUTO_1R.v:7]
INFO: [Synth 8-3876] $readmem data file '/tmp/finn_dev_andreea/code_gen_ipgen_MVAU_hls_1_tffy9gsm/project_MVAU_hls_1/sol1/impl/ip/hdl/verilog/MVAU_hls_1_Matrix_Vector_Activate_Stream_Batch_p_ZL7threshs_62_ROM_AUTO_1R.dat' is read successfully [/home/andreea/proiect_finn/output_ip_hardware/stitched_ip/finn_vivado_stitch_proj.gen/sources_1/bd/finn_design/ipshared/03cf/hdl/verilog/MVAU_hls_1_Matrix_Vector_Activate_Stream_Batch_p_ZL7threshs_62_ROM_AUTO_1R.v:28]
INFO: [Synth 8-6155] done synthesizing module 'MVAU_hls_1_Matrix_Vector_Activate_Stream_Batch_p_ZL7threshs_62_ROM_AUTO_1R' (0#1) [/home/andreea/proiect_finn/output_ip_hardware/stitched_ip/finn_vivado_stitch_proj.gen/sources_1/bd/finn_design/ipshared/03cf/hdl/verilog/MVAU_hls_1_Matrix_Vector_Activate_Stream_Batch_p_ZL7threshs_62_ROM_AUTO_1R.v:7]
INFO: [Synth 8-6157] synthesizing module 'MVAU_hls_1_Matrix_Vector_Activate_Stream_Batch_p_ZL7threshs_63_ROM_AUTO_1R' [/home/andreea/proiect_finn/output_ip_hardware/stitched_ip/finn_vivado_stitch_proj.gen/sources_1/bd/finn_design/ipshared/03cf/hdl/verilog/MVAU_hls_1_Matrix_Vector_Activate_Stream_Batch_p_ZL7threshs_63_ROM_AUTO_1R.v:7]
INFO: [Synth 8-3876] $readmem data file '/tmp/finn_dev_andreea/code_gen_ipgen_MVAU_hls_1_tffy9gsm/project_MVAU_hls_1/sol1/impl/ip/hdl/verilog/MVAU_hls_1_Matrix_Vector_Activate_Stream_Batch_p_ZL7threshs_63_ROM_AUTO_1R.dat' is read successfully [/home/andreea/proiect_finn/output_ip_hardware/stitched_ip/finn_vivado_stitch_proj.gen/sources_1/bd/finn_design/ipshared/03cf/hdl/verilog/MVAU_hls_1_Matrix_Vector_Activate_Stream_Batch_p_ZL7threshs_63_ROM_AUTO_1R.v:28]
INFO: [Synth 8-6155] done synthesizing module 'MVAU_hls_1_Matrix_Vector_Activate_Stream_Batch_p_ZL7threshs_63_ROM_AUTO_1R' (0#1) [/home/andreea/proiect_finn/output_ip_hardware/stitched_ip/finn_vivado_stitch_proj.gen/sources_1/bd/finn_design/ipshared/03cf/hdl/verilog/MVAU_hls_1_Matrix_Vector_Activate_Stream_Batch_p_ZL7threshs_63_ROM_AUTO_1R.v:7]
INFO: [Synth 8-6157] synthesizing module 'MVAU_hls_1_Matrix_Vector_Activate_Stream_Batch_p_ZL7threshs_64_ROM_AUTO_1R' [/home/andreea/proiect_finn/output_ip_hardware/stitched_ip/finn_vivado_stitch_proj.gen/sources_1/bd/finn_design/ipshared/03cf/hdl/verilog/MVAU_hls_1_Matrix_Vector_Activate_Stream_Batch_p_ZL7threshs_64_ROM_AUTO_1R.v:7]
INFO: [Synth 8-3876] $readmem data file '/tmp/finn_dev_andreea/code_gen_ipgen_MVAU_hls_1_tffy9gsm/project_MVAU_hls_1/sol1/impl/ip/hdl/verilog/MVAU_hls_1_Matrix_Vector_Activate_Stream_Batch_p_ZL7threshs_64_ROM_AUTO_1R.dat' is read successfully [/home/andreea/proiect_finn/output_ip_hardware/stitched_ip/finn_vivado_stitch_proj.gen/sources_1/bd/finn_design/ipshared/03cf/hdl/verilog/MVAU_hls_1_Matrix_Vector_Activate_Stream_Batch_p_ZL7threshs_64_ROM_AUTO_1R.v:28]
INFO: [Synth 8-6155] done synthesizing module 'MVAU_hls_1_Matrix_Vector_Activate_Stream_Batch_p_ZL7threshs_64_ROM_AUTO_1R' (0#1) [/home/andreea/proiect_finn/output_ip_hardware/stitched_ip/finn_vivado_stitch_proj.gen/sources_1/bd/finn_design/ipshared/03cf/hdl/verilog/MVAU_hls_1_Matrix_Vector_Activate_Stream_Batch_p_ZL7threshs_64_ROM_AUTO_1R.v:7]
INFO: [Synth 8-6157] synthesizing module 'MVAU_hls_1_Matrix_Vector_Activate_Stream_Batch_p_ZL7threshs_65_ROM_AUTO_1R' [/home/andreea/proiect_finn/output_ip_hardware/stitched_ip/finn_vivado_stitch_proj.gen/sources_1/bd/finn_design/ipshared/03cf/hdl/verilog/MVAU_hls_1_Matrix_Vector_Activate_Stream_Batch_p_ZL7threshs_65_ROM_AUTO_1R.v:7]
INFO: [Synth 8-3876] $readmem data file '/tmp/finn_dev_andreea/code_gen_ipgen_MVAU_hls_1_tffy9gsm/project_MVAU_hls_1/sol1/impl/ip/hdl/verilog/MVAU_hls_1_Matrix_Vector_Activate_Stream_Batch_p_ZL7threshs_65_ROM_AUTO_1R.dat' is read successfully [/home/andreea/proiect_finn/output_ip_hardware/stitched_ip/finn_vivado_stitch_proj.gen/sources_1/bd/finn_design/ipshared/03cf/hdl/verilog/MVAU_hls_1_Matrix_Vector_Activate_Stream_Batch_p_ZL7threshs_65_ROM_AUTO_1R.v:28]
INFO: [Synth 8-6155] done synthesizing module 'MVAU_hls_1_Matrix_Vector_Activate_Stream_Batch_p_ZL7threshs_65_ROM_AUTO_1R' (0#1) [/home/andreea/proiect_finn/output_ip_hardware/stitched_ip/finn_vivado_stitch_proj.gen/sources_1/bd/finn_design/ipshared/03cf/hdl/verilog/MVAU_hls_1_Matrix_Vector_Activate_Stream_Batch_p_ZL7threshs_65_ROM_AUTO_1R.v:7]
INFO: [Synth 8-6157] synthesizing module 'MVAU_hls_1_Matrix_Vector_Activate_Stream_Batch_p_ZL7threshs_66_ROM_AUTO_1R' [/home/andreea/proiect_finn/output_ip_hardware/stitched_ip/finn_vivado_stitch_proj.gen/sources_1/bd/finn_design/ipshared/03cf/hdl/verilog/MVAU_hls_1_Matrix_Vector_Activate_Stream_Batch_p_ZL7threshs_66_ROM_AUTO_1R.v:7]
INFO: [Synth 8-3876] $readmem data file '/tmp/finn_dev_andreea/code_gen_ipgen_MVAU_hls_1_tffy9gsm/project_MVAU_hls_1/sol1/impl/ip/hdl/verilog/MVAU_hls_1_Matrix_Vector_Activate_Stream_Batch_p_ZL7threshs_66_ROM_AUTO_1R.dat' is read successfully [/home/andreea/proiect_finn/output_ip_hardware/stitched_ip/finn_vivado_stitch_proj.gen/sources_1/bd/finn_design/ipshared/03cf/hdl/verilog/MVAU_hls_1_Matrix_Vector_Activate_Stream_Batch_p_ZL7threshs_66_ROM_AUTO_1R.v:28]
INFO: [Synth 8-6155] done synthesizing module 'MVAU_hls_1_Matrix_Vector_Activate_Stream_Batch_p_ZL7threshs_66_ROM_AUTO_1R' (0#1) [/home/andreea/proiect_finn/output_ip_hardware/stitched_ip/finn_vivado_stitch_proj.gen/sources_1/bd/finn_design/ipshared/03cf/hdl/verilog/MVAU_hls_1_Matrix_Vector_Activate_Stream_Batch_p_ZL7threshs_66_ROM_AUTO_1R.v:7]
INFO: [Synth 8-6157] synthesizing module 'MVAU_hls_1_Matrix_Vector_Activate_Stream_Batch_p_ZL7threshs_67_ROM_AUTO_1R' [/home/andreea/proiect_finn/output_ip_hardware/stitched_ip/finn_vivado_stitch_proj.gen/sources_1/bd/finn_design/ipshared/03cf/hdl/verilog/MVAU_hls_1_Matrix_Vector_Activate_Stream_Batch_p_ZL7threshs_67_ROM_AUTO_1R.v:7]
INFO: [Synth 8-3876] $readmem data file '/tmp/finn_dev_andreea/code_gen_ipgen_MVAU_hls_1_tffy9gsm/project_MVAU_hls_1/sol1/impl/ip/hdl/verilog/MVAU_hls_1_Matrix_Vector_Activate_Stream_Batch_p_ZL7threshs_67_ROM_AUTO_1R.dat' is read successfully [/home/andreea/proiect_finn/output_ip_hardware/stitched_ip/finn_vivado_stitch_proj.gen/sources_1/bd/finn_design/ipshared/03cf/hdl/verilog/MVAU_hls_1_Matrix_Vector_Activate_Stream_Batch_p_ZL7threshs_67_ROM_AUTO_1R.v:28]
INFO: [Synth 8-6155] done synthesizing module 'MVAU_hls_1_Matrix_Vector_Activate_Stream_Batch_p_ZL7threshs_67_ROM_AUTO_1R' (0#1) [/home/andreea/proiect_finn/output_ip_hardware/stitched_ip/finn_vivado_stitch_proj.gen/sources_1/bd/finn_design/ipshared/03cf/hdl/verilog/MVAU_hls_1_Matrix_Vector_Activate_Stream_Batch_p_ZL7threshs_67_ROM_AUTO_1R.v:7]
INFO: [Synth 8-6157] synthesizing module 'MVAU_hls_1_Matrix_Vector_Activate_Stream_Batch_p_ZL7threshs_68_ROM_AUTO_1R' [/home/andreea/proiect_finn/output_ip_hardware/stitched_ip/finn_vivado_stitch_proj.gen/sources_1/bd/finn_design/ipshared/03cf/hdl/verilog/MVAU_hls_1_Matrix_Vector_Activate_Stream_Batch_p_ZL7threshs_68_ROM_AUTO_1R.v:7]
INFO: [Synth 8-3876] $readmem data file '/tmp/finn_dev_andreea/code_gen_ipgen_MVAU_hls_1_tffy9gsm/project_MVAU_hls_1/sol1/impl/ip/hdl/verilog/MVAU_hls_1_Matrix_Vector_Activate_Stream_Batch_p_ZL7threshs_68_ROM_AUTO_1R.dat' is read successfully [/home/andreea/proiect_finn/output_ip_hardware/stitched_ip/finn_vivado_stitch_proj.gen/sources_1/bd/finn_design/ipshared/03cf/hdl/verilog/MVAU_hls_1_Matrix_Vector_Activate_Stream_Batch_p_ZL7threshs_68_ROM_AUTO_1R.v:28]
INFO: [Synth 8-6155] done synthesizing module 'MVAU_hls_1_Matrix_Vector_Activate_Stream_Batch_p_ZL7threshs_68_ROM_AUTO_1R' (0#1) [/home/andreea/proiect_finn/output_ip_hardware/stitched_ip/finn_vivado_stitch_proj.gen/sources_1/bd/finn_design/ipshared/03cf/hdl/verilog/MVAU_hls_1_Matrix_Vector_Activate_Stream_Batch_p_ZL7threshs_68_ROM_AUTO_1R.v:7]
INFO: [Synth 8-6157] synthesizing module 'MVAU_hls_1_Matrix_Vector_Activate_Stream_Batch_p_ZL7threshs_69_ROM_AUTO_1R' [/home/andreea/proiect_finn/output_ip_hardware/stitched_ip/finn_vivado_stitch_proj.gen/sources_1/bd/finn_design/ipshared/03cf/hdl/verilog/MVAU_hls_1_Matrix_Vector_Activate_Stream_Batch_p_ZL7threshs_69_ROM_AUTO_1R.v:7]
INFO: [Synth 8-3876] $readmem data file '/tmp/finn_dev_andreea/code_gen_ipgen_MVAU_hls_1_tffy9gsm/project_MVAU_hls_1/sol1/impl/ip/hdl/verilog/MVAU_hls_1_Matrix_Vector_Activate_Stream_Batch_p_ZL7threshs_69_ROM_AUTO_1R.dat' is read successfully [/home/andreea/proiect_finn/output_ip_hardware/stitched_ip/finn_vivado_stitch_proj.gen/sources_1/bd/finn_design/ipshared/03cf/hdl/verilog/MVAU_hls_1_Matrix_Vector_Activate_Stream_Batch_p_ZL7threshs_69_ROM_AUTO_1R.v:28]
INFO: [Synth 8-6155] done synthesizing module 'MVAU_hls_1_Matrix_Vector_Activate_Stream_Batch_p_ZL7threshs_69_ROM_AUTO_1R' (0#1) [/home/andreea/proiect_finn/output_ip_hardware/stitched_ip/finn_vivado_stitch_proj.gen/sources_1/bd/finn_design/ipshared/03cf/hdl/verilog/MVAU_hls_1_Matrix_Vector_Activate_Stream_Batch_p_ZL7threshs_69_ROM_AUTO_1R.v:7]
INFO: [Synth 8-6157] synthesizing module 'MVAU_hls_1_Matrix_Vector_Activate_Stream_Batch_p_ZL7threshs_70_ROM_AUTO_1R' [/home/andreea/proiect_finn/output_ip_hardware/stitched_ip/finn_vivado_stitch_proj.gen/sources_1/bd/finn_design/ipshared/03cf/hdl/verilog/MVAU_hls_1_Matrix_Vector_Activate_Stream_Batch_p_ZL7threshs_70_ROM_AUTO_1R.v:7]
INFO: [Synth 8-3876] $readmem data file '/tmp/finn_dev_andreea/code_gen_ipgen_MVAU_hls_1_tffy9gsm/project_MVAU_hls_1/sol1/impl/ip/hdl/verilog/MVAU_hls_1_Matrix_Vector_Activate_Stream_Batch_p_ZL7threshs_70_ROM_AUTO_1R.dat' is read successfully [/home/andreea/proiect_finn/output_ip_hardware/stitched_ip/finn_vivado_stitch_proj.gen/sources_1/bd/finn_design/ipshared/03cf/hdl/verilog/MVAU_hls_1_Matrix_Vector_Activate_Stream_Batch_p_ZL7threshs_70_ROM_AUTO_1R.v:28]
INFO: [Synth 8-6155] done synthesizing module 'MVAU_hls_1_Matrix_Vector_Activate_Stream_Batch_p_ZL7threshs_70_ROM_AUTO_1R' (0#1) [/home/andreea/proiect_finn/output_ip_hardware/stitched_ip/finn_vivado_stitch_proj.gen/sources_1/bd/finn_design/ipshared/03cf/hdl/verilog/MVAU_hls_1_Matrix_Vector_Activate_Stream_Batch_p_ZL7threshs_70_ROM_AUTO_1R.v:7]
INFO: [Synth 8-6157] synthesizing module 'MVAU_hls_1_Matrix_Vector_Activate_Stream_Batch_p_ZL7threshs_71_ROM_AUTO_1R' [/home/andreea/proiect_finn/output_ip_hardware/stitched_ip/finn_vivado_stitch_proj.gen/sources_1/bd/finn_design/ipshared/03cf/hdl/verilog/MVAU_hls_1_Matrix_Vector_Activate_Stream_Batch_p_ZL7threshs_71_ROM_AUTO_1R.v:7]
INFO: [Synth 8-3876] $readmem data file '/tmp/finn_dev_andreea/code_gen_ipgen_MVAU_hls_1_tffy9gsm/project_MVAU_hls_1/sol1/impl/ip/hdl/verilog/MVAU_hls_1_Matrix_Vector_Activate_Stream_Batch_p_ZL7threshs_71_ROM_AUTO_1R.dat' is read successfully [/home/andreea/proiect_finn/output_ip_hardware/stitched_ip/finn_vivado_stitch_proj.gen/sources_1/bd/finn_design/ipshared/03cf/hdl/verilog/MVAU_hls_1_Matrix_Vector_Activate_Stream_Batch_p_ZL7threshs_71_ROM_AUTO_1R.v:28]
INFO: [Synth 8-6155] done synthesizing module 'MVAU_hls_1_Matrix_Vector_Activate_Stream_Batch_p_ZL7threshs_71_ROM_AUTO_1R' (0#1) [/home/andreea/proiect_finn/output_ip_hardware/stitched_ip/finn_vivado_stitch_proj.gen/sources_1/bd/finn_design/ipshared/03cf/hdl/verilog/MVAU_hls_1_Matrix_Vector_Activate_Stream_Batch_p_ZL7threshs_71_ROM_AUTO_1R.v:7]
INFO: [Synth 8-6157] synthesizing module 'MVAU_hls_1_Matrix_Vector_Activate_Stream_Batch_p_ZL7threshs_72_ROM_AUTO_1R' [/home/andreea/proiect_finn/output_ip_hardware/stitched_ip/finn_vivado_stitch_proj.gen/sources_1/bd/finn_design/ipshared/03cf/hdl/verilog/MVAU_hls_1_Matrix_Vector_Activate_Stream_Batch_p_ZL7threshs_72_ROM_AUTO_1R.v:7]
INFO: [Synth 8-3876] $readmem data file '/tmp/finn_dev_andreea/code_gen_ipgen_MVAU_hls_1_tffy9gsm/project_MVAU_hls_1/sol1/impl/ip/hdl/verilog/MVAU_hls_1_Matrix_Vector_Activate_Stream_Batch_p_ZL7threshs_72_ROM_AUTO_1R.dat' is read successfully [/home/andreea/proiect_finn/output_ip_hardware/stitched_ip/finn_vivado_stitch_proj.gen/sources_1/bd/finn_design/ipshared/03cf/hdl/verilog/MVAU_hls_1_Matrix_Vector_Activate_Stream_Batch_p_ZL7threshs_72_ROM_AUTO_1R.v:28]
INFO: [Synth 8-6155] done synthesizing module 'MVAU_hls_1_Matrix_Vector_Activate_Stream_Batch_p_ZL7threshs_72_ROM_AUTO_1R' (0#1) [/home/andreea/proiect_finn/output_ip_hardware/stitched_ip/finn_vivado_stitch_proj.gen/sources_1/bd/finn_design/ipshared/03cf/hdl/verilog/MVAU_hls_1_Matrix_Vector_Activate_Stream_Batch_p_ZL7threshs_72_ROM_AUTO_1R.v:7]
INFO: [Synth 8-6157] synthesizing module 'MVAU_hls_1_Matrix_Vector_Activate_Stream_Batch_p_ZL7threshs_73_ROM_AUTO_1R' [/home/andreea/proiect_finn/output_ip_hardware/stitched_ip/finn_vivado_stitch_proj.gen/sources_1/bd/finn_design/ipshared/03cf/hdl/verilog/MVAU_hls_1_Matrix_Vector_Activate_Stream_Batch_p_ZL7threshs_73_ROM_AUTO_1R.v:7]
INFO: [Synth 8-3876] $readmem data file '/tmp/finn_dev_andreea/code_gen_ipgen_MVAU_hls_1_tffy9gsm/project_MVAU_hls_1/sol1/impl/ip/hdl/verilog/MVAU_hls_1_Matrix_Vector_Activate_Stream_Batch_p_ZL7threshs_73_ROM_AUTO_1R.dat' is read successfully [/home/andreea/proiect_finn/output_ip_hardware/stitched_ip/finn_vivado_stitch_proj.gen/sources_1/bd/finn_design/ipshared/03cf/hdl/verilog/MVAU_hls_1_Matrix_Vector_Activate_Stream_Batch_p_ZL7threshs_73_ROM_AUTO_1R.v:28]
INFO: [Synth 8-6155] done synthesizing module 'MVAU_hls_1_Matrix_Vector_Activate_Stream_Batch_p_ZL7threshs_73_ROM_AUTO_1R' (0#1) [/home/andreea/proiect_finn/output_ip_hardware/stitched_ip/finn_vivado_stitch_proj.gen/sources_1/bd/finn_design/ipshared/03cf/hdl/verilog/MVAU_hls_1_Matrix_Vector_Activate_Stream_Batch_p_ZL7threshs_73_ROM_AUTO_1R.v:7]
INFO: [Synth 8-6157] synthesizing module 'MVAU_hls_1_Matrix_Vector_Activate_Stream_Batch_p_ZL7threshs_74_ROM_AUTO_1R' [/home/andreea/proiect_finn/output_ip_hardware/stitched_ip/finn_vivado_stitch_proj.gen/sources_1/bd/finn_design/ipshared/03cf/hdl/verilog/MVAU_hls_1_Matrix_Vector_Activate_Stream_Batch_p_ZL7threshs_74_ROM_AUTO_1R.v:7]
INFO: [Synth 8-3876] $readmem data file '/tmp/finn_dev_andreea/code_gen_ipgen_MVAU_hls_1_tffy9gsm/project_MVAU_hls_1/sol1/impl/ip/hdl/verilog/MVAU_hls_1_Matrix_Vector_Activate_Stream_Batch_p_ZL7threshs_74_ROM_AUTO_1R.dat' is read successfully [/home/andreea/proiect_finn/output_ip_hardware/stitched_ip/finn_vivado_stitch_proj.gen/sources_1/bd/finn_design/ipshared/03cf/hdl/verilog/MVAU_hls_1_Matrix_Vector_Activate_Stream_Batch_p_ZL7threshs_74_ROM_AUTO_1R.v:28]
INFO: [Synth 8-6155] done synthesizing module 'MVAU_hls_1_Matrix_Vector_Activate_Stream_Batch_p_ZL7threshs_74_ROM_AUTO_1R' (0#1) [/home/andreea/proiect_finn/output_ip_hardware/stitched_ip/finn_vivado_stitch_proj.gen/sources_1/bd/finn_design/ipshared/03cf/hdl/verilog/MVAU_hls_1_Matrix_Vector_Activate_Stream_Batch_p_ZL7threshs_74_ROM_AUTO_1R.v:7]
INFO: [Synth 8-6157] synthesizing module 'MVAU_hls_1_Matrix_Vector_Activate_Stream_Batch_p_ZL7threshs_75_ROM_AUTO_1R' [/home/andreea/proiect_finn/output_ip_hardware/stitched_ip/finn_vivado_stitch_proj.gen/sources_1/bd/finn_design/ipshared/03cf/hdl/verilog/MVAU_hls_1_Matrix_Vector_Activate_Stream_Batch_p_ZL7threshs_75_ROM_AUTO_1R.v:7]
INFO: [Synth 8-3876] $readmem data file '/tmp/finn_dev_andreea/code_gen_ipgen_MVAU_hls_1_tffy9gsm/project_MVAU_hls_1/sol1/impl/ip/hdl/verilog/MVAU_hls_1_Matrix_Vector_Activate_Stream_Batch_p_ZL7threshs_75_ROM_AUTO_1R.dat' is read successfully [/home/andreea/proiect_finn/output_ip_hardware/stitched_ip/finn_vivado_stitch_proj.gen/sources_1/bd/finn_design/ipshared/03cf/hdl/verilog/MVAU_hls_1_Matrix_Vector_Activate_Stream_Batch_p_ZL7threshs_75_ROM_AUTO_1R.v:28]
INFO: [Synth 8-6155] done synthesizing module 'MVAU_hls_1_Matrix_Vector_Activate_Stream_Batch_p_ZL7threshs_75_ROM_AUTO_1R' (0#1) [/home/andreea/proiect_finn/output_ip_hardware/stitched_ip/finn_vivado_stitch_proj.gen/sources_1/bd/finn_design/ipshared/03cf/hdl/verilog/MVAU_hls_1_Matrix_Vector_Activate_Stream_Batch_p_ZL7threshs_75_ROM_AUTO_1R.v:7]
INFO: [Synth 8-6157] synthesizing module 'MVAU_hls_1_Matrix_Vector_Activate_Stream_Batch_p_ZL7threshs_76_ROM_AUTO_1R' [/home/andreea/proiect_finn/output_ip_hardware/stitched_ip/finn_vivado_stitch_proj.gen/sources_1/bd/finn_design/ipshared/03cf/hdl/verilog/MVAU_hls_1_Matrix_Vector_Activate_Stream_Batch_p_ZL7threshs_76_ROM_AUTO_1R.v:7]
INFO: [Synth 8-3876] $readmem data file '/tmp/finn_dev_andreea/code_gen_ipgen_MVAU_hls_1_tffy9gsm/project_MVAU_hls_1/sol1/impl/ip/hdl/verilog/MVAU_hls_1_Matrix_Vector_Activate_Stream_Batch_p_ZL7threshs_76_ROM_AUTO_1R.dat' is read successfully [/home/andreea/proiect_finn/output_ip_hardware/stitched_ip/finn_vivado_stitch_proj.gen/sources_1/bd/finn_design/ipshared/03cf/hdl/verilog/MVAU_hls_1_Matrix_Vector_Activate_Stream_Batch_p_ZL7threshs_76_ROM_AUTO_1R.v:28]
INFO: [Synth 8-6155] done synthesizing module 'MVAU_hls_1_Matrix_Vector_Activate_Stream_Batch_p_ZL7threshs_76_ROM_AUTO_1R' (0#1) [/home/andreea/proiect_finn/output_ip_hardware/stitched_ip/finn_vivado_stitch_proj.gen/sources_1/bd/finn_design/ipshared/03cf/hdl/verilog/MVAU_hls_1_Matrix_Vector_Activate_Stream_Batch_p_ZL7threshs_76_ROM_AUTO_1R.v:7]
INFO: [Synth 8-6157] synthesizing module 'MVAU_hls_1_Matrix_Vector_Activate_Stream_Batch_p_ZL7threshs_77_ROM_AUTO_1R' [/home/andreea/proiect_finn/output_ip_hardware/stitched_ip/finn_vivado_stitch_proj.gen/sources_1/bd/finn_design/ipshared/03cf/hdl/verilog/MVAU_hls_1_Matrix_Vector_Activate_Stream_Batch_p_ZL7threshs_77_ROM_AUTO_1R.v:7]
INFO: [Synth 8-3876] $readmem data file '/tmp/finn_dev_andreea/code_gen_ipgen_MVAU_hls_1_tffy9gsm/project_MVAU_hls_1/sol1/impl/ip/hdl/verilog/MVAU_hls_1_Matrix_Vector_Activate_Stream_Batch_p_ZL7threshs_77_ROM_AUTO_1R.dat' is read successfully [/home/andreea/proiect_finn/output_ip_hardware/stitched_ip/finn_vivado_stitch_proj.gen/sources_1/bd/finn_design/ipshared/03cf/hdl/verilog/MVAU_hls_1_Matrix_Vector_Activate_Stream_Batch_p_ZL7threshs_77_ROM_AUTO_1R.v:28]
INFO: [Synth 8-6155] done synthesizing module 'MVAU_hls_1_Matrix_Vector_Activate_Stream_Batch_p_ZL7threshs_77_ROM_AUTO_1R' (0#1) [/home/andreea/proiect_finn/output_ip_hardware/stitched_ip/finn_vivado_stitch_proj.gen/sources_1/bd/finn_design/ipshared/03cf/hdl/verilog/MVAU_hls_1_Matrix_Vector_Activate_Stream_Batch_p_ZL7threshs_77_ROM_AUTO_1R.v:7]
INFO: [Synth 8-6157] synthesizing module 'MVAU_hls_1_Matrix_Vector_Activate_Stream_Batch_p_ZL7threshs_78_ROM_AUTO_1R' [/home/andreea/proiect_finn/output_ip_hardware/stitched_ip/finn_vivado_stitch_proj.gen/sources_1/bd/finn_design/ipshared/03cf/hdl/verilog/MVAU_hls_1_Matrix_Vector_Activate_Stream_Batch_p_ZL7threshs_78_ROM_AUTO_1R.v:7]
INFO: [Synth 8-3876] $readmem data file '/tmp/finn_dev_andreea/code_gen_ipgen_MVAU_hls_1_tffy9gsm/project_MVAU_hls_1/sol1/impl/ip/hdl/verilog/MVAU_hls_1_Matrix_Vector_Activate_Stream_Batch_p_ZL7threshs_78_ROM_AUTO_1R.dat' is read successfully [/home/andreea/proiect_finn/output_ip_hardware/stitched_ip/finn_vivado_stitch_proj.gen/sources_1/bd/finn_design/ipshared/03cf/hdl/verilog/MVAU_hls_1_Matrix_Vector_Activate_Stream_Batch_p_ZL7threshs_78_ROM_AUTO_1R.v:28]
INFO: [Synth 8-6155] done synthesizing module 'MVAU_hls_1_Matrix_Vector_Activate_Stream_Batch_p_ZL7threshs_78_ROM_AUTO_1R' (0#1) [/home/andreea/proiect_finn/output_ip_hardware/stitched_ip/finn_vivado_stitch_proj.gen/sources_1/bd/finn_design/ipshared/03cf/hdl/verilog/MVAU_hls_1_Matrix_Vector_Activate_Stream_Batch_p_ZL7threshs_78_ROM_AUTO_1R.v:7]
INFO: [Synth 8-6157] synthesizing module 'MVAU_hls_1_Matrix_Vector_Activate_Stream_Batch_p_ZL7threshs_79_ROM_AUTO_1R' [/home/andreea/proiect_finn/output_ip_hardware/stitched_ip/finn_vivado_stitch_proj.gen/sources_1/bd/finn_design/ipshared/03cf/hdl/verilog/MVAU_hls_1_Matrix_Vector_Activate_Stream_Batch_p_ZL7threshs_79_ROM_AUTO_1R.v:7]
INFO: [Synth 8-3876] $readmem data file '/tmp/finn_dev_andreea/code_gen_ipgen_MVAU_hls_1_tffy9gsm/project_MVAU_hls_1/sol1/impl/ip/hdl/verilog/MVAU_hls_1_Matrix_Vector_Activate_Stream_Batch_p_ZL7threshs_79_ROM_AUTO_1R.dat' is read successfully [/home/andreea/proiect_finn/output_ip_hardware/stitched_ip/finn_vivado_stitch_proj.gen/sources_1/bd/finn_design/ipshared/03cf/hdl/verilog/MVAU_hls_1_Matrix_Vector_Activate_Stream_Batch_p_ZL7threshs_79_ROM_AUTO_1R.v:28]
INFO: [Synth 8-6155] done synthesizing module 'MVAU_hls_1_Matrix_Vector_Activate_Stream_Batch_p_ZL7threshs_79_ROM_AUTO_1R' (0#1) [/home/andreea/proiect_finn/output_ip_hardware/stitched_ip/finn_vivado_stitch_proj.gen/sources_1/bd/finn_design/ipshared/03cf/hdl/verilog/MVAU_hls_1_Matrix_Vector_Activate_Stream_Batch_p_ZL7threshs_79_ROM_AUTO_1R.v:7]
INFO: [Synth 8-6157] synthesizing module 'MVAU_hls_1_Matrix_Vector_Activate_Stream_Batch_p_ZL7threshs_80_ROM_AUTO_1R' [/home/andreea/proiect_finn/output_ip_hardware/stitched_ip/finn_vivado_stitch_proj.gen/sources_1/bd/finn_design/ipshared/03cf/hdl/verilog/MVAU_hls_1_Matrix_Vector_Activate_Stream_Batch_p_ZL7threshs_80_ROM_AUTO_1R.v:7]
INFO: [Synth 8-3876] $readmem data file '/tmp/finn_dev_andreea/code_gen_ipgen_MVAU_hls_1_tffy9gsm/project_MVAU_hls_1/sol1/impl/ip/hdl/verilog/MVAU_hls_1_Matrix_Vector_Activate_Stream_Batch_p_ZL7threshs_80_ROM_AUTO_1R.dat' is read successfully [/home/andreea/proiect_finn/output_ip_hardware/stitched_ip/finn_vivado_stitch_proj.gen/sources_1/bd/finn_design/ipshared/03cf/hdl/verilog/MVAU_hls_1_Matrix_Vector_Activate_Stream_Batch_p_ZL7threshs_80_ROM_AUTO_1R.v:28]
INFO: [Synth 8-6155] done synthesizing module 'MVAU_hls_1_Matrix_Vector_Activate_Stream_Batch_p_ZL7threshs_80_ROM_AUTO_1R' (0#1) [/home/andreea/proiect_finn/output_ip_hardware/stitched_ip/finn_vivado_stitch_proj.gen/sources_1/bd/finn_design/ipshared/03cf/hdl/verilog/MVAU_hls_1_Matrix_Vector_Activate_Stream_Batch_p_ZL7threshs_80_ROM_AUTO_1R.v:7]
INFO: [Synth 8-6157] synthesizing module 'MVAU_hls_1_Matrix_Vector_Activate_Stream_Batch_p_ZL7threshs_81_ROM_AUTO_1R' [/home/andreea/proiect_finn/output_ip_hardware/stitched_ip/finn_vivado_stitch_proj.gen/sources_1/bd/finn_design/ipshared/03cf/hdl/verilog/MVAU_hls_1_Matrix_Vector_Activate_Stream_Batch_p_ZL7threshs_81_ROM_AUTO_1R.v:7]
INFO: [Synth 8-3876] $readmem data file '/tmp/finn_dev_andreea/code_gen_ipgen_MVAU_hls_1_tffy9gsm/project_MVAU_hls_1/sol1/impl/ip/hdl/verilog/MVAU_hls_1_Matrix_Vector_Activate_Stream_Batch_p_ZL7threshs_81_ROM_AUTO_1R.dat' is read successfully [/home/andreea/proiect_finn/output_ip_hardware/stitched_ip/finn_vivado_stitch_proj.gen/sources_1/bd/finn_design/ipshared/03cf/hdl/verilog/MVAU_hls_1_Matrix_Vector_Activate_Stream_Batch_p_ZL7threshs_81_ROM_AUTO_1R.v:28]
INFO: [Synth 8-6155] done synthesizing module 'MVAU_hls_1_Matrix_Vector_Activate_Stream_Batch_p_ZL7threshs_81_ROM_AUTO_1R' (0#1) [/home/andreea/proiect_finn/output_ip_hardware/stitched_ip/finn_vivado_stitch_proj.gen/sources_1/bd/finn_design/ipshared/03cf/hdl/verilog/MVAU_hls_1_Matrix_Vector_Activate_Stream_Batch_p_ZL7threshs_81_ROM_AUTO_1R.v:7]
INFO: [Synth 8-6157] synthesizing module 'MVAU_hls_1_Matrix_Vector_Activate_Stream_Batch_p_ZL7threshs_82_ROM_AUTO_1R' [/home/andreea/proiect_finn/output_ip_hardware/stitched_ip/finn_vivado_stitch_proj.gen/sources_1/bd/finn_design/ipshared/03cf/hdl/verilog/MVAU_hls_1_Matrix_Vector_Activate_Stream_Batch_p_ZL7threshs_82_ROM_AUTO_1R.v:7]
INFO: [Synth 8-3876] $readmem data file '/tmp/finn_dev_andreea/code_gen_ipgen_MVAU_hls_1_tffy9gsm/project_MVAU_hls_1/sol1/impl/ip/hdl/verilog/MVAU_hls_1_Matrix_Vector_Activate_Stream_Batch_p_ZL7threshs_82_ROM_AUTO_1R.dat' is read successfully [/home/andreea/proiect_finn/output_ip_hardware/stitched_ip/finn_vivado_stitch_proj.gen/sources_1/bd/finn_design/ipshared/03cf/hdl/verilog/MVAU_hls_1_Matrix_Vector_Activate_Stream_Batch_p_ZL7threshs_82_ROM_AUTO_1R.v:28]
INFO: [Synth 8-6155] done synthesizing module 'MVAU_hls_1_Matrix_Vector_Activate_Stream_Batch_p_ZL7threshs_82_ROM_AUTO_1R' (0#1) [/home/andreea/proiect_finn/output_ip_hardware/stitched_ip/finn_vivado_stitch_proj.gen/sources_1/bd/finn_design/ipshared/03cf/hdl/verilog/MVAU_hls_1_Matrix_Vector_Activate_Stream_Batch_p_ZL7threshs_82_ROM_AUTO_1R.v:7]
INFO: [Synth 8-6157] synthesizing module 'MVAU_hls_1_Matrix_Vector_Activate_Stream_Batch_p_ZL7threshs_83_ROM_AUTO_1R' [/home/andreea/proiect_finn/output_ip_hardware/stitched_ip/finn_vivado_stitch_proj.gen/sources_1/bd/finn_design/ipshared/03cf/hdl/verilog/MVAU_hls_1_Matrix_Vector_Activate_Stream_Batch_p_ZL7threshs_83_ROM_AUTO_1R.v:7]
INFO: [Synth 8-3876] $readmem data file '/tmp/finn_dev_andreea/code_gen_ipgen_MVAU_hls_1_tffy9gsm/project_MVAU_hls_1/sol1/impl/ip/hdl/verilog/MVAU_hls_1_Matrix_Vector_Activate_Stream_Batch_p_ZL7threshs_83_ROM_AUTO_1R.dat' is read successfully [/home/andreea/proiect_finn/output_ip_hardware/stitched_ip/finn_vivado_stitch_proj.gen/sources_1/bd/finn_design/ipshared/03cf/hdl/verilog/MVAU_hls_1_Matrix_Vector_Activate_Stream_Batch_p_ZL7threshs_83_ROM_AUTO_1R.v:28]
INFO: [Synth 8-6155] done synthesizing module 'MVAU_hls_1_Matrix_Vector_Activate_Stream_Batch_p_ZL7threshs_83_ROM_AUTO_1R' (0#1) [/home/andreea/proiect_finn/output_ip_hardware/stitched_ip/finn_vivado_stitch_proj.gen/sources_1/bd/finn_design/ipshared/03cf/hdl/verilog/MVAU_hls_1_Matrix_Vector_Activate_Stream_Batch_p_ZL7threshs_83_ROM_AUTO_1R.v:7]
INFO: [Synth 8-6157] synthesizing module 'MVAU_hls_1_Matrix_Vector_Activate_Stream_Batch_p_ZL7threshs_84_ROM_AUTO_1R' [/home/andreea/proiect_finn/output_ip_hardware/stitched_ip/finn_vivado_stitch_proj.gen/sources_1/bd/finn_design/ipshared/03cf/hdl/verilog/MVAU_hls_1_Matrix_Vector_Activate_Stream_Batch_p_ZL7threshs_84_ROM_AUTO_1R.v:7]
INFO: [Synth 8-3876] $readmem data file '/tmp/finn_dev_andreea/code_gen_ipgen_MVAU_hls_1_tffy9gsm/project_MVAU_hls_1/sol1/impl/ip/hdl/verilog/MVAU_hls_1_Matrix_Vector_Activate_Stream_Batch_p_ZL7threshs_84_ROM_AUTO_1R.dat' is read successfully [/home/andreea/proiect_finn/output_ip_hardware/stitched_ip/finn_vivado_stitch_proj.gen/sources_1/bd/finn_design/ipshared/03cf/hdl/verilog/MVAU_hls_1_Matrix_Vector_Activate_Stream_Batch_p_ZL7threshs_84_ROM_AUTO_1R.v:28]
INFO: [Synth 8-6155] done synthesizing module 'MVAU_hls_1_Matrix_Vector_Activate_Stream_Batch_p_ZL7threshs_84_ROM_AUTO_1R' (0#1) [/home/andreea/proiect_finn/output_ip_hardware/stitched_ip/finn_vivado_stitch_proj.gen/sources_1/bd/finn_design/ipshared/03cf/hdl/verilog/MVAU_hls_1_Matrix_Vector_Activate_Stream_Batch_p_ZL7threshs_84_ROM_AUTO_1R.v:7]
INFO: [Synth 8-6157] synthesizing module 'MVAU_hls_1_Matrix_Vector_Activate_Stream_Batch_p_ZL7threshs_85_ROM_AUTO_1R' [/home/andreea/proiect_finn/output_ip_hardware/stitched_ip/finn_vivado_stitch_proj.gen/sources_1/bd/finn_design/ipshared/03cf/hdl/verilog/MVAU_hls_1_Matrix_Vector_Activate_Stream_Batch_p_ZL7threshs_85_ROM_AUTO_1R.v:7]
INFO: [Synth 8-3876] $readmem data file '/tmp/finn_dev_andreea/code_gen_ipgen_MVAU_hls_1_tffy9gsm/project_MVAU_hls_1/sol1/impl/ip/hdl/verilog/MVAU_hls_1_Matrix_Vector_Activate_Stream_Batch_p_ZL7threshs_85_ROM_AUTO_1R.dat' is read successfully [/home/andreea/proiect_finn/output_ip_hardware/stitched_ip/finn_vivado_stitch_proj.gen/sources_1/bd/finn_design/ipshared/03cf/hdl/verilog/MVAU_hls_1_Matrix_Vector_Activate_Stream_Batch_p_ZL7threshs_85_ROM_AUTO_1R.v:28]
INFO: [Synth 8-6155] done synthesizing module 'MVAU_hls_1_Matrix_Vector_Activate_Stream_Batch_p_ZL7threshs_85_ROM_AUTO_1R' (0#1) [/home/andreea/proiect_finn/output_ip_hardware/stitched_ip/finn_vivado_stitch_proj.gen/sources_1/bd/finn_design/ipshared/03cf/hdl/verilog/MVAU_hls_1_Matrix_Vector_Activate_Stream_Batch_p_ZL7threshs_85_ROM_AUTO_1R.v:7]
INFO: [Synth 8-6157] synthesizing module 'MVAU_hls_1_Matrix_Vector_Activate_Stream_Batch_p_ZL7threshs_86_ROM_AUTO_1R' [/home/andreea/proiect_finn/output_ip_hardware/stitched_ip/finn_vivado_stitch_proj.gen/sources_1/bd/finn_design/ipshared/03cf/hdl/verilog/MVAU_hls_1_Matrix_Vector_Activate_Stream_Batch_p_ZL7threshs_86_ROM_AUTO_1R.v:7]
INFO: [Synth 8-3876] $readmem data file '/tmp/finn_dev_andreea/code_gen_ipgen_MVAU_hls_1_tffy9gsm/project_MVAU_hls_1/sol1/impl/ip/hdl/verilog/MVAU_hls_1_Matrix_Vector_Activate_Stream_Batch_p_ZL7threshs_86_ROM_AUTO_1R.dat' is read successfully [/home/andreea/proiect_finn/output_ip_hardware/stitched_ip/finn_vivado_stitch_proj.gen/sources_1/bd/finn_design/ipshared/03cf/hdl/verilog/MVAU_hls_1_Matrix_Vector_Activate_Stream_Batch_p_ZL7threshs_86_ROM_AUTO_1R.v:28]
INFO: [Synth 8-6155] done synthesizing module 'MVAU_hls_1_Matrix_Vector_Activate_Stream_Batch_p_ZL7threshs_86_ROM_AUTO_1R' (0#1) [/home/andreea/proiect_finn/output_ip_hardware/stitched_ip/finn_vivado_stitch_proj.gen/sources_1/bd/finn_design/ipshared/03cf/hdl/verilog/MVAU_hls_1_Matrix_Vector_Activate_Stream_Batch_p_ZL7threshs_86_ROM_AUTO_1R.v:7]
INFO: [Synth 8-6157] synthesizing module 'MVAU_hls_1_Matrix_Vector_Activate_Stream_Batch_p_ZL7threshs_87_ROM_AUTO_1R' [/home/andreea/proiect_finn/output_ip_hardware/stitched_ip/finn_vivado_stitch_proj.gen/sources_1/bd/finn_design/ipshared/03cf/hdl/verilog/MVAU_hls_1_Matrix_Vector_Activate_Stream_Batch_p_ZL7threshs_87_ROM_AUTO_1R.v:7]
INFO: [Synth 8-3876] $readmem data file '/tmp/finn_dev_andreea/code_gen_ipgen_MVAU_hls_1_tffy9gsm/project_MVAU_hls_1/sol1/impl/ip/hdl/verilog/MVAU_hls_1_Matrix_Vector_Activate_Stream_Batch_p_ZL7threshs_87_ROM_AUTO_1R.dat' is read successfully [/home/andreea/proiect_finn/output_ip_hardware/stitched_ip/finn_vivado_stitch_proj.gen/sources_1/bd/finn_design/ipshared/03cf/hdl/verilog/MVAU_hls_1_Matrix_Vector_Activate_Stream_Batch_p_ZL7threshs_87_ROM_AUTO_1R.v:28]
INFO: [Synth 8-6155] done synthesizing module 'MVAU_hls_1_Matrix_Vector_Activate_Stream_Batch_p_ZL7threshs_87_ROM_AUTO_1R' (0#1) [/home/andreea/proiect_finn/output_ip_hardware/stitched_ip/finn_vivado_stitch_proj.gen/sources_1/bd/finn_design/ipshared/03cf/hdl/verilog/MVAU_hls_1_Matrix_Vector_Activate_Stream_Batch_p_ZL7threshs_87_ROM_AUTO_1R.v:7]
INFO: [Synth 8-6157] synthesizing module 'MVAU_hls_1_Matrix_Vector_Activate_Stream_Batch_p_ZL7threshs_88_ROM_AUTO_1R' [/home/andreea/proiect_finn/output_ip_hardware/stitched_ip/finn_vivado_stitch_proj.gen/sources_1/bd/finn_design/ipshared/03cf/hdl/verilog/MVAU_hls_1_Matrix_Vector_Activate_Stream_Batch_p_ZL7threshs_88_ROM_AUTO_1R.v:7]
INFO: [Synth 8-3876] $readmem data file '/tmp/finn_dev_andreea/code_gen_ipgen_MVAU_hls_1_tffy9gsm/project_MVAU_hls_1/sol1/impl/ip/hdl/verilog/MVAU_hls_1_Matrix_Vector_Activate_Stream_Batch_p_ZL7threshs_88_ROM_AUTO_1R.dat' is read successfully [/home/andreea/proiect_finn/output_ip_hardware/stitched_ip/finn_vivado_stitch_proj.gen/sources_1/bd/finn_design/ipshared/03cf/hdl/verilog/MVAU_hls_1_Matrix_Vector_Activate_Stream_Batch_p_ZL7threshs_88_ROM_AUTO_1R.v:28]
INFO: [Synth 8-6155] done synthesizing module 'MVAU_hls_1_Matrix_Vector_Activate_Stream_Batch_p_ZL7threshs_88_ROM_AUTO_1R' (0#1) [/home/andreea/proiect_finn/output_ip_hardware/stitched_ip/finn_vivado_stitch_proj.gen/sources_1/bd/finn_design/ipshared/03cf/hdl/verilog/MVAU_hls_1_Matrix_Vector_Activate_Stream_Batch_p_ZL7threshs_88_ROM_AUTO_1R.v:7]
INFO: [Synth 8-6157] synthesizing module 'MVAU_hls_1_Matrix_Vector_Activate_Stream_Batch_p_ZL7threshs_89_ROM_AUTO_1R' [/home/andreea/proiect_finn/output_ip_hardware/stitched_ip/finn_vivado_stitch_proj.gen/sources_1/bd/finn_design/ipshared/03cf/hdl/verilog/MVAU_hls_1_Matrix_Vector_Activate_Stream_Batch_p_ZL7threshs_89_ROM_AUTO_1R.v:7]
INFO: [Synth 8-3876] $readmem data file '/tmp/finn_dev_andreea/code_gen_ipgen_MVAU_hls_1_tffy9gsm/project_MVAU_hls_1/sol1/impl/ip/hdl/verilog/MVAU_hls_1_Matrix_Vector_Activate_Stream_Batch_p_ZL7threshs_89_ROM_AUTO_1R.dat' is read successfully [/home/andreea/proiect_finn/output_ip_hardware/stitched_ip/finn_vivado_stitch_proj.gen/sources_1/bd/finn_design/ipshared/03cf/hdl/verilog/MVAU_hls_1_Matrix_Vector_Activate_Stream_Batch_p_ZL7threshs_89_ROM_AUTO_1R.v:28]
INFO: [Synth 8-6155] done synthesizing module 'MVAU_hls_1_Matrix_Vector_Activate_Stream_Batch_p_ZL7threshs_89_ROM_AUTO_1R' (0#1) [/home/andreea/proiect_finn/output_ip_hardware/stitched_ip/finn_vivado_stitch_proj.gen/sources_1/bd/finn_design/ipshared/03cf/hdl/verilog/MVAU_hls_1_Matrix_Vector_Activate_Stream_Batch_p_ZL7threshs_89_ROM_AUTO_1R.v:7]
INFO: [Synth 8-6157] synthesizing module 'MVAU_hls_1_Matrix_Vector_Activate_Stream_Batch_p_ZL7threshs_90_ROM_AUTO_1R' [/home/andreea/proiect_finn/output_ip_hardware/stitched_ip/finn_vivado_stitch_proj.gen/sources_1/bd/finn_design/ipshared/03cf/hdl/verilog/MVAU_hls_1_Matrix_Vector_Activate_Stream_Batch_p_ZL7threshs_90_ROM_AUTO_1R.v:7]
INFO: [Synth 8-3876] $readmem data file '/tmp/finn_dev_andreea/code_gen_ipgen_MVAU_hls_1_tffy9gsm/project_MVAU_hls_1/sol1/impl/ip/hdl/verilog/MVAU_hls_1_Matrix_Vector_Activate_Stream_Batch_p_ZL7threshs_90_ROM_AUTO_1R.dat' is read successfully [/home/andreea/proiect_finn/output_ip_hardware/stitched_ip/finn_vivado_stitch_proj.gen/sources_1/bd/finn_design/ipshared/03cf/hdl/verilog/MVAU_hls_1_Matrix_Vector_Activate_Stream_Batch_p_ZL7threshs_90_ROM_AUTO_1R.v:28]
INFO: [Synth 8-6155] done synthesizing module 'MVAU_hls_1_Matrix_Vector_Activate_Stream_Batch_p_ZL7threshs_90_ROM_AUTO_1R' (0#1) [/home/andreea/proiect_finn/output_ip_hardware/stitched_ip/finn_vivado_stitch_proj.gen/sources_1/bd/finn_design/ipshared/03cf/hdl/verilog/MVAU_hls_1_Matrix_Vector_Activate_Stream_Batch_p_ZL7threshs_90_ROM_AUTO_1R.v:7]
INFO: [Synth 8-6157] synthesizing module 'MVAU_hls_1_Matrix_Vector_Activate_Stream_Batch_p_ZL7threshs_91_ROM_AUTO_1R' [/home/andreea/proiect_finn/output_ip_hardware/stitched_ip/finn_vivado_stitch_proj.gen/sources_1/bd/finn_design/ipshared/03cf/hdl/verilog/MVAU_hls_1_Matrix_Vector_Activate_Stream_Batch_p_ZL7threshs_91_ROM_AUTO_1R.v:7]
INFO: [Synth 8-3876] $readmem data file '/tmp/finn_dev_andreea/code_gen_ipgen_MVAU_hls_1_tffy9gsm/project_MVAU_hls_1/sol1/impl/ip/hdl/verilog/MVAU_hls_1_Matrix_Vector_Activate_Stream_Batch_p_ZL7threshs_91_ROM_AUTO_1R.dat' is read successfully [/home/andreea/proiect_finn/output_ip_hardware/stitched_ip/finn_vivado_stitch_proj.gen/sources_1/bd/finn_design/ipshared/03cf/hdl/verilog/MVAU_hls_1_Matrix_Vector_Activate_Stream_Batch_p_ZL7threshs_91_ROM_AUTO_1R.v:28]
INFO: [Synth 8-6155] done synthesizing module 'MVAU_hls_1_Matrix_Vector_Activate_Stream_Batch_p_ZL7threshs_91_ROM_AUTO_1R' (0#1) [/home/andreea/proiect_finn/output_ip_hardware/stitched_ip/finn_vivado_stitch_proj.gen/sources_1/bd/finn_design/ipshared/03cf/hdl/verilog/MVAU_hls_1_Matrix_Vector_Activate_Stream_Batch_p_ZL7threshs_91_ROM_AUTO_1R.v:7]
INFO: [Synth 8-6157] synthesizing module 'MVAU_hls_1_Matrix_Vector_Activate_Stream_Batch_p_ZL7threshs_92_ROM_AUTO_1R' [/home/andreea/proiect_finn/output_ip_hardware/stitched_ip/finn_vivado_stitch_proj.gen/sources_1/bd/finn_design/ipshared/03cf/hdl/verilog/MVAU_hls_1_Matrix_Vector_Activate_Stream_Batch_p_ZL7threshs_92_ROM_AUTO_1R.v:7]
INFO: [Synth 8-3876] $readmem data file '/tmp/finn_dev_andreea/code_gen_ipgen_MVAU_hls_1_tffy9gsm/project_MVAU_hls_1/sol1/impl/ip/hdl/verilog/MVAU_hls_1_Matrix_Vector_Activate_Stream_Batch_p_ZL7threshs_92_ROM_AUTO_1R.dat' is read successfully [/home/andreea/proiect_finn/output_ip_hardware/stitched_ip/finn_vivado_stitch_proj.gen/sources_1/bd/finn_design/ipshared/03cf/hdl/verilog/MVAU_hls_1_Matrix_Vector_Activate_Stream_Batch_p_ZL7threshs_92_ROM_AUTO_1R.v:28]
INFO: [Synth 8-6155] done synthesizing module 'MVAU_hls_1_Matrix_Vector_Activate_Stream_Batch_p_ZL7threshs_92_ROM_AUTO_1R' (0#1) [/home/andreea/proiect_finn/output_ip_hardware/stitched_ip/finn_vivado_stitch_proj.gen/sources_1/bd/finn_design/ipshared/03cf/hdl/verilog/MVAU_hls_1_Matrix_Vector_Activate_Stream_Batch_p_ZL7threshs_92_ROM_AUTO_1R.v:7]
INFO: [Synth 8-6157] synthesizing module 'MVAU_hls_1_Matrix_Vector_Activate_Stream_Batch_p_ZL7threshs_93_ROM_AUTO_1R' [/home/andreea/proiect_finn/output_ip_hardware/stitched_ip/finn_vivado_stitch_proj.gen/sources_1/bd/finn_design/ipshared/03cf/hdl/verilog/MVAU_hls_1_Matrix_Vector_Activate_Stream_Batch_p_ZL7threshs_93_ROM_AUTO_1R.v:7]
INFO: [Synth 8-3876] $readmem data file '/tmp/finn_dev_andreea/code_gen_ipgen_MVAU_hls_1_tffy9gsm/project_MVAU_hls_1/sol1/impl/ip/hdl/verilog/MVAU_hls_1_Matrix_Vector_Activate_Stream_Batch_p_ZL7threshs_93_ROM_AUTO_1R.dat' is read successfully [/home/andreea/proiect_finn/output_ip_hardware/stitched_ip/finn_vivado_stitch_proj.gen/sources_1/bd/finn_design/ipshared/03cf/hdl/verilog/MVAU_hls_1_Matrix_Vector_Activate_Stream_Batch_p_ZL7threshs_93_ROM_AUTO_1R.v:28]
INFO: [Synth 8-6155] done synthesizing module 'MVAU_hls_1_Matrix_Vector_Activate_Stream_Batch_p_ZL7threshs_93_ROM_AUTO_1R' (0#1) [/home/andreea/proiect_finn/output_ip_hardware/stitched_ip/finn_vivado_stitch_proj.gen/sources_1/bd/finn_design/ipshared/03cf/hdl/verilog/MVAU_hls_1_Matrix_Vector_Activate_Stream_Batch_p_ZL7threshs_93_ROM_AUTO_1R.v:7]
INFO: [Synth 8-6157] synthesizing module 'MVAU_hls_1_Matrix_Vector_Activate_Stream_Batch_p_ZL7threshs_94_ROM_AUTO_1R' [/home/andreea/proiect_finn/output_ip_hardware/stitched_ip/finn_vivado_stitch_proj.gen/sources_1/bd/finn_design/ipshared/03cf/hdl/verilog/MVAU_hls_1_Matrix_Vector_Activate_Stream_Batch_p_ZL7threshs_94_ROM_AUTO_1R.v:7]
INFO: [Synth 8-3876] $readmem data file '/tmp/finn_dev_andreea/code_gen_ipgen_MVAU_hls_1_tffy9gsm/project_MVAU_hls_1/sol1/impl/ip/hdl/verilog/MVAU_hls_1_Matrix_Vector_Activate_Stream_Batch_p_ZL7threshs_94_ROM_AUTO_1R.dat' is read successfully [/home/andreea/proiect_finn/output_ip_hardware/stitched_ip/finn_vivado_stitch_proj.gen/sources_1/bd/finn_design/ipshared/03cf/hdl/verilog/MVAU_hls_1_Matrix_Vector_Activate_Stream_Batch_p_ZL7threshs_94_ROM_AUTO_1R.v:28]
INFO: [Synth 8-6155] done synthesizing module 'MVAU_hls_1_Matrix_Vector_Activate_Stream_Batch_p_ZL7threshs_94_ROM_AUTO_1R' (0#1) [/home/andreea/proiect_finn/output_ip_hardware/stitched_ip/finn_vivado_stitch_proj.gen/sources_1/bd/finn_design/ipshared/03cf/hdl/verilog/MVAU_hls_1_Matrix_Vector_Activate_Stream_Batch_p_ZL7threshs_94_ROM_AUTO_1R.v:7]
INFO: [Synth 8-6157] synthesizing module 'MVAU_hls_1_Matrix_Vector_Activate_Stream_Batch_p_ZL7threshs_95_ROM_AUTO_1R' [/home/andreea/proiect_finn/output_ip_hardware/stitched_ip/finn_vivado_stitch_proj.gen/sources_1/bd/finn_design/ipshared/03cf/hdl/verilog/MVAU_hls_1_Matrix_Vector_Activate_Stream_Batch_p_ZL7threshs_95_ROM_AUTO_1R.v:7]
INFO: [Synth 8-3876] $readmem data file '/tmp/finn_dev_andreea/code_gen_ipgen_MVAU_hls_1_tffy9gsm/project_MVAU_hls_1/sol1/impl/ip/hdl/verilog/MVAU_hls_1_Matrix_Vector_Activate_Stream_Batch_p_ZL7threshs_95_ROM_AUTO_1R.dat' is read successfully [/home/andreea/proiect_finn/output_ip_hardware/stitched_ip/finn_vivado_stitch_proj.gen/sources_1/bd/finn_design/ipshared/03cf/hdl/verilog/MVAU_hls_1_Matrix_Vector_Activate_Stream_Batch_p_ZL7threshs_95_ROM_AUTO_1R.v:28]
INFO: [Synth 8-6155] done synthesizing module 'MVAU_hls_1_Matrix_Vector_Activate_Stream_Batch_p_ZL7threshs_95_ROM_AUTO_1R' (0#1) [/home/andreea/proiect_finn/output_ip_hardware/stitched_ip/finn_vivado_stitch_proj.gen/sources_1/bd/finn_design/ipshared/03cf/hdl/verilog/MVAU_hls_1_Matrix_Vector_Activate_Stream_Batch_p_ZL7threshs_95_ROM_AUTO_1R.v:7]
INFO: [Synth 8-6157] synthesizing module 'MVAU_hls_1_Matrix_Vector_Activate_Stream_Batch_p_ZL7threshs_96_ROM_AUTO_1R' [/home/andreea/proiect_finn/output_ip_hardware/stitched_ip/finn_vivado_stitch_proj.gen/sources_1/bd/finn_design/ipshared/03cf/hdl/verilog/MVAU_hls_1_Matrix_Vector_Activate_Stream_Batch_p_ZL7threshs_96_ROM_AUTO_1R.v:7]
INFO: [Common 17-14] Message 'Synth 8-6157' appears 100 times and further instances of the messages will be disabled. Use the Tcl command set_msg_config to change the current settings.
INFO: [Synth 8-3876] $readmem data file '/tmp/finn_dev_andreea/code_gen_ipgen_MVAU_hls_1_tffy9gsm/project_MVAU_hls_1/sol1/impl/ip/hdl/verilog/MVAU_hls_1_Matrix_Vector_Activate_Stream_Batch_p_ZL7threshs_96_ROM_AUTO_1R.dat' is read successfully [/home/andreea/proiect_finn/output_ip_hardware/stitched_ip/finn_vivado_stitch_proj.gen/sources_1/bd/finn_design/ipshared/03cf/hdl/verilog/MVAU_hls_1_Matrix_Vector_Activate_Stream_Batch_p_ZL7threshs_96_ROM_AUTO_1R.v:28]
INFO: [Synth 8-6155] done synthesizing module 'MVAU_hls_1_Matrix_Vector_Activate_Stream_Batch_p_ZL7threshs_96_ROM_AUTO_1R' (0#1) [/home/andreea/proiect_finn/output_ip_hardware/stitched_ip/finn_vivado_stitch_proj.gen/sources_1/bd/finn_design/ipshared/03cf/hdl/verilog/MVAU_hls_1_Matrix_Vector_Activate_Stream_Batch_p_ZL7threshs_96_ROM_AUTO_1R.v:7]
INFO: [Synth 8-3876] $readmem data file '/tmp/finn_dev_andreea/code_gen_ipgen_MVAU_hls_1_tffy9gsm/project_MVAU_hls_1/sol1/impl/ip/hdl/verilog/MVAU_hls_1_Matrix_Vector_Activate_Stream_Batch_p_ZL7threshs_97_ROM_AUTO_1R.dat' is read successfully [/home/andreea/proiect_finn/output_ip_hardware/stitched_ip/finn_vivado_stitch_proj.gen/sources_1/bd/finn_design/ipshared/03cf/hdl/verilog/MVAU_hls_1_Matrix_Vector_Activate_Stream_Batch_p_ZL7threshs_97_ROM_AUTO_1R.v:28]
INFO: [Synth 8-6155] done synthesizing module 'MVAU_hls_1_Matrix_Vector_Activate_Stream_Batch_p_ZL7threshs_97_ROM_AUTO_1R' (0#1) [/home/andreea/proiect_finn/output_ip_hardware/stitched_ip/finn_vivado_stitch_proj.gen/sources_1/bd/finn_design/ipshared/03cf/hdl/verilog/MVAU_hls_1_Matrix_Vector_Activate_Stream_Batch_p_ZL7threshs_97_ROM_AUTO_1R.v:7]
INFO: [Synth 8-3876] $readmem data file '/tmp/finn_dev_andreea/code_gen_ipgen_MVAU_hls_1_tffy9gsm/project_MVAU_hls_1/sol1/impl/ip/hdl/verilog/MVAU_hls_1_Matrix_Vector_Activate_Stream_Batch_p_ZL7threshs_98_ROM_AUTO_1R.dat' is read successfully [/home/andreea/proiect_finn/output_ip_hardware/stitched_ip/finn_vivado_stitch_proj.gen/sources_1/bd/finn_design/ipshared/03cf/hdl/verilog/MVAU_hls_1_Matrix_Vector_Activate_Stream_Batch_p_ZL7threshs_98_ROM_AUTO_1R.v:28]
INFO: [Synth 8-6155] done synthesizing module 'MVAU_hls_1_Matrix_Vector_Activate_Stream_Batch_p_ZL7threshs_98_ROM_AUTO_1R' (0#1) [/home/andreea/proiect_finn/output_ip_hardware/stitched_ip/finn_vivado_stitch_proj.gen/sources_1/bd/finn_design/ipshared/03cf/hdl/verilog/MVAU_hls_1_Matrix_Vector_Activate_Stream_Batch_p_ZL7threshs_98_ROM_AUTO_1R.v:7]
INFO: [Synth 8-3876] $readmem data file '/tmp/finn_dev_andreea/code_gen_ipgen_MVAU_hls_1_tffy9gsm/project_MVAU_hls_1/sol1/impl/ip/hdl/verilog/MVAU_hls_1_Matrix_Vector_Activate_Stream_Batch_p_ZL7threshs_99_ROM_AUTO_1R.dat' is read successfully [/home/andreea/proiect_finn/output_ip_hardware/stitched_ip/finn_vivado_stitch_proj.gen/sources_1/bd/finn_design/ipshared/03cf/hdl/verilog/MVAU_hls_1_Matrix_Vector_Activate_Stream_Batch_p_ZL7threshs_99_ROM_AUTO_1R.v:28]
INFO: [Common 17-14] Message 'Synth 8-3876' appears 100 times and further instances of the messages will be disabled. Use the Tcl command set_msg_config to change the current settings.
INFO: [Synth 8-6155] done synthesizing module 'MVAU_hls_1_Matrix_Vector_Activate_Stream_Batch_p_ZL7threshs_99_ROM_AUTO_1R' (0#1) [/home/andreea/proiect_finn/output_ip_hardware/stitched_ip/finn_vivado_stitch_proj.gen/sources_1/bd/finn_design/ipshared/03cf/hdl/verilog/MVAU_hls_1_Matrix_Vector_Activate_Stream_Batch_p_ZL7threshs_99_ROM_AUTO_1R.v:7]
INFO: [Common 17-14] Message 'Synth 8-6155' appears 100 times and further instances of the messages will be disabled. Use the Tcl command set_msg_config to change the current settings.
WARNING: [Synth 8-7129] Port rst in module MVAU_hls_1_mac_muladd_8ns_8s_26s_26_4_1_DSP48_2 is either unconnected or has no load
WARNING: [Synth 8-7129] Port rst in module MVAU_hls_1_mac_muladd_8ns_8s_17s_18_4_1_DSP48_1 is either unconnected or has no load
WARNING: [Synth 8-7129] Port rst in module MVAU_hls_1_mac_muladd_8ns_8s_16s_17_4_1_DSP48_0 is either unconnected or has no load
WARNING: [Synth 8-7129] Port reset in module MVAU_hls_1_Matrix_Vector_Activate_Stream_Batch_p_ZL7threshs_254_ROM_AUTO_1R is either unconnected or has no load
WARNING: [Synth 8-7129] Port reset in module MVAU_hls_1_Matrix_Vector_Activate_Stream_Batch_p_ZL7threshs_253_ROM_AUTO_1R is either unconnected or has no load
WARNING: [Synth 8-7129] Port reset in module MVAU_hls_1_Matrix_Vector_Activate_Stream_Batch_p_ZL7threshs_252_ROM_AUTO_1R is either unconnected or has no load
WARNING: [Synth 8-7129] Port reset in module MVAU_hls_1_Matrix_Vector_Activate_Stream_Batch_p_ZL7threshs_251_ROM_AUTO_1R is either unconnected or has no load
WARNING: [Synth 8-7129] Port reset in module MVAU_hls_1_Matrix_Vector_Activate_Stream_Batch_p_ZL7threshs_250_ROM_AUTO_1R is either unconnected or has no load
WARNING: [Synth 8-7129] Port reset in module MVAU_hls_1_Matrix_Vector_Activate_Stream_Batch_p_ZL7threshs_249_ROM_AUTO_1R is either unconnected or has no load
WARNING: [Synth 8-7129] Port reset in module MVAU_hls_1_Matrix_Vector_Activate_Stream_Batch_p_ZL7threshs_248_ROM_AUTO_1R is either unconnected or has no load
WARNING: [Synth 8-7129] Port reset in module MVAU_hls_1_Matrix_Vector_Activate_Stream_Batch_p_ZL7threshs_247_ROM_AUTO_1R is either unconnected or has no load
WARNING: [Synth 8-7129] Port reset in module MVAU_hls_1_Matrix_Vector_Activate_Stream_Batch_p_ZL7threshs_246_ROM_AUTO_1R is either unconnected or has no load
WARNING: [Synth 8-7129] Port reset in module MVAU_hls_1_Matrix_Vector_Activate_Stream_Batch_p_ZL7threshs_245_ROM_AUTO_1R is either unconnected or has no load
WARNING: [Synth 8-7129] Port reset in module MVAU_hls_1_Matrix_Vector_Activate_Stream_Batch_p_ZL7threshs_244_ROM_AUTO_1R is either unconnected or has no load
WARNING: [Synth 8-7129] Port reset in module MVAU_hls_1_Matrix_Vector_Activate_Stream_Batch_p_ZL7threshs_243_ROM_AUTO_1R is either unconnected or has no load
WARNING: [Synth 8-7129] Port reset in module MVAU_hls_1_Matrix_Vector_Activate_Stream_Batch_p_ZL7threshs_242_ROM_AUTO_1R is either unconnected or has no load
WARNING: [Synth 8-7129] Port reset in module MVAU_hls_1_Matrix_Vector_Activate_Stream_Batch_p_ZL7threshs_241_ROM_AUTO_1R is either unconnected or has no load
WARNING: [Synth 8-7129] Port reset in module MVAU_hls_1_Matrix_Vector_Activate_Stream_Batch_p_ZL7threshs_240_ROM_AUTO_1R is either unconnected or has no load
WARNING: [Synth 8-7129] Port reset in module MVAU_hls_1_Matrix_Vector_Activate_Stream_Batch_p_ZL7threshs_239_ROM_AUTO_1R is either unconnected or has no load
WARNING: [Synth 8-7129] Port reset in module MVAU_hls_1_Matrix_Vector_Activate_Stream_Batch_p_ZL7threshs_238_ROM_AUTO_1R is either unconnected or has no load
WARNING: [Synth 8-7129] Port reset in module MVAU_hls_1_Matrix_Vector_Activate_Stream_Batch_p_ZL7threshs_237_ROM_AUTO_1R is either unconnected or has no load
WARNING: [Synth 8-7129] Port reset in module MVAU_hls_1_Matrix_Vector_Activate_Stream_Batch_p_ZL7threshs_236_ROM_AUTO_1R is either unconnected or has no load
WARNING: [Synth 8-7129] Port reset in module MVAU_hls_1_Matrix_Vector_Activate_Stream_Batch_p_ZL7threshs_235_ROM_AUTO_1R is either unconnected or has no load
WARNING: [Synth 8-7129] Port reset in module MVAU_hls_1_Matrix_Vector_Activate_Stream_Batch_p_ZL7threshs_234_ROM_AUTO_1R is either unconnected or has no load
WARNING: [Synth 8-7129] Port reset in module MVAU_hls_1_Matrix_Vector_Activate_Stream_Batch_p_ZL7threshs_233_ROM_AUTO_1R is either unconnected or has no load
WARNING: [Synth 8-7129] Port reset in module MVAU_hls_1_Matrix_Vector_Activate_Stream_Batch_p_ZL7threshs_232_ROM_AUTO_1R is either unconnected or has no load
WARNING: [Synth 8-7129] Port reset in module MVAU_hls_1_Matrix_Vector_Activate_Stream_Batch_p_ZL7threshs_231_ROM_AUTO_1R is either unconnected or has no load
WARNING: [Synth 8-7129] Port reset in module MVAU_hls_1_Matrix_Vector_Activate_Stream_Batch_p_ZL7threshs_230_ROM_AUTO_1R is either unconnected or has no load
WARNING: [Synth 8-7129] Port reset in module MVAU_hls_1_Matrix_Vector_Activate_Stream_Batch_p_ZL7threshs_229_ROM_AUTO_1R is either unconnected or has no load
WARNING: [Synth 8-7129] Port reset in module MVAU_hls_1_Matrix_Vector_Activate_Stream_Batch_p_ZL7threshs_228_ROM_AUTO_1R is either unconnected or has no load
WARNING: [Synth 8-7129] Port reset in module MVAU_hls_1_Matrix_Vector_Activate_Stream_Batch_p_ZL7threshs_227_ROM_AUTO_1R is either unconnected or has no load
WARNING: [Synth 8-7129] Port reset in module MVAU_hls_1_Matrix_Vector_Activate_Stream_Batch_p_ZL7threshs_226_ROM_AUTO_1R is either unconnected or has no load
WARNING: [Synth 8-7129] Port reset in module MVAU_hls_1_Matrix_Vector_Activate_Stream_Batch_p_ZL7threshs_225_ROM_AUTO_1R is either unconnected or has no load
WARNING: [Synth 8-7129] Port reset in module MVAU_hls_1_Matrix_Vector_Activate_Stream_Batch_p_ZL7threshs_224_ROM_AUTO_1R is either unconnected or has no load
WARNING: [Synth 8-7129] Port reset in module MVAU_hls_1_Matrix_Vector_Activate_Stream_Batch_p_ZL7threshs_223_ROM_AUTO_1R is either unconnected or has no load
WARNING: [Synth 8-7129] Port reset in module MVAU_hls_1_Matrix_Vector_Activate_Stream_Batch_p_ZL7threshs_222_ROM_AUTO_1R is either unconnected or has no load
WARNING: [Synth 8-7129] Port reset in module MVAU_hls_1_Matrix_Vector_Activate_Stream_Batch_p_ZL7threshs_221_ROM_AUTO_1R is either unconnected or has no load
WARNING: [Synth 8-7129] Port reset in module MVAU_hls_1_Matrix_Vector_Activate_Stream_Batch_p_ZL7threshs_220_ROM_AUTO_1R is either unconnected or has no load
WARNING: [Synth 8-7129] Port reset in module MVAU_hls_1_Matrix_Vector_Activate_Stream_Batch_p_ZL7threshs_219_ROM_AUTO_1R is either unconnected or has no load
WARNING: [Synth 8-7129] Port reset in module MVAU_hls_1_Matrix_Vector_Activate_Stream_Batch_p_ZL7threshs_218_ROM_AUTO_1R is either unconnected or has no load
WARNING: [Synth 8-7129] Port reset in module MVAU_hls_1_Matrix_Vector_Activate_Stream_Batch_p_ZL7threshs_217_ROM_AUTO_1R is either unconnected or has no load
WARNING: [Synth 8-7129] Port reset in module MVAU_hls_1_Matrix_Vector_Activate_Stream_Batch_p_ZL7threshs_216_ROM_AUTO_1R is either unconnected or has no load
WARNING: [Synth 8-7129] Port reset in module MVAU_hls_1_Matrix_Vector_Activate_Stream_Batch_p_ZL7threshs_215_ROM_AUTO_1R is either unconnected or has no load
WARNING: [Synth 8-7129] Port reset in module MVAU_hls_1_Matrix_Vector_Activate_Stream_Batch_p_ZL7threshs_214_ROM_AUTO_1R is either unconnected or has no load
WARNING: [Synth 8-7129] Port reset in module MVAU_hls_1_Matrix_Vector_Activate_Stream_Batch_p_ZL7threshs_213_ROM_AUTO_1R is either unconnected or has no load
WARNING: [Synth 8-7129] Port reset in module MVAU_hls_1_Matrix_Vector_Activate_Stream_Batch_p_ZL7threshs_212_ROM_AUTO_1R is either unconnected or has no load
WARNING: [Synth 8-7129] Port reset in module MVAU_hls_1_Matrix_Vector_Activate_Stream_Batch_p_ZL7threshs_211_ROM_AUTO_1R is either unconnected or has no load
WARNING: [Synth 8-7129] Port reset in module MVAU_hls_1_Matrix_Vector_Activate_Stream_Batch_p_ZL7threshs_210_ROM_AUTO_1R is either unconnected or has no load
WARNING: [Synth 8-7129] Port reset in module MVAU_hls_1_Matrix_Vector_Activate_Stream_Batch_p_ZL7threshs_209_ROM_AUTO_1R is either unconnected or has no load
WARNING: [Synth 8-7129] Port reset in module MVAU_hls_1_Matrix_Vector_Activate_Stream_Batch_p_ZL7threshs_208_ROM_AUTO_1R is either unconnected or has no load
WARNING: [Synth 8-7129] Port reset in module MVAU_hls_1_Matrix_Vector_Activate_Stream_Batch_p_ZL7threshs_207_ROM_AUTO_1R is either unconnected or has no load
WARNING: [Synth 8-7129] Port reset in module MVAU_hls_1_Matrix_Vector_Activate_Stream_Batch_p_ZL7threshs_206_ROM_AUTO_1R is either unconnected or has no load
WARNING: [Synth 8-7129] Port reset in module MVAU_hls_1_Matrix_Vector_Activate_Stream_Batch_p_ZL7threshs_205_ROM_AUTO_1R is either unconnected or has no load
WARNING: [Synth 8-7129] Port reset in module MVAU_hls_1_Matrix_Vector_Activate_Stream_Batch_p_ZL7threshs_204_ROM_AUTO_1R is either unconnected or has no load
WARNING: [Synth 8-7129] Port reset in module MVAU_hls_1_Matrix_Vector_Activate_Stream_Batch_p_ZL7threshs_203_ROM_AUTO_1R is either unconnected or has no load
WARNING: [Synth 8-7129] Port reset in module MVAU_hls_1_Matrix_Vector_Activate_Stream_Batch_p_ZL7threshs_202_ROM_AUTO_1R is either unconnected or has no load
WARNING: [Synth 8-7129] Port reset in module MVAU_hls_1_Matrix_Vector_Activate_Stream_Batch_p_ZL7threshs_201_ROM_AUTO_1R is either unconnected or has no load
WARNING: [Synth 8-7129] Port reset in module MVAU_hls_1_Matrix_Vector_Activate_Stream_Batch_p_ZL7threshs_200_ROM_AUTO_1R is either unconnected or has no load
WARNING: [Synth 8-7129] Port reset in module MVAU_hls_1_Matrix_Vector_Activate_Stream_Batch_p_ZL7threshs_199_ROM_AUTO_1R is either unconnected or has no load
WARNING: [Synth 8-7129] Port reset in module MVAU_hls_1_Matrix_Vector_Activate_Stream_Batch_p_ZL7threshs_198_ROM_AUTO_1R is either unconnected or has no load
WARNING: [Synth 8-7129] Port reset in module MVAU_hls_1_Matrix_Vector_Activate_Stream_Batch_p_ZL7threshs_197_ROM_AUTO_1R is either unconnected or has no load
WARNING: [Synth 8-7129] Port reset in module MVAU_hls_1_Matrix_Vector_Activate_Stream_Batch_p_ZL7threshs_196_ROM_AUTO_1R is either unconnected or has no load
WARNING: [Synth 8-7129] Port reset in module MVAU_hls_1_Matrix_Vector_Activate_Stream_Batch_p_ZL7threshs_195_ROM_AUTO_1R is either unconnected or has no load
WARNING: [Synth 8-7129] Port reset in module MVAU_hls_1_Matrix_Vector_Activate_Stream_Batch_p_ZL7threshs_194_ROM_AUTO_1R is either unconnected or has no load
WARNING: [Synth 8-7129] Port reset in module MVAU_hls_1_Matrix_Vector_Activate_Stream_Batch_p_ZL7threshs_193_ROM_AUTO_1R is either unconnected or has no load
WARNING: [Synth 8-7129] Port reset in module MVAU_hls_1_Matrix_Vector_Activate_Stream_Batch_p_ZL7threshs_192_ROM_AUTO_1R is either unconnected or has no load
WARNING: [Synth 8-7129] Port reset in module MVAU_hls_1_Matrix_Vector_Activate_Stream_Batch_p_ZL7threshs_191_ROM_AUTO_1R is either unconnected or has no load
WARNING: [Synth 8-7129] Port reset in module MVAU_hls_1_Matrix_Vector_Activate_Stream_Batch_p_ZL7threshs_190_ROM_AUTO_1R is either unconnected or has no load
WARNING: [Synth 8-7129] Port reset in module MVAU_hls_1_Matrix_Vector_Activate_Stream_Batch_p_ZL7threshs_189_ROM_AUTO_1R is either unconnected or has no load
WARNING: [Synth 8-7129] Port reset in module MVAU_hls_1_Matrix_Vector_Activate_Stream_Batch_p_ZL7threshs_188_ROM_AUTO_1R is either unconnected or has no load
WARNING: [Synth 8-7129] Port reset in module MVAU_hls_1_Matrix_Vector_Activate_Stream_Batch_p_ZL7threshs_187_ROM_AUTO_1R is either unconnected or has no load
WARNING: [Synth 8-7129] Port reset in module MVAU_hls_1_Matrix_Vector_Activate_Stream_Batch_p_ZL7threshs_186_ROM_AUTO_1R is either unconnected or has no load
WARNING: [Synth 8-7129] Port reset in module MVAU_hls_1_Matrix_Vector_Activate_Stream_Batch_p_ZL7threshs_185_ROM_AUTO_1R is either unconnected or has no load
WARNING: [Synth 8-7129] Port reset in module MVAU_hls_1_Matrix_Vector_Activate_Stream_Batch_p_ZL7threshs_184_ROM_AUTO_1R is either unconnected or has no load
WARNING: [Synth 8-7129] Port reset in module MVAU_hls_1_Matrix_Vector_Activate_Stream_Batch_p_ZL7threshs_183_ROM_AUTO_1R is either unconnected or has no load
WARNING: [Synth 8-7129] Port reset in module MVAU_hls_1_Matrix_Vector_Activate_Stream_Batch_p_ZL7threshs_182_ROM_AUTO_1R is either unconnected or has no load
WARNING: [Synth 8-7129] Port reset in module MVAU_hls_1_Matrix_Vector_Activate_Stream_Batch_p_ZL7threshs_181_ROM_AUTO_1R is either unconnected or has no load
WARNING: [Synth 8-7129] Port reset in module MVAU_hls_1_Matrix_Vector_Activate_Stream_Batch_p_ZL7threshs_180_ROM_AUTO_1R is either unconnected or has no load
WARNING: [Synth 8-7129] Port reset in module MVAU_hls_1_Matrix_Vector_Activate_Stream_Batch_p_ZL7threshs_179_ROM_AUTO_1R is either unconnected or has no load
WARNING: [Synth 8-7129] Port reset in module MVAU_hls_1_Matrix_Vector_Activate_Stream_Batch_p_ZL7threshs_178_ROM_AUTO_1R is either unconnected or has no load
WARNING: [Synth 8-7129] Port reset in module MVAU_hls_1_Matrix_Vector_Activate_Stream_Batch_p_ZL7threshs_177_ROM_AUTO_1R is either unconnected or has no load
WARNING: [Synth 8-7129] Port reset in module MVAU_hls_1_Matrix_Vector_Activate_Stream_Batch_p_ZL7threshs_176_ROM_AUTO_1R is either unconnected or has no load
WARNING: [Synth 8-7129] Port reset in module MVAU_hls_1_Matrix_Vector_Activate_Stream_Batch_p_ZL7threshs_175_ROM_AUTO_1R is either unconnected or has no load
WARNING: [Synth 8-7129] Port reset in module MVAU_hls_1_Matrix_Vector_Activate_Stream_Batch_p_ZL7threshs_174_ROM_AUTO_1R is either unconnected or has no load
WARNING: [Synth 8-7129] Port reset in module MVAU_hls_1_Matrix_Vector_Activate_Stream_Batch_p_ZL7threshs_173_ROM_AUTO_1R is either unconnected or has no load
WARNING: [Synth 8-7129] Port reset in module MVAU_hls_1_Matrix_Vector_Activate_Stream_Batch_p_ZL7threshs_172_ROM_AUTO_1R is either unconnected or has no load
WARNING: [Synth 8-7129] Port reset in module MVAU_hls_1_Matrix_Vector_Activate_Stream_Batch_p_ZL7threshs_171_ROM_AUTO_1R is either unconnected or has no load
WARNING: [Synth 8-7129] Port reset in module MVAU_hls_1_Matrix_Vector_Activate_Stream_Batch_p_ZL7threshs_170_ROM_AUTO_1R is either unconnected or has no load
WARNING: [Synth 8-7129] Port reset in module MVAU_hls_1_Matrix_Vector_Activate_Stream_Batch_p_ZL7threshs_169_ROM_AUTO_1R is either unconnected or has no load
WARNING: [Synth 8-7129] Port reset in module MVAU_hls_1_Matrix_Vector_Activate_Stream_Batch_p_ZL7threshs_168_ROM_AUTO_1R is either unconnected or has no load
WARNING: [Synth 8-7129] Port reset in module MVAU_hls_1_Matrix_Vector_Activate_Stream_Batch_p_ZL7threshs_167_ROM_AUTO_1R is either unconnected or has no load
WARNING: [Synth 8-7129] Port reset in module MVAU_hls_1_Matrix_Vector_Activate_Stream_Batch_p_ZL7threshs_166_ROM_AUTO_1R is either unconnected or has no load
WARNING: [Synth 8-7129] Port reset in module MVAU_hls_1_Matrix_Vector_Activate_Stream_Batch_p_ZL7threshs_165_ROM_AUTO_1R is either unconnected or has no load
WARNING: [Synth 8-7129] Port reset in module MVAU_hls_1_Matrix_Vector_Activate_Stream_Batch_p_ZL7threshs_164_ROM_AUTO_1R is either unconnected or has no load
WARNING: [Synth 8-7129] Port reset in module MVAU_hls_1_Matrix_Vector_Activate_Stream_Batch_p_ZL7threshs_163_ROM_AUTO_1R is either unconnected or has no load
WARNING: [Synth 8-7129] Port reset in module MVAU_hls_1_Matrix_Vector_Activate_Stream_Batch_p_ZL7threshs_162_ROM_AUTO_1R is either unconnected or has no load
WARNING: [Synth 8-7129] Port reset in module MVAU_hls_1_Matrix_Vector_Activate_Stream_Batch_p_ZL7threshs_161_ROM_AUTO_1R is either unconnected or has no load
WARNING: [Synth 8-7129] Port reset in module MVAU_hls_1_Matrix_Vector_Activate_Stream_Batch_p_ZL7threshs_160_ROM_AUTO_1R is either unconnected or has no load
WARNING: [Synth 8-7129] Port reset in module MVAU_hls_1_Matrix_Vector_Activate_Stream_Batch_p_ZL7threshs_159_ROM_AUTO_1R is either unconnected or has no load
WARNING: [Synth 8-7129] Port reset in module MVAU_hls_1_Matrix_Vector_Activate_Stream_Batch_p_ZL7threshs_158_ROM_AUTO_1R is either unconnected or has no load
INFO: [Common 17-14] Message 'Synth 8-7129' appears 100 times and further instances of the messages will be disabled. Use the Tcl command set_msg_config to change the current settings.
---------------------------------------------------------------------------------
Finished RTL Elaboration : Time (s): cpu = 00:00:09 ; elapsed = 00:00:10 . Memory (MB): peak = 2206.930 ; gain = 573.285 ; free physical = 818 ; free virtual = 3514
Synthesis current peak Physical Memory [PSS] (MB): peak = 1317.142; parent = 1156.169; children = 162.569
Synthesis current peak Virtual Memory [VSS] (MB): peak = 3178.203; parent = 2206.930; children = 971.273
---------------------------------------------------------------------------------
---------------------------------------------------------------------------------
Start Handling Custom Attributes
---------------------------------------------------------------------------------
---------------------------------------------------------------------------------
Finished Handling Custom Attributes : Time (s): cpu = 00:00:10 ; elapsed = 00:00:10 . Memory (MB): peak = 2221.773 ; gain = 588.129 ; free physical = 969 ; free virtual = 3664
Synthesis current peak Physical Memory [PSS] (MB): peak = 1317.748; parent = 1156.803; children = 162.569
Synthesis current peak Virtual Memory [VSS] (MB): peak = 3193.047; parent = 2221.773; children = 971.273
---------------------------------------------------------------------------------
---------------------------------------------------------------------------------
Finished RTL Optimization Phase 1 : Time (s): cpu = 00:00:10 ; elapsed = 00:00:10 . Memory (MB): peak = 2221.773 ; gain = 588.129 ; free physical = 965 ; free virtual = 3660
Synthesis current peak Physical Memory [PSS] (MB): peak = 1317.748; parent = 1156.803; children = 162.569
Synthesis current peak Virtual Memory [VSS] (MB): peak = 3193.047; parent = 2221.773; children = 971.273
---------------------------------------------------------------------------------
Netlist sorting complete. Time (s): cpu = 00:00:00.57 ; elapsed = 00:00:00.57 . Memory (MB): peak = 2221.773 ; gain = 0.000 ; free physical = 896 ; free virtual = 3591
INFO: [Project 1-570] Preparing netlist for logic optimization

Processing XDC Constraints
Initializing timing engine
Parsing XDC File [/home/andreea/proiect_finn/output_ip_hardware/stitched_ip/finn_vivado_stitch_proj.gen/sources_1/bd/finn_design/ip/finn_design_MVAU_hls_1_0/constraints/MVAU_hls_1_ooc.xdc] for cell 'inst'
Finished Parsing XDC File [/home/andreea/proiect_finn/output_ip_hardware/stitched_ip/finn_vivado_stitch_proj.gen/sources_1/bd/finn_design/ip/finn_design_MVAU_hls_1_0/constraints/MVAU_hls_1_ooc.xdc] for cell 'inst'
Parsing XDC File [/home/andreea/proiect_finn/output_ip_hardware/stitched_ip/finn_vivado_stitch_proj.runs/finn_design_MVAU_hls_1_0_synth_1/dont_touch.xdc]
Finished Parsing XDC File [/home/andreea/proiect_finn/output_ip_hardware/stitched_ip/finn_vivado_stitch_proj.runs/finn_design_MVAU_hls_1_0_synth_1/dont_touch.xdc]
Completed Processing XDC Constraints

Netlist sorting complete. Time (s): cpu = 00:00:00.01 ; elapsed = 00:00:00.01 . Memory (MB): peak = 2470.891 ; gain = 0.000 ; free physical = 3193 ; free virtual = 5889
INFO: [Project 1-111] Unisim Transformation Summary:
No Unisim elements were transformed.

Constraint Validation Runtime : Time (s): cpu = 00:00:02 ; elapsed = 00:00:00.85 . Memory (MB): peak = 2485.734 ; gain = 14.844 ; free physical = 3223 ; free virtual = 5919
INFO: [Designutils 20-5008] Incremental synthesis strategy off
INFO: [Synth 8-11241] undeclared symbol 'REGCCE', assumed default net type 'wire' [/tools/Xilinx/Vivado/2022.2/data/verilog/src/unimacro/BRAM_SINGLE_MACRO.v:2170]
---------------------------------------------------------------------------------
Finished Constraint Validation : Time (s): cpu = 00:00:29 ; elapsed = 00:00:29 . Memory (MB): peak = 2485.734 ; gain = 852.090 ; free physical = 2965 ; free virtual = 5662
Synthesis current peak Physical Memory [PSS] (MB): peak = 1601.903; parent = 1411.444; children = 190.459
Synthesis current peak Virtual Memory [VSS] (MB): peak = 3424.992; parent = 2453.719; children = 971.273
---------------------------------------------------------------------------------
---------------------------------------------------------------------------------
Start Loading Part and Timing Information
---------------------------------------------------------------------------------
Loading part: xc7z020clg400-1
---------------------------------------------------------------------------------
Finished Loading Part and Timing Information : Time (s): cpu = 00:00:29 ; elapsed = 00:00:29 . Memory (MB): peak = 2485.734 ; gain = 852.090 ; free physical = 2948 ; free virtual = 5646
Synthesis current peak Physical Memory [PSS] (MB): peak = 1601.903; parent = 1411.444; children = 190.459
Synthesis current peak Virtual Memory [VSS] (MB): peak = 3424.992; parent = 2453.719; children = 971.273
---------------------------------------------------------------------------------
---------------------------------------------------------------------------------
Start Applying 'set_property' XDC Constraints
---------------------------------------------------------------------------------
Applied set_property KEEP_HIERARCHY = SOFT for inst. (constraint file  /home/andreea/proiect_finn/output_ip_hardware/stitched_ip/finn_vivado_stitch_proj.runs/finn_design_MVAU_hls_1_0_synth_1/dont_touch.xdc, line 9).
---------------------------------------------------------------------------------
Finished applying 'set_property' XDC Constraints : Time (s): cpu = 00:00:29 ; elapsed = 00:00:29 . Memory (MB): peak = 2485.734 ; gain = 852.090 ; free physical = 2942 ; free virtual = 5640
Synthesis current peak Physical Memory [PSS] (MB): peak = 1601.903; parent = 1411.444; children = 190.459
Synthesis current peak Virtual Memory [VSS] (MB): peak = 3424.992; parent = 2453.719; children = 971.273
---------------------------------------------------------------------------------
WARNING: [Synth 8-3936] Found unconnected internal register 'idxprom2_i_reg_20840_reg' and it is trimmed from '32' to '5' bits. [/home/andreea/proiect_finn/output_ip_hardware/stitched_ip/finn_vivado_stitch_proj.gen/sources_1/bd/finn_design/ipshared/03cf/hdl/verilog/MVAU_hls_1_Matrix_Vector_Activate_Stream_Batch.v:7732]
WARNING: [Synth 8-3936] Found unconnected internal register 'nf_2_reg_20650_pp0_iter4_reg_reg' and it is trimmed from '32' to '5' bits. [/home/andreea/proiect_finn/output_ip_hardware/stitched_ip/finn_vivado_stitch_proj.gen/sources_1/bd/finn_design/ipshared/03cf/hdl/verilog/MVAU_hls_1_Matrix_Vector_Activate_Stream_Batch.v:7686]
WARNING: [Synth 8-3936] Found unconnected internal register 'nf_2_reg_20650_pp0_iter3_reg_reg' and it is trimmed from '32' to '5' bits. [/home/andreea/proiect_finn/output_ip_hardware/stitched_ip/finn_vivado_stitch_proj.gen/sources_1/bd/finn_design/ipshared/03cf/hdl/verilog/MVAU_hls_1_Matrix_Vector_Activate_Stream_Batch.v:7676]
WARNING: [Synth 8-3936] Found unconnected internal register 'nf_2_reg_20650_pp0_iter2_reg_reg' and it is trimmed from '32' to '5' bits. [/home/andreea/proiect_finn/output_ip_hardware/stitched_ip/finn_vivado_stitch_proj.gen/sources_1/bd/finn_design/ipshared/03cf/hdl/verilog/MVAU_hls_1_Matrix_Vector_Activate_Stream_Batch.v:7662]
WARNING: [Synth 8-3936] Found unconnected internal register 'nf_2_reg_20650_pp0_iter1_reg_reg' and it is trimmed from '32' to '5' bits. [/home/andreea/proiect_finn/output_ip_hardware/stitched_ip/finn_vivado_stitch_proj.gen/sources_1/bd/finn_design/ipshared/03cf/hdl/verilog/MVAU_hls_1_Matrix_Vector_Activate_Stream_Batch.v:7648]
WARNING: [Synth 8-3936] Found unconnected internal register 'nf_2_reg_20650_reg' and it is trimmed from '32' to '5' bits. [/home/andreea/proiect_finn/output_ip_hardware/stitched_ip/finn_vivado_stitch_proj.gen/sources_1/bd/finn_design/ipshared/03cf/hdl/verilog/MVAU_hls_1_Matrix_Vector_Activate_Stream_Batch.v:7633]
INFO: [Synth 8-802] inferred FSM for state register 'ap_CS_iter10_fsm_reg' in module 'MVAU_hls_1_Matrix_Vector_Activate_Stream_Batch'
INFO: [Synth 8-802] inferred FSM for state register 'ap_CS_iter1_fsm_reg' in module 'MVAU_hls_1_Matrix_Vector_Activate_Stream_Batch'
INFO: [Synth 8-802] inferred FSM for state register 'ap_CS_iter2_fsm_reg' in module 'MVAU_hls_1_Matrix_Vector_Activate_Stream_Batch'
INFO: [Synth 8-802] inferred FSM for state register 'ap_CS_iter3_fsm_reg' in module 'MVAU_hls_1_Matrix_Vector_Activate_Stream_Batch'
INFO: [Synth 8-802] inferred FSM for state register 'ap_CS_iter4_fsm_reg' in module 'MVAU_hls_1_Matrix_Vector_Activate_Stream_Batch'
INFO: [Synth 8-802] inferred FSM for state register 'ap_CS_iter5_fsm_reg' in module 'MVAU_hls_1_Matrix_Vector_Activate_Stream_Batch'
INFO: [Synth 8-802] inferred FSM for state register 'ap_CS_iter6_fsm_reg' in module 'MVAU_hls_1_Matrix_Vector_Activate_Stream_Batch'
INFO: [Synth 8-802] inferred FSM for state register 'ap_CS_iter7_fsm_reg' in module 'MVAU_hls_1_Matrix_Vector_Activate_Stream_Batch'
INFO: [Synth 8-802] inferred FSM for state register 'ap_CS_iter8_fsm_reg' in module 'MVAU_hls_1_Matrix_Vector_Activate_Stream_Batch'
INFO: [Synth 8-802] inferred FSM for state register 'ap_CS_iter9_fsm_reg' in module 'MVAU_hls_1_Matrix_Vector_Activate_Stream_Batch'
INFO: [Synth 8-4490] FSM extraction disabled for register 'ap_CS_fsm_reg' through user attribute
---------------------------------------------------------------------------------------------------
                   State |                     New Encoding |                Previous Encoding 
---------------------------------------------------------------------------------------------------
*
  ap_ST_iter9_fsm_state0 |                               01 |                               01
 ap_ST_iter9_fsm_state10 |                               10 |                               10
---------------------------------------------------------------------------------------------------
INFO: [Synth 8-3898] No Re-encoding of one hot register 'ap_CS_iter9_fsm_reg' in module 'MVAU_hls_1_Matrix_Vector_Activate_Stream_Batch'
---------------------------------------------------------------------------------------------------
                   State |                     New Encoding |                Previous Encoding 
---------------------------------------------------------------------------------------------------
*
  ap_ST_iter1_fsm_state0 |                               01 |                               01
  ap_ST_iter1_fsm_state2 |                               10 |                               10
---------------------------------------------------------------------------------------------------
INFO: [Synth 8-3898] No Re-encoding of one hot register 'ap_CS_iter1_fsm_reg' in module 'MVAU_hls_1_Matrix_Vector_Activate_Stream_Batch'
---------------------------------------------------------------------------------------------------
                   State |                     New Encoding |                Previous Encoding 
---------------------------------------------------------------------------------------------------
*
  ap_ST_iter2_fsm_state0 |                               01 |                               01
  ap_ST_iter2_fsm_state3 |                               10 |                               10
---------------------------------------------------------------------------------------------------
INFO: [Synth 8-3898] No Re-encoding of one hot register 'ap_CS_iter2_fsm_reg' in module 'MVAU_hls_1_Matrix_Vector_Activate_Stream_Batch'
---------------------------------------------------------------------------------------------------
                   State |                     New Encoding |                Previous Encoding 
---------------------------------------------------------------------------------------------------
*
  ap_ST_iter3_fsm_state0 |                               01 |                               01
  ap_ST_iter3_fsm_state4 |                               10 |                               10
---------------------------------------------------------------------------------------------------
INFO: [Synth 8-3898] No Re-encoding of one hot register 'ap_CS_iter3_fsm_reg' in module 'MVAU_hls_1_Matrix_Vector_Activate_Stream_Batch'
---------------------------------------------------------------------------------------------------
                   State |                     New Encoding |                Previous Encoding 
---------------------------------------------------------------------------------------------------
*
 ap_ST_iter10_fsm_state0 |                               01 |                               01
ap_ST_iter10_fsm_state11 |                               10 |                               10
---------------------------------------------------------------------------------------------------
INFO: [Synth 8-3898] No Re-encoding of one hot register 'ap_CS_iter10_fsm_reg' in module 'MVAU_hls_1_Matrix_Vector_Activate_Stream_Batch'
---------------------------------------------------------------------------------------------------
                   State |                     New Encoding |                Previous Encoding 
---------------------------------------------------------------------------------------------------
*
  ap_ST_iter4_fsm_state0 |                               01 |                               01
  ap_ST_iter4_fsm_state5 |                               10 |                               10
---------------------------------------------------------------------------------------------------
INFO: [Synth 8-3898] No Re-encoding of one hot register 'ap_CS_iter4_fsm_reg' in module 'MVAU_hls_1_Matrix_Vector_Activate_Stream_Batch'
---------------------------------------------------------------------------------------------------
                   State |                     New Encoding |                Previous Encoding 
---------------------------------------------------------------------------------------------------
*
  ap_ST_iter5_fsm_state0 |                               01 |                               01
  ap_ST_iter5_fsm_state6 |                               10 |                               10
---------------------------------------------------------------------------------------------------
INFO: [Synth 8-3898] No Re-encoding of one hot register 'ap_CS_iter5_fsm_reg' in module 'MVAU_hls_1_Matrix_Vector_Activate_Stream_Batch'
---------------------------------------------------------------------------------------------------
                   State |                     New Encoding |                Previous Encoding 
---------------------------------------------------------------------------------------------------
*
  ap_ST_iter6_fsm_state0 |                               01 |                               01
  ap_ST_iter6_fsm_state7 |                               10 |                               10
---------------------------------------------------------------------------------------------------
INFO: [Synth 8-3898] No Re-encoding of one hot register 'ap_CS_iter6_fsm_reg' in module 'MVAU_hls_1_Matrix_Vector_Activate_Stream_Batch'
---------------------------------------------------------------------------------------------------
                   State |                     New Encoding |                Previous Encoding 
---------------------------------------------------------------------------------------------------
*
  ap_ST_iter7_fsm_state0 |                               01 |                               01
  ap_ST_iter7_fsm_state8 |                               10 |                               10
---------------------------------------------------------------------------------------------------
INFO: [Synth 8-3898] No Re-encoding of one hot register 'ap_CS_iter7_fsm_reg' in module 'MVAU_hls_1_Matrix_Vector_Activate_Stream_Batch'
---------------------------------------------------------------------------------------------------
                   State |                     New Encoding |                Previous Encoding 
---------------------------------------------------------------------------------------------------
*
  ap_ST_iter8_fsm_state0 |                               01 |                               01
  ap_ST_iter8_fsm_state9 |                               10 |                               10
---------------------------------------------------------------------------------------------------
INFO: [Synth 8-3898] No Re-encoding of one hot register 'ap_CS_iter8_fsm_reg' in module 'MVAU_hls_1_Matrix_Vector_Activate_Stream_Batch'
---------------------------------------------------------------------------------
Finished RTL Optimization Phase 2 : Time (s): cpu = 00:00:36 ; elapsed = 00:00:37 . Memory (MB): peak = 2485.734 ; gain = 852.090 ; free physical = 1932 ; free virtual = 4632
Synthesis current peak Physical Memory [PSS] (MB): peak = 1601.903; parent = 1411.444; children = 190.459
Synthesis current peak Virtual Memory [VSS] (MB): peak = 3424.992; parent = 2453.719; children = 971.273
---------------------------------------------------------------------------------
---------------------------------------------------------------------------------
Start RTL Component Statistics 
---------------------------------------------------------------------------------
Detailed RTL Component Info : 
+---Adders : 
	   2 Input   32 Bit       Adders := 2     
	   3 Input   26 Bit       Adders := 1     
	   2 Input   19 Bit       Adders := 1     
	   2 Input   14 Bit       Adders := 1     
	   3 Input    8 Bit       Adders := 1     
	   2 Input    7 Bit       Adders := 2     
	   3 Input    7 Bit       Adders := 1     
	  16 Input    6 Bit       Adders := 6     
	   3 Input    6 Bit       Adders := 1     
	  16 Input    5 Bit       Adders := 2     
	   3 Input    5 Bit       Adders := 1     
	   8 Input    4 Bit       Adders := 2     
	   9 Input    4 Bit       Adders := 1     
	   3 Input    3 Bit       Adders := 1     
	   3 Input    2 Bit       Adders := 1     
	   2 Input    2 Bit       Adders := 98    
+---XORs : 
	   2 Input      1 Bit         XORs := 255   
+---Registers : 
	               64 Bit    Registers := 398   
	               32 Bit    Registers := 2     
	               21 Bit    Registers := 74    
	               20 Bit    Registers := 71    
	               19 Bit    Registers := 37    
	               18 Bit    Registers := 34    
	               17 Bit    Registers := 21    
	               16 Bit    Registers := 11    
	               15 Bit    Registers := 8     
	               14 Bit    Registers := 7     
	               13 Bit    Registers := 1     
	               12 Bit    Registers := 1     
	               11 Bit    Registers := 3     
	                8 Bit    Registers := 28    
	                7 Bit    Registers := 2     
	                6 Bit    Registers := 9     
	                5 Bit    Registers := 7     
	                4 Bit    Registers := 4     
	                2 Bit    Registers := 102   
	                1 Bit    Registers := 102   
+---Muxes : 
	   2 Input   64 Bit        Muxes := 394   
	   2 Input   26 Bit        Muxes := 2     
	  33 Input   21 Bit        Muxes := 74    
	  33 Input   20 Bit        Muxes := 71    
	  33 Input   19 Bit        Muxes := 36    
	  33 Input   18 Bit        Muxes := 29    
	  33 Input   17 Bit        Muxes := 18    
	  33 Input   16 Bit        Muxes := 11    
	  33 Input   15 Bit        Muxes := 7     
	   2 Input   14 Bit        Muxes := 1     
	  33 Input   14 Bit        Muxes := 5     
	  33 Input   13 Bit        Muxes := 1     
	  33 Input   12 Bit        Muxes := 1     
	  33 Input   11 Bit        Muxes := 2     
	   2 Input    8 Bit        Muxes := 1     
	   6 Input    4 Bit        Muxes := 1     
	   2 Input    4 Bit        Muxes := 1     
	   3 Input    2 Bit        Muxes := 10    
	   2 Input    2 Bit        Muxes := 32    
	   4 Input    2 Bit        Muxes := 3     
	   2 Input    1 Bit        Muxes := 11    
---------------------------------------------------------------------------------
Finished RTL Component Statistics 
---------------------------------------------------------------------------------
---------------------------------------------------------------------------------
Start Part Resource Summary
---------------------------------------------------------------------------------
Part Resources:
DSPs: 220 (col length:60)
BRAMs: 280 (col length: RAMB18 60 RAMB36 30)
---------------------------------------------------------------------------------
Finished Part Resource Summary
---------------------------------------------------------------------------------
---------------------------------------------------------------------------------
Start Cross Boundary and Area Optimization
---------------------------------------------------------------------------------
WARNING: [Synth 8-7080] Parallel synthesis criteria is not met
WARNING: [Synth 8-3936] Found unconnected internal register 'mac_muladd_8ns_8s_26s_26_4_1_U9/MVAU_hls_1_mac_muladd_8ns_8s_26s_26_4_1_DSP48_2_U/p_reg_reg' and it is trimmed from '44' to '26' bits. [/home/andreea/proiect_finn/output_ip_hardware/stitched_ip/finn_vivado_stitch_proj.gen/sources_1/bd/finn_design/ipshared/03cf/hdl/verilog/MVAU_hls_1_mac_muladd_8ns_8s_26s_26_4_1.v:39]
WARNING: [Synth 8-3936] Found unconnected internal register 'mac_muladd_8ns_8s_17s_18_4_1_U8/MVAU_hls_1_mac_muladd_8ns_8s_17s_18_4_1_DSP48_1_U/p_reg_reg' and it is trimmed from '44' to '18' bits. [/home/andreea/proiect_finn/output_ip_hardware/stitched_ip/finn_vivado_stitch_proj.gen/sources_1/bd/finn_design/ipshared/03cf/hdl/verilog/MVAU_hls_1_mac_muladd_8ns_8s_17s_18_4_1.v:39]
WARNING: [Synth 8-3936] Found unconnected internal register 'mac_muladd_8ns_8s_16s_17_4_1_U7/MVAU_hls_1_mac_muladd_8ns_8s_16s_17_4_1_DSP48_0_U/p_reg_reg' and it is trimmed from '44' to '17' bits. [/home/andreea/proiect_finn/output_ip_hardware/stitched_ip/finn_vivado_stitch_proj.gen/sources_1/bd/finn_design/ipshared/03cf/hdl/verilog/MVAU_hls_1_mac_muladd_8ns_8s_16s_17_4_1.v:39]
WARNING: [Synth 8-3936] Found unconnected internal register 'mac_muladd_8ns_8s_16s_17_4_1_U5/MVAU_hls_1_mac_muladd_8ns_8s_16s_17_4_1_DSP48_0_U/p_reg_reg' and it is trimmed from '44' to '17' bits. [/home/andreea/proiect_finn/output_ip_hardware/stitched_ip/finn_vivado_stitch_proj.gen/sources_1/bd/finn_design/ipshared/03cf/hdl/verilog/MVAU_hls_1_mac_muladd_8ns_8s_16s_17_4_1.v:39]
WARNING: [Synth 8-3936] Found unconnected internal register 'mac_muladd_8ns_8s_16s_17_4_1_U6/MVAU_hls_1_mac_muladd_8ns_8s_16s_17_4_1_DSP48_0_U/p_reg_reg' and it is trimmed from '44' to '17' bits. [/home/andreea/proiect_finn/output_ip_hardware/stitched_ip/finn_vivado_stitch_proj.gen/sources_1/bd/finn_design/ipshared/03cf/hdl/verilog/MVAU_hls_1_mac_muladd_8ns_8s_16s_17_4_1.v:39]
WARNING: [Synth 8-3936] Found unconnected internal register 'mac_muladd_8ns_8s_17s_18_4_1_U8/MVAU_hls_1_mac_muladd_8ns_8s_17s_18_4_1_DSP48_1_U/m_reg_reg' and it is trimmed from '43' to '18' bits. [/home/andreea/proiect_finn/output_ip_hardware/stitched_ip/finn_vivado_stitch_proj.gen/sources_1/bd/finn_design/ipshared/03cf/hdl/verilog/MVAU_hls_1_mac_muladd_8ns_8s_17s_18_4_1.v:32]
WARNING: [Synth 8-3936] Found unconnected internal register 'mac_muladd_8ns_8s_17s_18_4_1_U8/MVAU_hls_1_mac_muladd_8ns_8s_17s_18_4_1_DSP48_1_U/a_reg_reg' and it is trimmed from '25' to '18' bits. [/home/andreea/proiect_finn/output_ip_hardware/stitched_ip/finn_vivado_stitch_proj.gen/sources_1/bd/finn_design/ipshared/03cf/hdl/verilog/MVAU_hls_1_mac_muladd_8ns_8s_17s_18_4_1.v:31]
WARNING: [Synth 8-3936] Found unconnected internal register 'mac_muladd_8ns_8s_26s_26_4_1_U9/MVAU_hls_1_mac_muladd_8ns_8s_26s_26_4_1_DSP48_2_U/m_reg_reg' and it is trimmed from '43' to '26' bits. [/home/andreea/proiect_finn/output_ip_hardware/stitched_ip/finn_vivado_stitch_proj.gen/sources_1/bd/finn_design/ipshared/03cf/hdl/verilog/MVAU_hls_1_mac_muladd_8ns_8s_26s_26_4_1.v:32]
WARNING: [Synth 8-3936] Found unconnected internal register 'mac_muladd_8ns_8s_16s_17_4_1_U5/MVAU_hls_1_mac_muladd_8ns_8s_16s_17_4_1_DSP48_0_U/m_reg_reg' and it is trimmed from '43' to '17' bits. [/home/andreea/proiect_finn/output_ip_hardware/stitched_ip/finn_vivado_stitch_proj.gen/sources_1/bd/finn_design/ipshared/03cf/hdl/verilog/MVAU_hls_1_mac_muladd_8ns_8s_16s_17_4_1.v:32]
WARNING: [Synth 8-3936] Found unconnected internal register 'mac_muladd_8ns_8s_16s_17_4_1_U5/MVAU_hls_1_mac_muladd_8ns_8s_16s_17_4_1_DSP48_0_U/a_reg_reg' and it is trimmed from '25' to '17' bits. [/home/andreea/proiect_finn/output_ip_hardware/stitched_ip/finn_vivado_stitch_proj.gen/sources_1/bd/finn_design/ipshared/03cf/hdl/verilog/MVAU_hls_1_mac_muladd_8ns_8s_16s_17_4_1.v:31]
WARNING: [Synth 8-3936] Found unconnected internal register 'mac_muladd_8ns_8s_16s_17_4_1_U6/MVAU_hls_1_mac_muladd_8ns_8s_16s_17_4_1_DSP48_0_U/m_reg_reg' and it is trimmed from '43' to '17' bits. [/home/andreea/proiect_finn/output_ip_hardware/stitched_ip/finn_vivado_stitch_proj.gen/sources_1/bd/finn_design/ipshared/03cf/hdl/verilog/MVAU_hls_1_mac_muladd_8ns_8s_16s_17_4_1.v:32]
WARNING: [Synth 8-3936] Found unconnected internal register 'mac_muladd_8ns_8s_16s_17_4_1_U6/MVAU_hls_1_mac_muladd_8ns_8s_16s_17_4_1_DSP48_0_U/a_reg_reg' and it is trimmed from '25' to '17' bits. [/home/andreea/proiect_finn/output_ip_hardware/stitched_ip/finn_vivado_stitch_proj.gen/sources_1/bd/finn_design/ipshared/03cf/hdl/verilog/MVAU_hls_1_mac_muladd_8ns_8s_16s_17_4_1.v:31]
WARNING: [Synth 8-3936] Found unconnected internal register 'mac_muladd_8ns_8s_16s_17_4_1_U7/MVAU_hls_1_mac_muladd_8ns_8s_16s_17_4_1_DSP48_0_U/m_reg_reg' and it is trimmed from '43' to '17' bits. [/home/andreea/proiect_finn/output_ip_hardware/stitched_ip/finn_vivado_stitch_proj.gen/sources_1/bd/finn_design/ipshared/03cf/hdl/verilog/MVAU_hls_1_mac_muladd_8ns_8s_16s_17_4_1.v:32]
WARNING: [Synth 8-3936] Found unconnected internal register 'mac_muladd_8ns_8s_16s_17_4_1_U7/MVAU_hls_1_mac_muladd_8ns_8s_16s_17_4_1_DSP48_0_U/a_reg_reg' and it is trimmed from '25' to '17' bits. [/home/andreea/proiect_finn/output_ip_hardware/stitched_ip/finn_vivado_stitch_proj.gen/sources_1/bd/finn_design/ipshared/03cf/hdl/verilog/MVAU_hls_1_mac_muladd_8ns_8s_16s_17_4_1.v:31]
WARNING: [Synth 8-3936] Found unconnected internal register 'mac_muladd_8ns_8s_16s_17_4_1_U7/MVAU_hls_1_mac_muladd_8ns_8s_16s_17_4_1_DSP48_0_U/b_reg_reg' and it is trimmed from '18' to '17' bits. [/home/andreea/proiect_finn/output_ip_hardware/stitched_ip/finn_vivado_stitch_proj.gen/sources_1/bd/finn_design/ipshared/03cf/hdl/verilog/MVAU_hls_1_mac_muladd_8ns_8s_16s_17_4_1.v:31]
WARNING: [Synth 8-3936] Found unconnected internal register 'mac_muladd_8ns_8s_16s_17_4_1_U5/MVAU_hls_1_mac_muladd_8ns_8s_16s_17_4_1_DSP48_0_U/b_reg_reg' and it is trimmed from '18' to '17' bits. [/home/andreea/proiect_finn/output_ip_hardware/stitched_ip/finn_vivado_stitch_proj.gen/sources_1/bd/finn_design/ipshared/03cf/hdl/verilog/MVAU_hls_1_mac_muladd_8ns_8s_16s_17_4_1.v:31]
WARNING: [Synth 8-3936] Found unconnected internal register 'mac_muladd_8ns_8s_16s_17_4_1_U6/MVAU_hls_1_mac_muladd_8ns_8s_16s_17_4_1_DSP48_0_U/b_reg_reg' and it is trimmed from '18' to '17' bits. [/home/andreea/proiect_finn/output_ip_hardware/stitched_ip/finn_vivado_stitch_proj.gen/sources_1/bd/finn_design/ipshared/03cf/hdl/verilog/MVAU_hls_1_mac_muladd_8ns_8s_16s_17_4_1.v:31]
DSP Report: Generating DSP mac_muladd_8ns_8s_26s_26_4_1_U9/MVAU_hls_1_mac_muladd_8ns_8s_26s_26_4_1_DSP48_2_U/p_reg_reg, operation Mode is: (0 or C)+(A''*B'')'.
DSP Report: register mac_muladd_8ns_8s_26s_26_4_1_U9/MVAU_hls_1_mac_muladd_8ns_8s_26s_26_4_1_DSP48_2_U/p_reg_reg is absorbed into DSP mac_muladd_8ns_8s_26s_26_4_1_U9/MVAU_hls_1_mac_muladd_8ns_8s_26s_26_4_1_DSP48_2_U/p_reg_reg.
DSP Report: register mac_muladd_8ns_8s_26s_26_4_1_U9/MVAU_hls_1_mac_muladd_8ns_8s_26s_26_4_1_DSP48_2_U/p_reg_reg is absorbed into DSP mac_muladd_8ns_8s_26s_26_4_1_U9/MVAU_hls_1_mac_muladd_8ns_8s_26s_26_4_1_DSP48_2_U/p_reg_reg.
DSP Report: register mac_muladd_8ns_8s_26s_26_4_1_U9/MVAU_hls_1_mac_muladd_8ns_8s_26s_26_4_1_DSP48_2_U/p_reg_reg is absorbed into DSP mac_muladd_8ns_8s_26s_26_4_1_U9/MVAU_hls_1_mac_muladd_8ns_8s_26s_26_4_1_DSP48_2_U/p_reg_reg.
DSP Report: register mac_muladd_8ns_8s_26s_26_4_1_U9/MVAU_hls_1_mac_muladd_8ns_8s_26s_26_4_1_DSP48_2_U/p_reg_reg is absorbed into DSP mac_muladd_8ns_8s_26s_26_4_1_U9/MVAU_hls_1_mac_muladd_8ns_8s_26s_26_4_1_DSP48_2_U/p_reg_reg.
DSP Report: register mac_muladd_8ns_8s_26s_26_4_1_U9/MVAU_hls_1_mac_muladd_8ns_8s_26s_26_4_1_DSP48_2_U/p_reg_reg is absorbed into DSP mac_muladd_8ns_8s_26s_26_4_1_U9/MVAU_hls_1_mac_muladd_8ns_8s_26s_26_4_1_DSP48_2_U/p_reg_reg.
DSP Report: register mac_muladd_8ns_8s_26s_26_4_1_U9/MVAU_hls_1_mac_muladd_8ns_8s_26s_26_4_1_DSP48_2_U/m_reg_reg is absorbed into DSP mac_muladd_8ns_8s_26s_26_4_1_U9/MVAU_hls_1_mac_muladd_8ns_8s_26s_26_4_1_DSP48_2_U/p_reg_reg.
DSP Report: operator mac_muladd_8ns_8s_26s_26_4_1_U9/MVAU_hls_1_mac_muladd_8ns_8s_26s_26_4_1_DSP48_2_U/p is absorbed into DSP mac_muladd_8ns_8s_26s_26_4_1_U9/MVAU_hls_1_mac_muladd_8ns_8s_26s_26_4_1_DSP48_2_U/p_reg_reg.
DSP Report: operator mac_muladd_8ns_8s_26s_26_4_1_U9/MVAU_hls_1_mac_muladd_8ns_8s_26s_26_4_1_DSP48_2_U/p is absorbed into DSP mac_muladd_8ns_8s_26s_26_4_1_U9/MVAU_hls_1_mac_muladd_8ns_8s_26s_26_4_1_DSP48_2_U/p_reg_reg.
DSP Report: operator mac_muladd_8ns_8s_26s_26_4_1_U9/MVAU_hls_1_mac_muladd_8ns_8s_26s_26_4_1_DSP48_2_U/m is absorbed into DSP mac_muladd_8ns_8s_26s_26_4_1_U9/MVAU_hls_1_mac_muladd_8ns_8s_26s_26_4_1_DSP48_2_U/p_reg_reg.
DSP Report: Generating DSP mul_8ns_8s_16_1_1_U4/dout, operation Mode is: A''*B''.
DSP Report: register local_temp_V_13_reg_20711_pp0_iter1_reg_reg is absorbed into DSP mul_8ns_8s_16_1_1_U4/dout.
DSP Report: register local_temp_V_13_reg_20711_pp0_iter2_reg_reg is absorbed into DSP mul_8ns_8s_16_1_1_U4/dout.
DSP Report: register mul_8ns_8s_16_1_1_U4/dout is absorbed into DSP mul_8ns_8s_16_1_1_U4/dout.
DSP Report: register mul_8ns_8s_16_1_1_U4/dout is absorbed into DSP mul_8ns_8s_16_1_1_U4/dout.
DSP Report: operator mul_8ns_8s_16_1_1_U4/dout is absorbed into DSP mul_8ns_8s_16_1_1_U4/dout.
DSP Report: Generating DSP mac_muladd_8ns_8s_16s_17_4_1_U6/MVAU_hls_1_mac_muladd_8ns_8s_16s_17_4_1_DSP48_0_U/p_reg_reg, operation Mode is: (C+(A2*B'')')'.
DSP Report: register mac_muladd_8ns_8s_16s_17_4_1_U6/MVAU_hls_1_mac_muladd_8ns_8s_16s_17_4_1_DSP48_0_U/p_reg_reg is absorbed into DSP mac_muladd_8ns_8s_16s_17_4_1_U6/MVAU_hls_1_mac_muladd_8ns_8s_16s_17_4_1_DSP48_0_U/p_reg_reg.
DSP Report: register mac_muladd_8ns_8s_16s_17_4_1_U6/MVAU_hls_1_mac_muladd_8ns_8s_16s_17_4_1_DSP48_0_U/p_reg_reg is absorbed into DSP mac_muladd_8ns_8s_16s_17_4_1_U6/MVAU_hls_1_mac_muladd_8ns_8s_16s_17_4_1_DSP48_0_U/p_reg_reg.
DSP Report: register mac_muladd_8ns_8s_16s_17_4_1_U6/MVAU_hls_1_mac_muladd_8ns_8s_16s_17_4_1_DSP48_0_U/a_reg_reg is absorbed into DSP mac_muladd_8ns_8s_16s_17_4_1_U6/MVAU_hls_1_mac_muladd_8ns_8s_16s_17_4_1_DSP48_0_U/p_reg_reg.
DSP Report: register mac_muladd_8ns_8s_16s_17_4_1_U6/MVAU_hls_1_mac_muladd_8ns_8s_16s_17_4_1_DSP48_0_U/p_reg_reg is absorbed into DSP mac_muladd_8ns_8s_16s_17_4_1_U6/MVAU_hls_1_mac_muladd_8ns_8s_16s_17_4_1_DSP48_0_U/p_reg_reg.
DSP Report: register mac_muladd_8ns_8s_16s_17_4_1_U6/MVAU_hls_1_mac_muladd_8ns_8s_16s_17_4_1_DSP48_0_U/m_reg_reg is absorbed into DSP mac_muladd_8ns_8s_16s_17_4_1_U6/MVAU_hls_1_mac_muladd_8ns_8s_16s_17_4_1_DSP48_0_U/p_reg_reg.
DSP Report: operator mac_muladd_8ns_8s_16s_17_4_1_U6/MVAU_hls_1_mac_muladd_8ns_8s_16s_17_4_1_DSP48_0_U/p is absorbed into DSP mac_muladd_8ns_8s_16s_17_4_1_U6/MVAU_hls_1_mac_muladd_8ns_8s_16s_17_4_1_DSP48_0_U/p_reg_reg.
DSP Report: operator mac_muladd_8ns_8s_16s_17_4_1_U6/MVAU_hls_1_mac_muladd_8ns_8s_16s_17_4_1_DSP48_0_U/m is absorbed into DSP mac_muladd_8ns_8s_16s_17_4_1_U6/MVAU_hls_1_mac_muladd_8ns_8s_16s_17_4_1_DSP48_0_U/p_reg_reg.
DSP Report: Generating DSP mul_8ns_8s_16_1_1_U3/dout, operation Mode is: A''*B''.
DSP Report: register local_temp_V_10_reg_20696_pp0_iter1_reg_reg is absorbed into DSP mul_8ns_8s_16_1_1_U3/dout.
DSP Report: register local_temp_V_10_reg_20696_pp0_iter2_reg_reg is absorbed into DSP mul_8ns_8s_16_1_1_U3/dout.
DSP Report: register mul_8ns_8s_16_1_1_U3/dout is absorbed into DSP mul_8ns_8s_16_1_1_U3/dout.
DSP Report: register mul_8ns_8s_16_1_1_U3/dout is absorbed into DSP mul_8ns_8s_16_1_1_U3/dout.
DSP Report: operator mul_8ns_8s_16_1_1_U3/dout is absorbed into DSP mul_8ns_8s_16_1_1_U3/dout.
DSP Report: Generating DSP mac_muladd_8ns_8s_16s_17_4_1_U5/MVAU_hls_1_mac_muladd_8ns_8s_16s_17_4_1_DSP48_0_U/p_reg_reg, operation Mode is: (C+(A2*B'')')'.
DSP Report: register mac_muladd_8ns_8s_16s_17_4_1_U5/MVAU_hls_1_mac_muladd_8ns_8s_16s_17_4_1_DSP48_0_U/p_reg_reg is absorbed into DSP mac_muladd_8ns_8s_16s_17_4_1_U5/MVAU_hls_1_mac_muladd_8ns_8s_16s_17_4_1_DSP48_0_U/p_reg_reg.
DSP Report: register mac_muladd_8ns_8s_16s_17_4_1_U5/MVAU_hls_1_mac_muladd_8ns_8s_16s_17_4_1_DSP48_0_U/p_reg_reg is absorbed into DSP mac_muladd_8ns_8s_16s_17_4_1_U5/MVAU_hls_1_mac_muladd_8ns_8s_16s_17_4_1_DSP48_0_U/p_reg_reg.
DSP Report: register mac_muladd_8ns_8s_16s_17_4_1_U5/MVAU_hls_1_mac_muladd_8ns_8s_16s_17_4_1_DSP48_0_U/p_reg_reg is absorbed into DSP mac_muladd_8ns_8s_16s_17_4_1_U5/MVAU_hls_1_mac_muladd_8ns_8s_16s_17_4_1_DSP48_0_U/p_reg_reg.
DSP Report: register mac_muladd_8ns_8s_16s_17_4_1_U5/MVAU_hls_1_mac_muladd_8ns_8s_16s_17_4_1_DSP48_0_U/p_reg_reg is absorbed into DSP mac_muladd_8ns_8s_16s_17_4_1_U5/MVAU_hls_1_mac_muladd_8ns_8s_16s_17_4_1_DSP48_0_U/p_reg_reg.
DSP Report: register mac_muladd_8ns_8s_16s_17_4_1_U5/MVAU_hls_1_mac_muladd_8ns_8s_16s_17_4_1_DSP48_0_U/m_reg_reg is absorbed into DSP mac_muladd_8ns_8s_16s_17_4_1_U5/MVAU_hls_1_mac_muladd_8ns_8s_16s_17_4_1_DSP48_0_U/p_reg_reg.
DSP Report: operator mac_muladd_8ns_8s_16s_17_4_1_U5/MVAU_hls_1_mac_muladd_8ns_8s_16s_17_4_1_DSP48_0_U/p is absorbed into DSP mac_muladd_8ns_8s_16s_17_4_1_U5/MVAU_hls_1_mac_muladd_8ns_8s_16s_17_4_1_DSP48_0_U/p_reg_reg.
DSP Report: operator mac_muladd_8ns_8s_16s_17_4_1_U5/MVAU_hls_1_mac_muladd_8ns_8s_16s_17_4_1_DSP48_0_U/m is absorbed into DSP mac_muladd_8ns_8s_16s_17_4_1_U5/MVAU_hls_1_mac_muladd_8ns_8s_16s_17_4_1_DSP48_0_U/p_reg_reg.
DSP Report: Generating DSP mul_8ns_8s_16_1_1_U2/dout, operation Mode is: A''*B''.
DSP Report: register local_temp_V_8_reg_20686_pp0_iter1_reg_reg is absorbed into DSP mul_8ns_8s_16_1_1_U2/dout.
DSP Report: register local_temp_V_8_reg_20686_pp0_iter2_reg_reg is absorbed into DSP mul_8ns_8s_16_1_1_U2/dout.
DSP Report: register mul_8ns_8s_16_1_1_U2/dout is absorbed into DSP mul_8ns_8s_16_1_1_U2/dout.
DSP Report: register mul_8ns_8s_16_1_1_U2/dout is absorbed into DSP mul_8ns_8s_16_1_1_U2/dout.
DSP Report: operator mul_8ns_8s_16_1_1_U2/dout is absorbed into DSP mul_8ns_8s_16_1_1_U2/dout.
DSP Report: Generating DSP mac_muladd_8ns_8s_16s_17_4_1_U7/MVAU_hls_1_mac_muladd_8ns_8s_16s_17_4_1_DSP48_0_U/p_reg_reg, operation Mode is: (C+(A2*B'')')'.
DSP Report: register mac_muladd_8ns_8s_16s_17_4_1_U7/MVAU_hls_1_mac_muladd_8ns_8s_16s_17_4_1_DSP48_0_U/p_reg_reg is absorbed into DSP mac_muladd_8ns_8s_16s_17_4_1_U7/MVAU_hls_1_mac_muladd_8ns_8s_16s_17_4_1_DSP48_0_U/p_reg_reg.
DSP Report: register mac_muladd_8ns_8s_16s_17_4_1_U7/MVAU_hls_1_mac_muladd_8ns_8s_16s_17_4_1_DSP48_0_U/p_reg_reg is absorbed into DSP mac_muladd_8ns_8s_16s_17_4_1_U7/MVAU_hls_1_mac_muladd_8ns_8s_16s_17_4_1_DSP48_0_U/p_reg_reg.
DSP Report: register mac_muladd_8ns_8s_16s_17_4_1_U7/MVAU_hls_1_mac_muladd_8ns_8s_16s_17_4_1_DSP48_0_U/a_reg_reg is absorbed into DSP mac_muladd_8ns_8s_16s_17_4_1_U7/MVAU_hls_1_mac_muladd_8ns_8s_16s_17_4_1_DSP48_0_U/p_reg_reg.
DSP Report: register mac_muladd_8ns_8s_16s_17_4_1_U7/MVAU_hls_1_mac_muladd_8ns_8s_16s_17_4_1_DSP48_0_U/p_reg_reg is absorbed into DSP mac_muladd_8ns_8s_16s_17_4_1_U7/MVAU_hls_1_mac_muladd_8ns_8s_16s_17_4_1_DSP48_0_U/p_reg_reg.
DSP Report: register mac_muladd_8ns_8s_16s_17_4_1_U7/MVAU_hls_1_mac_muladd_8ns_8s_16s_17_4_1_DSP48_0_U/m_reg_reg is absorbed into DSP mac_muladd_8ns_8s_16s_17_4_1_U7/MVAU_hls_1_mac_muladd_8ns_8s_16s_17_4_1_DSP48_0_U/p_reg_reg.
DSP Report: operator mac_muladd_8ns_8s_16s_17_4_1_U7/MVAU_hls_1_mac_muladd_8ns_8s_16s_17_4_1_DSP48_0_U/p is absorbed into DSP mac_muladd_8ns_8s_16s_17_4_1_U7/MVAU_hls_1_mac_muladd_8ns_8s_16s_17_4_1_DSP48_0_U/p_reg_reg.
DSP Report: operator mac_muladd_8ns_8s_16s_17_4_1_U7/MVAU_hls_1_mac_muladd_8ns_8s_16s_17_4_1_DSP48_0_U/m is absorbed into DSP mac_muladd_8ns_8s_16s_17_4_1_U7/MVAU_hls_1_mac_muladd_8ns_8s_16s_17_4_1_DSP48_0_U/p_reg_reg.
DSP Report: Generating DSP mac_muladd_8ns_8s_17s_18_4_1_U8/MVAU_hls_1_mac_muladd_8ns_8s_17s_18_4_1_DSP48_1_U/p_reg_reg, operation Mode is: (C+(A''*B'')')'.
DSP Report: register mac_muladd_8ns_8s_17s_18_4_1_U8/MVAU_hls_1_mac_muladd_8ns_8s_17s_18_4_1_DSP48_1_U/p_reg_reg is absorbed into DSP mac_muladd_8ns_8s_17s_18_4_1_U8/MVAU_hls_1_mac_muladd_8ns_8s_17s_18_4_1_DSP48_1_U/p_reg_reg.
DSP Report: register mac_muladd_8ns_8s_17s_18_4_1_U8/MVAU_hls_1_mac_muladd_8ns_8s_17s_18_4_1_DSP48_1_U/p_reg_reg is absorbed into DSP mac_muladd_8ns_8s_17s_18_4_1_U8/MVAU_hls_1_mac_muladd_8ns_8s_17s_18_4_1_DSP48_1_U/p_reg_reg.
DSP Report: register mac_muladd_8ns_8s_17s_18_4_1_U8/MVAU_hls_1_mac_muladd_8ns_8s_17s_18_4_1_DSP48_1_U/p_reg_reg is absorbed into DSP mac_muladd_8ns_8s_17s_18_4_1_U8/MVAU_hls_1_mac_muladd_8ns_8s_17s_18_4_1_DSP48_1_U/p_reg_reg.
DSP Report: register mac_muladd_8ns_8s_17s_18_4_1_U8/MVAU_hls_1_mac_muladd_8ns_8s_17s_18_4_1_DSP48_1_U/p_reg_reg is absorbed into DSP mac_muladd_8ns_8s_17s_18_4_1_U8/MVAU_hls_1_mac_muladd_8ns_8s_17s_18_4_1_DSP48_1_U/p_reg_reg.
DSP Report: register mac_muladd_8ns_8s_17s_18_4_1_U8/MVAU_hls_1_mac_muladd_8ns_8s_17s_18_4_1_DSP48_1_U/p_reg_reg is absorbed into DSP mac_muladd_8ns_8s_17s_18_4_1_U8/MVAU_hls_1_mac_muladd_8ns_8s_17s_18_4_1_DSP48_1_U/p_reg_reg.
DSP Report: register mac_muladd_8ns_8s_17s_18_4_1_U8/MVAU_hls_1_mac_muladd_8ns_8s_17s_18_4_1_DSP48_1_U/m_reg_reg is absorbed into DSP mac_muladd_8ns_8s_17s_18_4_1_U8/MVAU_hls_1_mac_muladd_8ns_8s_17s_18_4_1_DSP48_1_U/p_reg_reg.
DSP Report: operator mac_muladd_8ns_8s_17s_18_4_1_U8/MVAU_hls_1_mac_muladd_8ns_8s_17s_18_4_1_DSP48_1_U/p is absorbed into DSP mac_muladd_8ns_8s_17s_18_4_1_U8/MVAU_hls_1_mac_muladd_8ns_8s_17s_18_4_1_DSP48_1_U/p_reg_reg.
DSP Report: operator mac_muladd_8ns_8s_17s_18_4_1_U8/MVAU_hls_1_mac_muladd_8ns_8s_17s_18_4_1_DSP48_1_U/m is absorbed into DSP mac_muladd_8ns_8s_17s_18_4_1_U8/MVAU_hls_1_mac_muladd_8ns_8s_17s_18_4_1_DSP48_1_U/p_reg_reg.
---------------------------------------------------------------------------------
Finished Cross Boundary and Area Optimization : Time (s): cpu = 00:01:03 ; elapsed = 00:01:06 . Memory (MB): peak = 2485.734 ; gain = 852.090 ; free physical = 999 ; free virtual = 3518
Synthesis current peak Physical Memory [PSS] (MB): peak = 1601.903; parent = 1411.444; children = 190.459
Synthesis current peak Virtual Memory [VSS] (MB): peak = 3424.992; parent = 2453.719; children = 971.273
---------------------------------------------------------------------------------
---------------------------------------------------------------------------------
Start ROM, RAM, DSP, Shift Register and Retiming Reporting
---------------------------------------------------------------------------------

DSP: Preliminary Mapping Report (see note below. The ' indicates corresponding REG is set)
+------------+---------------------+--------+--------+--------+--------+--------+------+------+------+------+-------+------+------+
|Module Name | DSP Mapping         | A Size | B Size | C Size | D Size | P Size | AREG | BREG | CREG | DREG | ADREG | MREG | PREG | 
+------------+---------------------+--------+--------+--------+--------+--------+------+------+------+------+-------+------+------+
|MVAU_hls_1  | (0 or C)+(A''*B'')' | 25     | 9      | 26     | -      | 26     | 2    | 2    | 0    | -    | -     | 1    | 1    | 
|MVAU_hls_1  | A''*B''             | 9      | 8      | -      | -      | 17     | 2    | 2    | -    | -    | -     | 0    | 0    | 
|MVAU_hls_1  | (C+(A2*B'')')'      | 17     | 9      | 16     | -      | 17     | 1    | 2    | 0    | -    | -     | 1    | 1    | 
|MVAU_hls_1  | A''*B''             | 9      | 8      | -      | -      | 17     | 2    | 2    | -    | -    | -     | 0    | 0    | 
|MVAU_hls_1  | (C+(A2*B'')')'      | 9      | 9      | 16     | -      | 17     | 1    | 2    | 0    | -    | -     | 1    | 1    | 
|MVAU_hls_1  | A''*B''             | 9      | 8      | -      | -      | 17     | 2    | 2    | -    | -    | -     | 0    | 0    | 
|MVAU_hls_1  | (C+(A2*B'')')'      | 17     | 9      | 16     | -      | 17     | 1    | 2    | 0    | -    | -     | 1    | 1    | 
|MVAU_hls_1  | (C+(A''*B'')')'     | 18     | 9      | 17     | -      | 18     | 2    | 2    | 0    | -    | -     | 1    | 1    | 
+------------+---------------------+--------+--------+--------+--------+--------+------+------+------+------+-------+------+------+

Note: The table above is a preliminary report that shows the DSPs inferred at the current stage of the synthesis flow. Some DSP may be reimplemented as non DSP primitives later in the synthesis flow. Multiple instantiated DSPs are reported only once.
---------------------------------------------------------------------------------
Finished ROM, RAM, DSP, Shift Register and Retiming Reporting
---------------------------------------------------------------------------------
---------------------------------------------------------------------------------
Start Applying XDC Timing Constraints
---------------------------------------------------------------------------------
---------------------------------------------------------------------------------
Finished Applying XDC Timing Constraints : Time (s): cpu = 00:01:12 ; elapsed = 00:01:15 . Memory (MB): peak = 2485.734 ; gain = 852.090 ; free physical = 3529 ; free virtual = 6075
Synthesis current peak Physical Memory [PSS] (MB): peak = 1657.435; parent = 1470.524; children = 190.459
Synthesis current peak Virtual Memory [VSS] (MB): peak = 3424.992; parent = 2453.719; children = 971.273
---------------------------------------------------------------------------------
---------------------------------------------------------------------------------
Start Timing Optimization
---------------------------------------------------------------------------------
---------------------------------------------------------------------------------
Finished Timing Optimization : Time (s): cpu = 00:01:24 ; elapsed = 00:01:27 . Memory (MB): peak = 2485.734 ; gain = 852.090 ; free physical = 2615 ; free virtual = 5170
Synthesis current peak Physical Memory [PSS] (MB): peak = 1657.435; parent = 1470.524; children = 190.459
Synthesis current peak Virtual Memory [VSS] (MB): peak = 3424.992; parent = 2453.719; children = 971.273
---------------------------------------------------------------------------------
---------------------------------------------------------------------------------
Start Technology Mapping
---------------------------------------------------------------------------------
---------------------------------------------------------------------------------
Finished Technology Mapping : Time (s): cpu = 00:01:37 ; elapsed = 00:01:41 . Memory (MB): peak = 2485.734 ; gain = 852.090 ; free physical = 117 ; free virtual = 2622
Synthesis current peak Physical Memory [PSS] (MB): peak = 1657.435; parent = 1470.524; children = 190.459
Synthesis current peak Virtual Memory [VSS] (MB): peak = 3424.992; parent = 2453.719; children = 971.273
---------------------------------------------------------------------------------
---------------------------------------------------------------------------------
Start IO Insertion
---------------------------------------------------------------------------------
---------------------------------------------------------------------------------
Start Flattening Before IO Insertion
---------------------------------------------------------------------------------
---------------------------------------------------------------------------------
Finished Flattening Before IO Insertion
---------------------------------------------------------------------------------
---------------------------------------------------------------------------------
Start Final Netlist Cleanup
---------------------------------------------------------------------------------
---------------------------------------------------------------------------------
Finished Final Netlist Cleanup
---------------------------------------------------------------------------------
---------------------------------------------------------------------------------
Finished IO Insertion : Time (s): cpu = 00:01:44 ; elapsed = 00:01:48 . Memory (MB): peak = 2485.734 ; gain = 852.090 ; free physical = 212 ; free virtual = 2698
Synthesis current peak Physical Memory [PSS] (MB): peak = 1657.435; parent = 1470.524; children = 190.459
Synthesis current peak Virtual Memory [VSS] (MB): peak = 3424.992; parent = 2453.719; children = 971.273
---------------------------------------------------------------------------------
---------------------------------------------------------------------------------
Start Renaming Generated Instances
---------------------------------------------------------------------------------
---------------------------------------------------------------------------------
Finished Renaming Generated Instances : Time (s): cpu = 00:01:44 ; elapsed = 00:01:48 . Memory (MB): peak = 2485.734 ; gain = 852.090 ; free physical = 205 ; free virtual = 2691
Synthesis current peak Physical Memory [PSS] (MB): peak = 1657.435; parent = 1470.524; children = 190.459
Synthesis current peak Virtual Memory [VSS] (MB): peak = 3424.992; parent = 2453.719; children = 971.273
---------------------------------------------------------------------------------
---------------------------------------------------------------------------------
Start Rebuilding User Hierarchy
---------------------------------------------------------------------------------
---------------------------------------------------------------------------------
Finished Rebuilding User Hierarchy : Time (s): cpu = 00:01:47 ; elapsed = 00:01:51 . Memory (MB): peak = 2485.734 ; gain = 852.090 ; free physical = 192 ; free virtual = 2685
Synthesis current peak Physical Memory [PSS] (MB): peak = 1657.435; parent = 1470.524; children = 190.459
Synthesis current peak Virtual Memory [VSS] (MB): peak = 3424.992; parent = 2453.719; children = 971.273
---------------------------------------------------------------------------------
---------------------------------------------------------------------------------
Start Renaming Generated Ports
---------------------------------------------------------------------------------
---------------------------------------------------------------------------------
Finished Renaming Generated Ports : Time (s): cpu = 00:01:47 ; elapsed = 00:01:52 . Memory (MB): peak = 2485.734 ; gain = 852.090 ; free physical = 363 ; free virtual = 2856
Synthesis current peak Physical Memory [PSS] (MB): peak = 1657.435; parent = 1470.524; children = 190.459
Synthesis current peak Virtual Memory [VSS] (MB): peak = 3424.992; parent = 2453.719; children = 971.273
---------------------------------------------------------------------------------
---------------------------------------------------------------------------------
Start Handling Custom Attributes
---------------------------------------------------------------------------------
---------------------------------------------------------------------------------
Finished Handling Custom Attributes : Time (s): cpu = 00:01:48 ; elapsed = 00:01:53 . Memory (MB): peak = 2485.734 ; gain = 852.090 ; free physical = 549 ; free virtual = 3038
Synthesis current peak Physical Memory [PSS] (MB): peak = 1657.435; parent = 1470.524; children = 190.459
Synthesis current peak Virtual Memory [VSS] (MB): peak = 3424.992; parent = 2453.719; children = 971.273
---------------------------------------------------------------------------------
---------------------------------------------------------------------------------
Start Renaming Generated Nets
---------------------------------------------------------------------------------
---------------------------------------------------------------------------------
Finished Renaming Generated Nets : Time (s): cpu = 00:01:49 ; elapsed = 00:01:53 . Memory (MB): peak = 2485.734 ; gain = 852.090 ; free physical = 684 ; free virtual = 3172
Synthesis current peak Physical Memory [PSS] (MB): peak = 1657.435; parent = 1470.524; children = 190.459
Synthesis current peak Virtual Memory [VSS] (MB): peak = 3424.992; parent = 2453.719; children = 971.273
---------------------------------------------------------------------------------
---------------------------------------------------------------------------------
Start Writing Synthesis Report
---------------------------------------------------------------------------------

DSP Final Report (the ' indicates corresponding REG is set)
+------------+-----------------+--------+--------+--------+--------+--------+------+------+------+------+-------+------+------+
|Module Name | DSP Mapping     | A Size | B Size | C Size | D Size | P Size | AREG | BREG | CREG | DREG | ADREG | MREG | PREG | 
+------------+-----------------+--------+--------+--------+--------+--------+------+------+------+------+-------+------+------+
|MVAU_hls_1  | (C+(A'*B'')')'  | 8      | 18     | 48     | -      | 17     | 1    | 2    | 2    | -    | -     | 1    | 1    | 
|MVAU_hls_1  | (C+(A'*B'')')'  | 8      | 18     | 48     | -      | 17     | 1    | 2    | 2    | -    | -     | 1    | 1    | 
|MVAU_hls_1  | (C+(A'*B'')')'  | 8      | 18     | 48     | -      | 17     | 1    | 2    | 2    | -    | -     | 1    | 1    | 
|MVAU_hls_1  | (C+(A''*B'')')' | 8      | 18     | 48     | -      | 18     | 2    | 2    | 2    | -    | -     | 1    | 1    | 
|MVAU_hls_1  | Dynamic         | -      | -      | -      | -      | 26     | -    | -    | -    | -    | -     | 1    | 1    | 
|MVAU_hls_1  | A''*B''         | 8      | 18     | -      | -      | 17     | 2    | 2    | -    | -    | -     | 0    | 0    | 
|MVAU_hls_1  | A''*B''         | 8      | 18     | -      | -      | 17     | 2    | 2    | -    | -    | -     | 0    | 0    | 
|MVAU_hls_1  | A''*B''         | 8      | 18     | -      | -      | 17     | 2    | 2    | -    | -    | -     | 0    | 0    | 
+------------+-----------------+--------+--------+--------+--------+--------+------+------+------+------+-------+------+------+


Report BlackBoxes: 
+-+--------------+----------+
| |BlackBox name |Instances |
+-+--------------+----------+
+-+--------------+----------+

Report Cell Usage: 
+------+--------+------+
|      |Cell    |Count |
+------+--------+------+
|1     |CARRY4  |  1007|
|2     |DSP48E1 |     8|
|5     |LUT1    |   640|
|6     |LUT2    |  4900|
|7     |LUT3    |   887|
|8     |LUT4    |   161|
|9     |LUT5    |   198|
|10    |LUT6    |  7309|
|11    |MUXF7   |  3328|
|12    |MUXF8   |  1536|
|13    |FDRE    | 26130|
|14    |FDSE    |     1|
+------+--------+------+
---------------------------------------------------------------------------------
Finished Writing Synthesis Report : Time (s): cpu = 00:01:49 ; elapsed = 00:01:53 . Memory (MB): peak = 2485.734 ; gain = 852.090 ; free physical = 684 ; free virtual = 3172
Synthesis current peak Physical Memory [PSS] (MB): peak = 1657.435; parent = 1470.524; children = 190.459
Synthesis current peak Virtual Memory [VSS] (MB): peak = 3424.992; parent = 2453.719; children = 971.273
---------------------------------------------------------------------------------
Synthesis finished with 0 errors, 0 critical warnings and 24 warnings.
Synthesis Optimization Runtime : Time (s): cpu = 00:01:37 ; elapsed = 00:01:43 . Memory (MB): peak = 2485.734 ; gain = 588.129 ; free physical = 750 ; free virtual = 3238
Synthesis Optimization Complete : Time (s): cpu = 00:01:49 ; elapsed = 00:01:53 . Memory (MB): peak = 2485.734 ; gain = 852.090 ; free physical = 746 ; free virtual = 3234
INFO: [Project 1-571] Translating synthesized netlist
Netlist sorting complete. Time (s): cpu = 00:00:00.52 ; elapsed = 00:00:00.52 . Memory (MB): peak = 2485.734 ; gain = 0.000 ; free physical = 665 ; free virtual = 3154
INFO: [Netlist 29-17] Analyzing 5879 Unisim elements for replacement
INFO: [Netlist 29-28] Unisim Transformation completed in 0 CPU seconds
INFO: [Project 1-570] Preparing netlist for logic optimization
INFO: [Opt 31-138] Pushed 0 inverter(s) to 0 load pin(s).
Netlist sorting complete. Time (s): cpu = 00:00:00.02 ; elapsed = 00:00:00.01 . Memory (MB): peak = 2485.734 ; gain = 0.000 ; free physical = 614 ; free virtual = 3103
INFO: [Project 1-111] Unisim Transformation Summary:
No Unisim elements were transformed.

Synth Design complete, checksum: ffe1e8e9
INFO: [Common 17-83] Releasing license: Synthesis
363 Infos, 125 Warnings, 0 Critical Warnings and 0 Errors encountered.
synth_design completed successfully
synth_design: Time (s): cpu = 00:02:04 ; elapsed = 00:02:06 . Memory (MB): peak = 2485.734 ; gain = 1168.715 ; free physical = 560 ; free virtual = 3048
INFO: [Common 17-1381] The checkpoint '/home/andreea/proiect_finn/output_ip_hardware/stitched_ip/finn_vivado_stitch_proj.runs/finn_design_MVAU_hls_1_0_synth_1/finn_design_MVAU_hls_1_0.dcp' has been generated.
write_vhdl: Time (s): cpu = 00:00:07 ; elapsed = 00:00:07 . Memory (MB): peak = 2549.766 ; gain = 0.000 ; free physical = 2482 ; free virtual = 5012
INFO: [Coretcl 2-1648] Added synthesis output to IP cache for IP finn_design_MVAU_hls_1_0, cache-ID = b0ddae2ec1d1452f
INFO: [Coretcl 2-1174] Renamed 19 cell refs.
INFO: [Common 17-1381] The checkpoint '/home/andreea/proiect_finn/output_ip_hardware/stitched_ip/finn_vivado_stitch_proj.runs/finn_design_MVAU_hls_1_0_synth_1/finn_design_MVAU_hls_1_0.dcp' has been generated.
INFO: [runtcl-4] Executing : report_utilization -file finn_design_MVAU_hls_1_0_utilization_synth.rpt -pb finn_design_MVAU_hls_1_0_utilization_synth.pb
write_vhdl: Time (s): cpu = 00:00:05 ; elapsed = 00:00:05 . Memory (MB): peak = 2549.766 ; gain = 0.000 ; free physical = 2892 ; free virtual = 5467
INFO: [Common 17-206] Exiting Vivado at Thu Apr 16 00:00:40 2026...
