Copyright 1986-2022 Xilinx, Inc. All Rights Reserved.
---------------------------------------------------------------------------------------------------------------------------------------------------------------------------------------------------------------------------------------------
| Tool Version : Vivado v.2022.2 (lin64) Build 3671981 Fri Oct 14 04:59:54 MDT 2022
| Date         : Sun Apr 19 16:48:12 2026
| Host         : DESKTOP-N2392HC running 64-bit Ubuntu 24.04.4 LTS
| Command      : report_timing_summary -max_paths 10 -report_unconstrained -file design_1_wrapper_timing_summary_routed.rpt -pb design_1_wrapper_timing_summary_routed.pb -rpx design_1_wrapper_timing_summary_routed.rpx -warn_on_violation
| Design       : design_1_wrapper
| Device       : 7z020-clg400
| Speed File   : -1  PRODUCTION 1.12 2019-11-22
---------------------------------------------------------------------------------------------------------------------------------------------------------------------------------------------------------------------------------------------

Timing Summary Report

------------------------------------------------------------------------------------------------
| Timer Settings
| --------------
------------------------------------------------------------------------------------------------

  Enable Multi Corner Analysis               :  Yes
  Enable Pessimism Removal                   :  Yes
  Pessimism Removal Resolution               :  Nearest Common Node
  Enable Input Delay Default Clock           :  No
  Enable Preset / Clear Arcs                 :  No
  Disable Flight Delays                      :  No
  Ignore I/O Paths                           :  No
  Timing Early Launch at Borrowing Latches   :  No
  Borrow Time for Max Delay Exceptions       :  Yes
  Merge Timing Exceptions                    :  Yes

  Corner  Analyze    Analyze    
  Name    Max Paths  Min Paths  
  ------  ---------  ---------  
  Slow    Yes        Yes        
  Fast    Yes        Yes        


------------------------------------------------------------------------------------------------
| Report Methodology
| ------------------
------------------------------------------------------------------------------------------------

Rule       Severity  Description                                  Violations  
---------  --------  -------------------------------------------  ----------  
LUTAR-1    Warning   LUT drives async reset alert                 1           
TIMING-18  Warning   Missing input or output delay                8           
XDCB-5     Warning   Runtime inefficient way to find pin objects  1           

Note: This report is based on the most recent report_methodology run and may not be up-to-date. Run report_methodology on the current design for the latest report.



check_timing report

Table of Contents
-----------------
1. checking no_clock (0)
2. checking constant_clock (0)
3. checking pulse_width_clock (0)
4. checking unconstrained_internal_endpoints (0)
5. checking no_input_delay (8)
6. checking no_output_delay (4)
7. checking multiple_clock (0)
8. checking generated_clocks (0)
9. checking loops (0)
10. checking partial_input_delay (0)
11. checking partial_output_delay (0)
12. checking latch_loops (0)

1. checking no_clock (0)
------------------------
 There are 0 register/latch pins with no clock.


2. checking constant_clock (0)
------------------------------
 There are 0 register/latch pins with constant_clock.


3. checking pulse_width_clock (0)
---------------------------------
 There are 0 register/latch pins which need pulse_width check


4. checking unconstrained_internal_endpoints (0)
------------------------------------------------
 There are 0 pins that are not constrained for maximum delay.

 There are 0 pins that are not constrained for maximum delay due to constant clock.


5. checking no_input_delay (8)
------------------------------
 There are 8 input ports with no input delay specified. (HIGH)

 There are 0 input ports with no input delay but user has a false path constraint.


6. checking no_output_delay (4)
-------------------------------
 There are 4 ports with no output delay specified. (HIGH)

 There are 0 ports with no output delay but user has a false path constraint

 There are 0 ports with no output delay but with a timing clock defined on it or propagating through it


7. checking multiple_clock (0)
------------------------------
 There are 0 register/latch pins with multiple clocks.


8. checking generated_clocks (0)
--------------------------------
 There are 0 generated clocks that are not connected to a clock source.


9. checking loops (0)
---------------------
 There are 0 combinational loops in the design.


10. checking partial_input_delay (0)
------------------------------------
 There are 0 input ports with partial input delay specified.


11. checking partial_output_delay (0)
-------------------------------------
 There are 0 ports with partial output delay specified.


12. checking latch_loops (0)
----------------------------
 There are 0 combinational latch loops in the design through latch input



------------------------------------------------------------------------------------------------
| Design Timing Summary
| ---------------------
------------------------------------------------------------------------------------------------

    WNS(ns)      TNS(ns)  TNS Failing Endpoints  TNS Total Endpoints      WHS(ns)      THS(ns)  THS Failing Endpoints  THS Total Endpoints     WPWS(ns)     TPWS(ns)  TPWS Failing Endpoints  TPWS Total Endpoints  
    -------      -------  ---------------------  -------------------      -------      -------  ---------------------  -------------------     --------     --------  ----------------------  --------------------  
      0.196        0.000                      0                93561        0.022        0.000                      0                93448        0.333        0.000                       0                 42073  


All user specified timing constraints are met.


------------------------------------------------------------------------------------------------
| Clock Summary
| -------------
------------------------------------------------------------------------------------------------

Clock                       Waveform(ns)         Period(ns)      Frequency(MHz)
-----                       ------------         ----------      --------------
clk_fpga_0                  {0.000 5.000}        10.000          100.000         
  I                         {0.000 1.000}        2.000           500.000         
    axi_dynclk_0_PXL_CLK_O  {0.000 4.000}        10.000          100.000         
  mmcm_fbclk_out            {0.000 5.000}        10.000          100.000         


------------------------------------------------------------------------------------------------
| Intra Clock Table
| -----------------
------------------------------------------------------------------------------------------------

Clock                           WNS(ns)      TNS(ns)  TNS Failing Endpoints  TNS Total Endpoints      WHS(ns)      THS(ns)  THS Failing Endpoints  THS Total Endpoints     WPWS(ns)     TPWS(ns)  TPWS Failing Endpoints  TPWS Total Endpoints  
-----                           -------      -------  ---------------------  -------------------      -------      -------  ---------------------  -------------------     --------     --------  ----------------------  --------------------  
clk_fpga_0                        0.196        0.000                      0                88048        0.022        0.000                      0                88048        2.500        0.000                       0                 39221  
  I                                                                                                                                                                           0.333        0.000                       0                    11  
    axi_dynclk_0_PXL_CLK_O        1.471        0.000                      0                 5368        0.092        0.000                      0                 5368        3.020        0.000                       0                  2839  
  mmcm_fbclk_out                                                                                                                                                              8.751        0.000                       0                     2  


------------------------------------------------------------------------------------------------
| Inter Clock Table
| -----------------
------------------------------------------------------------------------------------------------

From Clock              To Clock                    WNS(ns)      TNS(ns)  TNS Failing Endpoints  TNS Total Endpoints      WHS(ns)      THS(ns)  THS Failing Endpoints  THS Total Endpoints  
----------              --------                    -------      -------  ---------------------  -------------------      -------      -------  ---------------------  -------------------  
axi_dynclk_0_PXL_CLK_O  clk_fpga_0                    7.358        0.000                      0                   46                                                                        
clk_fpga_0              axi_dynclk_0_PXL_CLK_O        8.053        0.000                      0                   67                                                                        


------------------------------------------------------------------------------------------------
| Other Path Groups Table
| -----------------------
------------------------------------------------------------------------------------------------

Path Group         From Clock         To Clock               WNS(ns)      TNS(ns)  TNS Failing Endpoints  TNS Total Endpoints      WHS(ns)      THS(ns)  THS Failing Endpoints  THS Total Endpoints  
----------         ----------         --------               -------      -------  ---------------------  -------------------      -------      -------  ---------------------  -------------------  
**async_default**  clk_fpga_0         clk_fpga_0               6.259        0.000                      0                   32        0.630        0.000                      0                   32  


------------------------------------------------------------------------------------------------
| User Ignored Path Table
| -----------------------
------------------------------------------------------------------------------------------------

Path Group              From Clock              To Clock              
----------              ----------              --------              
(none)                                          axi_dynclk_0_PXL_CLK_O  
(none)                  clk_fpga_0              axi_dynclk_0_PXL_CLK_O  
(none)                                          clk_fpga_0              
(none)                  axi_dynclk_0_PXL_CLK_O  clk_fpga_0              
(none)                  clk_fpga_0              clk_fpga_0              


------------------------------------------------------------------------------------------------
| Unconstrained Path Table
| ------------------------
------------------------------------------------------------------------------------------------

Path Group      From Clock      To Clock      
----------      ----------      --------      
(none)          I                               
(none)          mmcm_fbclk_out                  
(none)                          clk_fpga_0      


------------------------------------------------------------------------------------------------
| Timing Details
| --------------
------------------------------------------------------------------------------------------------


---------------------------------------------------------------------------------------------------
From Clock:  clk_fpga_0
  To Clock:  clk_fpga_0

Setup :            0  Failing Endpoints,  Worst Slack        0.196ns,  Total Violation        0.000ns
Hold  :            0  Failing Endpoints,  Worst Slack        0.022ns,  Total Violation        0.000ns
PW    :            0  Failing Endpoints,  Worst Slack        2.500ns,  Total Violation        0.000ns
---------------------------------------------------------------------------------------------------


Max Delay Paths
--------------------------------------------------------------------------------------
Slack (MET) :             0.196ns  (required time - arrival time)
  Source:                 design_1_i/finn_design_0/MVAU_hls_1/MVAU_hls_1/inst/grp_Matrix_Vector_Activate_Stream_Batch_fu_540/flow_control_loop_pipe_sequential_init_U/ap_loop_init_int_reg_rep/C
                            (rising edge-triggered cell FDRE clocked by clk_fpga_0  {rise@0.000ns fall@5.000ns period=10.000ns})
  Destination:            design_1_i/finn_design_0/MVAU_hls_1/MVAU_hls_1/inst/grp_Matrix_Vector_Activate_Stream_Batch_fu_540/ap_phi_reg_pp0_iter1_inElem_1_reg_6292_reg[63]/D
                            (rising edge-triggered cell FDRE clocked by clk_fpga_0  {rise@0.000ns fall@5.000ns period=10.000ns})
  Path Group:             clk_fpga_0
  Path Type:              Setup (Max at Slow Process Corner)
  Requirement:            10.000ns  (clk_fpga_0 rise@10.000ns - clk_fpga_0 rise@0.000ns)
  Data Path Delay:        9.630ns  (logic 1.881ns (19.533%)  route 7.749ns (80.467%))
  Logic Levels:           5  (LUT3=1 LUT6=2 MUXF7=1 MUXF8=1)
  Clock Path Skew:        -0.051ns (DCD - SCD + CPR)
    Destination Clock Delay (DCD):    2.724ns = ( 12.724 - 10.000 ) 
    Source Clock Delay      (SCD):    3.004ns
    Clock Pessimism Removal (CPR):    0.229ns
  Clock Uncertainty:      0.154ns  ((TSJ^2 + TIJ^2)^1/2 + DJ) / 2 + PE
    Total System Jitter     (TSJ):    0.071ns
    Total Input Jitter      (TIJ):    0.300ns
    Discrete Jitter          (DJ):    0.000ns
    Phase Error              (PE):    0.000ns

    Location             Delay type                Incr(ns)  Path(ns)    Netlist Resource(s)
  -------------------------------------------------------------------    -------------------
                         (clock clk_fpga_0 rise edge)
                                                      0.000     0.000 r  
    PS7_X0Y0             PS7                          0.000     0.000 r  design_1_i/processing_system7_0/inst/PS7_i/FCLKCLK[0]
                         net (fo=1, routed)           1.193     1.193    design_1_i/processing_system7_0/inst/FCLK_CLK_unbuffered[0]
    BUFGCTRL_X0Y16       BUFG (Prop_bufg_I_O)         0.101     1.294 r  design_1_i/processing_system7_0/inst/buffer_fclk_clk_0.FCLK_CLK_0_BUFG/O
                         net (fo=39223, routed)       1.710     3.004    design_1_i/finn_design_0/MVAU_hls_1/MVAU_hls_1/inst/grp_Matrix_Vector_Activate_Stream_Batch_fu_540/flow_control_loop_pipe_sequential_init_U/ap_clk
    SLICE_X67Y63         FDRE                                         r  design_1_i/finn_design_0/MVAU_hls_1/MVAU_hls_1/inst/grp_Matrix_Vector_Activate_Stream_Batch_fu_540/flow_control_loop_pipe_sequential_init_U/ap_loop_init_int_reg_rep/C
  -------------------------------------------------------------------    -------------------
    SLICE_X67Y63         FDRE (Prop_fdre_C_Q)         0.456     3.460 f  design_1_i/finn_design_0/MVAU_hls_1/MVAU_hls_1/inst/grp_Matrix_Vector_Activate_Stream_Batch_fu_540/flow_control_loop_pipe_sequential_init_U/ap_loop_init_int_reg_rep/Q
                         net (fo=144, routed)         1.651     5.111    design_1_i/finn_design_0/MVAU_hls_1/MVAU_hls_1/inst/grp_Matrix_Vector_Activate_Stream_Batch_fu_540/flow_control_loop_pipe_sequential_init_U/ap_loop_init_int_reg_rep_n_3
    SLICE_X80Y76         LUT3 (Prop_lut3_I2_O)        0.118     5.229 r  design_1_i/finn_design_0/MVAU_hls_1/MVAU_hls_1/inst/grp_Matrix_Vector_Activate_Stream_Batch_fu_540/flow_control_loop_pipe_sequential_init_U/ap_phi_reg_pp0_iter1_inElem_1_reg_6292[63]_i_46/O
                         net (fo=120, routed)         2.598     7.827    design_1_i/finn_design_0/MVAU_hls_1/MVAU_hls_1/inst/grp_Matrix_Vector_Activate_Stream_Batch_fu_540/flow_control_loop_pipe_sequential_init_U/ap_phi_reg_pp0_iter1_inElem_1_reg_6292[63]_i_46_n_3
    SLICE_X74Y19         MUXF8 (Prop_muxf8_S_O)       0.475     8.302 r  design_1_i/finn_design_0/MVAU_hls_1/MVAU_hls_1/inst/grp_Matrix_Vector_Activate_Stream_Batch_fu_540/flow_control_loop_pipe_sequential_init_U/ap_phi_reg_pp0_iter1_inElem_1_reg_6292_reg[63]_i_43/O
                         net (fo=1, routed)           1.287     9.590    design_1_i/finn_design_0/MVAU_hls_1/MVAU_hls_1/inst/grp_Matrix_Vector_Activate_Stream_Batch_fu_540/flow_control_loop_pipe_sequential_init_U/mux_3929_64_1_1_U1/mux_4_6[63]
    SLICE_X81Y32         LUT6 (Prop_lut6_I1_O)        0.316     9.906 r  design_1_i/finn_design_0/MVAU_hls_1/MVAU_hls_1/inst/grp_Matrix_Vector_Activate_Stream_Batch_fu_540/flow_control_loop_pipe_sequential_init_U/ap_phi_reg_pp0_iter1_inElem_1_reg_6292[63]_i_17/O
                         net (fo=1, routed)           0.000     9.906    design_1_i/finn_design_0/MVAU_hls_1/MVAU_hls_1/inst/grp_Matrix_Vector_Activate_Stream_Batch_fu_540/flow_control_loop_pipe_sequential_init_U/mux_3929_64_1_1_U1/mux_6_1[63]
    SLICE_X81Y32         MUXF7 (Prop_muxf7_I1_O)      0.217    10.123 r  design_1_i/finn_design_0/MVAU_hls_1/MVAU_hls_1/inst/grp_Matrix_Vector_Activate_Stream_Batch_fu_540/flow_control_loop_pipe_sequential_init_U/ap_phi_reg_pp0_iter1_inElem_1_reg_6292_reg[63]_i_7/O
                         net (fo=1, routed)           2.212    12.335    design_1_i/finn_design_0/MVAU_hls_1/MVAU_hls_1/inst/grp_Matrix_Vector_Activate_Stream_Batch_fu_540/flow_control_loop_pipe_sequential_init_U/mux_3929_64_1_1_U1/mux_7_0[63]
    SLICE_X84Y91         LUT6 (Prop_lut6_I5_O)        0.299    12.634 r  design_1_i/finn_design_0/MVAU_hls_1/MVAU_hls_1/inst/grp_Matrix_Vector_Activate_Stream_Batch_fu_540/flow_control_loop_pipe_sequential_init_U/ap_phi_reg_pp0_iter1_inElem_1_reg_6292[63]_i_1/O
                         net (fo=1, routed)           0.000    12.634    design_1_i/finn_design_0/MVAU_hls_1/MVAU_hls_1/inst/grp_Matrix_Vector_Activate_Stream_Batch_fu_540/tmp_fu_7523_p394[63]
    SLICE_X84Y91         FDRE                                         r  design_1_i/finn_design_0/MVAU_hls_1/MVAU_hls_1/inst/grp_Matrix_Vector_Activate_Stream_Batch_fu_540/ap_phi_reg_pp0_iter1_inElem_1_reg_6292_reg[63]/D
  -------------------------------------------------------------------    -------------------

                         (clock clk_fpga_0 rise edge)
                                                     10.000    10.000 r  
    PS7_X0Y0             PS7                          0.000    10.000 r  design_1_i/processing_system7_0/inst/PS7_i/FCLKCLK[0]
                         net (fo=1, routed)           1.088    11.088    design_1_i/processing_system7_0/inst/FCLK_CLK_unbuffered[0]
    BUFGCTRL_X0Y16       BUFG (Prop_bufg_I_O)         0.091    11.179 r  design_1_i/processing_system7_0/inst/buffer_fclk_clk_0.FCLK_CLK_0_BUFG/O
                         net (fo=39223, routed)       1.545    12.724    design_1_i/finn_design_0/MVAU_hls_1/MVAU_hls_1/inst/grp_Matrix_Vector_Activate_Stream_Batch_fu_540/ap_clk
    SLICE_X84Y91         FDRE                                         r  design_1_i/finn_design_0/MVAU_hls_1/MVAU_hls_1/inst/grp_Matrix_Vector_Activate_Stream_Batch_fu_540/ap_phi_reg_pp0_iter1_inElem_1_reg_6292_reg[63]/C
                         clock pessimism              0.229    12.953    
                         clock uncertainty           -0.154    12.799    
    SLICE_X84Y91         FDRE (Setup_fdre_C_D)        0.031    12.830    design_1_i/finn_design_0/MVAU_hls_1/MVAU_hls_1/inst/grp_Matrix_Vector_Activate_Stream_Batch_fu_540/ap_phi_reg_pp0_iter1_inElem_1_reg_6292_reg[63]
  -------------------------------------------------------------------
                         required time                         12.830    
                         arrival time                         -12.634    
  -------------------------------------------------------------------
                         slack                                  0.196    

Slack (MET) :             0.237ns  (required time - arrival time)
  Source:                 design_1_i/finn_design_0/MVAU_hls_1/MVAU_hls_1/inst/grp_Matrix_Vector_Activate_Stream_Batch_fu_540_ap_start_reg_reg/C
                            (rising edge-triggered cell FDRE clocked by clk_fpga_0  {rise@0.000ns fall@5.000ns period=10.000ns})
  Destination:            design_1_i/finn_design_0/MVAU_hls_1/MVAU_hls_1/inst/grp_Matrix_Vector_Activate_Stream_Batch_fu_540/inputBuf_V_391_fu_2950_reg[0]/CE
                            (rising edge-triggered cell FDRE clocked by clk_fpga_0  {rise@0.000ns fall@5.000ns period=10.000ns})
  Path Group:             clk_fpga_0
  Path Type:              Setup (Max at Slow Process Corner)
  Requirement:            10.000ns  (clk_fpga_0 rise@10.000ns - clk_fpga_0 rise@0.000ns)
  Data Path Delay:        9.237ns  (logic 1.396ns (15.114%)  route 7.841ns (84.886%))
  Logic Levels:           6  (LUT2=1 LUT4=1 LUT6=4)
  Clock Path Skew:        -0.168ns (DCD - SCD + CPR)
    Destination Clock Delay (DCD):    2.729ns = ( 12.729 - 10.000 ) 
    Source Clock Delay      (SCD):    3.012ns
    Clock Pessimism Removal (CPR):    0.115ns
  Clock Uncertainty:      0.154ns  ((TSJ^2 + TIJ^2)^1/2 + DJ) / 2 + PE
    Total System Jitter     (TSJ):    0.071ns
    Total Input Jitter      (TIJ):    0.300ns
    Discrete Jitter          (DJ):    0.000ns
    Phase Error              (PE):    0.000ns

    Location             Delay type                Incr(ns)  Path(ns)    Netlist Resource(s)
  -------------------------------------------------------------------    -------------------
                         (clock clk_fpga_0 rise edge)
                                                      0.000     0.000 r  
    PS7_X0Y0             PS7                          0.000     0.000 r  design_1_i/processing_system7_0/inst/PS7_i/FCLKCLK[0]
                         net (fo=1, routed)           1.193     1.193    design_1_i/processing_system7_0/inst/FCLK_CLK_unbuffered[0]
    BUFGCTRL_X0Y16       BUFG (Prop_bufg_I_O)         0.101     1.294 r  design_1_i/processing_system7_0/inst/buffer_fclk_clk_0.FCLK_CLK_0_BUFG/O
                         net (fo=39223, routed)       1.718     3.012    design_1_i/finn_design_0/MVAU_hls_1/MVAU_hls_1/inst/ap_clk
    SLICE_X80Y61         FDRE                                         r  design_1_i/finn_design_0/MVAU_hls_1/MVAU_hls_1/inst/grp_Matrix_Vector_Activate_Stream_Batch_fu_540_ap_start_reg_reg/C
  -------------------------------------------------------------------    -------------------
    SLICE_X80Y61         FDRE (Prop_fdre_C_Q)         0.456     3.468 r  design_1_i/finn_design_0/MVAU_hls_1/MVAU_hls_1/inst/grp_Matrix_Vector_Activate_Stream_Batch_fu_540_ap_start_reg_reg/Q
                         net (fo=251, routed)         1.401     4.869    design_1_i/finn_design_0/MVAU_hls_1/MVAU_hls_1/inst/grp_Matrix_Vector_Activate_Stream_Batch_fu_540/flow_control_loop_pipe_sequential_init_U/grp_Matrix_Vector_Activate_Stream_Batch_fu_540_ap_start_reg
    SLICE_X64Y60         LUT2 (Prop_lut2_I1_O)        0.124     4.993 r  design_1_i/finn_design_0/MVAU_hls_1/MVAU_hls_1/inst/grp_Matrix_Vector_Activate_Stream_Batch_fu_540/flow_control_loop_pipe_sequential_init_U/inputBuf_V_74_fu_1682[63]_i_4/O
                         net (fo=191, routed)         1.375     6.369    design_1_i/finn_design_0/MVAU_hls_1/MVAU_hls_1/inst/grp_Matrix_Vector_Activate_Stream_Batch_fu_540/flow_control_loop_pipe_sequential_init_U/ap_loop_init
    SLICE_X74Y49         LUT6 (Prop_lut6_I2_O)        0.124     6.493 r  design_1_i/finn_design_0/MVAU_hls_1/MVAU_hls_1/inst/grp_Matrix_Vector_Activate_Stream_Batch_fu_540/flow_control_loop_pipe_sequential_init_U/inputBuf_V_74_fu_1682[63]_i_3/O
                         net (fo=23, routed)          0.907     7.400    design_1_i/finn_design_0/MVAU_hls_1/MVAU_hls_1/inst/grp_Matrix_Vector_Activate_Stream_Batch_fu_540/flow_control_loop_pipe_sequential_init_U/inputBuf_V_74_fu_1682[63]_i_3_n_3
    SLICE_X61Y54         LUT4 (Prop_lut4_I2_O)        0.118     7.518 f  design_1_i/finn_design_0/MVAU_hls_1/MVAU_hls_1/inst/grp_Matrix_Vector_Activate_Stream_Batch_fu_540/flow_control_loop_pipe_sequential_init_U/inputBuf_V_391_fu_2950[63]_i_58/O
                         net (fo=1, routed)           1.308     8.826    design_1_i/finn_design_0/MVAU_hls_1/MVAU_hls_1/inst/grp_Matrix_Vector_Activate_Stream_Batch_fu_540/flow_control_loop_pipe_sequential_init_U/inputBuf_V_391_fu_2950[63]_i_58_n_3
    SLICE_X66Y49         LUT6 (Prop_lut6_I2_O)        0.326     9.152 f  design_1_i/finn_design_0/MVAU_hls_1/MVAU_hls_1/inst/grp_Matrix_Vector_Activate_Stream_Batch_fu_540/flow_control_loop_pipe_sequential_init_U/inputBuf_V_391_fu_2950[63]_i_27/O
                         net (fo=1, routed)           1.014    10.166    design_1_i/finn_design_0/MVAU_hls_1/MVAU_hls_1/inst/grp_Matrix_Vector_Activate_Stream_Batch_fu_540/flow_control_loop_pipe_sequential_init_U/inputBuf_V_391_fu_2950[63]_i_27_n_3
    SLICE_X87Y46         LUT6 (Prop_lut6_I5_O)        0.124    10.290 r  design_1_i/finn_design_0/MVAU_hls_1/MVAU_hls_1/inst/grp_Matrix_Vector_Activate_Stream_Batch_fu_540/flow_control_loop_pipe_sequential_init_U/inputBuf_V_391_fu_2950[63]_i_7/O
                         net (fo=1, routed)           0.546    10.836    design_1_i/finn_design_0/MVAU_hls_1/MVAU_hls_1/inst/grp_Matrix_Vector_Activate_Stream_Batch_fu_540/flow_control_loop_pipe_sequential_init_U/inputBuf_V_391_fu_2950[63]_i_7_n_3
    SLICE_X87Y48         LUT6 (Prop_lut6_I4_O)        0.124    10.960 r  design_1_i/finn_design_0/MVAU_hls_1/MVAU_hls_1/inst/grp_Matrix_Vector_Activate_Stream_Batch_fu_540/flow_control_loop_pipe_sequential_init_U/inputBuf_V_391_fu_2950[63]_i_1/O
                         net (fo=64, routed)          1.289    12.249    design_1_i/finn_design_0/MVAU_hls_1/MVAU_hls_1/inst/grp_Matrix_Vector_Activate_Stream_Batch_fu_540/inputBuf_V_391_fu_29500
    SLICE_X85Y28         FDRE                                         r  design_1_i/finn_design_0/MVAU_hls_1/MVAU_hls_1/inst/grp_Matrix_Vector_Activate_Stream_Batch_fu_540/inputBuf_V_391_fu_2950_reg[0]/CE
  -------------------------------------------------------------------    -------------------

                         (clock clk_fpga_0 rise edge)
                                                     10.000    10.000 r  
    PS7_X0Y0             PS7                          0.000    10.000 r  design_1_i/processing_system7_0/inst/PS7_i/FCLKCLK[0]
                         net (fo=1, routed)           1.088    11.088    design_1_i/processing_system7_0/inst/FCLK_CLK_unbuffered[0]
    BUFGCTRL_X0Y16       BUFG (Prop_bufg_I_O)         0.091    11.179 r  design_1_i/processing_system7_0/inst/buffer_fclk_clk_0.FCLK_CLK_0_BUFG/O
                         net (fo=39223, routed)       1.550    12.729    design_1_i/finn_design_0/MVAU_hls_1/MVAU_hls_1/inst/grp_Matrix_Vector_Activate_Stream_Batch_fu_540/ap_clk
    SLICE_X85Y28         FDRE                                         r  design_1_i/finn_design_0/MVAU_hls_1/MVAU_hls_1/inst/grp_Matrix_Vector_Activate_Stream_Batch_fu_540/inputBuf_V_391_fu_2950_reg[0]/C
                         clock pessimism              0.115    12.844    
                         clock uncertainty           -0.154    12.690    
    SLICE_X85Y28         FDRE (Setup_fdre_C_CE)      -0.205    12.485    design_1_i/finn_design_0/MVAU_hls_1/MVAU_hls_1/inst/grp_Matrix_Vector_Activate_Stream_Batch_fu_540/inputBuf_V_391_fu_2950_reg[0]
  -------------------------------------------------------------------
                         required time                         12.485    
                         arrival time                         -12.249    
  -------------------------------------------------------------------
                         slack                                  0.237    

Slack (MET) :             0.301ns  (required time - arrival time)
  Source:                 design_1_i/finn_design_0/MVAU_hls_1/MVAU_hls_1/inst/grp_Matrix_Vector_Activate_Stream_Batch_fu_540_ap_start_reg_reg/C
                            (rising edge-triggered cell FDRE clocked by clk_fpga_0  {rise@0.000ns fall@5.000ns period=10.000ns})
  Destination:            design_1_i/finn_design_0/MVAU_hls_1/MVAU_hls_1/inst/grp_Matrix_Vector_Activate_Stream_Batch_fu_540/inputBuf_V_391_fu_2950_reg[32]/CE
                            (rising edge-triggered cell FDRE clocked by clk_fpga_0  {rise@0.000ns fall@5.000ns period=10.000ns})
  Path Group:             clk_fpga_0
  Path Type:              Setup (Max at Slow Process Corner)
  Requirement:            10.000ns  (clk_fpga_0 rise@10.000ns - clk_fpga_0 rise@0.000ns)
  Data Path Delay:        9.170ns  (logic 1.396ns (15.223%)  route 7.774ns (84.777%))
  Logic Levels:           6  (LUT2=1 LUT4=1 LUT6=4)
  Clock Path Skew:        -0.170ns (DCD - SCD + CPR)
    Destination Clock Delay (DCD):    2.727ns = ( 12.727 - 10.000 ) 
    Source Clock Delay      (SCD):    3.012ns
    Clock Pessimism Removal (CPR):    0.115ns
  Clock Uncertainty:      0.154ns  ((TSJ^2 + TIJ^2)^1/2 + DJ) / 2 + PE
    Total System Jitter     (TSJ):    0.071ns
    Total Input Jitter      (TIJ):    0.300ns
    Discrete Jitter          (DJ):    0.000ns
    Phase Error              (PE):    0.000ns

    Location             Delay type                Incr(ns)  Path(ns)    Netlist Resource(s)
  -------------------------------------------------------------------    -------------------
                         (clock clk_fpga_0 rise edge)
                                                      0.000     0.000 r  
    PS7_X0Y0             PS7                          0.000     0.000 r  design_1_i/processing_system7_0/inst/PS7_i/FCLKCLK[0]
                         net (fo=1, routed)           1.193     1.193    design_1_i/processing_system7_0/inst/FCLK_CLK_unbuffered[0]
    BUFGCTRL_X0Y16       BUFG (Prop_bufg_I_O)         0.101     1.294 r  design_1_i/processing_system7_0/inst/buffer_fclk_clk_0.FCLK_CLK_0_BUFG/O
                         net (fo=39223, routed)       1.718     3.012    design_1_i/finn_design_0/MVAU_hls_1/MVAU_hls_1/inst/ap_clk
    SLICE_X80Y61         FDRE                                         r  design_1_i/finn_design_0/MVAU_hls_1/MVAU_hls_1/inst/grp_Matrix_Vector_Activate_Stream_Batch_fu_540_ap_start_reg_reg/C
  -------------------------------------------------------------------    -------------------
    SLICE_X80Y61         FDRE (Prop_fdre_C_Q)         0.456     3.468 r  design_1_i/finn_design_0/MVAU_hls_1/MVAU_hls_1/inst/grp_Matrix_Vector_Activate_Stream_Batch_fu_540_ap_start_reg_reg/Q
                         net (fo=251, routed)         1.401     4.869    design_1_i/finn_design_0/MVAU_hls_1/MVAU_hls_1/inst/grp_Matrix_Vector_Activate_Stream_Batch_fu_540/flow_control_loop_pipe_sequential_init_U/grp_Matrix_Vector_Activate_Stream_Batch_fu_540_ap_start_reg
    SLICE_X64Y60         LUT2 (Prop_lut2_I1_O)        0.124     4.993 r  design_1_i/finn_design_0/MVAU_hls_1/MVAU_hls_1/inst/grp_Matrix_Vector_Activate_Stream_Batch_fu_540/flow_control_loop_pipe_sequential_init_U/inputBuf_V_74_fu_1682[63]_i_4/O
                         net (fo=191, routed)         1.375     6.369    design_1_i/finn_design_0/MVAU_hls_1/MVAU_hls_1/inst/grp_Matrix_Vector_Activate_Stream_Batch_fu_540/flow_control_loop_pipe_sequential_init_U/ap_loop_init
    SLICE_X74Y49         LUT6 (Prop_lut6_I2_O)        0.124     6.493 r  design_1_i/finn_design_0/MVAU_hls_1/MVAU_hls_1/inst/grp_Matrix_Vector_Activate_Stream_Batch_fu_540/flow_control_loop_pipe_sequential_init_U/inputBuf_V_74_fu_1682[63]_i_3/O
                         net (fo=23, routed)          0.907     7.400    design_1_i/finn_design_0/MVAU_hls_1/MVAU_hls_1/inst/grp_Matrix_Vector_Activate_Stream_Batch_fu_540/flow_control_loop_pipe_sequential_init_U/inputBuf_V_74_fu_1682[63]_i_3_n_3
    SLICE_X61Y54         LUT4 (Prop_lut4_I2_O)        0.118     7.518 f  design_1_i/finn_design_0/MVAU_hls_1/MVAU_hls_1/inst/grp_Matrix_Vector_Activate_Stream_Batch_fu_540/flow_control_loop_pipe_sequential_init_U/inputBuf_V_391_fu_2950[63]_i_58/O
                         net (fo=1, routed)           1.308     8.826    design_1_i/finn_design_0/MVAU_hls_1/MVAU_hls_1/inst/grp_Matrix_Vector_Activate_Stream_Batch_fu_540/flow_control_loop_pipe_sequential_init_U/inputBuf_V_391_fu_2950[63]_i_58_n_3
    SLICE_X66Y49         LUT6 (Prop_lut6_I2_O)        0.326     9.152 f  design_1_i/finn_design_0/MVAU_hls_1/MVAU_hls_1/inst/grp_Matrix_Vector_Activate_Stream_Batch_fu_540/flow_control_loop_pipe_sequential_init_U/inputBuf_V_391_fu_2950[63]_i_27/O
                         net (fo=1, routed)           1.014    10.166    design_1_i/finn_design_0/MVAU_hls_1/MVAU_hls_1/inst/grp_Matrix_Vector_Activate_Stream_Batch_fu_540/flow_control_loop_pipe_sequential_init_U/inputBuf_V_391_fu_2950[63]_i_27_n_3
    SLICE_X87Y46         LUT6 (Prop_lut6_I5_O)        0.124    10.290 r  design_1_i/finn_design_0/MVAU_hls_1/MVAU_hls_1/inst/grp_Matrix_Vector_Activate_Stream_Batch_fu_540/flow_control_loop_pipe_sequential_init_U/inputBuf_V_391_fu_2950[63]_i_7/O
                         net (fo=1, routed)           0.546    10.836    design_1_i/finn_design_0/MVAU_hls_1/MVAU_hls_1/inst/grp_Matrix_Vector_Activate_Stream_Batch_fu_540/flow_control_loop_pipe_sequential_init_U/inputBuf_V_391_fu_2950[63]_i_7_n_3
    SLICE_X87Y48         LUT6 (Prop_lut6_I4_O)        0.124    10.960 r  design_1_i/finn_design_0/MVAU_hls_1/MVAU_hls_1/inst/grp_Matrix_Vector_Activate_Stream_Batch_fu_540/flow_control_loop_pipe_sequential_init_U/inputBuf_V_391_fu_2950[63]_i_1/O
                         net (fo=64, routed)          1.222    12.182    design_1_i/finn_design_0/MVAU_hls_1/MVAU_hls_1/inst/grp_Matrix_Vector_Activate_Stream_Batch_fu_540/inputBuf_V_391_fu_29500
    SLICE_X71Y31         FDRE                                         r  design_1_i/finn_design_0/MVAU_hls_1/MVAU_hls_1/inst/grp_Matrix_Vector_Activate_Stream_Batch_fu_540/inputBuf_V_391_fu_2950_reg[32]/CE
  -------------------------------------------------------------------    -------------------

                         (clock clk_fpga_0 rise edge)
                                                     10.000    10.000 r  
    PS7_X0Y0             PS7                          0.000    10.000 r  design_1_i/processing_system7_0/inst/PS7_i/FCLKCLK[0]
                         net (fo=1, routed)           1.088    11.088    design_1_i/processing_system7_0/inst/FCLK_CLK_unbuffered[0]
    BUFGCTRL_X0Y16       BUFG (Prop_bufg_I_O)         0.091    11.179 r  design_1_i/processing_system7_0/inst/buffer_fclk_clk_0.FCLK_CLK_0_BUFG/O
                         net (fo=39223, routed)       1.548    12.727    design_1_i/finn_design_0/MVAU_hls_1/MVAU_hls_1/inst/grp_Matrix_Vector_Activate_Stream_Batch_fu_540/ap_clk
    SLICE_X71Y31         FDRE                                         r  design_1_i/finn_design_0/MVAU_hls_1/MVAU_hls_1/inst/grp_Matrix_Vector_Activate_Stream_Batch_fu_540/inputBuf_V_391_fu_2950_reg[32]/C
                         clock pessimism              0.115    12.842    
                         clock uncertainty           -0.154    12.688    
    SLICE_X71Y31         FDRE (Setup_fdre_C_CE)      -0.205    12.483    design_1_i/finn_design_0/MVAU_hls_1/MVAU_hls_1/inst/grp_Matrix_Vector_Activate_Stream_Batch_fu_540/inputBuf_V_391_fu_2950_reg[32]
  -------------------------------------------------------------------
                         required time                         12.483    
                         arrival time                         -12.182    
  -------------------------------------------------------------------
                         slack                                  0.301    

Slack (MET) :             0.301ns  (required time - arrival time)
  Source:                 design_1_i/finn_design_0/MVAU_hls_1/MVAU_hls_1/inst/grp_Matrix_Vector_Activate_Stream_Batch_fu_540_ap_start_reg_reg/C
                            (rising edge-triggered cell FDRE clocked by clk_fpga_0  {rise@0.000ns fall@5.000ns period=10.000ns})
  Destination:            design_1_i/finn_design_0/MVAU_hls_1/MVAU_hls_1/inst/grp_Matrix_Vector_Activate_Stream_Batch_fu_540/inputBuf_V_391_fu_2950_reg[41]/CE
                            (rising edge-triggered cell FDRE clocked by clk_fpga_0  {rise@0.000ns fall@5.000ns period=10.000ns})
  Path Group:             clk_fpga_0
  Path Type:              Setup (Max at Slow Process Corner)
  Requirement:            10.000ns  (clk_fpga_0 rise@10.000ns - clk_fpga_0 rise@0.000ns)
  Data Path Delay:        9.170ns  (logic 1.396ns (15.223%)  route 7.774ns (84.777%))
  Logic Levels:           6  (LUT2=1 LUT4=1 LUT6=4)
  Clock Path Skew:        -0.170ns (DCD - SCD + CPR)
    Destination Clock Delay (DCD):    2.727ns = ( 12.727 - 10.000 ) 
    Source Clock Delay      (SCD):    3.012ns
    Clock Pessimism Removal (CPR):    0.115ns
  Clock Uncertainty:      0.154ns  ((TSJ^2 + TIJ^2)^1/2 + DJ) / 2 + PE
    Total System Jitter     (TSJ):    0.071ns
    Total Input Jitter      (TIJ):    0.300ns
    Discrete Jitter          (DJ):    0.000ns
    Phase Error              (PE):    0.000ns

    Location             Delay type                Incr(ns)  Path(ns)    Netlist Resource(s)
  -------------------------------------------------------------------    -------------------
                         (clock clk_fpga_0 rise edge)
                                                      0.000     0.000 r  
    PS7_X0Y0             PS7                          0.000     0.000 r  design_1_i/processing_system7_0/inst/PS7_i/FCLKCLK[0]
                         net (fo=1, routed)           1.193     1.193    design_1_i/processing_system7_0/inst/FCLK_CLK_unbuffered[0]
    BUFGCTRL_X0Y16       BUFG (Prop_bufg_I_O)         0.101     1.294 r  design_1_i/processing_system7_0/inst/buffer_fclk_clk_0.FCLK_CLK_0_BUFG/O
                         net (fo=39223, routed)       1.718     3.012    design_1_i/finn_design_0/MVAU_hls_1/MVAU_hls_1/inst/ap_clk
    SLICE_X80Y61         FDRE                                         r  design_1_i/finn_design_0/MVAU_hls_1/MVAU_hls_1/inst/grp_Matrix_Vector_Activate_Stream_Batch_fu_540_ap_start_reg_reg/C
  -------------------------------------------------------------------    -------------------
    SLICE_X80Y61         FDRE (Prop_fdre_C_Q)         0.456     3.468 r  design_1_i/finn_design_0/MVAU_hls_1/MVAU_hls_1/inst/grp_Matrix_Vector_Activate_Stream_Batch_fu_540_ap_start_reg_reg/Q
                         net (fo=251, routed)         1.401     4.869    design_1_i/finn_design_0/MVAU_hls_1/MVAU_hls_1/inst/grp_Matrix_Vector_Activate_Stream_Batch_fu_540/flow_control_loop_pipe_sequential_init_U/grp_Matrix_Vector_Activate_Stream_Batch_fu_540_ap_start_reg
    SLICE_X64Y60         LUT2 (Prop_lut2_I1_O)        0.124     4.993 r  design_1_i/finn_design_0/MVAU_hls_1/MVAU_hls_1/inst/grp_Matrix_Vector_Activate_Stream_Batch_fu_540/flow_control_loop_pipe_sequential_init_U/inputBuf_V_74_fu_1682[63]_i_4/O
                         net (fo=191, routed)         1.375     6.369    design_1_i/finn_design_0/MVAU_hls_1/MVAU_hls_1/inst/grp_Matrix_Vector_Activate_Stream_Batch_fu_540/flow_control_loop_pipe_sequential_init_U/ap_loop_init
    SLICE_X74Y49         LUT6 (Prop_lut6_I2_O)        0.124     6.493 r  design_1_i/finn_design_0/MVAU_hls_1/MVAU_hls_1/inst/grp_Matrix_Vector_Activate_Stream_Batch_fu_540/flow_control_loop_pipe_sequential_init_U/inputBuf_V_74_fu_1682[63]_i_3/O
                         net (fo=23, routed)          0.907     7.400    design_1_i/finn_design_0/MVAU_hls_1/MVAU_hls_1/inst/grp_Matrix_Vector_Activate_Stream_Batch_fu_540/flow_control_loop_pipe_sequential_init_U/inputBuf_V_74_fu_1682[63]_i_3_n_3
    SLICE_X61Y54         LUT4 (Prop_lut4_I2_O)        0.118     7.518 f  design_1_i/finn_design_0/MVAU_hls_1/MVAU_hls_1/inst/grp_Matrix_Vector_Activate_Stream_Batch_fu_540/flow_control_loop_pipe_sequential_init_U/inputBuf_V_391_fu_2950[63]_i_58/O
                         net (fo=1, routed)           1.308     8.826    design_1_i/finn_design_0/MVAU_hls_1/MVAU_hls_1/inst/grp_Matrix_Vector_Activate_Stream_Batch_fu_540/flow_control_loop_pipe_sequential_init_U/inputBuf_V_391_fu_2950[63]_i_58_n_3
    SLICE_X66Y49         LUT6 (Prop_lut6_I2_O)        0.326     9.152 f  design_1_i/finn_design_0/MVAU_hls_1/MVAU_hls_1/inst/grp_Matrix_Vector_Activate_Stream_Batch_fu_540/flow_control_loop_pipe_sequential_init_U/inputBuf_V_391_fu_2950[63]_i_27/O
                         net (fo=1, routed)           1.014    10.166    design_1_i/finn_design_0/MVAU_hls_1/MVAU_hls_1/inst/grp_Matrix_Vector_Activate_Stream_Batch_fu_540/flow_control_loop_pipe_sequential_init_U/inputBuf_V_391_fu_2950[63]_i_27_n_3
    SLICE_X87Y46         LUT6 (Prop_lut6_I5_O)        0.124    10.290 r  design_1_i/finn_design_0/MVAU_hls_1/MVAU_hls_1/inst/grp_Matrix_Vector_Activate_Stream_Batch_fu_540/flow_control_loop_pipe_sequential_init_U/inputBuf_V_391_fu_2950[63]_i_7/O
                         net (fo=1, routed)           0.546    10.836    design_1_i/finn_design_0/MVAU_hls_1/MVAU_hls_1/inst/grp_Matrix_Vector_Activate_Stream_Batch_fu_540/flow_control_loop_pipe_sequential_init_U/inputBuf_V_391_fu_2950[63]_i_7_n_3
    SLICE_X87Y48         LUT6 (Prop_lut6_I4_O)        0.124    10.960 r  design_1_i/finn_design_0/MVAU_hls_1/MVAU_hls_1/inst/grp_Matrix_Vector_Activate_Stream_Batch_fu_540/flow_control_loop_pipe_sequential_init_U/inputBuf_V_391_fu_2950[63]_i_1/O
                         net (fo=64, routed)          1.222    12.182    design_1_i/finn_design_0/MVAU_hls_1/MVAU_hls_1/inst/grp_Matrix_Vector_Activate_Stream_Batch_fu_540/inputBuf_V_391_fu_29500
    SLICE_X71Y31         FDRE                                         r  design_1_i/finn_design_0/MVAU_hls_1/MVAU_hls_1/inst/grp_Matrix_Vector_Activate_Stream_Batch_fu_540/inputBuf_V_391_fu_2950_reg[41]/CE
  -------------------------------------------------------------------    -------------------

                         (clock clk_fpga_0 rise edge)
                                                     10.000    10.000 r  
    PS7_X0Y0             PS7                          0.000    10.000 r  design_1_i/processing_system7_0/inst/PS7_i/FCLKCLK[0]
                         net (fo=1, routed)           1.088    11.088    design_1_i/processing_system7_0/inst/FCLK_CLK_unbuffered[0]
    BUFGCTRL_X0Y16       BUFG (Prop_bufg_I_O)         0.091    11.179 r  design_1_i/processing_system7_0/inst/buffer_fclk_clk_0.FCLK_CLK_0_BUFG/O
                         net (fo=39223, routed)       1.548    12.727    design_1_i/finn_design_0/MVAU_hls_1/MVAU_hls_1/inst/grp_Matrix_Vector_Activate_Stream_Batch_fu_540/ap_clk
    SLICE_X71Y31         FDRE                                         r  design_1_i/finn_design_0/MVAU_hls_1/MVAU_hls_1/inst/grp_Matrix_Vector_Activate_Stream_Batch_fu_540/inputBuf_V_391_fu_2950_reg[41]/C
                         clock pessimism              0.115    12.842    
                         clock uncertainty           -0.154    12.688    
    SLICE_X71Y31         FDRE (Setup_fdre_C_CE)      -0.205    12.483    design_1_i/finn_design_0/MVAU_hls_1/MVAU_hls_1/inst/grp_Matrix_Vector_Activate_Stream_Batch_fu_540/inputBuf_V_391_fu_2950_reg[41]
  -------------------------------------------------------------------
                         required time                         12.483    
                         arrival time                         -12.182    
  -------------------------------------------------------------------
                         slack                                  0.301    

Slack (MET) :             0.301ns  (required time - arrival time)
  Source:                 design_1_i/finn_design_0/MVAU_hls_1/MVAU_hls_1/inst/grp_Matrix_Vector_Activate_Stream_Batch_fu_540_ap_start_reg_reg/C
                            (rising edge-triggered cell FDRE clocked by clk_fpga_0  {rise@0.000ns fall@5.000ns period=10.000ns})
  Destination:            design_1_i/finn_design_0/MVAU_hls_1/MVAU_hls_1/inst/grp_Matrix_Vector_Activate_Stream_Batch_fu_540/inputBuf_V_391_fu_2950_reg[42]/CE
                            (rising edge-triggered cell FDRE clocked by clk_fpga_0  {rise@0.000ns fall@5.000ns period=10.000ns})
  Path Group:             clk_fpga_0
  Path Type:              Setup (Max at Slow Process Corner)
  Requirement:            10.000ns  (clk_fpga_0 rise@10.000ns - clk_fpga_0 rise@0.000ns)
  Data Path Delay:        9.170ns  (logic 1.396ns (15.223%)  route 7.774ns (84.777%))
  Logic Levels:           6  (LUT2=1 LUT4=1 LUT6=4)
  Clock Path Skew:        -0.170ns (DCD - SCD + CPR)
    Destination Clock Delay (DCD):    2.727ns = ( 12.727 - 10.000 ) 
    Source Clock Delay      (SCD):    3.012ns
    Clock Pessimism Removal (CPR):    0.115ns
  Clock Uncertainty:      0.154ns  ((TSJ^2 + TIJ^2)^1/2 + DJ) / 2 + PE
    Total System Jitter     (TSJ):    0.071ns
    Total Input Jitter      (TIJ):    0.300ns
    Discrete Jitter          (DJ):    0.000ns
    Phase Error              (PE):    0.000ns

    Location             Delay type                Incr(ns)  Path(ns)    Netlist Resource(s)
  -------------------------------------------------------------------    -------------------
                         (clock clk_fpga_0 rise edge)
                                                      0.000     0.000 r  
    PS7_X0Y0             PS7                          0.000     0.000 r  design_1_i/processing_system7_0/inst/PS7_i/FCLKCLK[0]
                         net (fo=1, routed)           1.193     1.193    design_1_i/processing_system7_0/inst/FCLK_CLK_unbuffered[0]
    BUFGCTRL_X0Y16       BUFG (Prop_bufg_I_O)         0.101     1.294 r  design_1_i/processing_system7_0/inst/buffer_fclk_clk_0.FCLK_CLK_0_BUFG/O
                         net (fo=39223, routed)       1.718     3.012    design_1_i/finn_design_0/MVAU_hls_1/MVAU_hls_1/inst/ap_clk
    SLICE_X80Y61         FDRE                                         r  design_1_i/finn_design_0/MVAU_hls_1/MVAU_hls_1/inst/grp_Matrix_Vector_Activate_Stream_Batch_fu_540_ap_start_reg_reg/C
  -------------------------------------------------------------------    -------------------
    SLICE_X80Y61         FDRE (Prop_fdre_C_Q)         0.456     3.468 r  design_1_i/finn_design_0/MVAU_hls_1/MVAU_hls_1/inst/grp_Matrix_Vector_Activate_Stream_Batch_fu_540_ap_start_reg_reg/Q
                         net (fo=251, routed)         1.401     4.869    design_1_i/finn_design_0/MVAU_hls_1/MVAU_hls_1/inst/grp_Matrix_Vector_Activate_Stream_Batch_fu_540/flow_control_loop_pipe_sequential_init_U/grp_Matrix_Vector_Activate_Stream_Batch_fu_540_ap_start_reg
    SLICE_X64Y60         LUT2 (Prop_lut2_I1_O)        0.124     4.993 r  design_1_i/finn_design_0/MVAU_hls_1/MVAU_hls_1/inst/grp_Matrix_Vector_Activate_Stream_Batch_fu_540/flow_control_loop_pipe_sequential_init_U/inputBuf_V_74_fu_1682[63]_i_4/O
                         net (fo=191, routed)         1.375     6.369    design_1_i/finn_design_0/MVAU_hls_1/MVAU_hls_1/inst/grp_Matrix_Vector_Activate_Stream_Batch_fu_540/flow_control_loop_pipe_sequential_init_U/ap_loop_init
    SLICE_X74Y49         LUT6 (Prop_lut6_I2_O)        0.124     6.493 r  design_1_i/finn_design_0/MVAU_hls_1/MVAU_hls_1/inst/grp_Matrix_Vector_Activate_Stream_Batch_fu_540/flow_control_loop_pipe_sequential_init_U/inputBuf_V_74_fu_1682[63]_i_3/O
                         net (fo=23, routed)          0.907     7.400    design_1_i/finn_design_0/MVAU_hls_1/MVAU_hls_1/inst/grp_Matrix_Vector_Activate_Stream_Batch_fu_540/flow_control_loop_pipe_sequential_init_U/inputBuf_V_74_fu_1682[63]_i_3_n_3
    SLICE_X61Y54         LUT4 (Prop_lut4_I2_O)        0.118     7.518 f  design_1_i/finn_design_0/MVAU_hls_1/MVAU_hls_1/inst/grp_Matrix_Vector_Activate_Stream_Batch_fu_540/flow_control_loop_pipe_sequential_init_U/inputBuf_V_391_fu_2950[63]_i_58/O
                         net (fo=1, routed)           1.308     8.826    design_1_i/finn_design_0/MVAU_hls_1/MVAU_hls_1/inst/grp_Matrix_Vector_Activate_Stream_Batch_fu_540/flow_control_loop_pipe_sequential_init_U/inputBuf_V_391_fu_2950[63]_i_58_n_3
    SLICE_X66Y49         LUT6 (Prop_lut6_I2_O)        0.326     9.152 f  design_1_i/finn_design_0/MVAU_hls_1/MVAU_hls_1/inst/grp_Matrix_Vector_Activate_Stream_Batch_fu_540/flow_control_loop_pipe_sequential_init_U/inputBuf_V_391_fu_2950[63]_i_27/O
                         net (fo=1, routed)           1.014    10.166    design_1_i/finn_design_0/MVAU_hls_1/MVAU_hls_1/inst/grp_Matrix_Vector_Activate_Stream_Batch_fu_540/flow_control_loop_pipe_sequential_init_U/inputBuf_V_391_fu_2950[63]_i_27_n_3
    SLICE_X87Y46         LUT6 (Prop_lut6_I5_O)        0.124    10.290 r  design_1_i/finn_design_0/MVAU_hls_1/MVAU_hls_1/inst/grp_Matrix_Vector_Activate_Stream_Batch_fu_540/flow_control_loop_pipe_sequential_init_U/inputBuf_V_391_fu_2950[63]_i_7/O
                         net (fo=1, routed)           0.546    10.836    design_1_i/finn_design_0/MVAU_hls_1/MVAU_hls_1/inst/grp_Matrix_Vector_Activate_Stream_Batch_fu_540/flow_control_loop_pipe_sequential_init_U/inputBuf_V_391_fu_2950[63]_i_7_n_3
    SLICE_X87Y48         LUT6 (Prop_lut6_I4_O)        0.124    10.960 r  design_1_i/finn_design_0/MVAU_hls_1/MVAU_hls_1/inst/grp_Matrix_Vector_Activate_Stream_Batch_fu_540/flow_control_loop_pipe_sequential_init_U/inputBuf_V_391_fu_2950[63]_i_1/O
                         net (fo=64, routed)          1.222    12.182    design_1_i/finn_design_0/MVAU_hls_1/MVAU_hls_1/inst/grp_Matrix_Vector_Activate_Stream_Batch_fu_540/inputBuf_V_391_fu_29500
    SLICE_X71Y31         FDRE                                         r  design_1_i/finn_design_0/MVAU_hls_1/MVAU_hls_1/inst/grp_Matrix_Vector_Activate_Stream_Batch_fu_540/inputBuf_V_391_fu_2950_reg[42]/CE
  -------------------------------------------------------------------    -------------------

                         (clock clk_fpga_0 rise edge)
                                                     10.000    10.000 r  
    PS7_X0Y0             PS7                          0.000    10.000 r  design_1_i/processing_system7_0/inst/PS7_i/FCLKCLK[0]
                         net (fo=1, routed)           1.088    11.088    design_1_i/processing_system7_0/inst/FCLK_CLK_unbuffered[0]
    BUFGCTRL_X0Y16       BUFG (Prop_bufg_I_O)         0.091    11.179 r  design_1_i/processing_system7_0/inst/buffer_fclk_clk_0.FCLK_CLK_0_BUFG/O
                         net (fo=39223, routed)       1.548    12.727    design_1_i/finn_design_0/MVAU_hls_1/MVAU_hls_1/inst/grp_Matrix_Vector_Activate_Stream_Batch_fu_540/ap_clk
    SLICE_X71Y31         FDRE                                         r  design_1_i/finn_design_0/MVAU_hls_1/MVAU_hls_1/inst/grp_Matrix_Vector_Activate_Stream_Batch_fu_540/inputBuf_V_391_fu_2950_reg[42]/C
                         clock pessimism              0.115    12.842    
                         clock uncertainty           -0.154    12.688    
    SLICE_X71Y31         FDRE (Setup_fdre_C_CE)      -0.205    12.483    design_1_i/finn_design_0/MVAU_hls_1/MVAU_hls_1/inst/grp_Matrix_Vector_Activate_Stream_Batch_fu_540/inputBuf_V_391_fu_2950_reg[42]
  -------------------------------------------------------------------
                         required time                         12.483    
                         arrival time                         -12.182    
  -------------------------------------------------------------------
                         slack                                  0.301    

Slack (MET) :             0.301ns  (required time - arrival time)
  Source:                 design_1_i/finn_design_0/MVAU_hls_1/MVAU_hls_1/inst/grp_Matrix_Vector_Activate_Stream_Batch_fu_540_ap_start_reg_reg/C
                            (rising edge-triggered cell FDRE clocked by clk_fpga_0  {rise@0.000ns fall@5.000ns period=10.000ns})
  Destination:            design_1_i/finn_design_0/MVAU_hls_1/MVAU_hls_1/inst/grp_Matrix_Vector_Activate_Stream_Batch_fu_540/inputBuf_V_391_fu_2950_reg[50]/CE
                            (rising edge-triggered cell FDRE clocked by clk_fpga_0  {rise@0.000ns fall@5.000ns period=10.000ns})
  Path Group:             clk_fpga_0
  Path Type:              Setup (Max at Slow Process Corner)
  Requirement:            10.000ns  (clk_fpga_0 rise@10.000ns - clk_fpga_0 rise@0.000ns)
  Data Path Delay:        9.170ns  (logic 1.396ns (15.223%)  route 7.774ns (84.777%))
  Logic Levels:           6  (LUT2=1 LUT4=1 LUT6=4)
  Clock Path Skew:        -0.170ns (DCD - SCD + CPR)
    Destination Clock Delay (DCD):    2.727ns = ( 12.727 - 10.000 ) 
    Source Clock Delay      (SCD):    3.012ns
    Clock Pessimism Removal (CPR):    0.115ns
  Clock Uncertainty:      0.154ns  ((TSJ^2 + TIJ^2)^1/2 + DJ) / 2 + PE
    Total System Jitter     (TSJ):    0.071ns
    Total Input Jitter      (TIJ):    0.300ns
    Discrete Jitter          (DJ):    0.000ns
    Phase Error              (PE):    0.000ns

    Location             Delay type                Incr(ns)  Path(ns)    Netlist Resource(s)
  -------------------------------------------------------------------    -------------------
                         (clock clk_fpga_0 rise edge)
                                                      0.000     0.000 r  
    PS7_X0Y0             PS7                          0.000     0.000 r  design_1_i/processing_system7_0/inst/PS7_i/FCLKCLK[0]
                         net (fo=1, routed)           1.193     1.193    design_1_i/processing_system7_0/inst/FCLK_CLK_unbuffered[0]
    BUFGCTRL_X0Y16       BUFG (Prop_bufg_I_O)         0.101     1.294 r  design_1_i/processing_system7_0/inst/buffer_fclk_clk_0.FCLK_CLK_0_BUFG/O
                         net (fo=39223, routed)       1.718     3.012    design_1_i/finn_design_0/MVAU_hls_1/MVAU_hls_1/inst/ap_clk
    SLICE_X80Y61         FDRE                                         r  design_1_i/finn_design_0/MVAU_hls_1/MVAU_hls_1/inst/grp_Matrix_Vector_Activate_Stream_Batch_fu_540_ap_start_reg_reg/C
  -------------------------------------------------------------------    -------------------
    SLICE_X80Y61         FDRE (Prop_fdre_C_Q)         0.456     3.468 r  design_1_i/finn_design_0/MVAU_hls_1/MVAU_hls_1/inst/grp_Matrix_Vector_Activate_Stream_Batch_fu_540_ap_start_reg_reg/Q
                         net (fo=251, routed)         1.401     4.869    design_1_i/finn_design_0/MVAU_hls_1/MVAU_hls_1/inst/grp_Matrix_Vector_Activate_Stream_Batch_fu_540/flow_control_loop_pipe_sequential_init_U/grp_Matrix_Vector_Activate_Stream_Batch_fu_540_ap_start_reg
    SLICE_X64Y60         LUT2 (Prop_lut2_I1_O)        0.124     4.993 r  design_1_i/finn_design_0/MVAU_hls_1/MVAU_hls_1/inst/grp_Matrix_Vector_Activate_Stream_Batch_fu_540/flow_control_loop_pipe_sequential_init_U/inputBuf_V_74_fu_1682[63]_i_4/O
                         net (fo=191, routed)         1.375     6.369    design_1_i/finn_design_0/MVAU_hls_1/MVAU_hls_1/inst/grp_Matrix_Vector_Activate_Stream_Batch_fu_540/flow_control_loop_pipe_sequential_init_U/ap_loop_init
    SLICE_X74Y49         LUT6 (Prop_lut6_I2_O)        0.124     6.493 r  design_1_i/finn_design_0/MVAU_hls_1/MVAU_hls_1/inst/grp_Matrix_Vector_Activate_Stream_Batch_fu_540/flow_control_loop_pipe_sequential_init_U/inputBuf_V_74_fu_1682[63]_i_3/O
                         net (fo=23, routed)          0.907     7.400    design_1_i/finn_design_0/MVAU_hls_1/MVAU_hls_1/inst/grp_Matrix_Vector_Activate_Stream_Batch_fu_540/flow_control_loop_pipe_sequential_init_U/inputBuf_V_74_fu_1682[63]_i_3_n_3
    SLICE_X61Y54         LUT4 (Prop_lut4_I2_O)        0.118     7.518 f  design_1_i/finn_design_0/MVAU_hls_1/MVAU_hls_1/inst/grp_Matrix_Vector_Activate_Stream_Batch_fu_540/flow_control_loop_pipe_sequential_init_U/inputBuf_V_391_fu_2950[63]_i_58/O
                         net (fo=1, routed)           1.308     8.826    design_1_i/finn_design_0/MVAU_hls_1/MVAU_hls_1/inst/grp_Matrix_Vector_Activate_Stream_Batch_fu_540/flow_control_loop_pipe_sequential_init_U/inputBuf_V_391_fu_2950[63]_i_58_n_3
    SLICE_X66Y49         LUT6 (Prop_lut6_I2_O)        0.326     9.152 f  design_1_i/finn_design_0/MVAU_hls_1/MVAU_hls_1/inst/grp_Matrix_Vector_Activate_Stream_Batch_fu_540/flow_control_loop_pipe_sequential_init_U/inputBuf_V_391_fu_2950[63]_i_27/O
                         net (fo=1, routed)           1.014    10.166    design_1_i/finn_design_0/MVAU_hls_1/MVAU_hls_1/inst/grp_Matrix_Vector_Activate_Stream_Batch_fu_540/flow_control_loop_pipe_sequential_init_U/inputBuf_V_391_fu_2950[63]_i_27_n_3
    SLICE_X87Y46         LUT6 (Prop_lut6_I5_O)        0.124    10.290 r  design_1_i/finn_design_0/MVAU_hls_1/MVAU_hls_1/inst/grp_Matrix_Vector_Activate_Stream_Batch_fu_540/flow_control_loop_pipe_sequential_init_U/inputBuf_V_391_fu_2950[63]_i_7/O
                         net (fo=1, routed)           0.546    10.836    design_1_i/finn_design_0/MVAU_hls_1/MVAU_hls_1/inst/grp_Matrix_Vector_Activate_Stream_Batch_fu_540/flow_control_loop_pipe_sequential_init_U/inputBuf_V_391_fu_2950[63]_i_7_n_3
    SLICE_X87Y48         LUT6 (Prop_lut6_I4_O)        0.124    10.960 r  design_1_i/finn_design_0/MVAU_hls_1/MVAU_hls_1/inst/grp_Matrix_Vector_Activate_Stream_Batch_fu_540/flow_control_loop_pipe_sequential_init_U/inputBuf_V_391_fu_2950[63]_i_1/O
                         net (fo=64, routed)          1.222    12.182    design_1_i/finn_design_0/MVAU_hls_1/MVAU_hls_1/inst/grp_Matrix_Vector_Activate_Stream_Batch_fu_540/inputBuf_V_391_fu_29500
    SLICE_X71Y31         FDRE                                         r  design_1_i/finn_design_0/MVAU_hls_1/MVAU_hls_1/inst/grp_Matrix_Vector_Activate_Stream_Batch_fu_540/inputBuf_V_391_fu_2950_reg[50]/CE
  -------------------------------------------------------------------    -------------------

                         (clock clk_fpga_0 rise edge)
                                                     10.000    10.000 r  
    PS7_X0Y0             PS7                          0.000    10.000 r  design_1_i/processing_system7_0/inst/PS7_i/FCLKCLK[0]
                         net (fo=1, routed)           1.088    11.088    design_1_i/processing_system7_0/inst/FCLK_CLK_unbuffered[0]
    BUFGCTRL_X0Y16       BUFG (Prop_bufg_I_O)         0.091    11.179 r  design_1_i/processing_system7_0/inst/buffer_fclk_clk_0.FCLK_CLK_0_BUFG/O
                         net (fo=39223, routed)       1.548    12.727    design_1_i/finn_design_0/MVAU_hls_1/MVAU_hls_1/inst/grp_Matrix_Vector_Activate_Stream_Batch_fu_540/ap_clk
    SLICE_X71Y31         FDRE                                         r  design_1_i/finn_design_0/MVAU_hls_1/MVAU_hls_1/inst/grp_Matrix_Vector_Activate_Stream_Batch_fu_540/inputBuf_V_391_fu_2950_reg[50]/C
                         clock pessimism              0.115    12.842    
                         clock uncertainty           -0.154    12.688    
    SLICE_X71Y31         FDRE (Setup_fdre_C_CE)      -0.205    12.483    design_1_i/finn_design_0/MVAU_hls_1/MVAU_hls_1/inst/grp_Matrix_Vector_Activate_Stream_Batch_fu_540/inputBuf_V_391_fu_2950_reg[50]
  -------------------------------------------------------------------
                         required time                         12.483    
                         arrival time                         -12.182    
  -------------------------------------------------------------------
                         slack                                  0.301    

Slack (MET) :             0.301ns  (required time - arrival time)
  Source:                 design_1_i/finn_design_0/MVAU_hls_1/MVAU_hls_1/inst/grp_Matrix_Vector_Activate_Stream_Batch_fu_540/flow_control_loop_pipe_sequential_init_U/ap_loop_init_int_reg_rep/C
                            (rising edge-triggered cell FDRE clocked by clk_fpga_0  {rise@0.000ns fall@5.000ns period=10.000ns})
  Destination:            design_1_i/finn_design_0/MVAU_hls_1/MVAU_hls_1/inst/grp_Matrix_Vector_Activate_Stream_Batch_fu_540/ap_phi_reg_pp0_iter1_inElem_1_reg_6292_reg[61]/D
                            (rising edge-triggered cell FDRE clocked by clk_fpga_0  {rise@0.000ns fall@5.000ns period=10.000ns})
  Path Group:             clk_fpga_0
  Path Type:              Setup (Max at Slow Process Corner)
  Requirement:            10.000ns  (clk_fpga_0 rise@10.000ns - clk_fpga_0 rise@0.000ns)
  Data Path Delay:        9.549ns  (logic 1.876ns (19.647%)  route 7.673ns (80.353%))
  Logic Levels:           5  (LUT3=1 LUT6=2 MUXF7=1 MUXF8=1)
  Clock Path Skew:        -0.027ns (DCD - SCD + CPR)
    Destination Clock Delay (DCD):    2.713ns = ( 12.713 - 10.000 ) 
    Source Clock Delay      (SCD):    3.004ns
    Clock Pessimism Removal (CPR):    0.264ns
  Clock Uncertainty:      0.154ns  ((TSJ^2 + TIJ^2)^1/2 + DJ) / 2 + PE
    Total System Jitter     (TSJ):    0.071ns
    Total Input Jitter      (TIJ):    0.300ns
    Discrete Jitter          (DJ):    0.000ns
    Phase Error              (PE):    0.000ns

    Location             Delay type                Incr(ns)  Path(ns)    Netlist Resource(s)
  -------------------------------------------------------------------    -------------------
                         (clock clk_fpga_0 rise edge)
                                                      0.000     0.000 r  
    PS7_X0Y0             PS7                          0.000     0.000 r  design_1_i/processing_system7_0/inst/PS7_i/FCLKCLK[0]
                         net (fo=1, routed)           1.193     1.193    design_1_i/processing_system7_0/inst/FCLK_CLK_unbuffered[0]
    BUFGCTRL_X0Y16       BUFG (Prop_bufg_I_O)         0.101     1.294 r  design_1_i/processing_system7_0/inst/buffer_fclk_clk_0.FCLK_CLK_0_BUFG/O
                         net (fo=39223, routed)       1.710     3.004    design_1_i/finn_design_0/MVAU_hls_1/MVAU_hls_1/inst/grp_Matrix_Vector_Activate_Stream_Batch_fu_540/flow_control_loop_pipe_sequential_init_U/ap_clk
    SLICE_X67Y63         FDRE                                         r  design_1_i/finn_design_0/MVAU_hls_1/MVAU_hls_1/inst/grp_Matrix_Vector_Activate_Stream_Batch_fu_540/flow_control_loop_pipe_sequential_init_U/ap_loop_init_int_reg_rep/C
  -------------------------------------------------------------------    -------------------
    SLICE_X67Y63         FDRE (Prop_fdre_C_Q)         0.456     3.460 f  design_1_i/finn_design_0/MVAU_hls_1/MVAU_hls_1/inst/grp_Matrix_Vector_Activate_Stream_Batch_fu_540/flow_control_loop_pipe_sequential_init_U/ap_loop_init_int_reg_rep/Q
                         net (fo=144, routed)         1.651     5.111    design_1_i/finn_design_0/MVAU_hls_1/MVAU_hls_1/inst/grp_Matrix_Vector_Activate_Stream_Batch_fu_540/flow_control_loop_pipe_sequential_init_U/ap_loop_init_int_reg_rep_n_3
    SLICE_X80Y76         LUT3 (Prop_lut3_I2_O)        0.118     5.229 r  design_1_i/finn_design_0/MVAU_hls_1/MVAU_hls_1/inst/grp_Matrix_Vector_Activate_Stream_Batch_fu_540/flow_control_loop_pipe_sequential_init_U/ap_phi_reg_pp0_iter1_inElem_1_reg_6292[63]_i_46/O
                         net (fo=120, routed)         2.753     7.982    design_1_i/finn_design_0/MVAU_hls_1/MVAU_hls_1/inst/grp_Matrix_Vector_Activate_Stream_Batch_fu_540/flow_control_loop_pipe_sequential_init_U/ap_phi_reg_pp0_iter1_inElem_1_reg_6292[63]_i_46_n_3
    SLICE_X43Y117        MUXF8 (Prop_muxf8_S_O)       0.475     8.457 r  design_1_i/finn_design_0/MVAU_hls_1/MVAU_hls_1/inst/grp_Matrix_Vector_Activate_Stream_Batch_fu_540/flow_control_loop_pipe_sequential_init_U/ap_phi_reg_pp0_iter1_inElem_1_reg_6292_reg[61]_i_25/O
                         net (fo=1, routed)           1.686    10.143    design_1_i/finn_design_0/MVAU_hls_1/MVAU_hls_1/inst/grp_Matrix_Vector_Activate_Stream_Batch_fu_540/flow_control_loop_pipe_sequential_init_U/mux_3929_64_1_1_U1/mux_4_8[61]
    SLICE_X55Y82         LUT6 (Prop_lut6_I5_O)        0.316    10.459 r  design_1_i/finn_design_0/MVAU_hls_1/MVAU_hls_1/inst/grp_Matrix_Vector_Activate_Stream_Batch_fu_540/flow_control_loop_pipe_sequential_init_U/ap_phi_reg_pp0_iter1_inElem_1_reg_6292[61]_i_10/O
                         net (fo=1, routed)           0.000    10.459    design_1_i/finn_design_0/MVAU_hls_1/MVAU_hls_1/inst/grp_Matrix_Vector_Activate_Stream_Batch_fu_540/flow_control_loop_pipe_sequential_init_U/mux_3929_64_1_1_U1/mux_6_2[61]
    SLICE_X55Y82         MUXF7 (Prop_muxf7_I0_O)      0.212    10.671 r  design_1_i/finn_design_0/MVAU_hls_1/MVAU_hls_1/inst/grp_Matrix_Vector_Activate_Stream_Batch_fu_540/flow_control_loop_pipe_sequential_init_U/ap_phi_reg_pp0_iter1_inElem_1_reg_6292_reg[61]_i_4/O
                         net (fo=1, routed)           1.582    12.254    design_1_i/finn_design_0/MVAU_hls_1/MVAU_hls_1/inst/grp_Matrix_Vector_Activate_Stream_Batch_fu_540/flow_control_loop_pipe_sequential_init_U/mux_3929_64_1_1_U1/mux_7_1[61]
    SLICE_X67Y66         LUT6 (Prop_lut6_I3_O)        0.299    12.553 r  design_1_i/finn_design_0/MVAU_hls_1/MVAU_hls_1/inst/grp_Matrix_Vector_Activate_Stream_Batch_fu_540/flow_control_loop_pipe_sequential_init_U/ap_phi_reg_pp0_iter1_inElem_1_reg_6292[61]_i_1/O
                         net (fo=1, routed)           0.000    12.553    design_1_i/finn_design_0/MVAU_hls_1/MVAU_hls_1/inst/grp_Matrix_Vector_Activate_Stream_Batch_fu_540/tmp_fu_7523_p394[61]
    SLICE_X67Y66         FDRE                                         r  design_1_i/finn_design_0/MVAU_hls_1/MVAU_hls_1/inst/grp_Matrix_Vector_Activate_Stream_Batch_fu_540/ap_phi_reg_pp0_iter1_inElem_1_reg_6292_reg[61]/D
  -------------------------------------------------------------------    -------------------

                         (clock clk_fpga_0 rise edge)
                                                     10.000    10.000 r  
    PS7_X0Y0             PS7                          0.000    10.000 r  design_1_i/processing_system7_0/inst/PS7_i/FCLKCLK[0]
                         net (fo=1, routed)           1.088    11.088    design_1_i/processing_system7_0/inst/FCLK_CLK_unbuffered[0]
    BUFGCTRL_X0Y16       BUFG (Prop_bufg_I_O)         0.091    11.179 r  design_1_i/processing_system7_0/inst/buffer_fclk_clk_0.FCLK_CLK_0_BUFG/O
                         net (fo=39223, routed)       1.534    12.713    design_1_i/finn_design_0/MVAU_hls_1/MVAU_hls_1/inst/grp_Matrix_Vector_Activate_Stream_Batch_fu_540/ap_clk
    SLICE_X67Y66         FDRE                                         r  design_1_i/finn_design_0/MVAU_hls_1/MVAU_hls_1/inst/grp_Matrix_Vector_Activate_Stream_Batch_fu_540/ap_phi_reg_pp0_iter1_inElem_1_reg_6292_reg[61]/C
                         clock pessimism              0.264    12.977    
                         clock uncertainty           -0.154    12.823    
    SLICE_X67Y66         FDRE (Setup_fdre_C_D)        0.031    12.854    design_1_i/finn_design_0/MVAU_hls_1/MVAU_hls_1/inst/grp_Matrix_Vector_Activate_Stream_Batch_fu_540/ap_phi_reg_pp0_iter1_inElem_1_reg_6292_reg[61]
  -------------------------------------------------------------------
                         required time                         12.854    
                         arrival time                         -12.553    
  -------------------------------------------------------------------
                         slack                                  0.301    

Slack (MET) :             0.321ns  (required time - arrival time)
  Source:                 design_1_i/finn_design_0/MVAU_hls_1/MVAU_hls_1/inst/grp_Matrix_Vector_Activate_Stream_Batch_fu_540/flow_control_loop_pipe_sequential_init_U/ap_loop_init_int_reg_rep/C
                            (rising edge-triggered cell FDRE clocked by clk_fpga_0  {rise@0.000ns fall@5.000ns period=10.000ns})
  Destination:            design_1_i/finn_design_0/MVAU_hls_1/MVAU_hls_1/inst/grp_Matrix_Vector_Activate_Stream_Batch_fu_540/ap_phi_reg_pp0_iter1_inElem_1_reg_6292_reg[60]/D
                            (rising edge-triggered cell FDRE clocked by clk_fpga_0  {rise@0.000ns fall@5.000ns period=10.000ns})
  Path Group:             clk_fpga_0
  Path Type:              Setup (Max at Slow Process Corner)
  Requirement:            10.000ns  (clk_fpga_0 rise@10.000ns - clk_fpga_0 rise@0.000ns)
  Data Path Delay:        9.496ns  (logic 1.881ns (19.808%)  route 7.615ns (80.192%))
  Logic Levels:           5  (LUT3=1 LUT6=2 MUXF7=1 MUXF8=1)
  Clock Path Skew:        -0.060ns (DCD - SCD + CPR)
    Destination Clock Delay (DCD):    2.715ns = ( 12.715 - 10.000 ) 
    Source Clock Delay      (SCD):    3.004ns
    Clock Pessimism Removal (CPR):    0.229ns
  Clock Uncertainty:      0.154ns  ((TSJ^2 + TIJ^2)^1/2 + DJ) / 2 + PE
    Total System Jitter     (TSJ):    0.071ns
    Total Input Jitter      (TIJ):    0.300ns
    Discrete Jitter          (DJ):    0.000ns
    Phase Error              (PE):    0.000ns

    Location             Delay type                Incr(ns)  Path(ns)    Netlist Resource(s)
  -------------------------------------------------------------------    -------------------
                         (clock clk_fpga_0 rise edge)
                                                      0.000     0.000 r  
    PS7_X0Y0             PS7                          0.000     0.000 r  design_1_i/processing_system7_0/inst/PS7_i/FCLKCLK[0]
                         net (fo=1, routed)           1.193     1.193    design_1_i/processing_system7_0/inst/FCLK_CLK_unbuffered[0]
    BUFGCTRL_X0Y16       BUFG (Prop_bufg_I_O)         0.101     1.294 r  design_1_i/processing_system7_0/inst/buffer_fclk_clk_0.FCLK_CLK_0_BUFG/O
                         net (fo=39223, routed)       1.710     3.004    design_1_i/finn_design_0/MVAU_hls_1/MVAU_hls_1/inst/grp_Matrix_Vector_Activate_Stream_Batch_fu_540/flow_control_loop_pipe_sequential_init_U/ap_clk
    SLICE_X67Y63         FDRE                                         r  design_1_i/finn_design_0/MVAU_hls_1/MVAU_hls_1/inst/grp_Matrix_Vector_Activate_Stream_Batch_fu_540/flow_control_loop_pipe_sequential_init_U/ap_loop_init_int_reg_rep/C
  -------------------------------------------------------------------    -------------------
    SLICE_X67Y63         FDRE (Prop_fdre_C_Q)         0.456     3.460 f  design_1_i/finn_design_0/MVAU_hls_1/MVAU_hls_1/inst/grp_Matrix_Vector_Activate_Stream_Batch_fu_540/flow_control_loop_pipe_sequential_init_U/ap_loop_init_int_reg_rep/Q
                         net (fo=144, routed)         1.651     5.111    design_1_i/finn_design_0/MVAU_hls_1/MVAU_hls_1/inst/grp_Matrix_Vector_Activate_Stream_Batch_fu_540/flow_control_loop_pipe_sequential_init_U/ap_loop_init_int_reg_rep_n_3
    SLICE_X80Y76         LUT3 (Prop_lut3_I2_O)        0.118     5.229 r  design_1_i/finn_design_0/MVAU_hls_1/MVAU_hls_1/inst/grp_Matrix_Vector_Activate_Stream_Batch_fu_540/flow_control_loop_pipe_sequential_init_U/ap_phi_reg_pp0_iter1_inElem_1_reg_6292[63]_i_46/O
                         net (fo=120, routed)         2.366     7.595    design_1_i/finn_design_0/MVAU_hls_1/MVAU_hls_1/inst/grp_Matrix_Vector_Activate_Stream_Batch_fu_540/flow_control_loop_pipe_sequential_init_U/ap_phi_reg_pp0_iter1_inElem_1_reg_6292[63]_i_46_n_3
    SLICE_X53Y24         MUXF8 (Prop_muxf8_S_O)       0.475     8.070 r  design_1_i/finn_design_0/MVAU_hls_1/MVAU_hls_1/inst/grp_Matrix_Vector_Activate_Stream_Batch_fu_540/flow_control_loop_pipe_sequential_init_U/ap_phi_reg_pp0_iter1_inElem_1_reg_6292_reg[60]_i_35/O
                         net (fo=1, routed)           1.363     9.433    design_1_i/finn_design_0/MVAU_hls_1/MVAU_hls_1/inst/grp_Matrix_Vector_Activate_Stream_Batch_fu_540/flow_control_loop_pipe_sequential_init_U/mux_3929_64_1_1_U1/mux_4_6[60]
    SLICE_X60Y32         LUT6 (Prop_lut6_I1_O)        0.316     9.749 r  design_1_i/finn_design_0/MVAU_hls_1/MVAU_hls_1/inst/grp_Matrix_Vector_Activate_Stream_Batch_fu_540/flow_control_loop_pipe_sequential_init_U/ap_phi_reg_pp0_iter1_inElem_1_reg_6292[60]_i_13/O
                         net (fo=1, routed)           0.000     9.749    design_1_i/finn_design_0/MVAU_hls_1/MVAU_hls_1/inst/grp_Matrix_Vector_Activate_Stream_Batch_fu_540/flow_control_loop_pipe_sequential_init_U/mux_3929_64_1_1_U1/mux_6_1[60]
    SLICE_X60Y32         MUXF7 (Prop_muxf7_I1_O)      0.217     9.966 r  design_1_i/finn_design_0/MVAU_hls_1/MVAU_hls_1/inst/grp_Matrix_Vector_Activate_Stream_Batch_fu_540/flow_control_loop_pipe_sequential_init_U/ap_phi_reg_pp0_iter1_inElem_1_reg_6292_reg[60]_i_5/O
                         net (fo=1, routed)           2.235    12.201    design_1_i/finn_design_0/MVAU_hls_1/MVAU_hls_1/inst/grp_Matrix_Vector_Activate_Stream_Batch_fu_540/flow_control_loop_pipe_sequential_init_U/mux_3929_64_1_1_U1/mux_7_0[60]
    SLICE_X65Y86         LUT6 (Prop_lut6_I5_O)        0.299    12.500 r  design_1_i/finn_design_0/MVAU_hls_1/MVAU_hls_1/inst/grp_Matrix_Vector_Activate_Stream_Batch_fu_540/flow_control_loop_pipe_sequential_init_U/ap_phi_reg_pp0_iter1_inElem_1_reg_6292[60]_i_1/O
                         net (fo=1, routed)           0.000    12.500    design_1_i/finn_design_0/MVAU_hls_1/MVAU_hls_1/inst/grp_Matrix_Vector_Activate_Stream_Batch_fu_540/tmp_fu_7523_p394[60]
    SLICE_X65Y86         FDRE                                         r  design_1_i/finn_design_0/MVAU_hls_1/MVAU_hls_1/inst/grp_Matrix_Vector_Activate_Stream_Batch_fu_540/ap_phi_reg_pp0_iter1_inElem_1_reg_6292_reg[60]/D
  -------------------------------------------------------------------    -------------------

                         (clock clk_fpga_0 rise edge)
                                                     10.000    10.000 r  
    PS7_X0Y0             PS7                          0.000    10.000 r  design_1_i/processing_system7_0/inst/PS7_i/FCLKCLK[0]
                         net (fo=1, routed)           1.088    11.088    design_1_i/processing_system7_0/inst/FCLK_CLK_unbuffered[0]
    BUFGCTRL_X0Y16       BUFG (Prop_bufg_I_O)         0.091    11.179 r  design_1_i/processing_system7_0/inst/buffer_fclk_clk_0.FCLK_CLK_0_BUFG/O
                         net (fo=39223, routed)       1.536    12.715    design_1_i/finn_design_0/MVAU_hls_1/MVAU_hls_1/inst/grp_Matrix_Vector_Activate_Stream_Batch_fu_540/ap_clk
    SLICE_X65Y86         FDRE                                         r  design_1_i/finn_design_0/MVAU_hls_1/MVAU_hls_1/inst/grp_Matrix_Vector_Activate_Stream_Batch_fu_540/ap_phi_reg_pp0_iter1_inElem_1_reg_6292_reg[60]/C
                         clock pessimism              0.229    12.944    
                         clock uncertainty           -0.154    12.790    
    SLICE_X65Y86         FDRE (Setup_fdre_C_D)        0.031    12.821    design_1_i/finn_design_0/MVAU_hls_1/MVAU_hls_1/inst/grp_Matrix_Vector_Activate_Stream_Batch_fu_540/ap_phi_reg_pp0_iter1_inElem_1_reg_6292_reg[60]
  -------------------------------------------------------------------
                         required time                         12.821    
                         arrival time                         -12.500    
  -------------------------------------------------------------------
                         slack                                  0.321    

Slack (MET) :             0.346ns  (required time - arrival time)
  Source:                 design_1_i/finn_design_0/MVAU_hls_1/MVAU_hls_1/inst/grp_Matrix_Vector_Activate_Stream_Batch_fu_540_ap_start_reg_reg/C
                            (rising edge-triggered cell FDRE clocked by clk_fpga_0  {rise@0.000ns fall@5.000ns period=10.000ns})
  Destination:            design_1_i/finn_design_0/MVAU_hls_1/MVAU_hls_1/inst/grp_Matrix_Vector_Activate_Stream_Batch_fu_540/ap_phi_reg_pp0_iter1_inElem_1_reg_6292_reg[3]/D
                            (rising edge-triggered cell FDRE clocked by clk_fpga_0  {rise@0.000ns fall@5.000ns period=10.000ns})
  Path Group:             clk_fpga_0
  Path Type:              Setup (Max at Slow Process Corner)
  Requirement:            10.000ns  (clk_fpga_0 rise@10.000ns - clk_fpga_0 rise@0.000ns)
  Data Path Delay:        9.366ns  (logic 1.878ns (20.051%)  route 7.488ns (79.949%))
  Logic Levels:           7  (LUT3=1 LUT6=3 MUXF7=2 MUXF8=1)
  Clock Path Skew:        -0.163ns (DCD - SCD + CPR)
    Destination Clock Delay (DCD):    2.734ns = ( 12.734 - 10.000 ) 
    Source Clock Delay      (SCD):    3.012ns
    Clock Pessimism Removal (CPR):    0.115ns
  Clock Uncertainty:      0.154ns  ((TSJ^2 + TIJ^2)^1/2 + DJ) / 2 + PE
    Total System Jitter     (TSJ):    0.071ns
    Total Input Jitter      (TIJ):    0.300ns
    Discrete Jitter          (DJ):    0.000ns
    Phase Error              (PE):    0.000ns

    Location             Delay type                Incr(ns)  Path(ns)    Netlist Resource(s)
  -------------------------------------------------------------------    -------------------
                         (clock clk_fpga_0 rise edge)
                                                      0.000     0.000 r  
    PS7_X0Y0             PS7                          0.000     0.000 r  design_1_i/processing_system7_0/inst/PS7_i/FCLKCLK[0]
                         net (fo=1, routed)           1.193     1.193    design_1_i/processing_system7_0/inst/FCLK_CLK_unbuffered[0]
    BUFGCTRL_X0Y16       BUFG (Prop_bufg_I_O)         0.101     1.294 r  design_1_i/processing_system7_0/inst/buffer_fclk_clk_0.FCLK_CLK_0_BUFG/O
                         net (fo=39223, routed)       1.718     3.012    design_1_i/finn_design_0/MVAU_hls_1/MVAU_hls_1/inst/ap_clk
    SLICE_X80Y61         FDRE                                         r  design_1_i/finn_design_0/MVAU_hls_1/MVAU_hls_1/inst/grp_Matrix_Vector_Activate_Stream_Batch_fu_540_ap_start_reg_reg/C
  -------------------------------------------------------------------    -------------------
    SLICE_X80Y61         FDRE (Prop_fdre_C_Q)         0.456     3.468 f  design_1_i/finn_design_0/MVAU_hls_1/MVAU_hls_1/inst/grp_Matrix_Vector_Activate_Stream_Batch_fu_540_ap_start_reg_reg/Q
                         net (fo=251, routed)         1.973     5.441    design_1_i/finn_design_0/MVAU_hls_1/MVAU_hls_1/inst/grp_Matrix_Vector_Activate_Stream_Batch_fu_540/flow_control_loop_pipe_sequential_init_U/grp_Matrix_Vector_Activate_Stream_Batch_fu_540_ap_start_reg
    SLICE_X85Y99         LUT3 (Prop_lut3_I1_O)        0.124     5.565 r  design_1_i/finn_design_0/MVAU_hls_1/MVAU_hls_1/inst/grp_Matrix_Vector_Activate_Stream_Batch_fu_540/flow_control_loop_pipe_sequential_init_U/ap_phi_reg_pp0_iter1_inElem_1_reg_6292[63]_i_18/O
                         net (fo=1049, routed)        2.396     7.961    design_1_i/finn_design_0/MVAU_hls_1/MVAU_hls_1/inst/grp_Matrix_Vector_Activate_Stream_Batch_fu_540/flow_control_loop_pipe_sequential_init_U/ap_phi_reg_pp0_iter1_inElem_1_reg_6292[63]_i_18_n_3
    SLICE_X108Y56        LUT6 (Prop_lut6_I2_O)        0.124     8.085 r  design_1_i/finn_design_0/MVAU_hls_1/MVAU_hls_1/inst/grp_Matrix_Vector_Activate_Stream_Batch_fu_540/flow_control_loop_pipe_sequential_init_U/ap_phi_reg_pp0_iter1_inElem_1_reg_6292[3]_i_110/O
                         net (fo=1, routed)           0.000     8.085    design_1_i/finn_design_0/MVAU_hls_1/MVAU_hls_1/inst/grp_Matrix_Vector_Activate_Stream_Batch_fu_540/flow_control_loop_pipe_sequential_init_U/mux_3929_64_1_1_U1/mux_2_84[3]
    SLICE_X108Y56        MUXF7 (Prop_muxf7_I0_O)      0.241     8.326 r  design_1_i/finn_design_0/MVAU_hls_1/MVAU_hls_1/inst/grp_Matrix_Vector_Activate_Stream_Batch_fu_540/flow_control_loop_pipe_sequential_init_U/ap_phi_reg_pp0_iter1_inElem_1_reg_6292_reg[3]_i_50/O
                         net (fo=1, routed)           0.000     8.326    design_1_i/finn_design_0/MVAU_hls_1/MVAU_hls_1/inst/grp_Matrix_Vector_Activate_Stream_Batch_fu_540/flow_control_loop_pipe_sequential_init_U/mux_3929_64_1_1_U1/mux_3_42[3]
    SLICE_X108Y56        MUXF8 (Prop_muxf8_I0_O)      0.098     8.424 r  design_1_i/finn_design_0/MVAU_hls_1/MVAU_hls_1/inst/grp_Matrix_Vector_Activate_Stream_Batch_fu_540/flow_control_loop_pipe_sequential_init_U/ap_phi_reg_pp0_iter1_inElem_1_reg_6292_reg[3]_i_20/O
                         net (fo=1, routed)           1.303     9.727    design_1_i/finn_design_0/MVAU_hls_1/MVAU_hls_1/inst/grp_Matrix_Vector_Activate_Stream_Batch_fu_540/flow_control_loop_pipe_sequential_init_U/mux_3929_64_1_1_U1/mux_4_21[3]
    SLICE_X101Y47        LUT6 (Prop_lut6_I3_O)        0.319    10.046 r  design_1_i/finn_design_0/MVAU_hls_1/MVAU_hls_1/inst/grp_Matrix_Vector_Activate_Stream_Batch_fu_540/flow_control_loop_pipe_sequential_init_U/ap_phi_reg_pp0_iter1_inElem_1_reg_6292[3]_i_9/O
                         net (fo=1, routed)           0.000    10.046    design_1_i/finn_design_0/MVAU_hls_1/MVAU_hls_1/inst/grp_Matrix_Vector_Activate_Stream_Batch_fu_540/flow_control_loop_pipe_sequential_init_U/mux_3929_64_1_1_U1/mux_6_5[3]
    SLICE_X101Y47        MUXF7 (Prop_muxf7_I1_O)      0.217    10.263 r  design_1_i/finn_design_0/MVAU_hls_1/MVAU_hls_1/inst/grp_Matrix_Vector_Activate_Stream_Batch_fu_540/flow_control_loop_pipe_sequential_init_U/ap_phi_reg_pp0_iter1_inElem_1_reg_6292_reg[3]_i_3/O
                         net (fo=1, routed)           1.817    12.079    design_1_i/finn_design_0/MVAU_hls_1/MVAU_hls_1/inst/grp_Matrix_Vector_Activate_Stream_Batch_fu_540/flow_control_loop_pipe_sequential_init_U/mux_3929_64_1_1_U1/mux_7_2[3]
    SLICE_X78Y34         LUT6 (Prop_lut6_I1_O)        0.299    12.378 r  design_1_i/finn_design_0/MVAU_hls_1/MVAU_hls_1/inst/grp_Matrix_Vector_Activate_Stream_Batch_fu_540/flow_control_loop_pipe_sequential_init_U/ap_phi_reg_pp0_iter1_inElem_1_reg_6292[3]_i_1/O
                         net (fo=1, routed)           0.000    12.378    design_1_i/finn_design_0/MVAU_hls_1/MVAU_hls_1/inst/grp_Matrix_Vector_Activate_Stream_Batch_fu_540/tmp_fu_7523_p394[3]
    SLICE_X78Y34         FDRE                                         r  design_1_i/finn_design_0/MVAU_hls_1/MVAU_hls_1/inst/grp_Matrix_Vector_Activate_Stream_Batch_fu_540/ap_phi_reg_pp0_iter1_inElem_1_reg_6292_reg[3]/D
  -------------------------------------------------------------------    -------------------

                         (clock clk_fpga_0 rise edge)
                                                     10.000    10.000 r  
    PS7_X0Y0             PS7                          0.000    10.000 r  design_1_i/processing_system7_0/inst/PS7_i/FCLKCLK[0]
                         net (fo=1, routed)           1.088    11.088    design_1_i/processing_system7_0/inst/FCLK_CLK_unbuffered[0]
    BUFGCTRL_X0Y16       BUFG (Prop_bufg_I_O)         0.091    11.179 r  design_1_i/processing_system7_0/inst/buffer_fclk_clk_0.FCLK_CLK_0_BUFG/O
                         net (fo=39223, routed)       1.555    12.734    design_1_i/finn_design_0/MVAU_hls_1/MVAU_hls_1/inst/grp_Matrix_Vector_Activate_Stream_Batch_fu_540/ap_clk
    SLICE_X78Y34         FDRE                                         r  design_1_i/finn_design_0/MVAU_hls_1/MVAU_hls_1/inst/grp_Matrix_Vector_Activate_Stream_Batch_fu_540/ap_phi_reg_pp0_iter1_inElem_1_reg_6292_reg[3]/C
                         clock pessimism              0.115    12.849    
                         clock uncertainty           -0.154    12.695    
    SLICE_X78Y34         FDRE (Setup_fdre_C_D)        0.029    12.724    design_1_i/finn_design_0/MVAU_hls_1/MVAU_hls_1/inst/grp_Matrix_Vector_Activate_Stream_Batch_fu_540/ap_phi_reg_pp0_iter1_inElem_1_reg_6292_reg[3]
  -------------------------------------------------------------------
                         required time                         12.724    
                         arrival time                         -12.378    
  -------------------------------------------------------------------
                         slack                                  0.346    

Slack (MET) :             0.361ns  (required time - arrival time)
  Source:                 design_1_i/finn_design_0/MVAU_hls_1/MVAU_hls_1/inst/grp_Matrix_Vector_Activate_Stream_Batch_fu_540_ap_start_reg_reg/C
                            (rising edge-triggered cell FDRE clocked by clk_fpga_0  {rise@0.000ns fall@5.000ns period=10.000ns})
  Destination:            design_1_i/finn_design_0/MVAU_hls_1/MVAU_hls_1/inst/grp_Matrix_Vector_Activate_Stream_Batch_fu_540/ap_phi_reg_pp0_iter1_inElem_1_reg_6292_reg[18]/D
                            (rising edge-triggered cell FDRE clocked by clk_fpga_0  {rise@0.000ns fall@5.000ns period=10.000ns})
  Path Group:             clk_fpga_0
  Path Type:              Setup (Max at Slow Process Corner)
  Requirement:            10.000ns  (clk_fpga_0 rise@10.000ns - clk_fpga_0 rise@0.000ns)
  Data Path Delay:        9.406ns  (logic 1.926ns (20.477%)  route 7.480ns (79.523%))
  Logic Levels:           5  (LUT3=1 LUT6=2 MUXF7=1 MUXF8=1)
  Clock Path Skew:        -0.160ns (DCD - SCD + CPR)
    Destination Clock Delay (DCD):    2.737ns = ( 12.737 - 10.000 ) 
    Source Clock Delay      (SCD):    3.012ns
    Clock Pessimism Removal (CPR):    0.115ns
  Clock Uncertainty:      0.154ns  ((TSJ^2 + TIJ^2)^1/2 + DJ) / 2 + PE
    Total System Jitter     (TSJ):    0.071ns
    Total Input Jitter      (TIJ):    0.300ns
    Discrete Jitter          (DJ):    0.000ns
    Phase Error              (PE):    0.000ns

    Location             Delay type                Incr(ns)  Path(ns)    Netlist Resource(s)
  -------------------------------------------------------------------    -------------------
                         (clock clk_fpga_0 rise edge)
                                                      0.000     0.000 r  
    PS7_X0Y0             PS7                          0.000     0.000 r  design_1_i/processing_system7_0/inst/PS7_i/FCLKCLK[0]
                         net (fo=1, routed)           1.193     1.193    design_1_i/processing_system7_0/inst/FCLK_CLK_unbuffered[0]
    BUFGCTRL_X0Y16       BUFG (Prop_bufg_I_O)         0.101     1.294 r  design_1_i/processing_system7_0/inst/buffer_fclk_clk_0.FCLK_CLK_0_BUFG/O
                         net (fo=39223, routed)       1.718     3.012    design_1_i/finn_design_0/MVAU_hls_1/MVAU_hls_1/inst/ap_clk
    SLICE_X80Y61         FDRE                                         r  design_1_i/finn_design_0/MVAU_hls_1/MVAU_hls_1/inst/grp_Matrix_Vector_Activate_Stream_Batch_fu_540_ap_start_reg_reg/C
  -------------------------------------------------------------------    -------------------
    SLICE_X80Y61         FDRE (Prop_fdre_C_Q)         0.456     3.468 f  design_1_i/finn_design_0/MVAU_hls_1/MVAU_hls_1/inst/grp_Matrix_Vector_Activate_Stream_Batch_fu_540_ap_start_reg_reg/Q
                         net (fo=251, routed)         1.450     4.918    design_1_i/finn_design_0/MVAU_hls_1/MVAU_hls_1/inst/grp_Matrix_Vector_Activate_Stream_Batch_fu_540/flow_control_loop_pipe_sequential_init_U/grp_Matrix_Vector_Activate_Stream_Batch_fu_540_ap_start_reg
    SLICE_X80Y71         LUT3 (Prop_lut3_I1_O)        0.150     5.068 r  design_1_i/finn_design_0/MVAU_hls_1/MVAU_hls_1/inst/grp_Matrix_Vector_Activate_Stream_Batch_fu_540/flow_control_loop_pipe_sequential_init_U/ap_phi_reg_pp0_iter1_inElem_1_reg_6292[22]_i_38/O
                         net (fo=144, routed)         2.922     7.990    design_1_i/finn_design_0/MVAU_hls_1/MVAU_hls_1/inst/grp_Matrix_Vector_Activate_Stream_Batch_fu_540/flow_control_loop_pipe_sequential_init_U/ap_phi_reg_pp0_iter1_inElem_1_reg_6292[22]_i_38_n_3
    SLICE_X2Y47          MUXF8 (Prop_muxf8_S_O)       0.485     8.475 r  design_1_i/finn_design_0/MVAU_hls_1/MVAU_hls_1/inst/grp_Matrix_Vector_Activate_Stream_Batch_fu_540/flow_control_loop_pipe_sequential_init_U/ap_phi_reg_pp0_iter1_inElem_1_reg_6292_reg[18]_i_27/O
                         net (fo=1, routed)           1.747    10.221    design_1_i/finn_design_0/MVAU_hls_1/MVAU_hls_1/inst/grp_Matrix_Vector_Activate_Stream_Batch_fu_540/flow_control_loop_pipe_sequential_init_U/mux_3929_64_1_1_U1/mux_4_14[18]
    SLICE_X28Y44         LUT6 (Prop_lut6_I1_O)        0.319    10.540 r  design_1_i/finn_design_0/MVAU_hls_1/MVAU_hls_1/inst/grp_Matrix_Vector_Activate_Stream_Batch_fu_540/flow_control_loop_pipe_sequential_init_U/ap_phi_reg_pp0_iter1_inElem_1_reg_6292[18]_i_11/O
                         net (fo=1, routed)           0.000    10.540    design_1_i/finn_design_0/MVAU_hls_1/MVAU_hls_1/inst/grp_Matrix_Vector_Activate_Stream_Batch_fu_540/flow_control_loop_pipe_sequential_init_U/mux_3929_64_1_1_U1/mux_6_3[18]
    SLICE_X28Y44         MUXF7 (Prop_muxf7_I1_O)      0.217    10.757 r  design_1_i/finn_design_0/MVAU_hls_1/MVAU_hls_1/inst/grp_Matrix_Vector_Activate_Stream_Batch_fu_540/flow_control_loop_pipe_sequential_init_U/ap_phi_reg_pp0_iter1_inElem_1_reg_6292_reg[18]_i_4/O
                         net (fo=1, routed)           1.361    12.119    design_1_i/finn_design_0/MVAU_hls_1/MVAU_hls_1/inst/grp_Matrix_Vector_Activate_Stream_Batch_fu_540/flow_control_loop_pipe_sequential_init_U/mux_3929_64_1_1_U1/mux_7_1[18]
    SLICE_X66Y47         LUT6 (Prop_lut6_I3_O)        0.299    12.418 r  design_1_i/finn_design_0/MVAU_hls_1/MVAU_hls_1/inst/grp_Matrix_Vector_Activate_Stream_Batch_fu_540/flow_control_loop_pipe_sequential_init_U/ap_phi_reg_pp0_iter1_inElem_1_reg_6292[18]_i_1/O
                         net (fo=1, routed)           0.000    12.418    design_1_i/finn_design_0/MVAU_hls_1/MVAU_hls_1/inst/grp_Matrix_Vector_Activate_Stream_Batch_fu_540/tmp_fu_7523_p394[18]
    SLICE_X66Y47         FDRE                                         r  design_1_i/finn_design_0/MVAU_hls_1/MVAU_hls_1/inst/grp_Matrix_Vector_Activate_Stream_Batch_fu_540/ap_phi_reg_pp0_iter1_inElem_1_reg_6292_reg[18]/D
  -------------------------------------------------------------------    -------------------

                         (clock clk_fpga_0 rise edge)
                                                     10.000    10.000 r  
    PS7_X0Y0             PS7                          0.000    10.000 r  design_1_i/processing_system7_0/inst/PS7_i/FCLKCLK[0]
                         net (fo=1, routed)           1.088    11.088    design_1_i/processing_system7_0/inst/FCLK_CLK_unbuffered[0]
    BUFGCTRL_X0Y16       BUFG (Prop_bufg_I_O)         0.091    11.179 r  design_1_i/processing_system7_0/inst/buffer_fclk_clk_0.FCLK_CLK_0_BUFG/O
                         net (fo=39223, routed)       1.558    12.738    design_1_i/finn_design_0/MVAU_hls_1/MVAU_hls_1/inst/grp_Matrix_Vector_Activate_Stream_Batch_fu_540/ap_clk
    SLICE_X66Y47         FDRE                                         r  design_1_i/finn_design_0/MVAU_hls_1/MVAU_hls_1/inst/grp_Matrix_Vector_Activate_Stream_Batch_fu_540/ap_phi_reg_pp0_iter1_inElem_1_reg_6292_reg[18]/C
                         clock pessimism              0.115    12.852    
                         clock uncertainty           -0.154    12.698    
    SLICE_X66Y47         FDRE (Setup_fdre_C_D)        0.081    12.779    design_1_i/finn_design_0/MVAU_hls_1/MVAU_hls_1/inst/grp_Matrix_Vector_Activate_Stream_Batch_fu_540/ap_phi_reg_pp0_iter1_inElem_1_reg_6292_reg[18]
  -------------------------------------------------------------------
                         required time                         12.779    
                         arrival time                         -12.418    
  -------------------------------------------------------------------
                         slack                                  0.361    





Min Delay Paths
--------------------------------------------------------------------------------------
Slack (MET) :             0.022ns  (arrival time - required time)
  Source:                 design_1_i/hdmi/v_tc_0/U0/U_VIDEO_CTRL/AXI4_LITE_INTERFACE.ipif_proc_Req_d1_reg[0]/C
                            (rising edge-triggered cell FDRE clocked by clk_fpga_0  {rise@0.000ns fall@5.000ns period=10.000ns})
  Destination:            design_1_i/hdmi/v_tc_0/U0/U_VIDEO_CTRL/AXI4_LITE_INTERFACE.proc_sync1_reg[41]/D
                            (rising edge-triggered cell FDRE clocked by clk_fpga_0  {rise@0.000ns fall@5.000ns period=10.000ns})
  Path Group:             clk_fpga_0
  Path Type:              Hold (Min at Fast Process Corner)
  Requirement:            0.000ns  (clk_fpga_0 rise@0.000ns - clk_fpga_0 rise@0.000ns)
  Data Path Delay:        0.353ns  (logic 0.141ns (39.942%)  route 0.212ns (60.058%))
  Logic Levels:           0  
  Clock Path Skew:        0.261ns (DCD - SCD - CPR)
    Destination Clock Delay (DCD):    1.270ns
    Source Clock Delay      (SCD):    0.970ns
    Clock Pessimism Removal (CPR):    0.039ns

    Location             Delay type                Incr(ns)  Path(ns)    Netlist Resource(s)
  -------------------------------------------------------------------    -------------------
                         (clock clk_fpga_0 rise edge)
                                                      0.000     0.000 r  
    PS7_X0Y0             PS7                          0.000     0.000 r  design_1_i/processing_system7_0/inst/PS7_i/FCLKCLK[0]
                         net (fo=1, routed)           0.310     0.310    design_1_i/processing_system7_0/inst/FCLK_CLK_unbuffered[0]
    BUFGCTRL_X0Y16       BUFG (Prop_bufg_I_O)         0.026     0.336 r  design_1_i/processing_system7_0/inst/buffer_fclk_clk_0.FCLK_CLK_0_BUFG/O
                         net (fo=39223, routed)       0.634     0.970    design_1_i/hdmi/v_tc_0/U0/U_VIDEO_CTRL/aclk
    SLICE_X48Y137        FDRE                                         r  design_1_i/hdmi/v_tc_0/U0/U_VIDEO_CTRL/AXI4_LITE_INTERFACE.ipif_proc_Req_d1_reg[0]/C
  -------------------------------------------------------------------    -------------------
    SLICE_X48Y137        FDRE (Prop_fdre_C_Q)         0.141     1.111 r  design_1_i/hdmi/v_tc_0/U0/U_VIDEO_CTRL/AXI4_LITE_INTERFACE.ipif_proc_Req_d1_reg[0]/Q
                         net (fo=1, routed)           0.212     1.323    design_1_i/hdmi/v_tc_0/U0/U_VIDEO_CTRL/ipif_proc_Req_d1[0]
    SLICE_X51Y138        FDRE                                         r  design_1_i/hdmi/v_tc_0/U0/U_VIDEO_CTRL/AXI4_LITE_INTERFACE.proc_sync1_reg[41]/D
  -------------------------------------------------------------------    -------------------

                         (clock clk_fpga_0 rise edge)
                                                      0.000     0.000 r  
    PS7_X0Y0             PS7                          0.000     0.000 r  design_1_i/processing_system7_0/inst/PS7_i/FCLKCLK[0]
                         net (fo=1, routed)           0.337     0.337    design_1_i/processing_system7_0/inst/FCLK_CLK_unbuffered[0]
    BUFGCTRL_X0Y16       BUFG (Prop_bufg_I_O)         0.029     0.366 r  design_1_i/processing_system7_0/inst/buffer_fclk_clk_0.FCLK_CLK_0_BUFG/O
                         net (fo=39223, routed)       0.904     1.270    design_1_i/hdmi/v_tc_0/U0/U_VIDEO_CTRL/aclk
    SLICE_X51Y138        FDRE                                         r  design_1_i/hdmi/v_tc_0/U0/U_VIDEO_CTRL/AXI4_LITE_INTERFACE.proc_sync1_reg[41]/C
                         clock pessimism             -0.039     1.231    
    SLICE_X51Y138        FDRE (Hold_fdre_C_D)         0.070     1.301    design_1_i/hdmi/v_tc_0/U0/U_VIDEO_CTRL/AXI4_LITE_INTERFACE.proc_sync1_reg[41]
  -------------------------------------------------------------------
                         required time                         -1.301    
                         arrival time                           1.323    
  -------------------------------------------------------------------
                         slack                                  0.022    

Slack (MET) :             0.023ns  (arrival time - required time)
  Source:                 design_1_i/axi_dma_0/U0/I_PRMRY_DATAMOVER/GEN_S2MM_FULL.I_S2MM_FULL_WRAPPER/GEN_INCLUDE_REALIGNER.I_S2MM_REALIGNER/GEN_INCLUDE_SCATTER.I_S2MM_SCATTER/SLICE_INSERTION/storage_data_reg[6]/C
                            (rising edge-triggered cell FDRE clocked by clk_fpga_0  {rise@0.000ns fall@5.000ns period=10.000ns})
  Destination:            design_1_i/axi_dma_0/U0/I_PRMRY_DATAMOVER/GEN_S2MM_FULL.I_S2MM_FULL_WRAPPER/GEN_INCLUDE_REALIGNER.I_S2MM_REALIGNER/GEN_INCLUDE_SCATTER.I_S2MM_SCATTER/I_TSTRB_FIFO/USE_SRL_FIFO.I_SYNC_FIFO/I_SRL_FIFO_RBU_F/DYNSHREG_F_I/INFERRED_GEN.data_reg[15][2]_srl16/D
                            (rising edge-triggered cell SRL16E clocked by clk_fpga_0  {rise@0.000ns fall@5.000ns period=10.000ns})
  Path Group:             clk_fpga_0
  Path Type:              Hold (Min at Fast Process Corner)
  Requirement:            0.000ns  (clk_fpga_0 rise@0.000ns - clk_fpga_0 rise@0.000ns)
  Data Path Delay:        0.339ns  (logic 0.128ns (37.709%)  route 0.211ns (62.291%))
  Logic Levels:           0  
  Clock Path Skew:        0.260ns (DCD - SCD - CPR)
    Destination Clock Delay (DCD):    1.272ns
    Source Clock Delay      (SCD):    0.973ns
    Clock Pessimism Removal (CPR):    0.039ns

    Location             Delay type                Incr(ns)  Path(ns)    Netlist Resource(s)
  -------------------------------------------------------------------    -------------------
                         (clock clk_fpga_0 rise edge)
                                                      0.000     0.000 r  
    PS7_X0Y0             PS7                          0.000     0.000 r  design_1_i/processing_system7_0/inst/PS7_i/FCLKCLK[0]
                         net (fo=1, routed)           0.310     0.310    design_1_i/processing_system7_0/inst/FCLK_CLK_unbuffered[0]
    BUFGCTRL_X0Y16       BUFG (Prop_bufg_I_O)         0.026     0.336 r  design_1_i/processing_system7_0/inst/buffer_fclk_clk_0.FCLK_CLK_0_BUFG/O
                         net (fo=39223, routed)       0.637     0.973    design_1_i/axi_dma_0/U0/I_PRMRY_DATAMOVER/GEN_S2MM_FULL.I_S2MM_FULL_WRAPPER/GEN_INCLUDE_REALIGNER.I_S2MM_REALIGNER/GEN_INCLUDE_SCATTER.I_S2MM_SCATTER/SLICE_INSERTION/m_axi_s2mm_aclk
    SLICE_X49Y104        FDRE                                         r  design_1_i/axi_dma_0/U0/I_PRMRY_DATAMOVER/GEN_S2MM_FULL.I_S2MM_FULL_WRAPPER/GEN_INCLUDE_REALIGNER.I_S2MM_REALIGNER/GEN_INCLUDE_SCATTER.I_S2MM_SCATTER/SLICE_INSERTION/storage_data_reg[6]/C
  -------------------------------------------------------------------    -------------------
    SLICE_X49Y104        FDRE (Prop_fdre_C_Q)         0.128     1.101 r  design_1_i/axi_dma_0/U0/I_PRMRY_DATAMOVER/GEN_S2MM_FULL.I_S2MM_FULL_WRAPPER/GEN_INCLUDE_REALIGNER.I_S2MM_REALIGNER/GEN_INCLUDE_SCATTER.I_S2MM_SCATTER/SLICE_INSERTION/storage_data_reg[6]/Q
                         net (fo=1, routed)           0.211     1.312    design_1_i/axi_dma_0/U0/I_PRMRY_DATAMOVER/GEN_S2MM_FULL.I_S2MM_FULL_WRAPPER/GEN_INCLUDE_REALIGNER.I_S2MM_REALIGNER/GEN_INCLUDE_SCATTER.I_S2MM_SCATTER/I_TSTRB_FIFO/USE_SRL_FIFO.I_SYNC_FIFO/I_SRL_FIFO_RBU_F/DYNSHREG_F_I/gen_wr_a.gen_word_narrow.mem_reg_3[6]
    SLICE_X50Y103        SRL16E                                       r  design_1_i/axi_dma_0/U0/I_PRMRY_DATAMOVER/GEN_S2MM_FULL.I_S2MM_FULL_WRAPPER/GEN_INCLUDE_REALIGNER.I_S2MM_REALIGNER/GEN_INCLUDE_SCATTER.I_S2MM_SCATTER/I_TSTRB_FIFO/USE_SRL_FIFO.I_SYNC_FIFO/I_SRL_FIFO_RBU_F/DYNSHREG_F_I/INFERRED_GEN.data_reg[15][2]_srl16/D
  -------------------------------------------------------------------    -------------------

                         (clock clk_fpga_0 rise edge)
                                                      0.000     0.000 r  
    PS7_X0Y0             PS7                          0.000     0.000 r  design_1_i/processing_system7_0/inst/PS7_i/FCLKCLK[0]
                         net (fo=1, routed)           0.337     0.337    design_1_i/processing_system7_0/inst/FCLK_CLK_unbuffered[0]
    BUFGCTRL_X0Y16       BUFG (Prop_bufg_I_O)         0.029     0.366 r  design_1_i/processing_system7_0/inst/buffer_fclk_clk_0.FCLK_CLK_0_BUFG/O
                         net (fo=39223, routed)       0.906     1.272    design_1_i/axi_dma_0/U0/I_PRMRY_DATAMOVER/GEN_S2MM_FULL.I_S2MM_FULL_WRAPPER/GEN_INCLUDE_REALIGNER.I_S2MM_REALIGNER/GEN_INCLUDE_SCATTER.I_S2MM_SCATTER/I_TSTRB_FIFO/USE_SRL_FIFO.I_SYNC_FIFO/I_SRL_FIFO_RBU_F/DYNSHREG_F_I/m_axi_s2mm_aclk
    SLICE_X50Y103        SRL16E                                       r  design_1_i/axi_dma_0/U0/I_PRMRY_DATAMOVER/GEN_S2MM_FULL.I_S2MM_FULL_WRAPPER/GEN_INCLUDE_REALIGNER.I_S2MM_REALIGNER/GEN_INCLUDE_SCATTER.I_S2MM_SCATTER/I_TSTRB_FIFO/USE_SRL_FIFO.I_SYNC_FIFO/I_SRL_FIFO_RBU_F/DYNSHREG_F_I/INFERRED_GEN.data_reg[15][2]_srl16/CLK
                         clock pessimism             -0.039     1.233    
    SLICE_X50Y103        SRL16E (Hold_srl16e_CLK_D)
                                                      0.056     1.289    design_1_i/axi_dma_0/U0/I_PRMRY_DATAMOVER/GEN_S2MM_FULL.I_S2MM_FULL_WRAPPER/GEN_INCLUDE_REALIGNER.I_S2MM_REALIGNER/GEN_INCLUDE_SCATTER.I_S2MM_SCATTER/I_TSTRB_FIFO/USE_SRL_FIFO.I_SYNC_FIFO/I_SRL_FIFO_RBU_F/DYNSHREG_F_I/INFERRED_GEN.data_reg[15][2]_srl16
  -------------------------------------------------------------------
                         required time                         -1.289    
                         arrival time                           1.312    
  -------------------------------------------------------------------
                         slack                                  0.023    

Slack (MET) :             0.029ns  (arrival time - required time)
  Source:                 design_1_i/finn_design_0/StreamingDataWidthConverter_rtl_1/inst/impl/core/genUp.ADat_reg[13][1]/C
                            (rising edge-triggered cell FDRE clocked by clk_fpga_0  {rise@0.000ns fall@5.000ns period=10.000ns})
  Destination:            design_1_i/finn_design_0/StreamingFIFO_rtl_5/inst/impl/srl_reg[0][105]/D
                            (rising edge-triggered cell FDRE clocked by clk_fpga_0  {rise@0.000ns fall@5.000ns period=10.000ns})
  Path Group:             clk_fpga_0
  Path Type:              Hold (Min at Fast Process Corner)
  Requirement:            0.000ns  (clk_fpga_0 rise@0.000ns - clk_fpga_0 rise@0.000ns)
  Data Path Delay:        0.346ns  (logic 0.141ns (40.702%)  route 0.205ns (59.298%))
  Logic Levels:           0  
  Clock Path Skew:        0.258ns (DCD - SCD - CPR)
    Destination Clock Delay (DCD):    1.192ns
    Source Clock Delay      (SCD):    0.899ns
    Clock Pessimism Removal (CPR):    0.035ns

    Location             Delay type                Incr(ns)  Path(ns)    Netlist Resource(s)
  -------------------------------------------------------------------    -------------------
                         (clock clk_fpga_0 rise edge)
                                                      0.000     0.000 r  
    PS7_X0Y0             PS7                          0.000     0.000 r  design_1_i/processing_system7_0/inst/PS7_i/FCLKCLK[0]
                         net (fo=1, routed)           0.310     0.310    design_1_i/processing_system7_0/inst/FCLK_CLK_unbuffered[0]
    BUFGCTRL_X0Y16       BUFG (Prop_bufg_I_O)         0.026     0.336 r  design_1_i/processing_system7_0/inst/buffer_fclk_clk_0.FCLK_CLK_0_BUFG/O
                         net (fo=39223, routed)       0.563     0.899    design_1_i/finn_design_0/StreamingDataWidthConverter_rtl_1/inst/impl/core/ap_clk
    SLICE_X44Y0          FDRE                                         r  design_1_i/finn_design_0/StreamingDataWidthConverter_rtl_1/inst/impl/core/genUp.ADat_reg[13][1]/C
  -------------------------------------------------------------------    -------------------
    SLICE_X44Y0          FDRE (Prop_fdre_C_Q)         0.141     1.040 r  design_1_i/finn_design_0/StreamingDataWidthConverter_rtl_1/inst/impl/core/genUp.ADat_reg[13][1]/Q
                         net (fo=3, routed)           0.205     1.245    design_1_i/finn_design_0/StreamingFIFO_rtl_5/inst/impl/in0_V_TDATA[105]
    SLICE_X50Y1          FDRE                                         r  design_1_i/finn_design_0/StreamingFIFO_rtl_5/inst/impl/srl_reg[0][105]/D
  -------------------------------------------------------------------    -------------------

                         (clock clk_fpga_0 rise edge)
                                                      0.000     0.000 r  
    PS7_X0Y0             PS7                          0.000     0.000 r  design_1_i/processing_system7_0/inst/PS7_i/FCLKCLK[0]
                         net (fo=1, routed)           0.337     0.337    design_1_i/processing_system7_0/inst/FCLK_CLK_unbuffered[0]
    BUFGCTRL_X0Y16       BUFG (Prop_bufg_I_O)         0.029     0.366 r  design_1_i/processing_system7_0/inst/buffer_fclk_clk_0.FCLK_CLK_0_BUFG/O
                         net (fo=39223, routed)       0.826     1.192    design_1_i/finn_design_0/StreamingFIFO_rtl_5/inst/impl/ap_clk
    SLICE_X50Y1          FDRE                                         r  design_1_i/finn_design_0/StreamingFIFO_rtl_5/inst/impl/srl_reg[0][105]/C
                         clock pessimism             -0.035     1.157    
    SLICE_X50Y1          FDRE (Hold_fdre_C_D)         0.059     1.216    design_1_i/finn_design_0/StreamingFIFO_rtl_5/inst/impl/srl_reg[0][105]
  -------------------------------------------------------------------
                         required time                         -1.216    
                         arrival time                           1.245    
  -------------------------------------------------------------------
                         slack                                  0.029    

Slack (MET) :             0.031ns  (arrival time - required time)
  Source:                 design_1_i/hdmi/v_tc_0/U0/U_VIDEO_CTRL/AXI4_LITE_INTERFACE.SYNC2PROCCLK_I/data_sync_reg[2][20]/C
                            (rising edge-triggered cell FDRE clocked by clk_fpga_0  {rise@0.000ns fall@5.000ns period=10.000ns})
  Destination:            design_1_i/hdmi/v_tc_0/U0/U_VIDEO_CTRL/AXI4_LITE_INTERFACE.AXI_LITE_IPIF_I/I_SLAVE_ATTACHMENT/s_axi_rdata_i_reg[20]/D
                            (rising edge-triggered cell FDRE clocked by clk_fpga_0  {rise@0.000ns fall@5.000ns period=10.000ns})
  Path Group:             clk_fpga_0
  Path Type:              Hold (Min at Fast Process Corner)
  Requirement:            0.000ns  (clk_fpga_0 rise@0.000ns - clk_fpga_0 rise@0.000ns)
  Data Path Delay:        0.373ns  (logic 0.164ns (43.975%)  route 0.209ns (56.025%))
  Logic Levels:           0  
  Clock Path Skew:        0.267ns (DCD - SCD - CPR)
    Destination Clock Delay (DCD):    1.266ns
    Source Clock Delay      (SCD):    0.960ns
    Clock Pessimism Removal (CPR):    0.039ns

    Location             Delay type                Incr(ns)  Path(ns)    Netlist Resource(s)
  -------------------------------------------------------------------    -------------------
                         (clock clk_fpga_0 rise edge)
                                                      0.000     0.000 r  
    PS7_X0Y0             PS7                          0.000     0.000 r  design_1_i/processing_system7_0/inst/PS7_i/FCLKCLK[0]
                         net (fo=1, routed)           0.310     0.310    design_1_i/processing_system7_0/inst/FCLK_CLK_unbuffered[0]
    BUFGCTRL_X0Y16       BUFG (Prop_bufg_I_O)         0.026     0.336 r  design_1_i/processing_system7_0/inst/buffer_fclk_clk_0.FCLK_CLK_0_BUFG/O
                         net (fo=39223, routed)       0.624     0.960    design_1_i/hdmi/v_tc_0/U0/U_VIDEO_CTRL/AXI4_LITE_INTERFACE.SYNC2PROCCLK_I/aclk
    SLICE_X50Y128        FDRE                                         r  design_1_i/hdmi/v_tc_0/U0/U_VIDEO_CTRL/AXI4_LITE_INTERFACE.SYNC2PROCCLK_I/data_sync_reg[2][20]/C
  -------------------------------------------------------------------    -------------------
    SLICE_X50Y128        FDRE (Prop_fdre_C_Q)         0.164     1.124 r  design_1_i/hdmi/v_tc_0/U0/U_VIDEO_CTRL/AXI4_LITE_INTERFACE.SYNC2PROCCLK_I/data_sync_reg[2][20]/Q
                         net (fo=1, routed)           0.209     1.333    design_1_i/hdmi/v_tc_0/U0/U_VIDEO_CTRL/AXI4_LITE_INTERFACE.AXI_LITE_IPIF_I/I_SLAVE_ATTACHMENT/out_data[20]
    SLICE_X49Y130        FDRE                                         r  design_1_i/hdmi/v_tc_0/U0/U_VIDEO_CTRL/AXI4_LITE_INTERFACE.AXI_LITE_IPIF_I/I_SLAVE_ATTACHMENT/s_axi_rdata_i_reg[20]/D
  -------------------------------------------------------------------    -------------------

                         (clock clk_fpga_0 rise edge)
                                                      0.000     0.000 r  
    PS7_X0Y0             PS7                          0.000     0.000 r  design_1_i/processing_system7_0/inst/PS7_i/FCLKCLK[0]
                         net (fo=1, routed)           0.337     0.337    design_1_i/processing_system7_0/inst/FCLK_CLK_unbuffered[0]
    BUFGCTRL_X0Y16       BUFG (Prop_bufg_I_O)         0.029     0.366 r  design_1_i/processing_system7_0/inst/buffer_fclk_clk_0.FCLK_CLK_0_BUFG/O
                         net (fo=39223, routed)       0.900     1.266    design_1_i/hdmi/v_tc_0/U0/U_VIDEO_CTRL/AXI4_LITE_INTERFACE.AXI_LITE_IPIF_I/I_SLAVE_ATTACHMENT/aclk
    SLICE_X49Y130        FDRE                                         r  design_1_i/hdmi/v_tc_0/U0/U_VIDEO_CTRL/AXI4_LITE_INTERFACE.AXI_LITE_IPIF_I/I_SLAVE_ATTACHMENT/s_axi_rdata_i_reg[20]/C
                         clock pessimism             -0.039     1.227    
    SLICE_X49Y130        FDRE (Hold_fdre_C_D)         0.075     1.302    design_1_i/hdmi/v_tc_0/U0/U_VIDEO_CTRL/AXI4_LITE_INTERFACE.AXI_LITE_IPIF_I/I_SLAVE_ATTACHMENT/s_axi_rdata_i_reg[20]
  -------------------------------------------------------------------
                         required time                         -1.302    
                         arrival time                           1.333    
  -------------------------------------------------------------------
                         slack                                  0.031    

Slack (MET) :             0.031ns  (arrival time - required time)
  Source:                 design_1_i/axi_gpio_btn_and_sw/U0/gpio_core_1/Dual.INPUT_DOUBLE_REGS5/GENERATE_LEVEL_P_S_CDC.MULTI_BIT.FOR_CROSS_PLEVEL_IN2SCNDRY_bus_d4[0].CROSS2_PLEVEL_IN2SCNDRY_s_level_out_bus_d4/C
                            (rising edge-triggered cell FDRE clocked by clk_fpga_0  {rise@0.000ns fall@5.000ns period=10.000ns})
  Destination:            design_1_i/axi_gpio_btn_and_sw/U0/gpio_core_1/Dual.gpio2_Data_In_reg[3]/D
                            (rising edge-triggered cell FDRE clocked by clk_fpga_0  {rise@0.000ns fall@5.000ns period=10.000ns})
  Path Group:             clk_fpga_0
  Path Type:              Hold (Min at Fast Process Corner)
  Requirement:            0.000ns  (clk_fpga_0 rise@0.000ns - clk_fpga_0 rise@0.000ns)
  Data Path Delay:        0.306ns  (logic 0.128ns (41.889%)  route 0.178ns (58.111%))
  Logic Levels:           0  
  Clock Path Skew:        0.264ns (DCD - SCD - CPR)
    Destination Clock Delay (DCD):    1.263ns
    Source Clock Delay      (SCD):    0.960ns
    Clock Pessimism Removal (CPR):    0.039ns

    Location             Delay type                Incr(ns)  Path(ns)    Netlist Resource(s)
  -------------------------------------------------------------------    -------------------
                         (clock clk_fpga_0 rise edge)
                                                      0.000     0.000 r  
    PS7_X0Y0             PS7                          0.000     0.000 r  design_1_i/processing_system7_0/inst/PS7_i/FCLKCLK[0]
                         net (fo=1, routed)           0.310     0.310    design_1_i/processing_system7_0/inst/FCLK_CLK_unbuffered[0]
    BUFGCTRL_X0Y16       BUFG (Prop_bufg_I_O)         0.026     0.336 r  design_1_i/processing_system7_0/inst/buffer_fclk_clk_0.FCLK_CLK_0_BUFG/O
                         net (fo=39223, routed)       0.624     0.960    design_1_i/axi_gpio_btn_and_sw/U0/gpio_core_1/Dual.INPUT_DOUBLE_REGS5/s_axi_aclk
    SLICE_X51Y127        FDRE                                         r  design_1_i/axi_gpio_btn_and_sw/U0/gpio_core_1/Dual.INPUT_DOUBLE_REGS5/GENERATE_LEVEL_P_S_CDC.MULTI_BIT.FOR_CROSS_PLEVEL_IN2SCNDRY_bus_d4[0].CROSS2_PLEVEL_IN2SCNDRY_s_level_out_bus_d4/C
  -------------------------------------------------------------------    -------------------
    SLICE_X51Y127        FDRE (Prop_fdre_C_Q)         0.128     1.088 r  design_1_i/axi_gpio_btn_and_sw/U0/gpio_core_1/Dual.INPUT_DOUBLE_REGS5/GENERATE_LEVEL_P_S_CDC.MULTI_BIT.FOR_CROSS_PLEVEL_IN2SCNDRY_bus_d4[0].CROSS2_PLEVEL_IN2SCNDRY_s_level_out_bus_d4/Q
                         net (fo=1, routed)           0.178     1.266    design_1_i/axi_gpio_btn_and_sw/U0/gpio_core_1/Dual.gpio2_io_i_d2[3]
    SLICE_X46Y127        FDRE                                         r  design_1_i/axi_gpio_btn_and_sw/U0/gpio_core_1/Dual.gpio2_Data_In_reg[3]/D
  -------------------------------------------------------------------    -------------------

                         (clock clk_fpga_0 rise edge)
                                                      0.000     0.000 r  
    PS7_X0Y0             PS7                          0.000     0.000 r  design_1_i/processing_system7_0/inst/PS7_i/FCLKCLK[0]
                         net (fo=1, routed)           0.337     0.337    design_1_i/processing_system7_0/inst/FCLK_CLK_unbuffered[0]
    BUFGCTRL_X0Y16       BUFG (Prop_bufg_I_O)         0.029     0.366 r  design_1_i/processing_system7_0/inst/buffer_fclk_clk_0.FCLK_CLK_0_BUFG/O
                         net (fo=39223, routed)       0.897     1.263    design_1_i/axi_gpio_btn_and_sw/U0/gpio_core_1/s_axi_aclk
    SLICE_X46Y127        FDRE                                         r  design_1_i/axi_gpio_btn_and_sw/U0/gpio_core_1/Dual.gpio2_Data_In_reg[3]/C
                         clock pessimism             -0.039     1.224    
    SLICE_X46Y127        FDRE (Hold_fdre_C_D)         0.010     1.234    design_1_i/axi_gpio_btn_and_sw/U0/gpio_core_1/Dual.gpio2_Data_In_reg[3]
  -------------------------------------------------------------------
                         required time                         -1.234    
                         arrival time                           1.266    
  -------------------------------------------------------------------
                         slack                                  0.031    

Slack (MET) :             0.039ns  (arrival time - required time)
  Source:                 design_1_i/axi_gpio_btn_and_sw/U0/gpio_core_1/Dual.INPUT_DOUBLE_REGS5/GENERATE_LEVEL_P_S_CDC.MULTI_BIT.FOR_CROSS_PLEVEL_IN2SCNDRY_bus_d4[2].CROSS2_PLEVEL_IN2SCNDRY_s_level_out_bus_d4/C
                            (rising edge-triggered cell FDRE clocked by clk_fpga_0  {rise@0.000ns fall@5.000ns period=10.000ns})
  Destination:            design_1_i/axi_gpio_btn_and_sw/U0/gpio_core_1/Dual.gpio2_Data_In_reg[1]/D
                            (rising edge-triggered cell FDRE clocked by clk_fpga_0  {rise@0.000ns fall@5.000ns period=10.000ns})
  Path Group:             clk_fpga_0
  Path Type:              Hold (Min at Fast Process Corner)
  Requirement:            0.000ns  (clk_fpga_0 rise@0.000ns - clk_fpga_0 rise@0.000ns)
  Data Path Delay:        0.314ns  (logic 0.128ns (40.755%)  route 0.186ns (59.245%))
  Logic Levels:           0  
  Clock Path Skew:        0.264ns (DCD - SCD - CPR)
    Destination Clock Delay (DCD):    1.263ns
    Source Clock Delay      (SCD):    0.960ns
    Clock Pessimism Removal (CPR):    0.039ns

    Location             Delay type                Incr(ns)  Path(ns)    Netlist Resource(s)
  -------------------------------------------------------------------    -------------------
                         (clock clk_fpga_0 rise edge)
                                                      0.000     0.000 r  
    PS7_X0Y0             PS7                          0.000     0.000 r  design_1_i/processing_system7_0/inst/PS7_i/FCLKCLK[0]
                         net (fo=1, routed)           0.310     0.310    design_1_i/processing_system7_0/inst/FCLK_CLK_unbuffered[0]
    BUFGCTRL_X0Y16       BUFG (Prop_bufg_I_O)         0.026     0.336 r  design_1_i/processing_system7_0/inst/buffer_fclk_clk_0.FCLK_CLK_0_BUFG/O
                         net (fo=39223, routed)       0.624     0.960    design_1_i/axi_gpio_btn_and_sw/U0/gpio_core_1/Dual.INPUT_DOUBLE_REGS5/s_axi_aclk
    SLICE_X51Y127        FDRE                                         r  design_1_i/axi_gpio_btn_and_sw/U0/gpio_core_1/Dual.INPUT_DOUBLE_REGS5/GENERATE_LEVEL_P_S_CDC.MULTI_BIT.FOR_CROSS_PLEVEL_IN2SCNDRY_bus_d4[2].CROSS2_PLEVEL_IN2SCNDRY_s_level_out_bus_d4/C
  -------------------------------------------------------------------    -------------------
    SLICE_X51Y127        FDRE (Prop_fdre_C_Q)         0.128     1.088 r  design_1_i/axi_gpio_btn_and_sw/U0/gpio_core_1/Dual.INPUT_DOUBLE_REGS5/GENERATE_LEVEL_P_S_CDC.MULTI_BIT.FOR_CROSS_PLEVEL_IN2SCNDRY_bus_d4[2].CROSS2_PLEVEL_IN2SCNDRY_s_level_out_bus_d4/Q
                         net (fo=1, routed)           0.186     1.274    design_1_i/axi_gpio_btn_and_sw/U0/gpio_core_1/Dual.gpio2_io_i_d2[1]
    SLICE_X46Y127        FDRE                                         r  design_1_i/axi_gpio_btn_and_sw/U0/gpio_core_1/Dual.gpio2_Data_In_reg[1]/D
  -------------------------------------------------------------------    -------------------

                         (clock clk_fpga_0 rise edge)
                                                      0.000     0.000 r  
    PS7_X0Y0             PS7                          0.000     0.000 r  design_1_i/processing_system7_0/inst/PS7_i/FCLKCLK[0]
                         net (fo=1, routed)           0.337     0.337    design_1_i/processing_system7_0/inst/FCLK_CLK_unbuffered[0]
    BUFGCTRL_X0Y16       BUFG (Prop_bufg_I_O)         0.029     0.366 r  design_1_i/processing_system7_0/inst/buffer_fclk_clk_0.FCLK_CLK_0_BUFG/O
                         net (fo=39223, routed)       0.897     1.263    design_1_i/axi_gpio_btn_and_sw/U0/gpio_core_1/s_axi_aclk
    SLICE_X46Y127        FDRE                                         r  design_1_i/axi_gpio_btn_and_sw/U0/gpio_core_1/Dual.gpio2_Data_In_reg[1]/C
                         clock pessimism             -0.039     1.224    
    SLICE_X46Y127        FDRE (Hold_fdre_C_D)         0.011     1.235    design_1_i/axi_gpio_btn_and_sw/U0/gpio_core_1/Dual.gpio2_Data_In_reg[1]
  -------------------------------------------------------------------
                         required time                         -1.235    
                         arrival time                           1.274    
  -------------------------------------------------------------------
                         slack                                  0.039    

Slack (MET) :             0.043ns  (arrival time - required time)
  Source:                 design_1_i/hdmi/v_tc_0/U0/U_VIDEO_CTRL/AXI4_LITE_INTERFACE.AXI_LITE_IPIF_I/I_SLAVE_ATTACHMENT/bus2ip_addr_i_reg[2]/C
                            (rising edge-triggered cell FDRE clocked by clk_fpga_0  {rise@0.000ns fall@5.000ns period=10.000ns})
  Destination:            design_1_i/hdmi/v_tc_0/U0/U_VIDEO_CTRL/AXI4_LITE_INTERFACE.proc_sync1_reg[34]/D
                            (rising edge-triggered cell FDRE clocked by clk_fpga_0  {rise@0.000ns fall@5.000ns period=10.000ns})
  Path Group:             clk_fpga_0
  Path Type:              Hold (Min at Fast Process Corner)
  Requirement:            0.000ns  (clk_fpga_0 rise@0.000ns - clk_fpga_0 rise@0.000ns)
  Data Path Delay:        0.373ns  (logic 0.141ns (37.751%)  route 0.232ns (62.249%))
  Logic Levels:           0  
  Clock Path Skew:        0.258ns (DCD - SCD - CPR)
    Destination Clock Delay (DCD):    1.266ns
    Source Clock Delay      (SCD):    0.969ns
    Clock Pessimism Removal (CPR):    0.039ns

    Location             Delay type                Incr(ns)  Path(ns)    Netlist Resource(s)
  -------------------------------------------------------------------    -------------------
                         (clock clk_fpga_0 rise edge)
                                                      0.000     0.000 r  
    PS7_X0Y0             PS7                          0.000     0.000 r  design_1_i/processing_system7_0/inst/PS7_i/FCLKCLK[0]
                         net (fo=1, routed)           0.310     0.310    design_1_i/processing_system7_0/inst/FCLK_CLK_unbuffered[0]
    BUFGCTRL_X0Y16       BUFG (Prop_bufg_I_O)         0.026     0.336 r  design_1_i/processing_system7_0/inst/buffer_fclk_clk_0.FCLK_CLK_0_BUFG/O
                         net (fo=39223, routed)       0.633     0.969    design_1_i/hdmi/v_tc_0/U0/U_VIDEO_CTRL/AXI4_LITE_INTERFACE.AXI_LITE_IPIF_I/I_SLAVE_ATTACHMENT/aclk
    SLICE_X47Y133        FDRE                                         r  design_1_i/hdmi/v_tc_0/U0/U_VIDEO_CTRL/AXI4_LITE_INTERFACE.AXI_LITE_IPIF_I/I_SLAVE_ATTACHMENT/bus2ip_addr_i_reg[2]/C
  -------------------------------------------------------------------    -------------------
    SLICE_X47Y133        FDRE (Prop_fdre_C_Q)         0.141     1.110 r  design_1_i/hdmi/v_tc_0/U0/U_VIDEO_CTRL/AXI4_LITE_INTERFACE.AXI_LITE_IPIF_I/I_SLAVE_ATTACHMENT/bus2ip_addr_i_reg[2]/Q
                         net (fo=1, routed)           0.232     1.342    design_1_i/hdmi/v_tc_0/U0/U_VIDEO_CTRL/ipif_proc_Addr_int[2]
    SLICE_X51Y134        FDRE                                         r  design_1_i/hdmi/v_tc_0/U0/U_VIDEO_CTRL/AXI4_LITE_INTERFACE.proc_sync1_reg[34]/D
  -------------------------------------------------------------------    -------------------

                         (clock clk_fpga_0 rise edge)
                                                      0.000     0.000 r  
    PS7_X0Y0             PS7                          0.000     0.000 r  design_1_i/processing_system7_0/inst/PS7_i/FCLKCLK[0]
                         net (fo=1, routed)           0.337     0.337    design_1_i/processing_system7_0/inst/FCLK_CLK_unbuffered[0]
    BUFGCTRL_X0Y16       BUFG (Prop_bufg_I_O)         0.029     0.366 r  design_1_i/processing_system7_0/inst/buffer_fclk_clk_0.FCLK_CLK_0_BUFG/O
                         net (fo=39223, routed)       0.900     1.266    design_1_i/hdmi/v_tc_0/U0/U_VIDEO_CTRL/aclk
    SLICE_X51Y134        FDRE                                         r  design_1_i/hdmi/v_tc_0/U0/U_VIDEO_CTRL/AXI4_LITE_INTERFACE.proc_sync1_reg[34]/C
                         clock pessimism             -0.039     1.227    
    SLICE_X51Y134        FDRE (Hold_fdre_C_D)         0.072     1.299    design_1_i/hdmi/v_tc_0/U0/U_VIDEO_CTRL/AXI4_LITE_INTERFACE.proc_sync1_reg[34]
  -------------------------------------------------------------------
                         required time                         -1.299    
                         arrival time                           1.342    
  -------------------------------------------------------------------
                         slack                                  0.043    

Slack (MET) :             0.048ns  (arrival time - required time)
  Source:                 design_1_i/finn_design_0/MVAU_rtl_0/MVAU_rtl_0_wstrm/inst/core/mem/blkStage1.Ptr_reg[1][val][8]/C
                            (rising edge-triggered cell FDRE clocked by clk_fpga_0  {rise@0.000ns fall@5.000ns period=10.000ns})
  Destination:            design_1_i/finn_design_0/MVAU_rtl_0/MVAU_rtl_0_wstrm/inst/core/mem/blkStage2.Mem_reg/ADDRARDADDR[12]
                            (rising edge-triggered cell RAMB18E1 clocked by clk_fpga_0  {rise@0.000ns fall@5.000ns period=10.000ns})
  Path Group:             clk_fpga_0
  Path Type:              Hold (Min at Fast Process Corner)
  Requirement:            0.000ns  (clk_fpga_0 rise@0.000ns - clk_fpga_0 rise@0.000ns)
  Data Path Delay:        0.290ns  (logic 0.141ns (48.581%)  route 0.149ns (51.419%))
  Logic Levels:           0  
  Clock Path Skew:        0.059ns (DCD - SCD - CPR)
    Destination Clock Delay (DCD):    1.339ns
    Source Clock Delay      (SCD):    0.993ns
    Clock Pessimism Removal (CPR):    0.287ns

    Location             Delay type                Incr(ns)  Path(ns)    Netlist Resource(s)
  -------------------------------------------------------------------    -------------------
                         (clock clk_fpga_0 rise edge)
                                                      0.000     0.000 r  
    PS7_X0Y0             PS7                          0.000     0.000 r  design_1_i/processing_system7_0/inst/PS7_i/FCLKCLK[0]
                         net (fo=1, routed)           0.310     0.310    design_1_i/processing_system7_0/inst/FCLK_CLK_unbuffered[0]
    BUFGCTRL_X0Y16       BUFG (Prop_bufg_I_O)         0.026     0.336 r  design_1_i/processing_system7_0/inst/buffer_fclk_clk_0.FCLK_CLK_0_BUFG/O
                         net (fo=39223, routed)       0.657     0.993    design_1_i/finn_design_0/MVAU_rtl_0/MVAU_rtl_0_wstrm/inst/core/mem/ap_clk
    SLICE_X55Y142        FDRE                                         r  design_1_i/finn_design_0/MVAU_rtl_0/MVAU_rtl_0_wstrm/inst/core/mem/blkStage1.Ptr_reg[1][val][8]/C
  -------------------------------------------------------------------    -------------------
    SLICE_X55Y142        FDRE (Prop_fdre_C_Q)         0.141     1.134 r  design_1_i/finn_design_0/MVAU_rtl_0/MVAU_rtl_0_wstrm/inst/core/mem/blkStage1.Ptr_reg[1][val][8]/Q
                         net (fo=1, routed)           0.149     1.283    design_1_i/finn_design_0/MVAU_rtl_0/MVAU_rtl_0_wstrm/inst/core/mem/blkStage1.Ptr_reg[1][val_n_0_][8]
    RAMB18_X3Y56         RAMB18E1                                     r  design_1_i/finn_design_0/MVAU_rtl_0/MVAU_rtl_0_wstrm/inst/core/mem/blkStage2.Mem_reg/ADDRARDADDR[12]
  -------------------------------------------------------------------    -------------------

                         (clock clk_fpga_0 rise edge)
                                                      0.000     0.000 r  
    PS7_X0Y0             PS7                          0.000     0.000 r  design_1_i/processing_system7_0/inst/PS7_i/FCLKCLK[0]
                         net (fo=1, routed)           0.337     0.337    design_1_i/processing_system7_0/inst/FCLK_CLK_unbuffered[0]
    BUFGCTRL_X0Y16       BUFG (Prop_bufg_I_O)         0.029     0.366 r  design_1_i/processing_system7_0/inst/buffer_fclk_clk_0.FCLK_CLK_0_BUFG/O
                         net (fo=39223, routed)       0.973     1.339    design_1_i/finn_design_0/MVAU_rtl_0/MVAU_rtl_0_wstrm/inst/core/mem/ap_clk
    RAMB18_X3Y56         RAMB18E1                                     r  design_1_i/finn_design_0/MVAU_rtl_0/MVAU_rtl_0_wstrm/inst/core/mem/blkStage2.Mem_reg/CLKARDCLK
                         clock pessimism             -0.287     1.052    
    RAMB18_X3Y56         RAMB18E1 (Hold_ramb18e1_CLKARDCLK_ADDRARDADDR[12])
                                                      0.183     1.235    design_1_i/finn_design_0/MVAU_rtl_0/MVAU_rtl_0_wstrm/inst/core/mem/blkStage2.Mem_reg
  -------------------------------------------------------------------
                         required time                         -1.235    
                         arrival time                           1.283    
  -------------------------------------------------------------------
                         slack                                  0.048    

Slack (MET) :             0.048ns  (arrival time - required time)
  Source:                 design_1_i/finn_design_0/StreamingFIFO_rtl_5/inst/impl/srlo_reg[104]/C
                            (rising edge-triggered cell FDRE clocked by clk_fpga_0  {rise@0.000ns fall@5.000ns period=10.000ns})
  Destination:            design_1_i/finn_design_0/StreamingMaxPool_hls_0/inst/regslice_both_in0_V_U/B_V_data_1_payload_A_reg[104]/D
                            (rising edge-triggered cell FDRE clocked by clk_fpga_0  {rise@0.000ns fall@5.000ns period=10.000ns})
  Path Group:             clk_fpga_0
  Path Type:              Hold (Min at Fast Process Corner)
  Requirement:            0.000ns  (clk_fpga_0 rise@0.000ns - clk_fpga_0 rise@0.000ns)
  Data Path Delay:        0.353ns  (logic 0.164ns (46.513%)  route 0.189ns (53.487%))
  Logic Levels:           0  
  Clock Path Skew:        0.258ns (DCD - SCD - CPR)
    Destination Clock Delay (DCD):    1.192ns
    Source Clock Delay      (SCD):    0.899ns
    Clock Pessimism Removal (CPR):    0.035ns

    Location             Delay type                Incr(ns)  Path(ns)    Netlist Resource(s)
  -------------------------------------------------------------------    -------------------
                         (clock clk_fpga_0 rise edge)
                                                      0.000     0.000 r  
    PS7_X0Y0             PS7                          0.000     0.000 r  design_1_i/processing_system7_0/inst/PS7_i/FCLKCLK[0]
                         net (fo=1, routed)           0.310     0.310    design_1_i/processing_system7_0/inst/FCLK_CLK_unbuffered[0]
    BUFGCTRL_X0Y16       BUFG (Prop_bufg_I_O)         0.026     0.336 r  design_1_i/processing_system7_0/inst/buffer_fclk_clk_0.FCLK_CLK_0_BUFG/O
                         net (fo=39223, routed)       0.563     0.899    design_1_i/finn_design_0/StreamingFIFO_rtl_5/inst/impl/ap_clk
    SLICE_X42Y1          FDRE                                         r  design_1_i/finn_design_0/StreamingFIFO_rtl_5/inst/impl/srlo_reg[104]/C
  -------------------------------------------------------------------    -------------------
    SLICE_X42Y1          FDRE (Prop_fdre_C_Q)         0.164     1.063 r  design_1_i/finn_design_0/StreamingFIFO_rtl_5/inst/impl/srlo_reg[104]/Q
                         net (fo=2, routed)           0.189     1.251    design_1_i/finn_design_0/StreamingMaxPool_hls_0/inst/regslice_both_in0_V_U/in0_V_TDATA[104]
    SLICE_X51Y2          FDRE                                         r  design_1_i/finn_design_0/StreamingMaxPool_hls_0/inst/regslice_both_in0_V_U/B_V_data_1_payload_A_reg[104]/D
  -------------------------------------------------------------------    -------------------

                         (clock clk_fpga_0 rise edge)
                                                      0.000     0.000 r  
    PS7_X0Y0             PS7                          0.000     0.000 r  design_1_i/processing_system7_0/inst/PS7_i/FCLKCLK[0]
                         net (fo=1, routed)           0.337     0.337    design_1_i/processing_system7_0/inst/FCLK_CLK_unbuffered[0]
    BUFGCTRL_X0Y16       BUFG (Prop_bufg_I_O)         0.029     0.366 r  design_1_i/processing_system7_0/inst/buffer_fclk_clk_0.FCLK_CLK_0_BUFG/O
                         net (fo=39223, routed)       0.826     1.192    design_1_i/finn_design_0/StreamingMaxPool_hls_0/inst/regslice_both_in0_V_U/ap_clk
    SLICE_X51Y2          FDRE                                         r  design_1_i/finn_design_0/StreamingMaxPool_hls_0/inst/regslice_both_in0_V_U/B_V_data_1_payload_A_reg[104]/C
                         clock pessimism             -0.035     1.157    
    SLICE_X51Y2          FDRE (Hold_fdre_C_D)         0.046     1.203    design_1_i/finn_design_0/StreamingMaxPool_hls_0/inst/regslice_both_in0_V_U/B_V_data_1_payload_A_reg[104]
  -------------------------------------------------------------------
                         required time                         -1.203    
                         arrival time                           1.251    
  -------------------------------------------------------------------
                         slack                                  0.048    

Slack (MET) :             0.049ns  (arrival time - required time)
  Source:                 design_1_i/axi_dma_0/U0/I_PRMRY_DATAMOVER/GEN_S2MM_FULL.I_S2MM_FULL_WRAPPER/GEN_ENABLE_INDET_BTT_SF.I_INDET_BTT/sig_byte_cntr_reg[6]/C
                            (rising edge-triggered cell FDRE clocked by clk_fpga_0  {rise@0.000ns fall@5.000ns period=10.000ns})
  Destination:            design_1_i/axi_dma_0/U0/I_PRMRY_DATAMOVER/GEN_S2MM_FULL.I_S2MM_FULL_WRAPPER/GEN_ENABLE_INDET_BTT_SF.I_INDET_BTT/I_XD_FIFO/NON_BLK_MEM.I_SYNC_FIFOGEN_FIFO/xpm_fifo_instance.xpm_fifo_sync_inst/xpm_fifo_base_inst/gen_sdpram.xpm_memory_base_inst/gen_wr_a.gen_word_narrow.mem_reg_0_15_6_8/RAMA/I
                            (rising edge-triggered cell RAMD32 clocked by clk_fpga_0  {rise@0.000ns fall@5.000ns period=10.000ns})
  Path Group:             clk_fpga_0
  Path Type:              Hold (Min at Fast Process Corner)
  Requirement:            0.000ns  (clk_fpga_0 rise@0.000ns - clk_fpga_0 rise@0.000ns)
  Data Path Delay:        0.377ns  (logic 0.164ns (43.448%)  route 0.213ns (56.552%))
  Logic Levels:           0  
  Clock Path Skew:        0.182ns (DCD - SCD - CPR)
    Destination Clock Delay (DCD):    1.187ns
    Source Clock Delay      (SCD):    0.970ns
    Clock Pessimism Removal (CPR):    0.035ns

    Location             Delay type                Incr(ns)  Path(ns)    Netlist Resource(s)
  -------------------------------------------------------------------    -------------------
                         (clock clk_fpga_0 rise edge)
                                                      0.000     0.000 r  
    PS7_X0Y0             PS7                          0.000     0.000 r  design_1_i/processing_system7_0/inst/PS7_i/FCLKCLK[0]
                         net (fo=1, routed)           0.310     0.310    design_1_i/processing_system7_0/inst/FCLK_CLK_unbuffered[0]
    BUFGCTRL_X0Y16       BUFG (Prop_bufg_I_O)         0.026     0.336 r  design_1_i/processing_system7_0/inst/buffer_fclk_clk_0.FCLK_CLK_0_BUFG/O
                         net (fo=39223, routed)       0.634     0.970    design_1_i/axi_dma_0/U0/I_PRMRY_DATAMOVER/GEN_S2MM_FULL.I_S2MM_FULL_WRAPPER/GEN_ENABLE_INDET_BTT_SF.I_INDET_BTT/m_axi_s2mm_aclk
    SLICE_X50Y104        FDRE                                         r  design_1_i/axi_dma_0/U0/I_PRMRY_DATAMOVER/GEN_S2MM_FULL.I_S2MM_FULL_WRAPPER/GEN_ENABLE_INDET_BTT_SF.I_INDET_BTT/sig_byte_cntr_reg[6]/C
  -------------------------------------------------------------------    -------------------
    SLICE_X50Y104        FDRE (Prop_fdre_C_Q)         0.164     1.134 r  design_1_i/axi_dma_0/U0/I_PRMRY_DATAMOVER/GEN_S2MM_FULL.I_S2MM_FULL_WRAPPER/GEN_ENABLE_INDET_BTT_SF.I_INDET_BTT/sig_byte_cntr_reg[6]/Q
                         net (fo=2, routed)           0.213     1.347    design_1_i/axi_dma_0/U0/I_PRMRY_DATAMOVER/GEN_S2MM_FULL.I_S2MM_FULL_WRAPPER/GEN_ENABLE_INDET_BTT_SF.I_INDET_BTT/I_XD_FIFO/NON_BLK_MEM.I_SYNC_FIFOGEN_FIFO/xpm_fifo_instance.xpm_fifo_sync_inst/xpm_fifo_base_inst/gen_sdpram.xpm_memory_base_inst/gen_wr_a.gen_word_narrow.mem_reg_0_15_6_8/DIA0
    SLICE_X50Y98         RAMD32                                       r  design_1_i/axi_dma_0/U0/I_PRMRY_DATAMOVER/GEN_S2MM_FULL.I_S2MM_FULL_WRAPPER/GEN_ENABLE_INDET_BTT_SF.I_INDET_BTT/I_XD_FIFO/NON_BLK_MEM.I_SYNC_FIFOGEN_FIFO/xpm_fifo_instance.xpm_fifo_sync_inst/xpm_fifo_base_inst/gen_sdpram.xpm_memory_base_inst/gen_wr_a.gen_word_narrow.mem_reg_0_15_6_8/RAMA/I
  -------------------------------------------------------------------    -------------------

                         (clock clk_fpga_0 rise edge)
                                                      0.000     0.000 r  
    PS7_X0Y0             PS7                          0.000     0.000 r  design_1_i/processing_system7_0/inst/PS7_i/FCLKCLK[0]
                         net (fo=1, routed)           0.337     0.337    design_1_i/processing_system7_0/inst/FCLK_CLK_unbuffered[0]
    BUFGCTRL_X0Y16       BUFG (Prop_bufg_I_O)         0.029     0.366 r  design_1_i/processing_system7_0/inst/buffer_fclk_clk_0.FCLK_CLK_0_BUFG/O
                         net (fo=39223, routed)       0.821     1.187    design_1_i/axi_dma_0/U0/I_PRMRY_DATAMOVER/GEN_S2MM_FULL.I_S2MM_FULL_WRAPPER/GEN_ENABLE_INDET_BTT_SF.I_INDET_BTT/I_XD_FIFO/NON_BLK_MEM.I_SYNC_FIFOGEN_FIFO/xpm_fifo_instance.xpm_fifo_sync_inst/xpm_fifo_base_inst/gen_sdpram.xpm_memory_base_inst/gen_wr_a.gen_word_narrow.mem_reg_0_15_6_8/WCLK
    SLICE_X50Y98         RAMD32                                       r  design_1_i/axi_dma_0/U0/I_PRMRY_DATAMOVER/GEN_S2MM_FULL.I_S2MM_FULL_WRAPPER/GEN_ENABLE_INDET_BTT_SF.I_INDET_BTT/I_XD_FIFO/NON_BLK_MEM.I_SYNC_FIFOGEN_FIFO/xpm_fifo_instance.xpm_fifo_sync_inst/xpm_fifo_base_inst/gen_sdpram.xpm_memory_base_inst/gen_wr_a.gen_word_narrow.mem_reg_0_15_6_8/RAMA/CLK
                         clock pessimism             -0.035     1.152    
    SLICE_X50Y98         RAMD32 (Hold_ramd32_CLK_I)
                                                      0.147     1.299    design_1_i/axi_dma_0/U0/I_PRMRY_DATAMOVER/GEN_S2MM_FULL.I_S2MM_FULL_WRAPPER/GEN_ENABLE_INDET_BTT_SF.I_INDET_BTT/I_XD_FIFO/NON_BLK_MEM.I_SYNC_FIFOGEN_FIFO/xpm_fifo_instance.xpm_fifo_sync_inst/xpm_fifo_base_inst/gen_sdpram.xpm_memory_base_inst/gen_wr_a.gen_word_narrow.mem_reg_0_15_6_8/RAMA
  -------------------------------------------------------------------
                         required time                         -1.299    
                         arrival time                           1.347    
  -------------------------------------------------------------------
                         slack                                  0.049    





Pulse Width Checks
--------------------------------------------------------------------------------------
Clock Name:         clk_fpga_0
Waveform(ns):       { 0.000 5.000 }
Period(ns):         10.000
Sources:            { design_1_i/processing_system7_0/inst/PS7_i/FCLKCLK[0] }

Check Type        Corner  Lib Pin             Reference Pin  Required(ns)  Actual(ns)  Slack(ns)  Location         Pin
Min Period        n/a     MMCME2_ADV/DCLK     n/a            4.999         10.000      5.001      MMCME2_ADV_X1Y2  design_1_i/hdmi/axi_dynclk_0/U0/Inst_mmcme2_drp/mmcm_adv_inst/DCLK
Min Period        n/a     DSP48E1/CLK         n/a            3.884         10.000      6.116      DSP48_X0Y1       design_1_i/finn_design_0/MVAU_hls_0/MVAU_hls_0/inst/grp_Matrix_Vector_Activate_Stream_Batch_fu_540/mac_muladd_8s_8s_16s_17_4_1_U4/MVAU_hls_0_mac_muladd_8s_8s_16s_17_4_1_DSP48_1_U/m_reg_reg/CLK
Min Period        n/a     DSP48E1/CLK         n/a            3.884         10.000      6.116      DSP48_X0Y2       design_1_i/finn_design_0/MVAU_hls_0/MVAU_hls_0/inst/grp_Matrix_Vector_Activate_Stream_Batch_fu_540/mac_muladd_8s_8s_16s_17_4_1_U4/MVAU_hls_0_mac_muladd_8s_8s_16s_17_4_1_DSP48_1_U/p_reg_reg/CLK
Min Period        n/a     RAMB18E1/CLKARDCLK  n/a            2.944         10.000      7.056      RAMB18_X1Y2      design_1_i/finn_design_0/MVAU_hls_0/MVAU_hls_0_wstrm/inst/core/mem/blkStage2.Mem_reg/CLKARDCLK
Min Period        n/a     RAMB18E1/CLKBWRCLK  n/a            2.944         10.000      7.056      RAMB18_X1Y2      design_1_i/finn_design_0/MVAU_hls_0/MVAU_hls_0_wstrm/inst/core/mem/blkStage2.Mem_reg/CLKBWRCLK
Min Period        n/a     RAMB18E1/CLKARDCLK  n/a            2.944         10.000      7.056      RAMB18_X0Y10     design_1_i/finn_design_0/StreamingFIFO_rtl_1/fifo/inst/gen_fifo.xpm_fifo_axis_inst/xpm_fifo_base_inst/gen_sdpram.xpm_memory_base_inst/gen_wr_a.gen_word_narrow.mem_reg/CLKARDCLK
Min Period        n/a     RAMB36E1/CLKARDCLK  n/a            2.944         10.000      7.056      RAMB36_X0Y2      design_1_i/finn_design_0/StreamingFIFO_rtl_2/fifo/inst/gen_fifo.xpm_fifo_axis_inst/xpm_fifo_base_inst/gen_sdpram.xpm_memory_base_inst/gen_wr_a.gen_word_narrow.mem_reg_0/CLKARDCLK
Min Period        n/a     RAMB36E1/CLKARDCLK  n/a            2.944         10.000      7.056      RAMB36_X0Y3      design_1_i/finn_design_0/StreamingFIFO_rtl_2/fifo/inst/gen_fifo.xpm_fifo_axis_inst/xpm_fifo_base_inst/gen_sdpram.xpm_memory_base_inst/gen_wr_a.gen_word_narrow.mem_reg_1/CLKARDCLK
Min Period        n/a     RAMB36E1/CLKARDCLK  n/a            2.944         10.000      7.056      RAMB36_X0Y0      design_1_i/finn_design_0/StreamingFIFO_rtl_3/fifo/inst/gen_fifo.xpm_fifo_axis_inst/xpm_fifo_base_inst/gen_sdpram.xpm_memory_base_inst/gen_wr_a.gen_word_narrow.mem_reg_0/CLKARDCLK
Min Period        n/a     RAMB36E1/CLKARDCLK  n/a            2.944         10.000      7.056      RAMB36_X1Y0      design_1_i/finn_design_0/StreamingFIFO_rtl_3/fifo/inst/gen_fifo.xpm_fifo_axis_inst/xpm_fifo_base_inst/gen_sdpram.xpm_memory_base_inst/gen_wr_a.gen_word_narrow.mem_reg_1/CLKARDCLK
Max Period        n/a     MMCME2_ADV/CLKIN1   n/a            100.000       10.000      90.000     MMCME2_ADV_X1Y2  design_1_i/hdmi/axi_dynclk_0/U0/Inst_mmcme2_drp/mmcm_adv_inst/CLKIN1
Low Pulse Width   Slow    MMCME2_ADV/DCLK     n/a            2.499         5.000       2.501      MMCME2_ADV_X1Y2  design_1_i/hdmi/axi_dynclk_0/U0/Inst_mmcme2_drp/mmcm_adv_inst/DCLK
Low Pulse Width   Fast    MMCME2_ADV/DCLK     n/a            2.499         5.000       2.501      MMCME2_ADV_X1Y2  design_1_i/hdmi/axi_dynclk_0/U0/Inst_mmcme2_drp/mmcm_adv_inst/DCLK
Low Pulse Width   Slow    MMCME2_ADV/CLKIN1   n/a            2.000         5.000       3.000      MMCME2_ADV_X1Y2  design_1_i/hdmi/axi_dynclk_0/U0/Inst_mmcme2_drp/mmcm_adv_inst/CLKIN1
Low Pulse Width   Fast    MMCME2_ADV/CLKIN1   n/a            2.000         5.000       3.000      MMCME2_ADV_X1Y2  design_1_i/hdmi/axi_dynclk_0/U0/Inst_mmcme2_drp/mmcm_adv_inst/CLKIN1
Low Pulse Width   Slow    RAMD32/CLK          n/a            1.250         5.000       3.750      SLICE_X50Y99     design_1_i/axi_dma_0/U0/I_PRMRY_DATAMOVER/GEN_S2MM_FULL.I_S2MM_FULL_WRAPPER/GEN_ENABLE_INDET_BTT_SF.I_INDET_BTT/I_XD_FIFO/NON_BLK_MEM.I_SYNC_FIFOGEN_FIFO/xpm_fifo_instance.xpm_fifo_sync_inst/xpm_fifo_base_inst/gen_sdpram.xpm_memory_base_inst/gen_wr_a.gen_word_narrow.mem_reg_0_15_0_5/RAMA/CLK
Low Pulse Width   Fast    RAMD32/CLK          n/a            1.250         5.000       3.750      SLICE_X50Y99     design_1_i/axi_dma_0/U0/I_PRMRY_DATAMOVER/GEN_S2MM_FULL.I_S2MM_FULL_WRAPPER/GEN_ENABLE_INDET_BTT_SF.I_INDET_BTT/I_XD_FIFO/NON_BLK_MEM.I_SYNC_FIFOGEN_FIFO/xpm_fifo_instance.xpm_fifo_sync_inst/xpm_fifo_base_inst/gen_sdpram.xpm_memory_base_inst/gen_wr_a.gen_word_narrow.mem_reg_0_15_0_5/RAMA/CLK
Low Pulse Width   Slow    RAMD32/CLK          n/a            1.250         5.000       3.750      SLICE_X50Y99     design_1_i/axi_dma_0/U0/I_PRMRY_DATAMOVER/GEN_S2MM_FULL.I_S2MM_FULL_WRAPPER/GEN_ENABLE_INDET_BTT_SF.I_INDET_BTT/I_XD_FIFO/NON_BLK_MEM.I_SYNC_FIFOGEN_FIFO/xpm_fifo_instance.xpm_fifo_sync_inst/xpm_fifo_base_inst/gen_sdpram.xpm_memory_base_inst/gen_wr_a.gen_word_narrow.mem_reg_0_15_0_5/RAMA_D1/CLK
Low Pulse Width   Fast    RAMD32/CLK          n/a            1.250         5.000       3.750      SLICE_X50Y99     design_1_i/axi_dma_0/U0/I_PRMRY_DATAMOVER/GEN_S2MM_FULL.I_S2MM_FULL_WRAPPER/GEN_ENABLE_INDET_BTT_SF.I_INDET_BTT/I_XD_FIFO/NON_BLK_MEM.I_SYNC_FIFOGEN_FIFO/xpm_fifo_instance.xpm_fifo_sync_inst/xpm_fifo_base_inst/gen_sdpram.xpm_memory_base_inst/gen_wr_a.gen_word_narrow.mem_reg_0_15_0_5/RAMA_D1/CLK
Low Pulse Width   Slow    RAMD32/CLK          n/a            1.250         5.000       3.750      SLICE_X50Y99     design_1_i/axi_dma_0/U0/I_PRMRY_DATAMOVER/GEN_S2MM_FULL.I_S2MM_FULL_WRAPPER/GEN_ENABLE_INDET_BTT_SF.I_INDET_BTT/I_XD_FIFO/NON_BLK_MEM.I_SYNC_FIFOGEN_FIFO/xpm_fifo_instance.xpm_fifo_sync_inst/xpm_fifo_base_inst/gen_sdpram.xpm_memory_base_inst/gen_wr_a.gen_word_narrow.mem_reg_0_15_0_5/RAMB/CLK
Low Pulse Width   Fast    RAMD32/CLK          n/a            1.250         5.000       3.750      SLICE_X50Y99     design_1_i/axi_dma_0/U0/I_PRMRY_DATAMOVER/GEN_S2MM_FULL.I_S2MM_FULL_WRAPPER/GEN_ENABLE_INDET_BTT_SF.I_INDET_BTT/I_XD_FIFO/NON_BLK_MEM.I_SYNC_FIFOGEN_FIFO/xpm_fifo_instance.xpm_fifo_sync_inst/xpm_fifo_base_inst/gen_sdpram.xpm_memory_base_inst/gen_wr_a.gen_word_narrow.mem_reg_0_15_0_5/RAMB/CLK
High Pulse Width  Slow    MMCME2_ADV/DCLK     n/a            2.499         5.000       2.501      MMCME2_ADV_X1Y2  design_1_i/hdmi/axi_dynclk_0/U0/Inst_mmcme2_drp/mmcm_adv_inst/DCLK
High Pulse Width  Fast    MMCME2_ADV/DCLK     n/a            2.499         5.000       2.501      MMCME2_ADV_X1Y2  design_1_i/hdmi/axi_dynclk_0/U0/Inst_mmcme2_drp/mmcm_adv_inst/DCLK
High Pulse Width  Slow    MMCME2_ADV/CLKIN1   n/a            2.000         5.000       3.000      MMCME2_ADV_X1Y2  design_1_i/hdmi/axi_dynclk_0/U0/Inst_mmcme2_drp/mmcm_adv_inst/CLKIN1
High Pulse Width  Fast    MMCME2_ADV/CLKIN1   n/a            2.000         5.000       3.000      MMCME2_ADV_X1Y2  design_1_i/hdmi/axi_dynclk_0/U0/Inst_mmcme2_drp/mmcm_adv_inst/CLKIN1
High Pulse Width  Slow    RAMD32/CLK          n/a            1.250         5.000       3.750      SLICE_X50Y99     design_1_i/axi_dma_0/U0/I_PRMRY_DATAMOVER/GEN_S2MM_FULL.I_S2MM_FULL_WRAPPER/GEN_ENABLE_INDET_BTT_SF.I_INDET_BTT/I_XD_FIFO/NON_BLK_MEM.I_SYNC_FIFOGEN_FIFO/xpm_fifo_instance.xpm_fifo_sync_inst/xpm_fifo_base_inst/gen_sdpram.xpm_memory_base_inst/gen_wr_a.gen_word_narrow.mem_reg_0_15_0_5/RAMA/CLK
High Pulse Width  Fast    RAMD32/CLK          n/a            1.250         5.000       3.750      SLICE_X50Y99     design_1_i/axi_dma_0/U0/I_PRMRY_DATAMOVER/GEN_S2MM_FULL.I_S2MM_FULL_WRAPPER/GEN_ENABLE_INDET_BTT_SF.I_INDET_BTT/I_XD_FIFO/NON_BLK_MEM.I_SYNC_FIFOGEN_FIFO/xpm_fifo_instance.xpm_fifo_sync_inst/xpm_fifo_base_inst/gen_sdpram.xpm_memory_base_inst/gen_wr_a.gen_word_narrow.mem_reg_0_15_0_5/RAMA/CLK
High Pulse Width  Slow    RAMD32/CLK          n/a            1.250         5.000       3.750      SLICE_X50Y99     design_1_i/axi_dma_0/U0/I_PRMRY_DATAMOVER/GEN_S2MM_FULL.I_S2MM_FULL_WRAPPER/GEN_ENABLE_INDET_BTT_SF.I_INDET_BTT/I_XD_FIFO/NON_BLK_MEM.I_SYNC_FIFOGEN_FIFO/xpm_fifo_instance.xpm_fifo_sync_inst/xpm_fifo_base_inst/gen_sdpram.xpm_memory_base_inst/gen_wr_a.gen_word_narrow.mem_reg_0_15_0_5/RAMA_D1/CLK
High Pulse Width  Fast    RAMD32/CLK          n/a            1.250         5.000       3.750      SLICE_X50Y99     design_1_i/axi_dma_0/U0/I_PRMRY_DATAMOVER/GEN_S2MM_FULL.I_S2MM_FULL_WRAPPER/GEN_ENABLE_INDET_BTT_SF.I_INDET_BTT/I_XD_FIFO/NON_BLK_MEM.I_SYNC_FIFOGEN_FIFO/xpm_fifo_instance.xpm_fifo_sync_inst/xpm_fifo_base_inst/gen_sdpram.xpm_memory_base_inst/gen_wr_a.gen_word_narrow.mem_reg_0_15_0_5/RAMA_D1/CLK
High Pulse Width  Slow    RAMD32/CLK          n/a            1.250         5.000       3.750      SLICE_X50Y99     design_1_i/axi_dma_0/U0/I_PRMRY_DATAMOVER/GEN_S2MM_FULL.I_S2MM_FULL_WRAPPER/GEN_ENABLE_INDET_BTT_SF.I_INDET_BTT/I_XD_FIFO/NON_BLK_MEM.I_SYNC_FIFOGEN_FIFO/xpm_fifo_instance.xpm_fifo_sync_inst/xpm_fifo_base_inst/gen_sdpram.xpm_memory_base_inst/gen_wr_a.gen_word_narrow.mem_reg_0_15_0_5/RAMB/CLK
High Pulse Width  Fast    RAMD32/CLK          n/a            1.250         5.000       3.750      SLICE_X50Y99     design_1_i/axi_dma_0/U0/I_PRMRY_DATAMOVER/GEN_S2MM_FULL.I_S2MM_FULL_WRAPPER/GEN_ENABLE_INDET_BTT_SF.I_INDET_BTT/I_XD_FIFO/NON_BLK_MEM.I_SYNC_FIFOGEN_FIFO/xpm_fifo_instance.xpm_fifo_sync_inst/xpm_fifo_base_inst/gen_sdpram.xpm_memory_base_inst/gen_wr_a.gen_word_narrow.mem_reg_0_15_0_5/RAMB/CLK



---------------------------------------------------------------------------------------------------
From Clock:  I
  To Clock:  I

Setup :           NA  Failing Endpoints,  Worst Slack           NA  ,  Total Violation           NA
Hold  :           NA  Failing Endpoints,  Worst Slack           NA  ,  Total Violation           NA
PW    :            0  Failing Endpoints,  Worst Slack        0.333ns,  Total Violation        0.000ns
---------------------------------------------------------------------------------------------------


Pulse Width Checks
--------------------------------------------------------------------------------------
Clock Name:         I
Waveform(ns):       { 0.000 1.000 }
Period(ns):         2.000
Sources:            { design_1_i/hdmi/axi_dynclk_0/U0/Inst_mmcme2_drp/mmcm_adv_inst/CLKOUT0 }

Check Type  Corner  Lib Pin             Reference Pin  Required(ns)  Actual(ns)  Slack(ns)  Location         Pin
Min Period  n/a     OSERDESE2/CLK       n/a            1.667         2.000       0.333      OLOGIC_X1Y124    design_1_i/hdmi/rgb2dvi_0/U0/ClockSerializer/SerializerMaster/CLK
Min Period  n/a     OSERDESE2/CLK       n/a            1.667         2.000       0.333      OLOGIC_X1Y123    design_1_i/hdmi/rgb2dvi_0/U0/ClockSerializer/SerializerSlave/CLK
Min Period  n/a     OSERDESE2/CLK       n/a            1.667         2.000       0.333      OLOGIC_X1Y142    design_1_i/hdmi/rgb2dvi_0/U0/DataEncoders[0].DataSerializer/SerializerMaster/CLK
Min Period  n/a     OSERDESE2/CLK       n/a            1.667         2.000       0.333      OLOGIC_X1Y141    design_1_i/hdmi/rgb2dvi_0/U0/DataEncoders[0].DataSerializer/SerializerSlave/CLK
Min Period  n/a     OSERDESE2/CLK       n/a            1.667         2.000       0.333      OLOGIC_X1Y148    design_1_i/hdmi/rgb2dvi_0/U0/DataEncoders[1].DataSerializer/SerializerMaster/CLK
Min Period  n/a     OSERDESE2/CLK       n/a            1.667         2.000       0.333      OLOGIC_X1Y147    design_1_i/hdmi/rgb2dvi_0/U0/DataEncoders[1].DataSerializer/SerializerSlave/CLK
Min Period  n/a     OSERDESE2/CLK       n/a            1.667         2.000       0.333      OLOGIC_X1Y146    design_1_i/hdmi/rgb2dvi_0/U0/DataEncoders[2].DataSerializer/SerializerMaster/CLK
Min Period  n/a     OSERDESE2/CLK       n/a            1.667         2.000       0.333      OLOGIC_X1Y145    design_1_i/hdmi/rgb2dvi_0/U0/DataEncoders[2].DataSerializer/SerializerSlave/CLK
Min Period  n/a     BUFIO/I             n/a            1.666         2.000       0.334      BUFIO_X1Y9       design_1_i/hdmi/axi_dynclk_0/U0/BUFIO_inst/I
Min Period  n/a     BUFR/I              n/a            1.666         2.000       0.334      BUFR_X1Y9        design_1_i/hdmi/axi_dynclk_0/U0/BUFR_inst/I
Max Period  n/a     MMCME2_ADV/CLKOUT0  n/a            213.360       2.000       211.360    MMCME2_ADV_X1Y2  design_1_i/hdmi/axi_dynclk_0/U0/Inst_mmcme2_drp/mmcm_adv_inst/CLKOUT0



---------------------------------------------------------------------------------------------------
From Clock:  axi_dynclk_0_PXL_CLK_O
  To Clock:  axi_dynclk_0_PXL_CLK_O

Setup :            0  Failing Endpoints,  Worst Slack        1.471ns,  Total Violation        0.000ns
Hold  :            0  Failing Endpoints,  Worst Slack        0.092ns,  Total Violation        0.000ns
PW    :            0  Failing Endpoints,  Worst Slack        3.020ns,  Total Violation        0.000ns
---------------------------------------------------------------------------------------------------


Max Delay Paths
--------------------------------------------------------------------------------------
Slack (MET) :             1.471ns  (required time - arrival time)
  Source:                 design_1_i/hdmi/v_tc_0/U0/U_VIDEO_CTRL/AXI4_LITE_INTERFACE.SYNC2VIDCLK_I/data_sync_reg[2][34]/C
                            (rising edge-triggered cell FDRE clocked by axi_dynclk_0_PXL_CLK_O  {rise@0.000ns fall@4.000ns period=10.000ns})
  Destination:            design_1_i/hdmi/v_tc_0/U0/U_VIDEO_CTRL/AXI4_LITE_INTERFACE.GENR_MUX0/GEN_TREE.GEN_BRANCH[31].GEN_MUX_REG.data_out_reg_reg[31][28]/D
                            (rising edge-triggered cell FDRE clocked by axi_dynclk_0_PXL_CLK_O  {rise@0.000ns fall@4.000ns period=10.000ns})
  Path Group:             axi_dynclk_0_PXL_CLK_O
  Path Type:              Setup (Max at Slow Process Corner)
  Requirement:            10.000ns  (axi_dynclk_0_PXL_CLK_O rise@10.000ns - axi_dynclk_0_PXL_CLK_O rise@0.000ns)
  Data Path Delay:        8.459ns  (logic 0.715ns (8.452%)  route 7.744ns (91.548%))
  Logic Levels:           1  (LUT2=1)
  Clock Path Skew:        -0.034ns (DCD - SCD + CPR)
    Destination Clock Delay (DCD):    5.866ns = ( 15.866 - 10.000 ) 
    Source Clock Delay      (SCD):    6.470ns
    Clock Pessimism Removal (CPR):    0.570ns
  Clock Uncertainty:      0.066ns  ((TSJ^2 + DJ^2)^1/2) / 2 + PE
    Total System Jitter     (TSJ):    0.071ns
    Discrete Jitter          (DJ):    0.112ns
    Phase Error              (PE):    0.000ns

    Location             Delay type                Incr(ns)  Path(ns)    Netlist Resource(s)
  -------------------------------------------------------------------    -------------------
                         (clock axi_dynclk_0_PXL_CLK_O rise edge)
                                                      0.000     0.000 r  
    PS7_X0Y0             PS7                          0.000     0.000 r  design_1_i/processing_system7_0/inst/PS7_i/FCLKCLK[0]
                         net (fo=1, routed)           1.193     1.193    design_1_i/processing_system7_0/inst/FCLK_CLK_unbuffered[0]
    BUFGCTRL_X0Y16       BUFG (Prop_bufg_I_O)         0.101     1.294 r  design_1_i/processing_system7_0/inst/buffer_fclk_clk_0.FCLK_CLK_0_BUFG/O
                         net (fo=39223, routed)       1.980     3.274    design_1_i/hdmi/axi_dynclk_0/U0/Inst_mmcme2_drp/REF_CLK_I
    MMCME2_ADV_X1Y2      MMCME2_ADV (Prop_mmcme2_adv_CLKIN1_CLKOUT0)
                                                      0.088     3.362 r  design_1_i/hdmi/axi_dynclk_0/U0/Inst_mmcme2_drp/mmcm_adv_inst/CLKOUT0
                         net (fo=2, routed)           1.063     4.425    design_1_i/hdmi/axi_dynclk_0/U0/I
    BUFR_X1Y9            BUFR (Prop_bufr_I_O)         1.031     5.456 r  design_1_i/hdmi/axi_dynclk_0/U0/BUFR_inst/O
                         net (fo=2839, routed)        1.014     6.470    design_1_i/hdmi/v_tc_0/U0/U_VIDEO_CTRL/AXI4_LITE_INTERFACE.SYNC2VIDCLK_I/vid_aclk
    SLICE_X51Y132        FDRE                                         r  design_1_i/hdmi/v_tc_0/U0/U_VIDEO_CTRL/AXI4_LITE_INTERFACE.SYNC2VIDCLK_I/data_sync_reg[2][34]/C
  -------------------------------------------------------------------    -------------------
    SLICE_X51Y132        FDRE (Prop_fdre_C_Q)         0.419     6.889 r  design_1_i/hdmi/v_tc_0/U0/U_VIDEO_CTRL/AXI4_LITE_INTERFACE.SYNC2VIDCLK_I/data_sync_reg[2][34]/Q
                         net (fo=434, routed)         7.744    14.633    design_1_i/hdmi/v_tc_0/U0/U_VIDEO_CTRL/AXI4_LITE_INTERFACE.SYNC2VIDCLK_I/data_sync[2]_2[34]
    SLICE_X52Y102        LUT2 (Prop_lut2_I1_O)        0.296    14.929 r  design_1_i/hdmi/v_tc_0/U0/U_VIDEO_CTRL/AXI4_LITE_INTERFACE.SYNC2VIDCLK_I/GEN_TREE.GEN_BRANCH[31].GEN_MUX_REG.data_out_reg[31][28]_i_1/O
                         net (fo=1, routed)           0.000    14.929    design_1_i/hdmi/v_tc_0/U0/U_VIDEO_CTRL/AXI4_LITE_INTERFACE.GENR_MUX0/GEN_TREE.GEN_BRANCH[31].GEN_MUX_REG.data_out_reg_reg[31][28]_0
    SLICE_X52Y102        FDRE                                         r  design_1_i/hdmi/v_tc_0/U0/U_VIDEO_CTRL/AXI4_LITE_INTERFACE.GENR_MUX0/GEN_TREE.GEN_BRANCH[31].GEN_MUX_REG.data_out_reg_reg[31][28]/D
  -------------------------------------------------------------------    -------------------

                         (clock axi_dynclk_0_PXL_CLK_O rise edge)
                                                     10.000    10.000 r  
    PS7_X0Y0             PS7                          0.000    10.000 r  design_1_i/processing_system7_0/inst/PS7_i/FCLKCLK[0]
                         net (fo=1, routed)           1.088    11.088    design_1_i/processing_system7_0/inst/FCLK_CLK_unbuffered[0]
    BUFGCTRL_X0Y16       BUFG (Prop_bufg_I_O)         0.091    11.179 r  design_1_i/processing_system7_0/inst/buffer_fclk_clk_0.FCLK_CLK_0_BUFG/O
                         net (fo=39223, routed)       1.770    12.949    design_1_i/hdmi/axi_dynclk_0/U0/Inst_mmcme2_drp/REF_CLK_I
    MMCME2_ADV_X1Y2      MMCME2_ADV (Prop_mmcme2_adv_CLKIN1_CLKOUT0)
                                                      0.083    13.032 r  design_1_i/hdmi/axi_dynclk_0/U0/Inst_mmcme2_drp/mmcm_adv_inst/CLKOUT0
                         net (fo=2, routed)           0.960    13.992    design_1_i/hdmi/axi_dynclk_0/U0/I
    BUFR_X1Y9            BUFR (Prop_bufr_I_O)         0.918    14.910 r  design_1_i/hdmi/axi_dynclk_0/U0/BUFR_inst/O
                         net (fo=2839, routed)        0.956    15.866    design_1_i/hdmi/v_tc_0/U0/U_VIDEO_CTRL/AXI4_LITE_INTERFACE.GENR_MUX0/vid_aclk
    SLICE_X52Y102        FDRE                                         r  design_1_i/hdmi/v_tc_0/U0/U_VIDEO_CTRL/AXI4_LITE_INTERFACE.GENR_MUX0/GEN_TREE.GEN_BRANCH[31].GEN_MUX_REG.data_out_reg_reg[31][28]/C
                         clock pessimism              0.570    16.436    
                         clock uncertainty           -0.066    16.370    
    SLICE_X52Y102        FDRE (Setup_fdre_C_D)        0.031    16.401    design_1_i/hdmi/v_tc_0/U0/U_VIDEO_CTRL/AXI4_LITE_INTERFACE.GENR_MUX0/GEN_TREE.GEN_BRANCH[31].GEN_MUX_REG.data_out_reg_reg[31][28]
  -------------------------------------------------------------------
                         required time                         16.401    
                         arrival time                         -14.929    
  -------------------------------------------------------------------
                         slack                                  1.471    

Slack (MET) :             1.599ns  (required time - arrival time)
  Source:                 design_1_i/hdmi/v_tc_0/U0/U_VIDEO_CTRL/AXI4_LITE_INTERFACE.SYNC2VIDCLK_I/data_sync_reg[2][34]/C
                            (rising edge-triggered cell FDRE clocked by axi_dynclk_0_PXL_CLK_O  {rise@0.000ns fall@4.000ns period=10.000ns})
  Destination:            design_1_i/hdmi/v_tc_0/U0/U_VIDEO_CTRL/AXI4_LITE_INTERFACE.GENR_MUX0/GEN_TREE.GEN_BRANCH[49].GEN_MUX_REG.data_out_reg_reg[49][28]/D
                            (rising edge-triggered cell FDRE clocked by axi_dynclk_0_PXL_CLK_O  {rise@0.000ns fall@4.000ns period=10.000ns})
  Path Group:             axi_dynclk_0_PXL_CLK_O
  Path Type:              Setup (Max at Slow Process Corner)
  Requirement:            10.000ns  (axi_dynclk_0_PXL_CLK_O rise@10.000ns - axi_dynclk_0_PXL_CLK_O rise@0.000ns)
  Data Path Delay:        8.332ns  (logic 0.715ns (8.581%)  route 7.617ns (91.419%))
  Logic Levels:           1  (LUT3=1)
  Clock Path Skew:        -0.034ns (DCD - SCD + CPR)
    Destination Clock Delay (DCD):    5.866ns = ( 15.866 - 10.000 ) 
    Source Clock Delay      (SCD):    6.470ns
    Clock Pessimism Removal (CPR):    0.570ns
  Clock Uncertainty:      0.066ns  ((TSJ^2 + DJ^2)^1/2) / 2 + PE
    Total System Jitter     (TSJ):    0.071ns
    Discrete Jitter          (DJ):    0.112ns
    Phase Error              (PE):    0.000ns

    Location             Delay type                Incr(ns)  Path(ns)    Netlist Resource(s)
  -------------------------------------------------------------------    -------------------
                         (clock axi_dynclk_0_PXL_CLK_O rise edge)
                                                      0.000     0.000 r  
    PS7_X0Y0             PS7                          0.000     0.000 r  design_1_i/processing_system7_0/inst/PS7_i/FCLKCLK[0]
                         net (fo=1, routed)           1.193     1.193    design_1_i/processing_system7_0/inst/FCLK_CLK_unbuffered[0]
    BUFGCTRL_X0Y16       BUFG (Prop_bufg_I_O)         0.101     1.294 r  design_1_i/processing_system7_0/inst/buffer_fclk_clk_0.FCLK_CLK_0_BUFG/O
                         net (fo=39223, routed)       1.980     3.274    design_1_i/hdmi/axi_dynclk_0/U0/Inst_mmcme2_drp/REF_CLK_I
    MMCME2_ADV_X1Y2      MMCME2_ADV (Prop_mmcme2_adv_CLKIN1_CLKOUT0)
                                                      0.088     3.362 r  design_1_i/hdmi/axi_dynclk_0/U0/Inst_mmcme2_drp/mmcm_adv_inst/CLKOUT0
                         net (fo=2, routed)           1.063     4.425    design_1_i/hdmi/axi_dynclk_0/U0/I
    BUFR_X1Y9            BUFR (Prop_bufr_I_O)         1.031     5.456 r  design_1_i/hdmi/axi_dynclk_0/U0/BUFR_inst/O
                         net (fo=2839, routed)        1.014     6.470    design_1_i/hdmi/v_tc_0/U0/U_VIDEO_CTRL/AXI4_LITE_INTERFACE.SYNC2VIDCLK_I/vid_aclk
    SLICE_X51Y132        FDRE                                         r  design_1_i/hdmi/v_tc_0/U0/U_VIDEO_CTRL/AXI4_LITE_INTERFACE.SYNC2VIDCLK_I/data_sync_reg[2][34]/C
  -------------------------------------------------------------------    -------------------
    SLICE_X51Y132        FDRE (Prop_fdre_C_Q)         0.419     6.889 r  design_1_i/hdmi/v_tc_0/U0/U_VIDEO_CTRL/AXI4_LITE_INTERFACE.SYNC2VIDCLK_I/data_sync_reg[2][34]/Q
                         net (fo=434, routed)         7.617    14.506    design_1_i/hdmi/v_tc_0/U0/U_VIDEO_CTRL/AXI4_LITE_INTERFACE.SYNC2VIDCLK_I/data_sync[2]_2[34]
    SLICE_X53Y102        LUT3 (Prop_lut3_I1_O)        0.296    14.802 r  design_1_i/hdmi/v_tc_0/U0/U_VIDEO_CTRL/AXI4_LITE_INTERFACE.SYNC2VIDCLK_I/GEN_TREE.GEN_BRANCH[49].GEN_MUX_REG.data_out_reg[49][28]_i_1/O
                         net (fo=1, routed)           0.000    14.802    design_1_i/hdmi/v_tc_0/U0/U_VIDEO_CTRL/AXI4_LITE_INTERFACE.GENR_MUX0/p_0_in[28]
    SLICE_X53Y102        FDRE                                         r  design_1_i/hdmi/v_tc_0/U0/U_VIDEO_CTRL/AXI4_LITE_INTERFACE.GENR_MUX0/GEN_TREE.GEN_BRANCH[49].GEN_MUX_REG.data_out_reg_reg[49][28]/D
  -------------------------------------------------------------------    -------------------

                         (clock axi_dynclk_0_PXL_CLK_O rise edge)
                                                     10.000    10.000 r  
    PS7_X0Y0             PS7                          0.000    10.000 r  design_1_i/processing_system7_0/inst/PS7_i/FCLKCLK[0]
                         net (fo=1, routed)           1.088    11.088    design_1_i/processing_system7_0/inst/FCLK_CLK_unbuffered[0]
    BUFGCTRL_X0Y16       BUFG (Prop_bufg_I_O)         0.091    11.179 r  design_1_i/processing_system7_0/inst/buffer_fclk_clk_0.FCLK_CLK_0_BUFG/O
                         net (fo=39223, routed)       1.770    12.949    design_1_i/hdmi/axi_dynclk_0/U0/Inst_mmcme2_drp/REF_CLK_I
    MMCME2_ADV_X1Y2      MMCME2_ADV (Prop_mmcme2_adv_CLKIN1_CLKOUT0)
                                                      0.083    13.032 r  design_1_i/hdmi/axi_dynclk_0/U0/Inst_mmcme2_drp/mmcm_adv_inst/CLKOUT0
                         net (fo=2, routed)           0.960    13.992    design_1_i/hdmi/axi_dynclk_0/U0/I
    BUFR_X1Y9            BUFR (Prop_bufr_I_O)         0.918    14.910 r  design_1_i/hdmi/axi_dynclk_0/U0/BUFR_inst/O
                         net (fo=2839, routed)        0.956    15.866    design_1_i/hdmi/v_tc_0/U0/U_VIDEO_CTRL/AXI4_LITE_INTERFACE.GENR_MUX0/vid_aclk
    SLICE_X53Y102        FDRE                                         r  design_1_i/hdmi/v_tc_0/U0/U_VIDEO_CTRL/AXI4_LITE_INTERFACE.GENR_MUX0/GEN_TREE.GEN_BRANCH[49].GEN_MUX_REG.data_out_reg_reg[49][28]/C
                         clock pessimism              0.570    16.436    
                         clock uncertainty           -0.066    16.370    
    SLICE_X53Y102        FDRE (Setup_fdre_C_D)        0.032    16.402    design_1_i/hdmi/v_tc_0/U0/U_VIDEO_CTRL/AXI4_LITE_INTERFACE.GENR_MUX0/GEN_TREE.GEN_BRANCH[49].GEN_MUX_REG.data_out_reg_reg[49][28]
  -------------------------------------------------------------------
                         required time                         16.402    
                         arrival time                         -14.802    
  -------------------------------------------------------------------
                         slack                                  1.599    

Slack (MET) :             1.603ns  (required time - arrival time)
  Source:                 design_1_i/hdmi/v_tc_0/U0/U_VIDEO_CTRL/AXI4_LITE_INTERFACE.SYNC2VIDCLK_I/data_sync_reg[2][34]/C
                            (rising edge-triggered cell FDRE clocked by axi_dynclk_0_PXL_CLK_O  {rise@0.000ns fall@4.000ns period=10.000ns})
  Destination:            design_1_i/hdmi/v_tc_0/U0/U_VIDEO_CTRL/AXI4_LITE_INTERFACE.GENR_MUX0/GEN_TREE.GEN_BRANCH[49].GEN_MUX_REG.data_out_reg_reg[49][14]/D
                            (rising edge-triggered cell FDRE clocked by axi_dynclk_0_PXL_CLK_O  {rise@0.000ns fall@4.000ns period=10.000ns})
  Path Group:             axi_dynclk_0_PXL_CLK_O
  Path Type:              Setup (Max at Slow Process Corner)
  Requirement:            10.000ns  (axi_dynclk_0_PXL_CLK_O rise@10.000ns - axi_dynclk_0_PXL_CLK_O rise@0.000ns)
  Data Path Delay:        8.327ns  (logic 0.715ns (8.586%)  route 7.612ns (91.414%))
  Logic Levels:           1  (LUT3=1)
  Clock Path Skew:        -0.034ns (DCD - SCD + CPR)
    Destination Clock Delay (DCD):    5.866ns = ( 15.866 - 10.000 ) 
    Source Clock Delay      (SCD):    6.470ns
    Clock Pessimism Removal (CPR):    0.570ns
  Clock Uncertainty:      0.066ns  ((TSJ^2 + DJ^2)^1/2) / 2 + PE
    Total System Jitter     (TSJ):    0.071ns
    Discrete Jitter          (DJ):    0.112ns
    Phase Error              (PE):    0.000ns

    Location             Delay type                Incr(ns)  Path(ns)    Netlist Resource(s)
  -------------------------------------------------------------------    -------------------
                         (clock axi_dynclk_0_PXL_CLK_O rise edge)
                                                      0.000     0.000 r  
    PS7_X0Y0             PS7                          0.000     0.000 r  design_1_i/processing_system7_0/inst/PS7_i/FCLKCLK[0]
                         net (fo=1, routed)           1.193     1.193    design_1_i/processing_system7_0/inst/FCLK_CLK_unbuffered[0]
    BUFGCTRL_X0Y16       BUFG (Prop_bufg_I_O)         0.101     1.294 r  design_1_i/processing_system7_0/inst/buffer_fclk_clk_0.FCLK_CLK_0_BUFG/O
                         net (fo=39223, routed)       1.980     3.274    design_1_i/hdmi/axi_dynclk_0/U0/Inst_mmcme2_drp/REF_CLK_I
    MMCME2_ADV_X1Y2      MMCME2_ADV (Prop_mmcme2_adv_CLKIN1_CLKOUT0)
                                                      0.088     3.362 r  design_1_i/hdmi/axi_dynclk_0/U0/Inst_mmcme2_drp/mmcm_adv_inst/CLKOUT0
                         net (fo=2, routed)           1.063     4.425    design_1_i/hdmi/axi_dynclk_0/U0/I
    BUFR_X1Y9            BUFR (Prop_bufr_I_O)         1.031     5.456 r  design_1_i/hdmi/axi_dynclk_0/U0/BUFR_inst/O
                         net (fo=2839, routed)        1.014     6.470    design_1_i/hdmi/v_tc_0/U0/U_VIDEO_CTRL/AXI4_LITE_INTERFACE.SYNC2VIDCLK_I/vid_aclk
    SLICE_X51Y132        FDRE                                         r  design_1_i/hdmi/v_tc_0/U0/U_VIDEO_CTRL/AXI4_LITE_INTERFACE.SYNC2VIDCLK_I/data_sync_reg[2][34]/C
  -------------------------------------------------------------------    -------------------
    SLICE_X51Y132        FDRE (Prop_fdre_C_Q)         0.419     6.889 r  design_1_i/hdmi/v_tc_0/U0/U_VIDEO_CTRL/AXI4_LITE_INTERFACE.SYNC2VIDCLK_I/data_sync_reg[2][34]/Q
                         net (fo=434, routed)         7.612    14.501    design_1_i/hdmi/v_tc_0/U0/U_VIDEO_CTRL/AXI4_LITE_INTERFACE.SYNC2VIDCLK_I/data_sync[2]_2[34]
    SLICE_X53Y102        LUT3 (Prop_lut3_I1_O)        0.296    14.797 r  design_1_i/hdmi/v_tc_0/U0/U_VIDEO_CTRL/AXI4_LITE_INTERFACE.SYNC2VIDCLK_I/GEN_TREE.GEN_BRANCH[49].GEN_MUX_REG.data_out_reg[49][14]_i_1/O
                         net (fo=1, routed)           0.000    14.797    design_1_i/hdmi/v_tc_0/U0/U_VIDEO_CTRL/AXI4_LITE_INTERFACE.GENR_MUX0/p_0_in[14]
    SLICE_X53Y102        FDRE                                         r  design_1_i/hdmi/v_tc_0/U0/U_VIDEO_CTRL/AXI4_LITE_INTERFACE.GENR_MUX0/GEN_TREE.GEN_BRANCH[49].GEN_MUX_REG.data_out_reg_reg[49][14]/D
  -------------------------------------------------------------------    -------------------

                         (clock axi_dynclk_0_PXL_CLK_O rise edge)
                                                     10.000    10.000 r  
    PS7_X0Y0             PS7                          0.000    10.000 r  design_1_i/processing_system7_0/inst/PS7_i/FCLKCLK[0]
                         net (fo=1, routed)           1.088    11.088    design_1_i/processing_system7_0/inst/FCLK_CLK_unbuffered[0]
    BUFGCTRL_X0Y16       BUFG (Prop_bufg_I_O)         0.091    11.179 r  design_1_i/processing_system7_0/inst/buffer_fclk_clk_0.FCLK_CLK_0_BUFG/O
                         net (fo=39223, routed)       1.770    12.949    design_1_i/hdmi/axi_dynclk_0/U0/Inst_mmcme2_drp/REF_CLK_I
    MMCME2_ADV_X1Y2      MMCME2_ADV (Prop_mmcme2_adv_CLKIN1_CLKOUT0)
                                                      0.083    13.032 r  design_1_i/hdmi/axi_dynclk_0/U0/Inst_mmcme2_drp/mmcm_adv_inst/CLKOUT0
                         net (fo=2, routed)           0.960    13.992    design_1_i/hdmi/axi_dynclk_0/U0/I
    BUFR_X1Y9            BUFR (Prop_bufr_I_O)         0.918    14.910 r  design_1_i/hdmi/axi_dynclk_0/U0/BUFR_inst/O
                         net (fo=2839, routed)        0.956    15.866    design_1_i/hdmi/v_tc_0/U0/U_VIDEO_CTRL/AXI4_LITE_INTERFACE.GENR_MUX0/vid_aclk
    SLICE_X53Y102        FDRE                                         r  design_1_i/hdmi/v_tc_0/U0/U_VIDEO_CTRL/AXI4_LITE_INTERFACE.GENR_MUX0/GEN_TREE.GEN_BRANCH[49].GEN_MUX_REG.data_out_reg_reg[49][14]/C
                         clock pessimism              0.570    16.436    
                         clock uncertainty           -0.066    16.370    
    SLICE_X53Y102        FDRE (Setup_fdre_C_D)        0.031    16.401    design_1_i/hdmi/v_tc_0/U0/U_VIDEO_CTRL/AXI4_LITE_INTERFACE.GENR_MUX0/GEN_TREE.GEN_BRANCH[49].GEN_MUX_REG.data_out_reg_reg[49][14]
  -------------------------------------------------------------------
                         required time                         16.401    
                         arrival time                         -14.797    
  -------------------------------------------------------------------
                         slack                                  1.603    

Slack (MET) :             1.614ns  (required time - arrival time)
  Source:                 design_1_i/hdmi/v_tc_0/U0/U_VIDEO_CTRL/AXI4_LITE_INTERFACE.SYNC2VIDCLK_I/data_sync_reg[2][34]/C
                            (rising edge-triggered cell FDRE clocked by axi_dynclk_0_PXL_CLK_O  {rise@0.000ns fall@4.000ns period=10.000ns})
  Destination:            design_1_i/hdmi/v_tc_0/U0/U_VIDEO_CTRL/AXI4_LITE_INTERFACE.GENR_MUX0/GEN_TREE.GEN_BRANCH[48].GEN_MUX_REG.data_out_reg_reg[48][14]/D
                            (rising edge-triggered cell FDRE clocked by axi_dynclk_0_PXL_CLK_O  {rise@0.000ns fall@4.000ns period=10.000ns})
  Path Group:             axi_dynclk_0_PXL_CLK_O
  Path Type:              Setup (Max at Slow Process Corner)
  Requirement:            10.000ns  (axi_dynclk_0_PXL_CLK_O rise@10.000ns - axi_dynclk_0_PXL_CLK_O rise@0.000ns)
  Data Path Delay:        8.316ns  (logic 0.715ns (8.597%)  route 7.601ns (91.403%))
  Logic Levels:           1  (LUT3=1)
  Clock Path Skew:        -0.034ns (DCD - SCD + CPR)
    Destination Clock Delay (DCD):    5.866ns = ( 15.866 - 10.000 ) 
    Source Clock Delay      (SCD):    6.470ns
    Clock Pessimism Removal (CPR):    0.570ns
  Clock Uncertainty:      0.066ns  ((TSJ^2 + DJ^2)^1/2) / 2 + PE
    Total System Jitter     (TSJ):    0.071ns
    Discrete Jitter          (DJ):    0.112ns
    Phase Error              (PE):    0.000ns

    Location             Delay type                Incr(ns)  Path(ns)    Netlist Resource(s)
  -------------------------------------------------------------------    -------------------
                         (clock axi_dynclk_0_PXL_CLK_O rise edge)
                                                      0.000     0.000 r  
    PS7_X0Y0             PS7                          0.000     0.000 r  design_1_i/processing_system7_0/inst/PS7_i/FCLKCLK[0]
                         net (fo=1, routed)           1.193     1.193    design_1_i/processing_system7_0/inst/FCLK_CLK_unbuffered[0]
    BUFGCTRL_X0Y16       BUFG (Prop_bufg_I_O)         0.101     1.294 r  design_1_i/processing_system7_0/inst/buffer_fclk_clk_0.FCLK_CLK_0_BUFG/O
                         net (fo=39223, routed)       1.980     3.274    design_1_i/hdmi/axi_dynclk_0/U0/Inst_mmcme2_drp/REF_CLK_I
    MMCME2_ADV_X1Y2      MMCME2_ADV (Prop_mmcme2_adv_CLKIN1_CLKOUT0)
                                                      0.088     3.362 r  design_1_i/hdmi/axi_dynclk_0/U0/Inst_mmcme2_drp/mmcm_adv_inst/CLKOUT0
                         net (fo=2, routed)           1.063     4.425    design_1_i/hdmi/axi_dynclk_0/U0/I
    BUFR_X1Y9            BUFR (Prop_bufr_I_O)         1.031     5.456 r  design_1_i/hdmi/axi_dynclk_0/U0/BUFR_inst/O
                         net (fo=2839, routed)        1.014     6.470    design_1_i/hdmi/v_tc_0/U0/U_VIDEO_CTRL/AXI4_LITE_INTERFACE.SYNC2VIDCLK_I/vid_aclk
    SLICE_X51Y132        FDRE                                         r  design_1_i/hdmi/v_tc_0/U0/U_VIDEO_CTRL/AXI4_LITE_INTERFACE.SYNC2VIDCLK_I/data_sync_reg[2][34]/C
  -------------------------------------------------------------------    -------------------
    SLICE_X51Y132        FDRE (Prop_fdre_C_Q)         0.419     6.889 r  design_1_i/hdmi/v_tc_0/U0/U_VIDEO_CTRL/AXI4_LITE_INTERFACE.SYNC2VIDCLK_I/data_sync_reg[2][34]/Q
                         net (fo=434, routed)         7.601    14.490    design_1_i/hdmi/v_tc_0/U0/U_VIDEO_CTRL/AXI4_LITE_INTERFACE.SYNC2VIDCLK_I/data_sync[2]_2[34]
    SLICE_X53Y102        LUT3 (Prop_lut3_I1_O)        0.296    14.786 r  design_1_i/hdmi/v_tc_0/U0/U_VIDEO_CTRL/AXI4_LITE_INTERFACE.SYNC2VIDCLK_I/GEN_TREE.GEN_BRANCH[48].GEN_MUX_REG.data_out_reg[48][14]_i_1/O
                         net (fo=1, routed)           0.000    14.786    design_1_i/hdmi/v_tc_0/U0/U_VIDEO_CTRL/AXI4_LITE_INTERFACE.GENR_MUX0/GEN_TREE.GEN_BRANCH[48].GEN_MUX_REG.data_out_reg_reg[48][14]_0
    SLICE_X53Y102        FDRE                                         r  design_1_i/hdmi/v_tc_0/U0/U_VIDEO_CTRL/AXI4_LITE_INTERFACE.GENR_MUX0/GEN_TREE.GEN_BRANCH[48].GEN_MUX_REG.data_out_reg_reg[48][14]/D
  -------------------------------------------------------------------    -------------------

                         (clock axi_dynclk_0_PXL_CLK_O rise edge)
                                                     10.000    10.000 r  
    PS7_X0Y0             PS7                          0.000    10.000 r  design_1_i/processing_system7_0/inst/PS7_i/FCLKCLK[0]
                         net (fo=1, routed)           1.088    11.088    design_1_i/processing_system7_0/inst/FCLK_CLK_unbuffered[0]
    BUFGCTRL_X0Y16       BUFG (Prop_bufg_I_O)         0.091    11.179 r  design_1_i/processing_system7_0/inst/buffer_fclk_clk_0.FCLK_CLK_0_BUFG/O
                         net (fo=39223, routed)       1.770    12.949    design_1_i/hdmi/axi_dynclk_0/U0/Inst_mmcme2_drp/REF_CLK_I
    MMCME2_ADV_X1Y2      MMCME2_ADV (Prop_mmcme2_adv_CLKIN1_CLKOUT0)
                                                      0.083    13.032 r  design_1_i/hdmi/axi_dynclk_0/U0/Inst_mmcme2_drp/mmcm_adv_inst/CLKOUT0
                         net (fo=2, routed)           0.960    13.992    design_1_i/hdmi/axi_dynclk_0/U0/I
    BUFR_X1Y9            BUFR (Prop_bufr_I_O)         0.918    14.910 r  design_1_i/hdmi/axi_dynclk_0/U0/BUFR_inst/O
                         net (fo=2839, routed)        0.956    15.866    design_1_i/hdmi/v_tc_0/U0/U_VIDEO_CTRL/AXI4_LITE_INTERFACE.GENR_MUX0/vid_aclk
    SLICE_X53Y102        FDRE                                         r  design_1_i/hdmi/v_tc_0/U0/U_VIDEO_CTRL/AXI4_LITE_INTERFACE.GENR_MUX0/GEN_TREE.GEN_BRANCH[48].GEN_MUX_REG.data_out_reg_reg[48][14]/C
                         clock pessimism              0.570    16.436    
                         clock uncertainty           -0.066    16.370    
    SLICE_X53Y102        FDRE (Setup_fdre_C_D)        0.031    16.401    design_1_i/hdmi/v_tc_0/U0/U_VIDEO_CTRL/AXI4_LITE_INTERFACE.GENR_MUX0/GEN_TREE.GEN_BRANCH[48].GEN_MUX_REG.data_out_reg_reg[48][14]
  -------------------------------------------------------------------
                         required time                         16.401    
                         arrival time                         -14.786    
  -------------------------------------------------------------------
                         slack                                  1.614    

Slack (MET) :             1.677ns  (required time - arrival time)
  Source:                 design_1_i/hdmi/v_tc_0/U0/U_VIDEO_CTRL/AXI4_LITE_INTERFACE.SYNC2VIDCLK_I/data_sync_reg[2][34]/C
                            (rising edge-triggered cell FDRE clocked by axi_dynclk_0_PXL_CLK_O  {rise@0.000ns fall@4.000ns period=10.000ns})
  Destination:            design_1_i/hdmi/v_tc_0/U0/U_VIDEO_CTRL/AXI4_LITE_INTERFACE.GENR_MUX0/GEN_TREE.GEN_BRANCH[31].GEN_MUX_REG.data_out_reg_reg[31][31]/R
                            (rising edge-triggered cell FDRE clocked by axi_dynclk_0_PXL_CLK_O  {rise@0.000ns fall@4.000ns period=10.000ns})
  Path Group:             axi_dynclk_0_PXL_CLK_O
  Path Type:              Setup (Max at Slow Process Corner)
  Requirement:            10.000ns  (axi_dynclk_0_PXL_CLK_O rise@10.000ns - axi_dynclk_0_PXL_CLK_O rise@0.000ns)
  Data Path Delay:        7.576ns  (logic 0.419ns (5.531%)  route 7.157ns (94.469%))
  Logic Levels:           0  
  Clock Path Skew:        -0.080ns (DCD - SCD + CPR)
    Destination Clock Delay (DCD):    5.820ns = ( 15.820 - 10.000 ) 
    Source Clock Delay      (SCD):    6.470ns
    Clock Pessimism Removal (CPR):    0.570ns
  Clock Uncertainty:      0.066ns  ((TSJ^2 + DJ^2)^1/2) / 2 + PE
    Total System Jitter     (TSJ):    0.071ns
    Discrete Jitter          (DJ):    0.112ns
    Phase Error              (PE):    0.000ns

    Location             Delay type                Incr(ns)  Path(ns)    Netlist Resource(s)
  -------------------------------------------------------------------    -------------------
                         (clock axi_dynclk_0_PXL_CLK_O rise edge)
                                                      0.000     0.000 r  
    PS7_X0Y0             PS7                          0.000     0.000 r  design_1_i/processing_system7_0/inst/PS7_i/FCLKCLK[0]
                         net (fo=1, routed)           1.193     1.193    design_1_i/processing_system7_0/inst/FCLK_CLK_unbuffered[0]
    BUFGCTRL_X0Y16       BUFG (Prop_bufg_I_O)         0.101     1.294 r  design_1_i/processing_system7_0/inst/buffer_fclk_clk_0.FCLK_CLK_0_BUFG/O
                         net (fo=39223, routed)       1.980     3.274    design_1_i/hdmi/axi_dynclk_0/U0/Inst_mmcme2_drp/REF_CLK_I
    MMCME2_ADV_X1Y2      MMCME2_ADV (Prop_mmcme2_adv_CLKIN1_CLKOUT0)
                                                      0.088     3.362 r  design_1_i/hdmi/axi_dynclk_0/U0/Inst_mmcme2_drp/mmcm_adv_inst/CLKOUT0
                         net (fo=2, routed)           1.063     4.425    design_1_i/hdmi/axi_dynclk_0/U0/I
    BUFR_X1Y9            BUFR (Prop_bufr_I_O)         1.031     5.456 r  design_1_i/hdmi/axi_dynclk_0/U0/BUFR_inst/O
                         net (fo=2839, routed)        1.014     6.470    design_1_i/hdmi/v_tc_0/U0/U_VIDEO_CTRL/AXI4_LITE_INTERFACE.SYNC2VIDCLK_I/vid_aclk
    SLICE_X51Y132        FDRE                                         r  design_1_i/hdmi/v_tc_0/U0/U_VIDEO_CTRL/AXI4_LITE_INTERFACE.SYNC2VIDCLK_I/data_sync_reg[2][34]/C
  -------------------------------------------------------------------    -------------------
    SLICE_X51Y132        FDRE (Prop_fdre_C_Q)         0.419     6.889 r  design_1_i/hdmi/v_tc_0/U0/U_VIDEO_CTRL/AXI4_LITE_INTERFACE.SYNC2VIDCLK_I/data_sync_reg[2][34]/Q
                         net (fo=434, routed)         7.157    14.046    design_1_i/hdmi/v_tc_0/U0/U_VIDEO_CTRL/AXI4_LITE_INTERFACE.GENR_MUX0/ipif_addr_out[0]
    SLICE_X60Y101        FDRE                                         r  design_1_i/hdmi/v_tc_0/U0/U_VIDEO_CTRL/AXI4_LITE_INTERFACE.GENR_MUX0/GEN_TREE.GEN_BRANCH[31].GEN_MUX_REG.data_out_reg_reg[31][31]/R
  -------------------------------------------------------------------    -------------------

                         (clock axi_dynclk_0_PXL_CLK_O rise edge)
                                                     10.000    10.000 r  
    PS7_X0Y0             PS7                          0.000    10.000 r  design_1_i/processing_system7_0/inst/PS7_i/FCLKCLK[0]
                         net (fo=1, routed)           1.088    11.088    design_1_i/processing_system7_0/inst/FCLK_CLK_unbuffered[0]
    BUFGCTRL_X0Y16       BUFG (Prop_bufg_I_O)         0.091    11.179 r  design_1_i/processing_system7_0/inst/buffer_fclk_clk_0.FCLK_CLK_0_BUFG/O
                         net (fo=39223, routed)       1.770    12.949    design_1_i/hdmi/axi_dynclk_0/U0/Inst_mmcme2_drp/REF_CLK_I
    MMCME2_ADV_X1Y2      MMCME2_ADV (Prop_mmcme2_adv_CLKIN1_CLKOUT0)
                                                      0.083    13.032 r  design_1_i/hdmi/axi_dynclk_0/U0/Inst_mmcme2_drp/mmcm_adv_inst/CLKOUT0
                         net (fo=2, routed)           0.960    13.992    design_1_i/hdmi/axi_dynclk_0/U0/I
    BUFR_X1Y9            BUFR (Prop_bufr_I_O)         0.918    14.910 r  design_1_i/hdmi/axi_dynclk_0/U0/BUFR_inst/O
                         net (fo=2839, routed)        0.910    15.820    design_1_i/hdmi/v_tc_0/U0/U_VIDEO_CTRL/AXI4_LITE_INTERFACE.GENR_MUX0/vid_aclk
    SLICE_X60Y101        FDRE                                         r  design_1_i/hdmi/v_tc_0/U0/U_VIDEO_CTRL/AXI4_LITE_INTERFACE.GENR_MUX0/GEN_TREE.GEN_BRANCH[31].GEN_MUX_REG.data_out_reg_reg[31][31]/C
                         clock pessimism              0.570    16.390    
                         clock uncertainty           -0.066    16.324    
    SLICE_X60Y101        FDRE (Setup_fdre_C_R)       -0.601    15.723    design_1_i/hdmi/v_tc_0/U0/U_VIDEO_CTRL/AXI4_LITE_INTERFACE.GENR_MUX0/GEN_TREE.GEN_BRANCH[31].GEN_MUX_REG.data_out_reg_reg[31][31]
  -------------------------------------------------------------------
                         required time                         15.723    
                         arrival time                         -14.046    
  -------------------------------------------------------------------
                         slack                                  1.677    

Slack (MET) :             1.677ns  (required time - arrival time)
  Source:                 design_1_i/hdmi/v_tc_0/U0/U_VIDEO_CTRL/AXI4_LITE_INTERFACE.SYNC2VIDCLK_I/data_sync_reg[2][34]/C
                            (rising edge-triggered cell FDRE clocked by axi_dynclk_0_PXL_CLK_O  {rise@0.000ns fall@4.000ns period=10.000ns})
  Destination:            design_1_i/hdmi/v_tc_0/U0/U_VIDEO_CTRL/AXI4_LITE_INTERFACE.GENR_MUX0/GEN_TREE.GEN_BRANCH[34].GEN_MUX_REG.data_out_reg_reg[34][12]/R
                            (rising edge-triggered cell FDRE clocked by axi_dynclk_0_PXL_CLK_O  {rise@0.000ns fall@4.000ns period=10.000ns})
  Path Group:             axi_dynclk_0_PXL_CLK_O
  Path Type:              Setup (Max at Slow Process Corner)
  Requirement:            10.000ns  (axi_dynclk_0_PXL_CLK_O rise@10.000ns - axi_dynclk_0_PXL_CLK_O rise@0.000ns)
  Data Path Delay:        7.576ns  (logic 0.419ns (5.531%)  route 7.157ns (94.469%))
  Logic Levels:           0  
  Clock Path Skew:        -0.080ns (DCD - SCD + CPR)
    Destination Clock Delay (DCD):    5.820ns = ( 15.820 - 10.000 ) 
    Source Clock Delay      (SCD):    6.470ns
    Clock Pessimism Removal (CPR):    0.570ns
  Clock Uncertainty:      0.066ns  ((TSJ^2 + DJ^2)^1/2) / 2 + PE
    Total System Jitter     (TSJ):    0.071ns
    Discrete Jitter          (DJ):    0.112ns
    Phase Error              (PE):    0.000ns

    Location             Delay type                Incr(ns)  Path(ns)    Netlist Resource(s)
  -------------------------------------------------------------------    -------------------
                         (clock axi_dynclk_0_PXL_CLK_O rise edge)
                                                      0.000     0.000 r  
    PS7_X0Y0             PS7                          0.000     0.000 r  design_1_i/processing_system7_0/inst/PS7_i/FCLKCLK[0]
                         net (fo=1, routed)           1.193     1.193    design_1_i/processing_system7_0/inst/FCLK_CLK_unbuffered[0]
    BUFGCTRL_X0Y16       BUFG (Prop_bufg_I_O)         0.101     1.294 r  design_1_i/processing_system7_0/inst/buffer_fclk_clk_0.FCLK_CLK_0_BUFG/O
                         net (fo=39223, routed)       1.980     3.274    design_1_i/hdmi/axi_dynclk_0/U0/Inst_mmcme2_drp/REF_CLK_I
    MMCME2_ADV_X1Y2      MMCME2_ADV (Prop_mmcme2_adv_CLKIN1_CLKOUT0)
                                                      0.088     3.362 r  design_1_i/hdmi/axi_dynclk_0/U0/Inst_mmcme2_drp/mmcm_adv_inst/CLKOUT0
                         net (fo=2, routed)           1.063     4.425    design_1_i/hdmi/axi_dynclk_0/U0/I
    BUFR_X1Y9            BUFR (Prop_bufr_I_O)         1.031     5.456 r  design_1_i/hdmi/axi_dynclk_0/U0/BUFR_inst/O
                         net (fo=2839, routed)        1.014     6.470    design_1_i/hdmi/v_tc_0/U0/U_VIDEO_CTRL/AXI4_LITE_INTERFACE.SYNC2VIDCLK_I/vid_aclk
    SLICE_X51Y132        FDRE                                         r  design_1_i/hdmi/v_tc_0/U0/U_VIDEO_CTRL/AXI4_LITE_INTERFACE.SYNC2VIDCLK_I/data_sync_reg[2][34]/C
  -------------------------------------------------------------------    -------------------
    SLICE_X51Y132        FDRE (Prop_fdre_C_Q)         0.419     6.889 r  design_1_i/hdmi/v_tc_0/U0/U_VIDEO_CTRL/AXI4_LITE_INTERFACE.SYNC2VIDCLK_I/data_sync_reg[2][34]/Q
                         net (fo=434, routed)         7.157    14.046    design_1_i/hdmi/v_tc_0/U0/U_VIDEO_CTRL/AXI4_LITE_INTERFACE.GENR_MUX0/ipif_addr_out[0]
    SLICE_X60Y101        FDRE                                         r  design_1_i/hdmi/v_tc_0/U0/U_VIDEO_CTRL/AXI4_LITE_INTERFACE.GENR_MUX0/GEN_TREE.GEN_BRANCH[34].GEN_MUX_REG.data_out_reg_reg[34][12]/R
  -------------------------------------------------------------------    -------------------

                         (clock axi_dynclk_0_PXL_CLK_O rise edge)
                                                     10.000    10.000 r  
    PS7_X0Y0             PS7                          0.000    10.000 r  design_1_i/processing_system7_0/inst/PS7_i/FCLKCLK[0]
                         net (fo=1, routed)           1.088    11.088    design_1_i/processing_system7_0/inst/FCLK_CLK_unbuffered[0]
    BUFGCTRL_X0Y16       BUFG (Prop_bufg_I_O)         0.091    11.179 r  design_1_i/processing_system7_0/inst/buffer_fclk_clk_0.FCLK_CLK_0_BUFG/O
                         net (fo=39223, routed)       1.770    12.949    design_1_i/hdmi/axi_dynclk_0/U0/Inst_mmcme2_drp/REF_CLK_I
    MMCME2_ADV_X1Y2      MMCME2_ADV (Prop_mmcme2_adv_CLKIN1_CLKOUT0)
                                                      0.083    13.032 r  design_1_i/hdmi/axi_dynclk_0/U0/Inst_mmcme2_drp/mmcm_adv_inst/CLKOUT0
                         net (fo=2, routed)           0.960    13.992    design_1_i/hdmi/axi_dynclk_0/U0/I
    BUFR_X1Y9            BUFR (Prop_bufr_I_O)         0.918    14.910 r  design_1_i/hdmi/axi_dynclk_0/U0/BUFR_inst/O
                         net (fo=2839, routed)        0.910    15.820    design_1_i/hdmi/v_tc_0/U0/U_VIDEO_CTRL/AXI4_LITE_INTERFACE.GENR_MUX0/vid_aclk
    SLICE_X60Y101        FDRE                                         r  design_1_i/hdmi/v_tc_0/U0/U_VIDEO_CTRL/AXI4_LITE_INTERFACE.GENR_MUX0/GEN_TREE.GEN_BRANCH[34].GEN_MUX_REG.data_out_reg_reg[34][12]/C
                         clock pessimism              0.570    16.390    
                         clock uncertainty           -0.066    16.324    
    SLICE_X60Y101        FDRE (Setup_fdre_C_R)       -0.601    15.723    design_1_i/hdmi/v_tc_0/U0/U_VIDEO_CTRL/AXI4_LITE_INTERFACE.GENR_MUX0/GEN_TREE.GEN_BRANCH[34].GEN_MUX_REG.data_out_reg_reg[34][12]
  -------------------------------------------------------------------
                         required time                         15.723    
                         arrival time                         -14.046    
  -------------------------------------------------------------------
                         slack                                  1.677    

Slack (MET) :             1.677ns  (required time - arrival time)
  Source:                 design_1_i/hdmi/v_tc_0/U0/U_VIDEO_CTRL/AXI4_LITE_INTERFACE.SYNC2VIDCLK_I/data_sync_reg[2][34]/C
                            (rising edge-triggered cell FDRE clocked by axi_dynclk_0_PXL_CLK_O  {rise@0.000ns fall@4.000ns period=10.000ns})
  Destination:            design_1_i/hdmi/v_tc_0/U0/U_VIDEO_CTRL/AXI4_LITE_INTERFACE.GENR_MUX0/GEN_TREE.GEN_BRANCH[34].GEN_MUX_REG.data_out_reg_reg[34][13]/R
                            (rising edge-triggered cell FDRE clocked by axi_dynclk_0_PXL_CLK_O  {rise@0.000ns fall@4.000ns period=10.000ns})
  Path Group:             axi_dynclk_0_PXL_CLK_O
  Path Type:              Setup (Max at Slow Process Corner)
  Requirement:            10.000ns  (axi_dynclk_0_PXL_CLK_O rise@10.000ns - axi_dynclk_0_PXL_CLK_O rise@0.000ns)
  Data Path Delay:        7.576ns  (logic 0.419ns (5.531%)  route 7.157ns (94.469%))
  Logic Levels:           0  
  Clock Path Skew:        -0.080ns (DCD - SCD + CPR)
    Destination Clock Delay (DCD):    5.820ns = ( 15.820 - 10.000 ) 
    Source Clock Delay      (SCD):    6.470ns
    Clock Pessimism Removal (CPR):    0.570ns
  Clock Uncertainty:      0.066ns  ((TSJ^2 + DJ^2)^1/2) / 2 + PE
    Total System Jitter     (TSJ):    0.071ns
    Discrete Jitter          (DJ):    0.112ns
    Phase Error              (PE):    0.000ns

    Location             Delay type                Incr(ns)  Path(ns)    Netlist Resource(s)
  -------------------------------------------------------------------    -------------------
                         (clock axi_dynclk_0_PXL_CLK_O rise edge)
                                                      0.000     0.000 r  
    PS7_X0Y0             PS7                          0.000     0.000 r  design_1_i/processing_system7_0/inst/PS7_i/FCLKCLK[0]
                         net (fo=1, routed)           1.193     1.193    design_1_i/processing_system7_0/inst/FCLK_CLK_unbuffered[0]
    BUFGCTRL_X0Y16       BUFG (Prop_bufg_I_O)         0.101     1.294 r  design_1_i/processing_system7_0/inst/buffer_fclk_clk_0.FCLK_CLK_0_BUFG/O
                         net (fo=39223, routed)       1.980     3.274    design_1_i/hdmi/axi_dynclk_0/U0/Inst_mmcme2_drp/REF_CLK_I
    MMCME2_ADV_X1Y2      MMCME2_ADV (Prop_mmcme2_adv_CLKIN1_CLKOUT0)
                                                      0.088     3.362 r  design_1_i/hdmi/axi_dynclk_0/U0/Inst_mmcme2_drp/mmcm_adv_inst/CLKOUT0
                         net (fo=2, routed)           1.063     4.425    design_1_i/hdmi/axi_dynclk_0/U0/I
    BUFR_X1Y9            BUFR (Prop_bufr_I_O)         1.031     5.456 r  design_1_i/hdmi/axi_dynclk_0/U0/BUFR_inst/O
                         net (fo=2839, routed)        1.014     6.470    design_1_i/hdmi/v_tc_0/U0/U_VIDEO_CTRL/AXI4_LITE_INTERFACE.SYNC2VIDCLK_I/vid_aclk
    SLICE_X51Y132        FDRE                                         r  design_1_i/hdmi/v_tc_0/U0/U_VIDEO_CTRL/AXI4_LITE_INTERFACE.SYNC2VIDCLK_I/data_sync_reg[2][34]/C
  -------------------------------------------------------------------    -------------------
    SLICE_X51Y132        FDRE (Prop_fdre_C_Q)         0.419     6.889 r  design_1_i/hdmi/v_tc_0/U0/U_VIDEO_CTRL/AXI4_LITE_INTERFACE.SYNC2VIDCLK_I/data_sync_reg[2][34]/Q
                         net (fo=434, routed)         7.157    14.046    design_1_i/hdmi/v_tc_0/U0/U_VIDEO_CTRL/AXI4_LITE_INTERFACE.GENR_MUX0/ipif_addr_out[0]
    SLICE_X60Y101        FDRE                                         r  design_1_i/hdmi/v_tc_0/U0/U_VIDEO_CTRL/AXI4_LITE_INTERFACE.GENR_MUX0/GEN_TREE.GEN_BRANCH[34].GEN_MUX_REG.data_out_reg_reg[34][13]/R
  -------------------------------------------------------------------    -------------------

                         (clock axi_dynclk_0_PXL_CLK_O rise edge)
                                                     10.000    10.000 r  
    PS7_X0Y0             PS7                          0.000    10.000 r  design_1_i/processing_system7_0/inst/PS7_i/FCLKCLK[0]
                         net (fo=1, routed)           1.088    11.088    design_1_i/processing_system7_0/inst/FCLK_CLK_unbuffered[0]
    BUFGCTRL_X0Y16       BUFG (Prop_bufg_I_O)         0.091    11.179 r  design_1_i/processing_system7_0/inst/buffer_fclk_clk_0.FCLK_CLK_0_BUFG/O
                         net (fo=39223, routed)       1.770    12.949    design_1_i/hdmi/axi_dynclk_0/U0/Inst_mmcme2_drp/REF_CLK_I
    MMCME2_ADV_X1Y2      MMCME2_ADV (Prop_mmcme2_adv_CLKIN1_CLKOUT0)
                                                      0.083    13.032 r  design_1_i/hdmi/axi_dynclk_0/U0/Inst_mmcme2_drp/mmcm_adv_inst/CLKOUT0
                         net (fo=2, routed)           0.960    13.992    design_1_i/hdmi/axi_dynclk_0/U0/I
    BUFR_X1Y9            BUFR (Prop_bufr_I_O)         0.918    14.910 r  design_1_i/hdmi/axi_dynclk_0/U0/BUFR_inst/O
                         net (fo=2839, routed)        0.910    15.820    design_1_i/hdmi/v_tc_0/U0/U_VIDEO_CTRL/AXI4_LITE_INTERFACE.GENR_MUX0/vid_aclk
    SLICE_X60Y101        FDRE                                         r  design_1_i/hdmi/v_tc_0/U0/U_VIDEO_CTRL/AXI4_LITE_INTERFACE.GENR_MUX0/GEN_TREE.GEN_BRANCH[34].GEN_MUX_REG.data_out_reg_reg[34][13]/C
                         clock pessimism              0.570    16.390    
                         clock uncertainty           -0.066    16.324    
    SLICE_X60Y101        FDRE (Setup_fdre_C_R)       -0.601    15.723    design_1_i/hdmi/v_tc_0/U0/U_VIDEO_CTRL/AXI4_LITE_INTERFACE.GENR_MUX0/GEN_TREE.GEN_BRANCH[34].GEN_MUX_REG.data_out_reg_reg[34][13]
  -------------------------------------------------------------------
                         required time                         15.723    
                         arrival time                         -14.046    
  -------------------------------------------------------------------
                         slack                                  1.677    

Slack (MET) :             1.677ns  (required time - arrival time)
  Source:                 design_1_i/hdmi/v_tc_0/U0/U_VIDEO_CTRL/AXI4_LITE_INTERFACE.SYNC2VIDCLK_I/data_sync_reg[2][34]/C
                            (rising edge-triggered cell FDRE clocked by axi_dynclk_0_PXL_CLK_O  {rise@0.000ns fall@4.000ns period=10.000ns})
  Destination:            design_1_i/hdmi/v_tc_0/U0/U_VIDEO_CTRL/AXI4_LITE_INTERFACE.GENR_MUX0/GEN_TREE.GEN_BRANCH[34].GEN_MUX_REG.data_out_reg_reg[34][17]/R
                            (rising edge-triggered cell FDRE clocked by axi_dynclk_0_PXL_CLK_O  {rise@0.000ns fall@4.000ns period=10.000ns})
  Path Group:             axi_dynclk_0_PXL_CLK_O
  Path Type:              Setup (Max at Slow Process Corner)
  Requirement:            10.000ns  (axi_dynclk_0_PXL_CLK_O rise@10.000ns - axi_dynclk_0_PXL_CLK_O rise@0.000ns)
  Data Path Delay:        7.576ns  (logic 0.419ns (5.531%)  route 7.157ns (94.469%))
  Logic Levels:           0  
  Clock Path Skew:        -0.080ns (DCD - SCD + CPR)
    Destination Clock Delay (DCD):    5.820ns = ( 15.820 - 10.000 ) 
    Source Clock Delay      (SCD):    6.470ns
    Clock Pessimism Removal (CPR):    0.570ns
  Clock Uncertainty:      0.066ns  ((TSJ^2 + DJ^2)^1/2) / 2 + PE
    Total System Jitter     (TSJ):    0.071ns
    Discrete Jitter          (DJ):    0.112ns
    Phase Error              (PE):    0.000ns

    Location             Delay type                Incr(ns)  Path(ns)    Netlist Resource(s)
  -------------------------------------------------------------------    -------------------
                         (clock axi_dynclk_0_PXL_CLK_O rise edge)
                                                      0.000     0.000 r  
    PS7_X0Y0             PS7                          0.000     0.000 r  design_1_i/processing_system7_0/inst/PS7_i/FCLKCLK[0]
                         net (fo=1, routed)           1.193     1.193    design_1_i/processing_system7_0/inst/FCLK_CLK_unbuffered[0]
    BUFGCTRL_X0Y16       BUFG (Prop_bufg_I_O)         0.101     1.294 r  design_1_i/processing_system7_0/inst/buffer_fclk_clk_0.FCLK_CLK_0_BUFG/O
                         net (fo=39223, routed)       1.980     3.274    design_1_i/hdmi/axi_dynclk_0/U0/Inst_mmcme2_drp/REF_CLK_I
    MMCME2_ADV_X1Y2      MMCME2_ADV (Prop_mmcme2_adv_CLKIN1_CLKOUT0)
                                                      0.088     3.362 r  design_1_i/hdmi/axi_dynclk_0/U0/Inst_mmcme2_drp/mmcm_adv_inst/CLKOUT0
                         net (fo=2, routed)           1.063     4.425    design_1_i/hdmi/axi_dynclk_0/U0/I
    BUFR_X1Y9            BUFR (Prop_bufr_I_O)         1.031     5.456 r  design_1_i/hdmi/axi_dynclk_0/U0/BUFR_inst/O
                         net (fo=2839, routed)        1.014     6.470    design_1_i/hdmi/v_tc_0/U0/U_VIDEO_CTRL/AXI4_LITE_INTERFACE.SYNC2VIDCLK_I/vid_aclk
    SLICE_X51Y132        FDRE                                         r  design_1_i/hdmi/v_tc_0/U0/U_VIDEO_CTRL/AXI4_LITE_INTERFACE.SYNC2VIDCLK_I/data_sync_reg[2][34]/C
  -------------------------------------------------------------------    -------------------
    SLICE_X51Y132        FDRE (Prop_fdre_C_Q)         0.419     6.889 r  design_1_i/hdmi/v_tc_0/U0/U_VIDEO_CTRL/AXI4_LITE_INTERFACE.SYNC2VIDCLK_I/data_sync_reg[2][34]/Q
                         net (fo=434, routed)         7.157    14.046    design_1_i/hdmi/v_tc_0/U0/U_VIDEO_CTRL/AXI4_LITE_INTERFACE.GENR_MUX0/ipif_addr_out[0]
    SLICE_X60Y101        FDRE                                         r  design_1_i/hdmi/v_tc_0/U0/U_VIDEO_CTRL/AXI4_LITE_INTERFACE.GENR_MUX0/GEN_TREE.GEN_BRANCH[34].GEN_MUX_REG.data_out_reg_reg[34][17]/R
  -------------------------------------------------------------------    -------------------

                         (clock axi_dynclk_0_PXL_CLK_O rise edge)
                                                     10.000    10.000 r  
    PS7_X0Y0             PS7                          0.000    10.000 r  design_1_i/processing_system7_0/inst/PS7_i/FCLKCLK[0]
                         net (fo=1, routed)           1.088    11.088    design_1_i/processing_system7_0/inst/FCLK_CLK_unbuffered[0]
    BUFGCTRL_X0Y16       BUFG (Prop_bufg_I_O)         0.091    11.179 r  design_1_i/processing_system7_0/inst/buffer_fclk_clk_0.FCLK_CLK_0_BUFG/O
                         net (fo=39223, routed)       1.770    12.949    design_1_i/hdmi/axi_dynclk_0/U0/Inst_mmcme2_drp/REF_CLK_I
    MMCME2_ADV_X1Y2      MMCME2_ADV (Prop_mmcme2_adv_CLKIN1_CLKOUT0)
                                                      0.083    13.032 r  design_1_i/hdmi/axi_dynclk_0/U0/Inst_mmcme2_drp/mmcm_adv_inst/CLKOUT0
                         net (fo=2, routed)           0.960    13.992    design_1_i/hdmi/axi_dynclk_0/U0/I
    BUFR_X1Y9            BUFR (Prop_bufr_I_O)         0.918    14.910 r  design_1_i/hdmi/axi_dynclk_0/U0/BUFR_inst/O
                         net (fo=2839, routed)        0.910    15.820    design_1_i/hdmi/v_tc_0/U0/U_VIDEO_CTRL/AXI4_LITE_INTERFACE.GENR_MUX0/vid_aclk
    SLICE_X60Y101        FDRE                                         r  design_1_i/hdmi/v_tc_0/U0/U_VIDEO_CTRL/AXI4_LITE_INTERFACE.GENR_MUX0/GEN_TREE.GEN_BRANCH[34].GEN_MUX_REG.data_out_reg_reg[34][17]/C
                         clock pessimism              0.570    16.390    
                         clock uncertainty           -0.066    16.324    
    SLICE_X60Y101        FDRE (Setup_fdre_C_R)       -0.601    15.723    design_1_i/hdmi/v_tc_0/U0/U_VIDEO_CTRL/AXI4_LITE_INTERFACE.GENR_MUX0/GEN_TREE.GEN_BRANCH[34].GEN_MUX_REG.data_out_reg_reg[34][17]
  -------------------------------------------------------------------
                         required time                         15.723    
                         arrival time                         -14.046    
  -------------------------------------------------------------------
                         slack                                  1.677    

Slack (MET) :             1.677ns  (required time - arrival time)
  Source:                 design_1_i/hdmi/v_tc_0/U0/U_VIDEO_CTRL/AXI4_LITE_INTERFACE.SYNC2VIDCLK_I/data_sync_reg[2][34]/C
                            (rising edge-triggered cell FDRE clocked by axi_dynclk_0_PXL_CLK_O  {rise@0.000ns fall@4.000ns period=10.000ns})
  Destination:            design_1_i/hdmi/v_tc_0/U0/U_VIDEO_CTRL/AXI4_LITE_INTERFACE.GENR_MUX0/GEN_TREE.GEN_BRANCH[34].GEN_MUX_REG.data_out_reg_reg[34][18]/R
                            (rising edge-triggered cell FDRE clocked by axi_dynclk_0_PXL_CLK_O  {rise@0.000ns fall@4.000ns period=10.000ns})
  Path Group:             axi_dynclk_0_PXL_CLK_O
  Path Type:              Setup (Max at Slow Process Corner)
  Requirement:            10.000ns  (axi_dynclk_0_PXL_CLK_O rise@10.000ns - axi_dynclk_0_PXL_CLK_O rise@0.000ns)
  Data Path Delay:        7.576ns  (logic 0.419ns (5.531%)  route 7.157ns (94.469%))
  Logic Levels:           0  
  Clock Path Skew:        -0.080ns (DCD - SCD + CPR)
    Destination Clock Delay (DCD):    5.820ns = ( 15.820 - 10.000 ) 
    Source Clock Delay      (SCD):    6.470ns
    Clock Pessimism Removal (CPR):    0.570ns
  Clock Uncertainty:      0.066ns  ((TSJ^2 + DJ^2)^1/2) / 2 + PE
    Total System Jitter     (TSJ):    0.071ns
    Discrete Jitter          (DJ):    0.112ns
    Phase Error              (PE):    0.000ns

    Location             Delay type                Incr(ns)  Path(ns)    Netlist Resource(s)
  -------------------------------------------------------------------    -------------------
                         (clock axi_dynclk_0_PXL_CLK_O rise edge)
                                                      0.000     0.000 r  
    PS7_X0Y0             PS7                          0.000     0.000 r  design_1_i/processing_system7_0/inst/PS7_i/FCLKCLK[0]
                         net (fo=1, routed)           1.193     1.193    design_1_i/processing_system7_0/inst/FCLK_CLK_unbuffered[0]
    BUFGCTRL_X0Y16       BUFG (Prop_bufg_I_O)         0.101     1.294 r  design_1_i/processing_system7_0/inst/buffer_fclk_clk_0.FCLK_CLK_0_BUFG/O
                         net (fo=39223, routed)       1.980     3.274    design_1_i/hdmi/axi_dynclk_0/U0/Inst_mmcme2_drp/REF_CLK_I
    MMCME2_ADV_X1Y2      MMCME2_ADV (Prop_mmcme2_adv_CLKIN1_CLKOUT0)
                                                      0.088     3.362 r  design_1_i/hdmi/axi_dynclk_0/U0/Inst_mmcme2_drp/mmcm_adv_inst/CLKOUT0
                         net (fo=2, routed)           1.063     4.425    design_1_i/hdmi/axi_dynclk_0/U0/I
    BUFR_X1Y9            BUFR (Prop_bufr_I_O)         1.031     5.456 r  design_1_i/hdmi/axi_dynclk_0/U0/BUFR_inst/O
                         net (fo=2839, routed)        1.014     6.470    design_1_i/hdmi/v_tc_0/U0/U_VIDEO_CTRL/AXI4_LITE_INTERFACE.SYNC2VIDCLK_I/vid_aclk
    SLICE_X51Y132        FDRE                                         r  design_1_i/hdmi/v_tc_0/U0/U_VIDEO_CTRL/AXI4_LITE_INTERFACE.SYNC2VIDCLK_I/data_sync_reg[2][34]/C
  -------------------------------------------------------------------    -------------------
    SLICE_X51Y132        FDRE (Prop_fdre_C_Q)         0.419     6.889 r  design_1_i/hdmi/v_tc_0/U0/U_VIDEO_CTRL/AXI4_LITE_INTERFACE.SYNC2VIDCLK_I/data_sync_reg[2][34]/Q
                         net (fo=434, routed)         7.157    14.046    design_1_i/hdmi/v_tc_0/U0/U_VIDEO_CTRL/AXI4_LITE_INTERFACE.GENR_MUX0/ipif_addr_out[0]
    SLICE_X60Y101        FDRE                                         r  design_1_i/hdmi/v_tc_0/U0/U_VIDEO_CTRL/AXI4_LITE_INTERFACE.GENR_MUX0/GEN_TREE.GEN_BRANCH[34].GEN_MUX_REG.data_out_reg_reg[34][18]/R
  -------------------------------------------------------------------    -------------------

                         (clock axi_dynclk_0_PXL_CLK_O rise edge)
                                                     10.000    10.000 r  
    PS7_X0Y0             PS7                          0.000    10.000 r  design_1_i/processing_system7_0/inst/PS7_i/FCLKCLK[0]
                         net (fo=1, routed)           1.088    11.088    design_1_i/processing_system7_0/inst/FCLK_CLK_unbuffered[0]
    BUFGCTRL_X0Y16       BUFG (Prop_bufg_I_O)         0.091    11.179 r  design_1_i/processing_system7_0/inst/buffer_fclk_clk_0.FCLK_CLK_0_BUFG/O
                         net (fo=39223, routed)       1.770    12.949    design_1_i/hdmi/axi_dynclk_0/U0/Inst_mmcme2_drp/REF_CLK_I
    MMCME2_ADV_X1Y2      MMCME2_ADV (Prop_mmcme2_adv_CLKIN1_CLKOUT0)
                                                      0.083    13.032 r  design_1_i/hdmi/axi_dynclk_0/U0/Inst_mmcme2_drp/mmcm_adv_inst/CLKOUT0
                         net (fo=2, routed)           0.960    13.992    design_1_i/hdmi/axi_dynclk_0/U0/I
    BUFR_X1Y9            BUFR (Prop_bufr_I_O)         0.918    14.910 r  design_1_i/hdmi/axi_dynclk_0/U0/BUFR_inst/O
                         net (fo=2839, routed)        0.910    15.820    design_1_i/hdmi/v_tc_0/U0/U_VIDEO_CTRL/AXI4_LITE_INTERFACE.GENR_MUX0/vid_aclk
    SLICE_X60Y101        FDRE                                         r  design_1_i/hdmi/v_tc_0/U0/U_VIDEO_CTRL/AXI4_LITE_INTERFACE.GENR_MUX0/GEN_TREE.GEN_BRANCH[34].GEN_MUX_REG.data_out_reg_reg[34][18]/C
                         clock pessimism              0.570    16.390    
                         clock uncertainty           -0.066    16.324    
    SLICE_X60Y101        FDRE (Setup_fdre_C_R)       -0.601    15.723    design_1_i/hdmi/v_tc_0/U0/U_VIDEO_CTRL/AXI4_LITE_INTERFACE.GENR_MUX0/GEN_TREE.GEN_BRANCH[34].GEN_MUX_REG.data_out_reg_reg[34][18]
  -------------------------------------------------------------------
                         required time                         15.723    
                         arrival time                         -14.046    
  -------------------------------------------------------------------
                         slack                                  1.677    

Slack (MET) :             1.677ns  (required time - arrival time)
  Source:                 design_1_i/hdmi/v_tc_0/U0/U_VIDEO_CTRL/AXI4_LITE_INTERFACE.SYNC2VIDCLK_I/data_sync_reg[2][34]/C
                            (rising edge-triggered cell FDRE clocked by axi_dynclk_0_PXL_CLK_O  {rise@0.000ns fall@4.000ns period=10.000ns})
  Destination:            design_1_i/hdmi/v_tc_0/U0/U_VIDEO_CTRL/AXI4_LITE_INTERFACE.GENR_MUX0/GEN_TREE.GEN_BRANCH[34].GEN_MUX_REG.data_out_reg_reg[34][30]/R
                            (rising edge-triggered cell FDRE clocked by axi_dynclk_0_PXL_CLK_O  {rise@0.000ns fall@4.000ns period=10.000ns})
  Path Group:             axi_dynclk_0_PXL_CLK_O
  Path Type:              Setup (Max at Slow Process Corner)
  Requirement:            10.000ns  (axi_dynclk_0_PXL_CLK_O rise@10.000ns - axi_dynclk_0_PXL_CLK_O rise@0.000ns)
  Data Path Delay:        7.576ns  (logic 0.419ns (5.531%)  route 7.157ns (94.469%))
  Logic Levels:           0  
  Clock Path Skew:        -0.080ns (DCD - SCD + CPR)
    Destination Clock Delay (DCD):    5.820ns = ( 15.820 - 10.000 ) 
    Source Clock Delay      (SCD):    6.470ns
    Clock Pessimism Removal (CPR):    0.570ns
  Clock Uncertainty:      0.066ns  ((TSJ^2 + DJ^2)^1/2) / 2 + PE
    Total System Jitter     (TSJ):    0.071ns
    Discrete Jitter          (DJ):    0.112ns
    Phase Error              (PE):    0.000ns

    Location             Delay type                Incr(ns)  Path(ns)    Netlist Resource(s)
  -------------------------------------------------------------------    -------------------
                         (clock axi_dynclk_0_PXL_CLK_O rise edge)
                                                      0.000     0.000 r  
    PS7_X0Y0             PS7                          0.000     0.000 r  design_1_i/processing_system7_0/inst/PS7_i/FCLKCLK[0]
                         net (fo=1, routed)           1.193     1.193    design_1_i/processing_system7_0/inst/FCLK_CLK_unbuffered[0]
    BUFGCTRL_X0Y16       BUFG (Prop_bufg_I_O)         0.101     1.294 r  design_1_i/processing_system7_0/inst/buffer_fclk_clk_0.FCLK_CLK_0_BUFG/O
                         net (fo=39223, routed)       1.980     3.274    design_1_i/hdmi/axi_dynclk_0/U0/Inst_mmcme2_drp/REF_CLK_I
    MMCME2_ADV_X1Y2      MMCME2_ADV (Prop_mmcme2_adv_CLKIN1_CLKOUT0)
                                                      0.088     3.362 r  design_1_i/hdmi/axi_dynclk_0/U0/Inst_mmcme2_drp/mmcm_adv_inst/CLKOUT0
                         net (fo=2, routed)           1.063     4.425    design_1_i/hdmi/axi_dynclk_0/U0/I
    BUFR_X1Y9            BUFR (Prop_bufr_I_O)         1.031     5.456 r  design_1_i/hdmi/axi_dynclk_0/U0/BUFR_inst/O
                         net (fo=2839, routed)        1.014     6.470    design_1_i/hdmi/v_tc_0/U0/U_VIDEO_CTRL/AXI4_LITE_INTERFACE.SYNC2VIDCLK_I/vid_aclk
    SLICE_X51Y132        FDRE                                         r  design_1_i/hdmi/v_tc_0/U0/U_VIDEO_CTRL/AXI4_LITE_INTERFACE.SYNC2VIDCLK_I/data_sync_reg[2][34]/C
  -------------------------------------------------------------------    -------------------
    SLICE_X51Y132        FDRE (Prop_fdre_C_Q)         0.419     6.889 r  design_1_i/hdmi/v_tc_0/U0/U_VIDEO_CTRL/AXI4_LITE_INTERFACE.SYNC2VIDCLK_I/data_sync_reg[2][34]/Q
                         net (fo=434, routed)         7.157    14.046    design_1_i/hdmi/v_tc_0/U0/U_VIDEO_CTRL/AXI4_LITE_INTERFACE.GENR_MUX0/ipif_addr_out[0]
    SLICE_X60Y101        FDRE                                         r  design_1_i/hdmi/v_tc_0/U0/U_VIDEO_CTRL/AXI4_LITE_INTERFACE.GENR_MUX0/GEN_TREE.GEN_BRANCH[34].GEN_MUX_REG.data_out_reg_reg[34][30]/R
  -------------------------------------------------------------------    -------------------

                         (clock axi_dynclk_0_PXL_CLK_O rise edge)
                                                     10.000    10.000 r  
    PS7_X0Y0             PS7                          0.000    10.000 r  design_1_i/processing_system7_0/inst/PS7_i/FCLKCLK[0]
                         net (fo=1, routed)           1.088    11.088    design_1_i/processing_system7_0/inst/FCLK_CLK_unbuffered[0]
    BUFGCTRL_X0Y16       BUFG (Prop_bufg_I_O)         0.091    11.179 r  design_1_i/processing_system7_0/inst/buffer_fclk_clk_0.FCLK_CLK_0_BUFG/O
                         net (fo=39223, routed)       1.770    12.949    design_1_i/hdmi/axi_dynclk_0/U0/Inst_mmcme2_drp/REF_CLK_I
    MMCME2_ADV_X1Y2      MMCME2_ADV (Prop_mmcme2_adv_CLKIN1_CLKOUT0)
                                                      0.083    13.032 r  design_1_i/hdmi/axi_dynclk_0/U0/Inst_mmcme2_drp/mmcm_adv_inst/CLKOUT0
                         net (fo=2, routed)           0.960    13.992    design_1_i/hdmi/axi_dynclk_0/U0/I
    BUFR_X1Y9            BUFR (Prop_bufr_I_O)         0.918    14.910 r  design_1_i/hdmi/axi_dynclk_0/U0/BUFR_inst/O
                         net (fo=2839, routed)        0.910    15.820    design_1_i/hdmi/v_tc_0/U0/U_VIDEO_CTRL/AXI4_LITE_INTERFACE.GENR_MUX0/vid_aclk
    SLICE_X60Y101        FDRE                                         r  design_1_i/hdmi/v_tc_0/U0/U_VIDEO_CTRL/AXI4_LITE_INTERFACE.GENR_MUX0/GEN_TREE.GEN_BRANCH[34].GEN_MUX_REG.data_out_reg_reg[34][30]/C
                         clock pessimism              0.570    16.390    
                         clock uncertainty           -0.066    16.324    
    SLICE_X60Y101        FDRE (Setup_fdre_C_R)       -0.601    15.723    design_1_i/hdmi/v_tc_0/U0/U_VIDEO_CTRL/AXI4_LITE_INTERFACE.GENR_MUX0/GEN_TREE.GEN_BRANCH[34].GEN_MUX_REG.data_out_reg_reg[34][30]
  -------------------------------------------------------------------
                         required time                         15.723    
                         arrival time                         -14.046    
  -------------------------------------------------------------------
                         slack                                  1.677    





Min Delay Paths
--------------------------------------------------------------------------------------
Slack (MET) :             0.092ns  (arrival time - required time)
  Source:                 design_1_i/hdmi/v_axi4s_vid_out_0/inst/COUPLER_INST/generate_async_fifo.FIFO_INST/XPM_FIFO_ASYNC_INST/gnuram_async_fifo.xpm_fifo_base_inst/rdp_inst/count_value_i_reg[5]/C
                            (rising edge-triggered cell FDRE clocked by axi_dynclk_0_PXL_CLK_O  {rise@0.000ns fall@4.000ns period=10.000ns})
  Destination:            design_1_i/hdmi/v_axi4s_vid_out_0/inst/COUPLER_INST/generate_async_fifo.FIFO_INST/XPM_FIFO_ASYNC_INST/gnuram_async_fifo.xpm_fifo_base_inst/gen_sdpram.xpm_memory_base_inst/gen_wr_a.gen_word_narrow.mem_reg_2/ADDRBWRADDR[8]
                            (rising edge-triggered cell RAMB36E1 clocked by axi_dynclk_0_PXL_CLK_O  {rise@0.000ns fall@4.000ns period=10.000ns})
  Path Group:             axi_dynclk_0_PXL_CLK_O
  Path Type:              Hold (Min at Fast Process Corner)
  Requirement:            0.000ns  (axi_dynclk_0_PXL_CLK_O rise@0.000ns - axi_dynclk_0_PXL_CLK_O rise@0.000ns)
  Data Path Delay:        0.332ns  (logic 0.164ns (49.451%)  route 0.168ns (50.549%))
  Logic Levels:           0  
  Clock Path Skew:        0.056ns (DCD - SCD - CPR)
    Destination Clock Delay (DCD):    2.554ns
    Source Clock Delay      (SCD):    1.970ns
    Clock Pessimism Removal (CPR):    0.528ns

    Location             Delay type                Incr(ns)  Path(ns)    Netlist Resource(s)
  -------------------------------------------------------------------    -------------------
                         (clock axi_dynclk_0_PXL_CLK_O rise edge)
                                                      0.000     0.000 r  
    PS7_X0Y0             PS7                          0.000     0.000 r  design_1_i/processing_system7_0/inst/PS7_i/FCLKCLK[0]
                         net (fo=1, routed)           0.310     0.310    design_1_i/processing_system7_0/inst/FCLK_CLK_unbuffered[0]
    BUFGCTRL_X0Y16       BUFG (Prop_bufg_I_O)         0.026     0.336 r  design_1_i/processing_system7_0/inst/buffer_fclk_clk_0.FCLK_CLK_0_BUFG/O
                         net (fo=39223, routed)       0.672     1.008    design_1_i/hdmi/axi_dynclk_0/U0/Inst_mmcme2_drp/REF_CLK_I
    MMCME2_ADV_X1Y2      MMCME2_ADV (Prop_mmcme2_adv_CLKIN1_CLKOUT0)
                                                      0.050     1.058 r  design_1_i/hdmi/axi_dynclk_0/U0/Inst_mmcme2_drp/mmcm_adv_inst/CLKOUT0
                         net (fo=2, routed)           0.363     1.421    design_1_i/hdmi/axi_dynclk_0/U0/I
    BUFR_X1Y9            BUFR (Prop_bufr_I_O)         0.270     1.691 r  design_1_i/hdmi/axi_dynclk_0/U0/BUFR_inst/O
                         net (fo=2839, routed)        0.279     1.970    design_1_i/hdmi/v_axi4s_vid_out_0/inst/COUPLER_INST/generate_async_fifo.FIFO_INST/XPM_FIFO_ASYNC_INST/gnuram_async_fifo.xpm_fifo_base_inst/rdp_inst/rd_clk
    SLICE_X90Y121        FDRE                                         r  design_1_i/hdmi/v_axi4s_vid_out_0/inst/COUPLER_INST/generate_async_fifo.FIFO_INST/XPM_FIFO_ASYNC_INST/gnuram_async_fifo.xpm_fifo_base_inst/rdp_inst/count_value_i_reg[5]/C
  -------------------------------------------------------------------    -------------------
    SLICE_X90Y121        FDRE (Prop_fdre_C_Q)         0.164     2.134 r  design_1_i/hdmi/v_axi4s_vid_out_0/inst/COUPLER_INST/generate_async_fifo.FIFO_INST/XPM_FIFO_ASYNC_INST/gnuram_async_fifo.xpm_fifo_base_inst/rdp_inst/count_value_i_reg[5]/Q
                         net (fo=10, routed)          0.168     2.302    design_1_i/hdmi/v_axi4s_vid_out_0/inst/COUPLER_INST/generate_async_fifo.FIFO_INST/XPM_FIFO_ASYNC_INST/gnuram_async_fifo.xpm_fifo_base_inst/gen_sdpram.xpm_memory_base_inst/addrb[5]
    RAMB36_X4Y24         RAMB36E1                                     r  design_1_i/hdmi/v_axi4s_vid_out_0/inst/COUPLER_INST/generate_async_fifo.FIFO_INST/XPM_FIFO_ASYNC_INST/gnuram_async_fifo.xpm_fifo_base_inst/gen_sdpram.xpm_memory_base_inst/gen_wr_a.gen_word_narrow.mem_reg_2/ADDRBWRADDR[8]
  -------------------------------------------------------------------    -------------------

                         (clock axi_dynclk_0_PXL_CLK_O rise edge)
                                                      0.000     0.000 r  
    PS7_X0Y0             PS7                          0.000     0.000 r  design_1_i/processing_system7_0/inst/PS7_i/FCLKCLK[0]
                         net (fo=1, routed)           0.337     0.337    design_1_i/processing_system7_0/inst/FCLK_CLK_unbuffered[0]
    BUFGCTRL_X0Y16       BUFG (Prop_bufg_I_O)         0.029     0.366 r  design_1_i/processing_system7_0/inst/buffer_fclk_clk_0.FCLK_CLK_0_BUFG/O
                         net (fo=39223, routed)       0.945     1.311    design_1_i/hdmi/axi_dynclk_0/U0/Inst_mmcme2_drp/REF_CLK_I
    MMCME2_ADV_X1Y2      MMCME2_ADV (Prop_mmcme2_adv_CLKIN1_CLKOUT0)
                                                      0.053     1.364 r  design_1_i/hdmi/axi_dynclk_0/U0/Inst_mmcme2_drp/mmcm_adv_inst/CLKOUT0
                         net (fo=2, routed)           0.402     1.766    design_1_i/hdmi/axi_dynclk_0/U0/I
    BUFR_X1Y9            BUFR (Prop_bufr_I_O)         0.431     2.197 r  design_1_i/hdmi/axi_dynclk_0/U0/BUFR_inst/O
                         net (fo=2839, routed)        0.357     2.554    design_1_i/hdmi/v_axi4s_vid_out_0/inst/COUPLER_INST/generate_async_fifo.FIFO_INST/XPM_FIFO_ASYNC_INST/gnuram_async_fifo.xpm_fifo_base_inst/gen_sdpram.xpm_memory_base_inst/clkb
    RAMB36_X4Y24         RAMB36E1                                     r  design_1_i/hdmi/v_axi4s_vid_out_0/inst/COUPLER_INST/generate_async_fifo.FIFO_INST/XPM_FIFO_ASYNC_INST/gnuram_async_fifo.xpm_fifo_base_inst/gen_sdpram.xpm_memory_base_inst/gen_wr_a.gen_word_narrow.mem_reg_2/CLKBWRCLK
                         clock pessimism             -0.528     2.026    
    RAMB36_X4Y24         RAMB36E1 (Hold_ramb36e1_CLKBWRCLK_ADDRBWRADDR[8])
                                                      0.183     2.209    design_1_i/hdmi/v_axi4s_vid_out_0/inst/COUPLER_INST/generate_async_fifo.FIFO_INST/XPM_FIFO_ASYNC_INST/gnuram_async_fifo.xpm_fifo_base_inst/gen_sdpram.xpm_memory_base_inst/gen_wr_a.gen_word_narrow.mem_reg_2
  -------------------------------------------------------------------
                         required time                         -2.209    
                         arrival time                           2.302    
  -------------------------------------------------------------------
                         slack                                  0.092    

Slack (MET) :             0.093ns  (arrival time - required time)
  Source:                 design_1_i/hdmi/v_axi4s_vid_out_0/inst/COUPLER_INST/generate_async_fifo.FIFO_INST/XPM_FIFO_ASYNC_INST/gnuram_async_fifo.xpm_fifo_base_inst/rdp_inst/count_value_i_reg[11]/C
                            (rising edge-triggered cell FDRE clocked by axi_dynclk_0_PXL_CLK_O  {rise@0.000ns fall@4.000ns period=10.000ns})
  Destination:            design_1_i/hdmi/v_axi4s_vid_out_0/inst/COUPLER_INST/generate_async_fifo.FIFO_INST/XPM_FIFO_ASYNC_INST/gnuram_async_fifo.xpm_fifo_base_inst/gen_sdpram.xpm_memory_base_inst/gen_wr_a.gen_word_narrow.mem_reg_2/ADDRBWRADDR[14]
                            (rising edge-triggered cell RAMB36E1 clocked by axi_dynclk_0_PXL_CLK_O  {rise@0.000ns fall@4.000ns period=10.000ns})
  Path Group:             axi_dynclk_0_PXL_CLK_O
  Path Type:              Hold (Min at Fast Process Corner)
  Requirement:            0.000ns  (axi_dynclk_0_PXL_CLK_O rise@0.000ns - axi_dynclk_0_PXL_CLK_O rise@0.000ns)
  Data Path Delay:        0.332ns  (logic 0.164ns (49.360%)  route 0.168ns (50.640%))
  Logic Levels:           0  
  Clock Path Skew:        0.056ns (DCD - SCD - CPR)
    Destination Clock Delay (DCD):    2.554ns
    Source Clock Delay      (SCD):    1.970ns
    Clock Pessimism Removal (CPR):    0.528ns

    Location             Delay type                Incr(ns)  Path(ns)    Netlist Resource(s)
  -------------------------------------------------------------------    -------------------
                         (clock axi_dynclk_0_PXL_CLK_O rise edge)
                                                      0.000     0.000 r  
    PS7_X0Y0             PS7                          0.000     0.000 r  design_1_i/processing_system7_0/inst/PS7_i/FCLKCLK[0]
                         net (fo=1, routed)           0.310     0.310    design_1_i/processing_system7_0/inst/FCLK_CLK_unbuffered[0]
    BUFGCTRL_X0Y16       BUFG (Prop_bufg_I_O)         0.026     0.336 r  design_1_i/processing_system7_0/inst/buffer_fclk_clk_0.FCLK_CLK_0_BUFG/O
                         net (fo=39223, routed)       0.672     1.008    design_1_i/hdmi/axi_dynclk_0/U0/Inst_mmcme2_drp/REF_CLK_I
    MMCME2_ADV_X1Y2      MMCME2_ADV (Prop_mmcme2_adv_CLKIN1_CLKOUT0)
                                                      0.050     1.058 r  design_1_i/hdmi/axi_dynclk_0/U0/Inst_mmcme2_drp/mmcm_adv_inst/CLKOUT0
                         net (fo=2, routed)           0.363     1.421    design_1_i/hdmi/axi_dynclk_0/U0/I
    BUFR_X1Y9            BUFR (Prop_bufr_I_O)         0.270     1.691 r  design_1_i/hdmi/axi_dynclk_0/U0/BUFR_inst/O
                         net (fo=2839, routed)        0.279     1.970    design_1_i/hdmi/v_axi4s_vid_out_0/inst/COUPLER_INST/generate_async_fifo.FIFO_INST/XPM_FIFO_ASYNC_INST/gnuram_async_fifo.xpm_fifo_base_inst/rdp_inst/rd_clk
    SLICE_X90Y122        FDRE                                         r  design_1_i/hdmi/v_axi4s_vid_out_0/inst/COUPLER_INST/generate_async_fifo.FIFO_INST/XPM_FIFO_ASYNC_INST/gnuram_async_fifo.xpm_fifo_base_inst/rdp_inst/count_value_i_reg[11]/C
  -------------------------------------------------------------------    -------------------
    SLICE_X90Y122        FDRE (Prop_fdre_C_Q)         0.164     2.134 r  design_1_i/hdmi/v_axi4s_vid_out_0/inst/COUPLER_INST/generate_async_fifo.FIFO_INST/XPM_FIFO_ASYNC_INST/gnuram_async_fifo.xpm_fifo_base_inst/rdp_inst/count_value_i_reg[11]/Q
                         net (fo=9, routed)           0.168     2.302    design_1_i/hdmi/v_axi4s_vid_out_0/inst/COUPLER_INST/generate_async_fifo.FIFO_INST/XPM_FIFO_ASYNC_INST/gnuram_async_fifo.xpm_fifo_base_inst/gen_sdpram.xpm_memory_base_inst/addrb[11]
    RAMB36_X4Y24         RAMB36E1                                     r  design_1_i/hdmi/v_axi4s_vid_out_0/inst/COUPLER_INST/generate_async_fifo.FIFO_INST/XPM_FIFO_ASYNC_INST/gnuram_async_fifo.xpm_fifo_base_inst/gen_sdpram.xpm_memory_base_inst/gen_wr_a.gen_word_narrow.mem_reg_2/ADDRBWRADDR[14]
  -------------------------------------------------------------------    -------------------

                         (clock axi_dynclk_0_PXL_CLK_O rise edge)
                                                      0.000     0.000 r  
    PS7_X0Y0             PS7                          0.000     0.000 r  design_1_i/processing_system7_0/inst/PS7_i/FCLKCLK[0]
                         net (fo=1, routed)           0.337     0.337    design_1_i/processing_system7_0/inst/FCLK_CLK_unbuffered[0]
    BUFGCTRL_X0Y16       BUFG (Prop_bufg_I_O)         0.029     0.366 r  design_1_i/processing_system7_0/inst/buffer_fclk_clk_0.FCLK_CLK_0_BUFG/O
                         net (fo=39223, routed)       0.945     1.311    design_1_i/hdmi/axi_dynclk_0/U0/Inst_mmcme2_drp/REF_CLK_I
    MMCME2_ADV_X1Y2      MMCME2_ADV (Prop_mmcme2_adv_CLKIN1_CLKOUT0)
                                                      0.053     1.364 r  design_1_i/hdmi/axi_dynclk_0/U0/Inst_mmcme2_drp/mmcm_adv_inst/CLKOUT0
                         net (fo=2, routed)           0.402     1.766    design_1_i/hdmi/axi_dynclk_0/U0/I
    BUFR_X1Y9            BUFR (Prop_bufr_I_O)         0.431     2.197 r  design_1_i/hdmi/axi_dynclk_0/U0/BUFR_inst/O
                         net (fo=2839, routed)        0.357     2.554    design_1_i/hdmi/v_axi4s_vid_out_0/inst/COUPLER_INST/generate_async_fifo.FIFO_INST/XPM_FIFO_ASYNC_INST/gnuram_async_fifo.xpm_fifo_base_inst/gen_sdpram.xpm_memory_base_inst/clkb
    RAMB36_X4Y24         RAMB36E1                                     r  design_1_i/hdmi/v_axi4s_vid_out_0/inst/COUPLER_INST/generate_async_fifo.FIFO_INST/XPM_FIFO_ASYNC_INST/gnuram_async_fifo.xpm_fifo_base_inst/gen_sdpram.xpm_memory_base_inst/gen_wr_a.gen_word_narrow.mem_reg_2/CLKBWRCLK
                         clock pessimism             -0.528     2.026    
    RAMB36_X4Y24         RAMB36E1 (Hold_ramb36e1_CLKBWRCLK_ADDRBWRADDR[14])
                                                      0.183     2.209    design_1_i/hdmi/v_axi4s_vid_out_0/inst/COUPLER_INST/generate_async_fifo.FIFO_INST/XPM_FIFO_ASYNC_INST/gnuram_async_fifo.xpm_fifo_base_inst/gen_sdpram.xpm_memory_base_inst/gen_wr_a.gen_word_narrow.mem_reg_2
  -------------------------------------------------------------------
                         required time                         -2.209    
                         arrival time                           2.302    
  -------------------------------------------------------------------
                         slack                                  0.093    

Slack (MET) :             0.108ns  (arrival time - required time)
  Source:                 design_1_i/hdmi/v_axi4s_vid_out_0/inst/COUPLER_INST/generate_async_fifo.FIFO_INST/XPM_FIFO_ASYNC_INST/gnuram_async_fifo.xpm_fifo_base_inst/rdp_inst/count_value_i_reg[8]/C
                            (rising edge-triggered cell FDRE clocked by axi_dynclk_0_PXL_CLK_O  {rise@0.000ns fall@4.000ns period=10.000ns})
  Destination:            design_1_i/hdmi/v_axi4s_vid_out_0/inst/COUPLER_INST/generate_async_fifo.FIFO_INST/XPM_FIFO_ASYNC_INST/gnuram_async_fifo.xpm_fifo_base_inst/gen_sdpram.xpm_memory_base_inst/gen_wr_a.gen_word_narrow.mem_reg_2/ADDRBWRADDR[11]
                            (rising edge-triggered cell RAMB36E1 clocked by axi_dynclk_0_PXL_CLK_O  {rise@0.000ns fall@4.000ns period=10.000ns})
  Path Group:             axi_dynclk_0_PXL_CLK_O
  Path Type:              Hold (Min at Fast Process Corner)
  Requirement:            0.000ns  (axi_dynclk_0_PXL_CLK_O rise@0.000ns - axi_dynclk_0_PXL_CLK_O rise@0.000ns)
  Data Path Delay:        0.347ns  (logic 0.164ns (47.233%)  route 0.183ns (52.767%))
  Logic Levels:           0  
  Clock Path Skew:        0.056ns (DCD - SCD - CPR)
    Destination Clock Delay (DCD):    2.554ns
    Source Clock Delay      (SCD):    1.970ns
    Clock Pessimism Removal (CPR):    0.528ns

    Location             Delay type                Incr(ns)  Path(ns)    Netlist Resource(s)
  -------------------------------------------------------------------    -------------------
                         (clock axi_dynclk_0_PXL_CLK_O rise edge)
                                                      0.000     0.000 r  
    PS7_X0Y0             PS7                          0.000     0.000 r  design_1_i/processing_system7_0/inst/PS7_i/FCLKCLK[0]
                         net (fo=1, routed)           0.310     0.310    design_1_i/processing_system7_0/inst/FCLK_CLK_unbuffered[0]
    BUFGCTRL_X0Y16       BUFG (Prop_bufg_I_O)         0.026     0.336 r  design_1_i/processing_system7_0/inst/buffer_fclk_clk_0.FCLK_CLK_0_BUFG/O
                         net (fo=39223, routed)       0.672     1.008    design_1_i/hdmi/axi_dynclk_0/U0/Inst_mmcme2_drp/REF_CLK_I
    MMCME2_ADV_X1Y2      MMCME2_ADV (Prop_mmcme2_adv_CLKIN1_CLKOUT0)
                                                      0.050     1.058 r  design_1_i/hdmi/axi_dynclk_0/U0/Inst_mmcme2_drp/mmcm_adv_inst/CLKOUT0
                         net (fo=2, routed)           0.363     1.421    design_1_i/hdmi/axi_dynclk_0/U0/I
    BUFR_X1Y9            BUFR (Prop_bufr_I_O)         0.270     1.691 r  design_1_i/hdmi/axi_dynclk_0/U0/BUFR_inst/O
                         net (fo=2839, routed)        0.279     1.970    design_1_i/hdmi/v_axi4s_vid_out_0/inst/COUPLER_INST/generate_async_fifo.FIFO_INST/XPM_FIFO_ASYNC_INST/gnuram_async_fifo.xpm_fifo_base_inst/rdp_inst/rd_clk
    SLICE_X90Y122        FDRE                                         r  design_1_i/hdmi/v_axi4s_vid_out_0/inst/COUPLER_INST/generate_async_fifo.FIFO_INST/XPM_FIFO_ASYNC_INST/gnuram_async_fifo.xpm_fifo_base_inst/rdp_inst/count_value_i_reg[8]/C
  -------------------------------------------------------------------    -------------------
    SLICE_X90Y122        FDRE (Prop_fdre_C_Q)         0.164     2.134 r  design_1_i/hdmi/v_axi4s_vid_out_0/inst/COUPLER_INST/generate_async_fifo.FIFO_INST/XPM_FIFO_ASYNC_INST/gnuram_async_fifo.xpm_fifo_base_inst/rdp_inst/count_value_i_reg[8]/Q
                         net (fo=10, routed)          0.183     2.317    design_1_i/hdmi/v_axi4s_vid_out_0/inst/COUPLER_INST/generate_async_fifo.FIFO_INST/XPM_FIFO_ASYNC_INST/gnuram_async_fifo.xpm_fifo_base_inst/gen_sdpram.xpm_memory_base_inst/addrb[8]
    RAMB36_X4Y24         RAMB36E1                                     r  design_1_i/hdmi/v_axi4s_vid_out_0/inst/COUPLER_INST/generate_async_fifo.FIFO_INST/XPM_FIFO_ASYNC_INST/gnuram_async_fifo.xpm_fifo_base_inst/gen_sdpram.xpm_memory_base_inst/gen_wr_a.gen_word_narrow.mem_reg_2/ADDRBWRADDR[11]
  -------------------------------------------------------------------    -------------------

                         (clock axi_dynclk_0_PXL_CLK_O rise edge)
                                                      0.000     0.000 r  
    PS7_X0Y0             PS7                          0.000     0.000 r  design_1_i/processing_system7_0/inst/PS7_i/FCLKCLK[0]
                         net (fo=1, routed)           0.337     0.337    design_1_i/processing_system7_0/inst/FCLK_CLK_unbuffered[0]
    BUFGCTRL_X0Y16       BUFG (Prop_bufg_I_O)         0.029     0.366 r  design_1_i/processing_system7_0/inst/buffer_fclk_clk_0.FCLK_CLK_0_BUFG/O
                         net (fo=39223, routed)       0.945     1.311    design_1_i/hdmi/axi_dynclk_0/U0/Inst_mmcme2_drp/REF_CLK_I
    MMCME2_ADV_X1Y2      MMCME2_ADV (Prop_mmcme2_adv_CLKIN1_CLKOUT0)
                                                      0.053     1.364 r  design_1_i/hdmi/axi_dynclk_0/U0/Inst_mmcme2_drp/mmcm_adv_inst/CLKOUT0
                         net (fo=2, routed)           0.402     1.766    design_1_i/hdmi/axi_dynclk_0/U0/I
    BUFR_X1Y9            BUFR (Prop_bufr_I_O)         0.431     2.197 r  design_1_i/hdmi/axi_dynclk_0/U0/BUFR_inst/O
                         net (fo=2839, routed)        0.357     2.554    design_1_i/hdmi/v_axi4s_vid_out_0/inst/COUPLER_INST/generate_async_fifo.FIFO_INST/XPM_FIFO_ASYNC_INST/gnuram_async_fifo.xpm_fifo_base_inst/gen_sdpram.xpm_memory_base_inst/clkb
    RAMB36_X4Y24         RAMB36E1                                     r  design_1_i/hdmi/v_axi4s_vid_out_0/inst/COUPLER_INST/generate_async_fifo.FIFO_INST/XPM_FIFO_ASYNC_INST/gnuram_async_fifo.xpm_fifo_base_inst/gen_sdpram.xpm_memory_base_inst/gen_wr_a.gen_word_narrow.mem_reg_2/CLKBWRCLK
                         clock pessimism             -0.528     2.026    
    RAMB36_X4Y24         RAMB36E1 (Hold_ramb36e1_CLKBWRCLK_ADDRBWRADDR[11])
                                                      0.183     2.209    design_1_i/hdmi/v_axi4s_vid_out_0/inst/COUPLER_INST/generate_async_fifo.FIFO_INST/XPM_FIFO_ASYNC_INST/gnuram_async_fifo.xpm_fifo_base_inst/gen_sdpram.xpm_memory_base_inst/gen_wr_a.gen_word_narrow.mem_reg_2
  -------------------------------------------------------------------
                         required time                         -2.209    
                         arrival time                           2.317    
  -------------------------------------------------------------------
                         slack                                  0.108    

Slack (MET) :             0.115ns  (arrival time - required time)
  Source:                 design_1_i/hdmi/v_tc_0/U0/U_VIDEO_CTRL/GEN_HAS_IRQ.intr_err_reg[12]/C
                            (rising edge-triggered cell FDRE clocked by axi_dynclk_0_PXL_CLK_O  {rise@0.000ns fall@4.000ns period=10.000ns})
  Destination:            design_1_i/hdmi/v_tc_0/U0/U_VIDEO_CTRL/AXI4_LITE_INTERFACE.GENR_MUX0/GEN_TREE.GEN_BRANCH[32].GEN_MUX_REG.data_out_reg_reg[32][12]/D
                            (rising edge-triggered cell FDRE clocked by axi_dynclk_0_PXL_CLK_O  {rise@0.000ns fall@4.000ns period=10.000ns})
  Path Group:             axi_dynclk_0_PXL_CLK_O
  Path Type:              Hold (Min at Fast Process Corner)
  Requirement:            0.000ns  (axi_dynclk_0_PXL_CLK_O rise@0.000ns - axi_dynclk_0_PXL_CLK_O rise@0.000ns)
  Data Path Delay:        0.249ns  (logic 0.186ns (74.636%)  route 0.063ns (25.364%))
  Logic Levels:           1  (LUT3=1)
  Clock Path Skew:        0.013ns (DCD - SCD - CPR)
    Destination Clock Delay (DCD):    2.557ns
    Source Clock Delay      (SCD):    2.013ns
    Clock Pessimism Removal (CPR):    0.531ns

    Location             Delay type                Incr(ns)  Path(ns)    Netlist Resource(s)
  -------------------------------------------------------------------    -------------------
                         (clock axi_dynclk_0_PXL_CLK_O rise edge)
                                                      0.000     0.000 r  
    PS7_X0Y0             PS7                          0.000     0.000 r  design_1_i/processing_system7_0/inst/PS7_i/FCLKCLK[0]
                         net (fo=1, routed)           0.310     0.310    design_1_i/processing_system7_0/inst/FCLK_CLK_unbuffered[0]
    BUFGCTRL_X0Y16       BUFG (Prop_bufg_I_O)         0.026     0.336 r  design_1_i/processing_system7_0/inst/buffer_fclk_clk_0.FCLK_CLK_0_BUFG/O
                         net (fo=39223, routed)       0.672     1.008    design_1_i/hdmi/axi_dynclk_0/U0/Inst_mmcme2_drp/REF_CLK_I
    MMCME2_ADV_X1Y2      MMCME2_ADV (Prop_mmcme2_adv_CLKIN1_CLKOUT0)
                                                      0.050     1.058 r  design_1_i/hdmi/axi_dynclk_0/U0/Inst_mmcme2_drp/mmcm_adv_inst/CLKOUT0
                         net (fo=2, routed)           0.363     1.421    design_1_i/hdmi/axi_dynclk_0/U0/I
    BUFR_X1Y9            BUFR (Prop_bufr_I_O)         0.270     1.691 r  design_1_i/hdmi/axi_dynclk_0/U0/BUFR_inst/O
                         net (fo=2839, routed)        0.322     2.013    design_1_i/hdmi/v_tc_0/U0/U_VIDEO_CTRL/vid_aclk
    SLICE_X63Y101        FDRE                                         r  design_1_i/hdmi/v_tc_0/U0/U_VIDEO_CTRL/GEN_HAS_IRQ.intr_err_reg[12]/C
  -------------------------------------------------------------------    -------------------
    SLICE_X63Y101        FDRE (Prop_fdre_C_Q)         0.141     2.154 r  design_1_i/hdmi/v_tc_0/U0/U_VIDEO_CTRL/GEN_HAS_IRQ.intr_err_reg[12]/Q
                         net (fo=2, routed)           0.063     2.217    design_1_i/hdmi/v_tc_0/U0/U_VIDEO_CTRL/AXI4_LITE_INTERFACE.SYNC2VIDCLK_I/intr_err[12]
    SLICE_X62Y101        LUT3 (Prop_lut3_I2_O)        0.045     2.262 r  design_1_i/hdmi/v_tc_0/U0/U_VIDEO_CTRL/AXI4_LITE_INTERFACE.SYNC2VIDCLK_I/GEN_TREE.GEN_BRANCH[32].GEN_MUX_REG.data_out_reg[32][12]_i_1/O
                         net (fo=1, routed)           0.000     2.262    design_1_i/hdmi/v_tc_0/U0/U_VIDEO_CTRL/AXI4_LITE_INTERFACE.GENR_MUX0/GEN_TREE.GEN_BRANCH[32].GEN_MUX_REG.data_out_reg_reg[32][12]_0
    SLICE_X62Y101        FDRE                                         r  design_1_i/hdmi/v_tc_0/U0/U_VIDEO_CTRL/AXI4_LITE_INTERFACE.GENR_MUX0/GEN_TREE.GEN_BRANCH[32].GEN_MUX_REG.data_out_reg_reg[32][12]/D
  -------------------------------------------------------------------    -------------------

                         (clock axi_dynclk_0_PXL_CLK_O rise edge)
                                                      0.000     0.000 r  
    PS7_X0Y0             PS7                          0.000     0.000 r  design_1_i/processing_system7_0/inst/PS7_i/FCLKCLK[0]
                         net (fo=1, routed)           0.337     0.337    design_1_i/processing_system7_0/inst/FCLK_CLK_unbuffered[0]
    BUFGCTRL_X0Y16       BUFG (Prop_bufg_I_O)         0.029     0.366 r  design_1_i/processing_system7_0/inst/buffer_fclk_clk_0.FCLK_CLK_0_BUFG/O
                         net (fo=39223, routed)       0.945     1.311    design_1_i/hdmi/axi_dynclk_0/U0/Inst_mmcme2_drp/REF_CLK_I
    MMCME2_ADV_X1Y2      MMCME2_ADV (Prop_mmcme2_adv_CLKIN1_CLKOUT0)
                                                      0.053     1.364 r  design_1_i/hdmi/axi_dynclk_0/U0/Inst_mmcme2_drp/mmcm_adv_inst/CLKOUT0
                         net (fo=2, routed)           0.402     1.766    design_1_i/hdmi/axi_dynclk_0/U0/I
    BUFR_X1Y9            BUFR (Prop_bufr_I_O)         0.431     2.197 r  design_1_i/hdmi/axi_dynclk_0/U0/BUFR_inst/O
                         net (fo=2839, routed)        0.360     2.557    design_1_i/hdmi/v_tc_0/U0/U_VIDEO_CTRL/AXI4_LITE_INTERFACE.GENR_MUX0/vid_aclk
    SLICE_X62Y101        FDRE                                         r  design_1_i/hdmi/v_tc_0/U0/U_VIDEO_CTRL/AXI4_LITE_INTERFACE.GENR_MUX0/GEN_TREE.GEN_BRANCH[32].GEN_MUX_REG.data_out_reg_reg[32][12]/C
                         clock pessimism             -0.531     2.026    
    SLICE_X62Y101        FDRE (Hold_fdre_C_D)         0.121     2.147    design_1_i/hdmi/v_tc_0/U0/U_VIDEO_CTRL/AXI4_LITE_INTERFACE.GENR_MUX0/GEN_TREE.GEN_BRANCH[32].GEN_MUX_REG.data_out_reg_reg[32][12]
  -------------------------------------------------------------------
                         required time                         -2.147    
                         arrival time                           2.262    
  -------------------------------------------------------------------
                         slack                                  0.115    

Slack (MET) :             0.118ns  (arrival time - required time)
  Source:                 design_1_i/hdmi/v_tc_0/U0/U_VIDEO_CTRL/AXI4_LITE_INTERFACE.time_control_regs_int_reg[22][18]/C
                            (rising edge-triggered cell FDSE clocked by axi_dynclk_0_PXL_CLK_O  {rise@0.000ns fall@4.000ns period=10.000ns})
  Destination:            design_1_i/hdmi/v_tc_0/U0/U_VIDEO_CTRL/AXI4_LITE_INTERFACE.time_control_regs2_int_reg[22][18]/D
                            (rising edge-triggered cell FDSE clocked by axi_dynclk_0_PXL_CLK_O  {rise@0.000ns fall@4.000ns period=10.000ns})
  Path Group:             axi_dynclk_0_PXL_CLK_O
  Path Type:              Hold (Min at Fast Process Corner)
  Requirement:            0.000ns  (axi_dynclk_0_PXL_CLK_O rise@0.000ns - axi_dynclk_0_PXL_CLK_O rise@0.000ns)
  Data Path Delay:        0.207ns  (logic 0.141ns (68.037%)  route 0.066ns (31.963%))
  Logic Levels:           0  
  Clock Path Skew:        0.013ns (DCD - SCD - CPR)
    Destination Clock Delay (DCD):    2.555ns
    Source Clock Delay      (SCD):    2.011ns
    Clock Pessimism Removal (CPR):    0.531ns

    Location             Delay type                Incr(ns)  Path(ns)    Netlist Resource(s)
  -------------------------------------------------------------------    -------------------
                         (clock axi_dynclk_0_PXL_CLK_O rise edge)
                                                      0.000     0.000 r  
    PS7_X0Y0             PS7                          0.000     0.000 r  design_1_i/processing_system7_0/inst/PS7_i/FCLKCLK[0]
                         net (fo=1, routed)           0.310     0.310    design_1_i/processing_system7_0/inst/FCLK_CLK_unbuffered[0]
    BUFGCTRL_X0Y16       BUFG (Prop_bufg_I_O)         0.026     0.336 r  design_1_i/processing_system7_0/inst/buffer_fclk_clk_0.FCLK_CLK_0_BUFG/O
                         net (fo=39223, routed)       0.672     1.008    design_1_i/hdmi/axi_dynclk_0/U0/Inst_mmcme2_drp/REF_CLK_I
    MMCME2_ADV_X1Y2      MMCME2_ADV (Prop_mmcme2_adv_CLKIN1_CLKOUT0)
                                                      0.050     1.058 r  design_1_i/hdmi/axi_dynclk_0/U0/Inst_mmcme2_drp/mmcm_adv_inst/CLKOUT0
                         net (fo=2, routed)           0.363     1.421    design_1_i/hdmi/axi_dynclk_0/U0/I
    BUFR_X1Y9            BUFR (Prop_bufr_I_O)         0.270     1.691 r  design_1_i/hdmi/axi_dynclk_0/U0/BUFR_inst/O
                         net (fo=2839, routed)        0.320     2.011    design_1_i/hdmi/v_tc_0/U0/U_VIDEO_CTRL/vid_aclk
    SLICE_X63Y109        FDSE                                         r  design_1_i/hdmi/v_tc_0/U0/U_VIDEO_CTRL/AXI4_LITE_INTERFACE.time_control_regs_int_reg[22][18]/C
  -------------------------------------------------------------------    -------------------
    SLICE_X63Y109        FDSE (Prop_fdse_C_Q)         0.141     2.152 r  design_1_i/hdmi/v_tc_0/U0/U_VIDEO_CTRL/AXI4_LITE_INTERFACE.time_control_regs_int_reg[22][18]/Q
                         net (fo=2, routed)           0.066     2.218    design_1_i/hdmi/v_tc_0/U0/U_VIDEO_CTRL/genr_regs[978]
    SLICE_X62Y109        FDSE                                         r  design_1_i/hdmi/v_tc_0/U0/U_VIDEO_CTRL/AXI4_LITE_INTERFACE.time_control_regs2_int_reg[22][18]/D
  -------------------------------------------------------------------    -------------------

                         (clock axi_dynclk_0_PXL_CLK_O rise edge)
                                                      0.000     0.000 r  
    PS7_X0Y0             PS7                          0.000     0.000 r  design_1_i/processing_system7_0/inst/PS7_i/FCLKCLK[0]
                         net (fo=1, routed)           0.337     0.337    design_1_i/processing_system7_0/inst/FCLK_CLK_unbuffered[0]
    BUFGCTRL_X0Y16       BUFG (Prop_bufg_I_O)         0.029     0.366 r  design_1_i/processing_system7_0/inst/buffer_fclk_clk_0.FCLK_CLK_0_BUFG/O
                         net (fo=39223, routed)       0.945     1.311    design_1_i/hdmi/axi_dynclk_0/U0/Inst_mmcme2_drp/REF_CLK_I
    MMCME2_ADV_X1Y2      MMCME2_ADV (Prop_mmcme2_adv_CLKIN1_CLKOUT0)
                                                      0.053     1.364 r  design_1_i/hdmi/axi_dynclk_0/U0/Inst_mmcme2_drp/mmcm_adv_inst/CLKOUT0
                         net (fo=2, routed)           0.402     1.766    design_1_i/hdmi/axi_dynclk_0/U0/I
    BUFR_X1Y9            BUFR (Prop_bufr_I_O)         0.431     2.197 r  design_1_i/hdmi/axi_dynclk_0/U0/BUFR_inst/O
                         net (fo=2839, routed)        0.358     2.555    design_1_i/hdmi/v_tc_0/U0/U_VIDEO_CTRL/vid_aclk
    SLICE_X62Y109        FDSE                                         r  design_1_i/hdmi/v_tc_0/U0/U_VIDEO_CTRL/AXI4_LITE_INTERFACE.time_control_regs2_int_reg[22][18]/C
                         clock pessimism             -0.531     2.024    
    SLICE_X62Y109        FDSE (Hold_fdse_C_D)         0.076     2.100    design_1_i/hdmi/v_tc_0/U0/U_VIDEO_CTRL/AXI4_LITE_INTERFACE.time_control_regs2_int_reg[22][18]
  -------------------------------------------------------------------
                         required time                         -2.100    
                         arrival time                           2.218    
  -------------------------------------------------------------------
                         slack                                  0.118    

Slack (MET) :             0.119ns  (arrival time - required time)
  Source:                 design_1_i/hdmi/v_tc_0/U0/U_VIDEO_CTRL/AXI4_LITE_INTERFACE.read_ack_d_reg[3]/C
                            (rising edge-triggered cell FDRE clocked by axi_dynclk_0_PXL_CLK_O  {rise@0.000ns fall@4.000ns period=10.000ns})
  Destination:            design_1_i/hdmi/v_tc_0/U0/U_VIDEO_CTRL/AXI4_LITE_INTERFACE.read_ack_d_reg[4]/D
                            (rising edge-triggered cell FDRE clocked by axi_dynclk_0_PXL_CLK_O  {rise@0.000ns fall@4.000ns period=10.000ns})
  Path Group:             axi_dynclk_0_PXL_CLK_O
  Path Type:              Hold (Min at Fast Process Corner)
  Requirement:            0.000ns  (axi_dynclk_0_PXL_CLK_O rise@0.000ns - axi_dynclk_0_PXL_CLK_O rise@0.000ns)
  Data Path Delay:        0.197ns  (logic 0.141ns (71.611%)  route 0.056ns (28.389%))
  Logic Levels:           0  
  Clock Path Skew:        0.000ns (DCD - SCD - CPR)
    Destination Clock Delay (DCD):    2.568ns
    Source Clock Delay      (SCD):    2.024ns
    Clock Pessimism Removal (CPR):    0.544ns

    Location             Delay type                Incr(ns)  Path(ns)    Netlist Resource(s)
  -------------------------------------------------------------------    -------------------
                         (clock axi_dynclk_0_PXL_CLK_O rise edge)
                                                      0.000     0.000 r  
    PS7_X0Y0             PS7                          0.000     0.000 r  design_1_i/processing_system7_0/inst/PS7_i/FCLKCLK[0]
                         net (fo=1, routed)           0.310     0.310    design_1_i/processing_system7_0/inst/FCLK_CLK_unbuffered[0]
    BUFGCTRL_X0Y16       BUFG (Prop_bufg_I_O)         0.026     0.336 r  design_1_i/processing_system7_0/inst/buffer_fclk_clk_0.FCLK_CLK_0_BUFG/O
                         net (fo=39223, routed)       0.672     1.008    design_1_i/hdmi/axi_dynclk_0/U0/Inst_mmcme2_drp/REF_CLK_I
    MMCME2_ADV_X1Y2      MMCME2_ADV (Prop_mmcme2_adv_CLKIN1_CLKOUT0)
                                                      0.050     1.058 r  design_1_i/hdmi/axi_dynclk_0/U0/Inst_mmcme2_drp/mmcm_adv_inst/CLKOUT0
                         net (fo=2, routed)           0.363     1.421    design_1_i/hdmi/axi_dynclk_0/U0/I
    BUFR_X1Y9            BUFR (Prop_bufr_I_O)         0.270     1.691 r  design_1_i/hdmi/axi_dynclk_0/U0/BUFR_inst/O
                         net (fo=2839, routed)        0.333     2.024    design_1_i/hdmi/v_tc_0/U0/U_VIDEO_CTRL/vid_aclk
    SLICE_X51Y132        FDRE                                         r  design_1_i/hdmi/v_tc_0/U0/U_VIDEO_CTRL/AXI4_LITE_INTERFACE.read_ack_d_reg[3]/C
  -------------------------------------------------------------------    -------------------
    SLICE_X51Y132        FDRE (Prop_fdre_C_Q)         0.141     2.165 r  design_1_i/hdmi/v_tc_0/U0/U_VIDEO_CTRL/AXI4_LITE_INTERFACE.read_ack_d_reg[3]/Q
                         net (fo=1, routed)           0.056     2.221    design_1_i/hdmi/v_tc_0/U0/U_VIDEO_CTRL/read_ack_d__0[3]
    SLICE_X51Y132        FDRE                                         r  design_1_i/hdmi/v_tc_0/U0/U_VIDEO_CTRL/AXI4_LITE_INTERFACE.read_ack_d_reg[4]/D
  -------------------------------------------------------------------    -------------------

                         (clock axi_dynclk_0_PXL_CLK_O rise edge)
                                                      0.000     0.000 r  
    PS7_X0Y0             PS7                          0.000     0.000 r  design_1_i/processing_system7_0/inst/PS7_i/FCLKCLK[0]
                         net (fo=1, routed)           0.337     0.337    design_1_i/processing_system7_0/inst/FCLK_CLK_unbuffered[0]
    BUFGCTRL_X0Y16       BUFG (Prop_bufg_I_O)         0.029     0.366 r  design_1_i/processing_system7_0/inst/buffer_fclk_clk_0.FCLK_CLK_0_BUFG/O
                         net (fo=39223, routed)       0.945     1.311    design_1_i/hdmi/axi_dynclk_0/U0/Inst_mmcme2_drp/REF_CLK_I
    MMCME2_ADV_X1Y2      MMCME2_ADV (Prop_mmcme2_adv_CLKIN1_CLKOUT0)
                                                      0.053     1.364 r  design_1_i/hdmi/axi_dynclk_0/U0/Inst_mmcme2_drp/mmcm_adv_inst/CLKOUT0
                         net (fo=2, routed)           0.402     1.766    design_1_i/hdmi/axi_dynclk_0/U0/I
    BUFR_X1Y9            BUFR (Prop_bufr_I_O)         0.431     2.197 r  design_1_i/hdmi/axi_dynclk_0/U0/BUFR_inst/O
                         net (fo=2839, routed)        0.371     2.568    design_1_i/hdmi/v_tc_0/U0/U_VIDEO_CTRL/vid_aclk
    SLICE_X51Y132        FDRE                                         r  design_1_i/hdmi/v_tc_0/U0/U_VIDEO_CTRL/AXI4_LITE_INTERFACE.read_ack_d_reg[4]/C
                         clock pessimism             -0.544     2.024    
    SLICE_X51Y132        FDRE (Hold_fdre_C_D)         0.078     2.102    design_1_i/hdmi/v_tc_0/U0/U_VIDEO_CTRL/AXI4_LITE_INTERFACE.read_ack_d_reg[4]
  -------------------------------------------------------------------
                         required time                         -2.102    
                         arrival time                           2.221    
  -------------------------------------------------------------------
                         slack                                  0.119    

Slack (MET) :             0.119ns  (arrival time - required time)
  Source:                 design_1_i/hdmi/v_tc_0/U0/U_VIDEO_CTRL/AXI4_LITE_INTERFACE.read_ack_d_reg[1]/C
                            (rising edge-triggered cell FDRE clocked by axi_dynclk_0_PXL_CLK_O  {rise@0.000ns fall@4.000ns period=10.000ns})
  Destination:            design_1_i/hdmi/v_tc_0/U0/U_VIDEO_CTRL/AXI4_LITE_INTERFACE.read_ack_d_reg[2]/D
                            (rising edge-triggered cell FDRE clocked by axi_dynclk_0_PXL_CLK_O  {rise@0.000ns fall@4.000ns period=10.000ns})
  Path Group:             axi_dynclk_0_PXL_CLK_O
  Path Type:              Hold (Min at Fast Process Corner)
  Requirement:            0.000ns  (axi_dynclk_0_PXL_CLK_O rise@0.000ns - axi_dynclk_0_PXL_CLK_O rise@0.000ns)
  Data Path Delay:        0.197ns  (logic 0.141ns (71.611%)  route 0.056ns (28.389%))
  Logic Levels:           0  
  Clock Path Skew:        0.000ns (DCD - SCD - CPR)
    Destination Clock Delay (DCD):    2.560ns
    Source Clock Delay      (SCD):    2.017ns
    Clock Pessimism Removal (CPR):    0.543ns

    Location             Delay type                Incr(ns)  Path(ns)    Netlist Resource(s)
  -------------------------------------------------------------------    -------------------
                         (clock axi_dynclk_0_PXL_CLK_O rise edge)
                                                      0.000     0.000 r  
    PS7_X0Y0             PS7                          0.000     0.000 r  design_1_i/processing_system7_0/inst/PS7_i/FCLKCLK[0]
                         net (fo=1, routed)           0.310     0.310    design_1_i/processing_system7_0/inst/FCLK_CLK_unbuffered[0]
    BUFGCTRL_X0Y16       BUFG (Prop_bufg_I_O)         0.026     0.336 r  design_1_i/processing_system7_0/inst/buffer_fclk_clk_0.FCLK_CLK_0_BUFG/O
                         net (fo=39223, routed)       0.672     1.008    design_1_i/hdmi/axi_dynclk_0/U0/Inst_mmcme2_drp/REF_CLK_I
    MMCME2_ADV_X1Y2      MMCME2_ADV (Prop_mmcme2_adv_CLKIN1_CLKOUT0)
                                                      0.050     1.058 r  design_1_i/hdmi/axi_dynclk_0/U0/Inst_mmcme2_drp/mmcm_adv_inst/CLKOUT0
                         net (fo=2, routed)           0.363     1.421    design_1_i/hdmi/axi_dynclk_0/U0/I
    BUFR_X1Y9            BUFR (Prop_bufr_I_O)         0.270     1.691 r  design_1_i/hdmi/axi_dynclk_0/U0/BUFR_inst/O
                         net (fo=2839, routed)        0.326     2.017    design_1_i/hdmi/v_tc_0/U0/U_VIDEO_CTRL/vid_aclk
    SLICE_X53Y125        FDRE                                         r  design_1_i/hdmi/v_tc_0/U0/U_VIDEO_CTRL/AXI4_LITE_INTERFACE.read_ack_d_reg[1]/C
  -------------------------------------------------------------------    -------------------
    SLICE_X53Y125        FDRE (Prop_fdre_C_Q)         0.141     2.158 r  design_1_i/hdmi/v_tc_0/U0/U_VIDEO_CTRL/AXI4_LITE_INTERFACE.read_ack_d_reg[1]/Q
                         net (fo=1, routed)           0.056     2.214    design_1_i/hdmi/v_tc_0/U0/U_VIDEO_CTRL/read_ack_d__0[1]
    SLICE_X53Y125        FDRE                                         r  design_1_i/hdmi/v_tc_0/U0/U_VIDEO_CTRL/AXI4_LITE_INTERFACE.read_ack_d_reg[2]/D
  -------------------------------------------------------------------    -------------------

                         (clock axi_dynclk_0_PXL_CLK_O rise edge)
                                                      0.000     0.000 r  
    PS7_X0Y0             PS7                          0.000     0.000 r  design_1_i/processing_system7_0/inst/PS7_i/FCLKCLK[0]
                         net (fo=1, routed)           0.337     0.337    design_1_i/processing_system7_0/inst/FCLK_CLK_unbuffered[0]
    BUFGCTRL_X0Y16       BUFG (Prop_bufg_I_O)         0.029     0.366 r  design_1_i/processing_system7_0/inst/buffer_fclk_clk_0.FCLK_CLK_0_BUFG/O
                         net (fo=39223, routed)       0.945     1.311    design_1_i/hdmi/axi_dynclk_0/U0/Inst_mmcme2_drp/REF_CLK_I
    MMCME2_ADV_X1Y2      MMCME2_ADV (Prop_mmcme2_adv_CLKIN1_CLKOUT0)
                                                      0.053     1.364 r  design_1_i/hdmi/axi_dynclk_0/U0/Inst_mmcme2_drp/mmcm_adv_inst/CLKOUT0
                         net (fo=2, routed)           0.402     1.766    design_1_i/hdmi/axi_dynclk_0/U0/I
    BUFR_X1Y9            BUFR (Prop_bufr_I_O)         0.431     2.197 r  design_1_i/hdmi/axi_dynclk_0/U0/BUFR_inst/O
                         net (fo=2839, routed)        0.363     2.560    design_1_i/hdmi/v_tc_0/U0/U_VIDEO_CTRL/vid_aclk
    SLICE_X53Y125        FDRE                                         r  design_1_i/hdmi/v_tc_0/U0/U_VIDEO_CTRL/AXI4_LITE_INTERFACE.read_ack_d_reg[2]/C
                         clock pessimism             -0.543     2.017    
    SLICE_X53Y125        FDRE (Hold_fdre_C_D)         0.078     2.095    design_1_i/hdmi/v_tc_0/U0/U_VIDEO_CTRL/AXI4_LITE_INTERFACE.read_ack_d_reg[2]
  -------------------------------------------------------------------
                         required time                         -2.095    
                         arrival time                           2.214    
  -------------------------------------------------------------------
                         slack                                  0.119    

Slack (MET) :             0.121ns  (arrival time - required time)
  Source:                 design_1_i/hdmi/v_axi4s_vid_out_0/inst/COUPLER_INST/generate_async_fifo.FIFO_INST/XPM_FIFO_ASYNC_INST/gnuram_async_fifo.xpm_fifo_base_inst/gen_cdc_pntr.wr_pntr_cdc_inst/dest_graysync_ff_reg[0][11]/C
                            (rising edge-triggered cell FDRE clocked by axi_dynclk_0_PXL_CLK_O  {rise@0.000ns fall@4.000ns period=10.000ns})
  Destination:            design_1_i/hdmi/v_axi4s_vid_out_0/inst/COUPLER_INST/generate_async_fifo.FIFO_INST/XPM_FIFO_ASYNC_INST/gnuram_async_fifo.xpm_fifo_base_inst/gen_cdc_pntr.wr_pntr_cdc_inst/dest_graysync_ff_reg[1][11]/D
                            (rising edge-triggered cell FDRE clocked by axi_dynclk_0_PXL_CLK_O  {rise@0.000ns fall@4.000ns period=10.000ns})
  Path Group:             axi_dynclk_0_PXL_CLK_O
  Path Type:              Hold (Min at Fast Process Corner)
  Requirement:            0.000ns  (axi_dynclk_0_PXL_CLK_O rise@0.000ns - axi_dynclk_0_PXL_CLK_O rise@0.000ns)
  Data Path Delay:        0.197ns  (logic 0.141ns (71.611%)  route 0.056ns (28.389%))
  Logic Levels:           0  
  Clock Path Skew:        0.000ns (DCD - SCD - CPR)
    Destination Clock Delay (DCD):    2.518ns
    Source Clock Delay      (SCD):    1.976ns
    Clock Pessimism Removal (CPR):    0.542ns

    Location             Delay type                Incr(ns)  Path(ns)    Netlist Resource(s)
  -------------------------------------------------------------------    -------------------
                         (clock axi_dynclk_0_PXL_CLK_O rise edge)
                                                      0.000     0.000 r  
    PS7_X0Y0             PS7                          0.000     0.000 r  design_1_i/processing_system7_0/inst/PS7_i/FCLKCLK[0]
                         net (fo=1, routed)           0.310     0.310    design_1_i/processing_system7_0/inst/FCLK_CLK_unbuffered[0]
    BUFGCTRL_X0Y16       BUFG (Prop_bufg_I_O)         0.026     0.336 r  design_1_i/processing_system7_0/inst/buffer_fclk_clk_0.FCLK_CLK_0_BUFG/O
                         net (fo=39223, routed)       0.672     1.008    design_1_i/hdmi/axi_dynclk_0/U0/Inst_mmcme2_drp/REF_CLK_I
    MMCME2_ADV_X1Y2      MMCME2_ADV (Prop_mmcme2_adv_CLKIN1_CLKOUT0)
                                                      0.050     1.058 r  design_1_i/hdmi/axi_dynclk_0/U0/Inst_mmcme2_drp/mmcm_adv_inst/CLKOUT0
                         net (fo=2, routed)           0.363     1.421    design_1_i/hdmi/axi_dynclk_0/U0/I
    BUFR_X1Y9            BUFR (Prop_bufr_I_O)         0.270     1.691 r  design_1_i/hdmi/axi_dynclk_0/U0/BUFR_inst/O
                         net (fo=2839, routed)        0.285     1.976    design_1_i/hdmi/v_axi4s_vid_out_0/inst/COUPLER_INST/generate_async_fifo.FIFO_INST/XPM_FIFO_ASYNC_INST/gnuram_async_fifo.xpm_fifo_base_inst/gen_cdc_pntr.wr_pntr_cdc_inst/dest_clk
    SLICE_X97Y134        FDRE                                         r  design_1_i/hdmi/v_axi4s_vid_out_0/inst/COUPLER_INST/generate_async_fifo.FIFO_INST/XPM_FIFO_ASYNC_INST/gnuram_async_fifo.xpm_fifo_base_inst/gen_cdc_pntr.wr_pntr_cdc_inst/dest_graysync_ff_reg[0][11]/C
  -------------------------------------------------------------------    -------------------
    SLICE_X97Y134        FDRE (Prop_fdre_C_Q)         0.141     2.117 r  design_1_i/hdmi/v_axi4s_vid_out_0/inst/COUPLER_INST/generate_async_fifo.FIFO_INST/XPM_FIFO_ASYNC_INST/gnuram_async_fifo.xpm_fifo_base_inst/gen_cdc_pntr.wr_pntr_cdc_inst/dest_graysync_ff_reg[0][11]/Q
                         net (fo=1, routed)           0.056     2.173    design_1_i/hdmi/v_axi4s_vid_out_0/inst/COUPLER_INST/generate_async_fifo.FIFO_INST/XPM_FIFO_ASYNC_INST/gnuram_async_fifo.xpm_fifo_base_inst/gen_cdc_pntr.wr_pntr_cdc_inst/dest_graysync_ff[0][11]
    SLICE_X97Y134        FDRE                                         r  design_1_i/hdmi/v_axi4s_vid_out_0/inst/COUPLER_INST/generate_async_fifo.FIFO_INST/XPM_FIFO_ASYNC_INST/gnuram_async_fifo.xpm_fifo_base_inst/gen_cdc_pntr.wr_pntr_cdc_inst/dest_graysync_ff_reg[1][11]/D
  -------------------------------------------------------------------    -------------------

                         (clock axi_dynclk_0_PXL_CLK_O rise edge)
                                                      0.000     0.000 r  
    PS7_X0Y0             PS7                          0.000     0.000 r  design_1_i/processing_system7_0/inst/PS7_i/FCLKCLK[0]
                         net (fo=1, routed)           0.337     0.337    design_1_i/processing_system7_0/inst/FCLK_CLK_unbuffered[0]
    BUFGCTRL_X0Y16       BUFG (Prop_bufg_I_O)         0.029     0.366 r  design_1_i/processing_system7_0/inst/buffer_fclk_clk_0.FCLK_CLK_0_BUFG/O
                         net (fo=39223, routed)       0.945     1.311    design_1_i/hdmi/axi_dynclk_0/U0/Inst_mmcme2_drp/REF_CLK_I
    MMCME2_ADV_X1Y2      MMCME2_ADV (Prop_mmcme2_adv_CLKIN1_CLKOUT0)
                                                      0.053     1.364 r  design_1_i/hdmi/axi_dynclk_0/U0/Inst_mmcme2_drp/mmcm_adv_inst/CLKOUT0
                         net (fo=2, routed)           0.402     1.766    design_1_i/hdmi/axi_dynclk_0/U0/I
    BUFR_X1Y9            BUFR (Prop_bufr_I_O)         0.431     2.197 r  design_1_i/hdmi/axi_dynclk_0/U0/BUFR_inst/O
                         net (fo=2839, routed)        0.321     2.518    design_1_i/hdmi/v_axi4s_vid_out_0/inst/COUPLER_INST/generate_async_fifo.FIFO_INST/XPM_FIFO_ASYNC_INST/gnuram_async_fifo.xpm_fifo_base_inst/gen_cdc_pntr.wr_pntr_cdc_inst/dest_clk
    SLICE_X97Y134        FDRE                                         r  design_1_i/hdmi/v_axi4s_vid_out_0/inst/COUPLER_INST/generate_async_fifo.FIFO_INST/XPM_FIFO_ASYNC_INST/gnuram_async_fifo.xpm_fifo_base_inst/gen_cdc_pntr.wr_pntr_cdc_inst/dest_graysync_ff_reg[1][11]/C
                         clock pessimism             -0.542     1.976    
    SLICE_X97Y134        FDRE (Hold_fdre_C_D)         0.076     2.052    design_1_i/hdmi/v_axi4s_vid_out_0/inst/COUPLER_INST/generate_async_fifo.FIFO_INST/XPM_FIFO_ASYNC_INST/gnuram_async_fifo.xpm_fifo_base_inst/gen_cdc_pntr.wr_pntr_cdc_inst/dest_graysync_ff_reg[1][11]
  -------------------------------------------------------------------
                         required time                         -2.052    
                         arrival time                           2.173    
  -------------------------------------------------------------------
                         slack                                  0.121    

Slack (MET) :             0.121ns  (arrival time - required time)
  Source:                 design_1_i/hdmi/v_tc_0/U0/U_VIDEO_CTRL/AXI4_LITE_INTERFACE.SYNC2VIDCLK_I/data_sync_reg[0][25]/C
                            (rising edge-triggered cell FDRE clocked by axi_dynclk_0_PXL_CLK_O  {rise@0.000ns fall@4.000ns period=10.000ns})
  Destination:            design_1_i/hdmi/v_tc_0/U0/U_VIDEO_CTRL/AXI4_LITE_INTERFACE.SYNC2VIDCLK_I/data_sync_reg[1][25]/D
                            (rising edge-triggered cell FDRE clocked by axi_dynclk_0_PXL_CLK_O  {rise@0.000ns fall@4.000ns period=10.000ns})
  Path Group:             axi_dynclk_0_PXL_CLK_O
  Path Type:              Hold (Min at Fast Process Corner)
  Requirement:            0.000ns  (axi_dynclk_0_PXL_CLK_O rise@0.000ns - axi_dynclk_0_PXL_CLK_O rise@0.000ns)
  Data Path Delay:        0.197ns  (logic 0.141ns (71.611%)  route 0.056ns (28.389%))
  Logic Levels:           0  
  Clock Path Skew:        0.000ns (DCD - SCD - CPR)
    Destination Clock Delay (DCD):    2.543ns
    Source Clock Delay      (SCD):    2.001ns
    Clock Pessimism Removal (CPR):    0.542ns

    Location             Delay type                Incr(ns)  Path(ns)    Netlist Resource(s)
  -------------------------------------------------------------------    -------------------
                         (clock axi_dynclk_0_PXL_CLK_O rise edge)
                                                      0.000     0.000 r  
    PS7_X0Y0             PS7                          0.000     0.000 r  design_1_i/processing_system7_0/inst/PS7_i/FCLKCLK[0]
                         net (fo=1, routed)           0.310     0.310    design_1_i/processing_system7_0/inst/FCLK_CLK_unbuffered[0]
    BUFGCTRL_X0Y16       BUFG (Prop_bufg_I_O)         0.026     0.336 r  design_1_i/processing_system7_0/inst/buffer_fclk_clk_0.FCLK_CLK_0_BUFG/O
                         net (fo=39223, routed)       0.672     1.008    design_1_i/hdmi/axi_dynclk_0/U0/Inst_mmcme2_drp/REF_CLK_I
    MMCME2_ADV_X1Y2      MMCME2_ADV (Prop_mmcme2_adv_CLKIN1_CLKOUT0)
                                                      0.050     1.058 r  design_1_i/hdmi/axi_dynclk_0/U0/Inst_mmcme2_drp/mmcm_adv_inst/CLKOUT0
                         net (fo=2, routed)           0.363     1.421    design_1_i/hdmi/axi_dynclk_0/U0/I
    BUFR_X1Y9            BUFR (Prop_bufr_I_O)         0.270     1.691 r  design_1_i/hdmi/axi_dynclk_0/U0/BUFR_inst/O
                         net (fo=2839, routed)        0.310     2.001    design_1_i/hdmi/v_tc_0/U0/U_VIDEO_CTRL/AXI4_LITE_INTERFACE.SYNC2VIDCLK_I/vid_aclk
    SLICE_X57Y123        FDRE                                         r  design_1_i/hdmi/v_tc_0/U0/U_VIDEO_CTRL/AXI4_LITE_INTERFACE.SYNC2VIDCLK_I/data_sync_reg[0][25]/C
  -------------------------------------------------------------------    -------------------
    SLICE_X57Y123        FDRE (Prop_fdre_C_Q)         0.141     2.142 r  design_1_i/hdmi/v_tc_0/U0/U_VIDEO_CTRL/AXI4_LITE_INTERFACE.SYNC2VIDCLK_I/data_sync_reg[0][25]/Q
                         net (fo=1, routed)           0.056     2.198    design_1_i/hdmi/v_tc_0/U0/U_VIDEO_CTRL/AXI4_LITE_INTERFACE.SYNC2VIDCLK_I/data_sync[0]_0[25]
    SLICE_X57Y123        FDRE                                         r  design_1_i/hdmi/v_tc_0/U0/U_VIDEO_CTRL/AXI4_LITE_INTERFACE.SYNC2VIDCLK_I/data_sync_reg[1][25]/D
  -------------------------------------------------------------------    -------------------

                         (clock axi_dynclk_0_PXL_CLK_O rise edge)
                                                      0.000     0.000 r  
    PS7_X0Y0             PS7                          0.000     0.000 r  design_1_i/processing_system7_0/inst/PS7_i/FCLKCLK[0]
                         net (fo=1, routed)           0.337     0.337    design_1_i/processing_system7_0/inst/FCLK_CLK_unbuffered[0]
    BUFGCTRL_X0Y16       BUFG (Prop_bufg_I_O)         0.029     0.366 r  design_1_i/processing_system7_0/inst/buffer_fclk_clk_0.FCLK_CLK_0_BUFG/O
                         net (fo=39223, routed)       0.945     1.311    design_1_i/hdmi/axi_dynclk_0/U0/Inst_mmcme2_drp/REF_CLK_I
    MMCME2_ADV_X1Y2      MMCME2_ADV (Prop_mmcme2_adv_CLKIN1_CLKOUT0)
                                                      0.053     1.364 r  design_1_i/hdmi/axi_dynclk_0/U0/Inst_mmcme2_drp/mmcm_adv_inst/CLKOUT0
                         net (fo=2, routed)           0.402     1.766    design_1_i/hdmi/axi_dynclk_0/U0/I
    BUFR_X1Y9            BUFR (Prop_bufr_I_O)         0.431     2.197 r  design_1_i/hdmi/axi_dynclk_0/U0/BUFR_inst/O
                         net (fo=2839, routed)        0.346     2.543    design_1_i/hdmi/v_tc_0/U0/U_VIDEO_CTRL/AXI4_LITE_INTERFACE.SYNC2VIDCLK_I/vid_aclk
    SLICE_X57Y123        FDRE                                         r  design_1_i/hdmi/v_tc_0/U0/U_VIDEO_CTRL/AXI4_LITE_INTERFACE.SYNC2VIDCLK_I/data_sync_reg[1][25]/C
                         clock pessimism             -0.542     2.001    
    SLICE_X57Y123        FDRE (Hold_fdre_C_D)         0.076     2.077    design_1_i/hdmi/v_tc_0/U0/U_VIDEO_CTRL/AXI4_LITE_INTERFACE.SYNC2VIDCLK_I/data_sync_reg[1][25]
  -------------------------------------------------------------------
                         required time                         -2.077    
                         arrival time                           2.198    
  -------------------------------------------------------------------
                         slack                                  0.121    

Slack (MET) :             0.121ns  (arrival time - required time)
  Source:                 design_1_i/hdmi/v_axi4s_vid_out_0/inst/COUPLER_INST/generate_async_fifo.FIFO_INST/XPM_FIFO_ASYNC_INST/gnuram_async_fifo.xpm_fifo_base_inst/gen_cdc_pntr.wr_pntr_cdc_inst/dest_graysync_ff_reg[0][9]/C
                            (rising edge-triggered cell FDRE clocked by axi_dynclk_0_PXL_CLK_O  {rise@0.000ns fall@4.000ns period=10.000ns})
  Destination:            design_1_i/hdmi/v_axi4s_vid_out_0/inst/COUPLER_INST/generate_async_fifo.FIFO_INST/XPM_FIFO_ASYNC_INST/gnuram_async_fifo.xpm_fifo_base_inst/gen_cdc_pntr.wr_pntr_cdc_inst/dest_graysync_ff_reg[1][9]/D
                            (rising edge-triggered cell FDRE clocked by axi_dynclk_0_PXL_CLK_O  {rise@0.000ns fall@4.000ns period=10.000ns})
  Path Group:             axi_dynclk_0_PXL_CLK_O
  Path Type:              Hold (Min at Fast Process Corner)
  Requirement:            0.000ns  (axi_dynclk_0_PXL_CLK_O rise@0.000ns - axi_dynclk_0_PXL_CLK_O rise@0.000ns)
  Data Path Delay:        0.197ns  (logic 0.141ns (71.611%)  route 0.056ns (28.389%))
  Logic Levels:           0  
  Clock Path Skew:        0.000ns (DCD - SCD - CPR)
    Destination Clock Delay (DCD):    2.519ns
    Source Clock Delay      (SCD):    1.976ns
    Clock Pessimism Removal (CPR):    0.543ns

    Location             Delay type                Incr(ns)  Path(ns)    Netlist Resource(s)
  -------------------------------------------------------------------    -------------------
                         (clock axi_dynclk_0_PXL_CLK_O rise edge)
                                                      0.000     0.000 r  
    PS7_X0Y0             PS7                          0.000     0.000 r  design_1_i/processing_system7_0/inst/PS7_i/FCLKCLK[0]
                         net (fo=1, routed)           0.310     0.310    design_1_i/processing_system7_0/inst/FCLK_CLK_unbuffered[0]
    BUFGCTRL_X0Y16       BUFG (Prop_bufg_I_O)         0.026     0.336 r  design_1_i/processing_system7_0/inst/buffer_fclk_clk_0.FCLK_CLK_0_BUFG/O
                         net (fo=39223, routed)       0.672     1.008    design_1_i/hdmi/axi_dynclk_0/U0/Inst_mmcme2_drp/REF_CLK_I
    MMCME2_ADV_X1Y2      MMCME2_ADV (Prop_mmcme2_adv_CLKIN1_CLKOUT0)
                                                      0.050     1.058 r  design_1_i/hdmi/axi_dynclk_0/U0/Inst_mmcme2_drp/mmcm_adv_inst/CLKOUT0
                         net (fo=2, routed)           0.363     1.421    design_1_i/hdmi/axi_dynclk_0/U0/I
    BUFR_X1Y9            BUFR (Prop_bufr_I_O)         0.270     1.691 r  design_1_i/hdmi/axi_dynclk_0/U0/BUFR_inst/O
                         net (fo=2839, routed)        0.285     1.976    design_1_i/hdmi/v_axi4s_vid_out_0/inst/COUPLER_INST/generate_async_fifo.FIFO_INST/XPM_FIFO_ASYNC_INST/gnuram_async_fifo.xpm_fifo_base_inst/gen_cdc_pntr.wr_pntr_cdc_inst/dest_clk
    SLICE_X97Y136        FDRE                                         r  design_1_i/hdmi/v_axi4s_vid_out_0/inst/COUPLER_INST/generate_async_fifo.FIFO_INST/XPM_FIFO_ASYNC_INST/gnuram_async_fifo.xpm_fifo_base_inst/gen_cdc_pntr.wr_pntr_cdc_inst/dest_graysync_ff_reg[0][9]/C
  -------------------------------------------------------------------    -------------------
    SLICE_X97Y136        FDRE (Prop_fdre_C_Q)         0.141     2.117 r  design_1_i/hdmi/v_axi4s_vid_out_0/inst/COUPLER_INST/generate_async_fifo.FIFO_INST/XPM_FIFO_ASYNC_INST/gnuram_async_fifo.xpm_fifo_base_inst/gen_cdc_pntr.wr_pntr_cdc_inst/dest_graysync_ff_reg[0][9]/Q
                         net (fo=1, routed)           0.056     2.173    design_1_i/hdmi/v_axi4s_vid_out_0/inst/COUPLER_INST/generate_async_fifo.FIFO_INST/XPM_FIFO_ASYNC_INST/gnuram_async_fifo.xpm_fifo_base_inst/gen_cdc_pntr.wr_pntr_cdc_inst/dest_graysync_ff[0][9]
    SLICE_X97Y136        FDRE                                         r  design_1_i/hdmi/v_axi4s_vid_out_0/inst/COUPLER_INST/generate_async_fifo.FIFO_INST/XPM_FIFO_ASYNC_INST/gnuram_async_fifo.xpm_fifo_base_inst/gen_cdc_pntr.wr_pntr_cdc_inst/dest_graysync_ff_reg[1][9]/D
  -------------------------------------------------------------------    -------------------

                         (clock axi_dynclk_0_PXL_CLK_O rise edge)
                                                      0.000     0.000 r  
    PS7_X0Y0             PS7                          0.000     0.000 r  design_1_i/processing_system7_0/inst/PS7_i/FCLKCLK[0]
                         net (fo=1, routed)           0.337     0.337    design_1_i/processing_system7_0/inst/FCLK_CLK_unbuffered[0]
    BUFGCTRL_X0Y16       BUFG (Prop_bufg_I_O)         0.029     0.366 r  design_1_i/processing_system7_0/inst/buffer_fclk_clk_0.FCLK_CLK_0_BUFG/O
                         net (fo=39223, routed)       0.945     1.311    design_1_i/hdmi/axi_dynclk_0/U0/Inst_mmcme2_drp/REF_CLK_I
    MMCME2_ADV_X1Y2      MMCME2_ADV (Prop_mmcme2_adv_CLKIN1_CLKOUT0)
                                                      0.053     1.364 r  design_1_i/hdmi/axi_dynclk_0/U0/Inst_mmcme2_drp/mmcm_adv_inst/CLKOUT0
                         net (fo=2, routed)           0.402     1.766    design_1_i/hdmi/axi_dynclk_0/U0/I
    BUFR_X1Y9            BUFR (Prop_bufr_I_O)         0.431     2.197 r  design_1_i/hdmi/axi_dynclk_0/U0/BUFR_inst/O
                         net (fo=2839, routed)        0.322     2.519    design_1_i/hdmi/v_axi4s_vid_out_0/inst/COUPLER_INST/generate_async_fifo.FIFO_INST/XPM_FIFO_ASYNC_INST/gnuram_async_fifo.xpm_fifo_base_inst/gen_cdc_pntr.wr_pntr_cdc_inst/dest_clk
    SLICE_X97Y136        FDRE                                         r  design_1_i/hdmi/v_axi4s_vid_out_0/inst/COUPLER_INST/generate_async_fifo.FIFO_INST/XPM_FIFO_ASYNC_INST/gnuram_async_fifo.xpm_fifo_base_inst/gen_cdc_pntr.wr_pntr_cdc_inst/dest_graysync_ff_reg[1][9]/C
                         clock pessimism             -0.543     1.976    
    SLICE_X97Y136        FDRE (Hold_fdre_C_D)         0.076     2.052    design_1_i/hdmi/v_axi4s_vid_out_0/inst/COUPLER_INST/generate_async_fifo.FIFO_INST/XPM_FIFO_ASYNC_INST/gnuram_async_fifo.xpm_fifo_base_inst/gen_cdc_pntr.wr_pntr_cdc_inst/dest_graysync_ff_reg[1][9]
  -------------------------------------------------------------------
                         required time                         -2.052    
                         arrival time                           2.173    
  -------------------------------------------------------------------
                         slack                                  0.121    





Pulse Width Checks
--------------------------------------------------------------------------------------
Clock Name:         axi_dynclk_0_PXL_CLK_O
Waveform(ns):       { 0.000 4.000 }
Period(ns):         10.000
Sources:            { design_1_i/hdmi/axi_dynclk_0/U0/BUFR_inst/O }

Check Type        Corner  Lib Pin             Reference Pin  Required(ns)  Actual(ns)  Slack(ns)  Location       Pin
Min Period        n/a     RAMB36E1/CLKBWRCLK  n/a            2.576         10.000      7.424      RAMB36_X4Y26   design_1_i/hdmi/v_axi4s_vid_out_0/inst/COUPLER_INST/generate_async_fifo.FIFO_INST/XPM_FIFO_ASYNC_INST/gnuram_async_fifo.xpm_fifo_base_inst/gen_sdpram.xpm_memory_base_inst/gen_wr_a.gen_word_narrow.mem_reg_0/CLKBWRCLK
Min Period        n/a     RAMB36E1/CLKBWRCLK  n/a            2.576         10.000      7.424      RAMB36_X4Y25   design_1_i/hdmi/v_axi4s_vid_out_0/inst/COUPLER_INST/generate_async_fifo.FIFO_INST/XPM_FIFO_ASYNC_INST/gnuram_async_fifo.xpm_fifo_base_inst/gen_sdpram.xpm_memory_base_inst/gen_wr_a.gen_word_narrow.mem_reg_1/CLKBWRCLK
Min Period        n/a     RAMB36E1/CLKBWRCLK  n/a            2.576         10.000      7.424      RAMB36_X4Y24   design_1_i/hdmi/v_axi4s_vid_out_0/inst/COUPLER_INST/generate_async_fifo.FIFO_INST/XPM_FIFO_ASYNC_INST/gnuram_async_fifo.xpm_fifo_base_inst/gen_sdpram.xpm_memory_base_inst/gen_wr_a.gen_word_narrow.mem_reg_2/CLKBWRCLK
Min Period        n/a     OSERDESE2/CLKDIV    n/a            1.667         10.000      8.333      OLOGIC_X1Y124  design_1_i/hdmi/rgb2dvi_0/U0/ClockSerializer/SerializerMaster/CLKDIV
Min Period        n/a     OSERDESE2/CLKDIV    n/a            1.667         10.000      8.333      OLOGIC_X1Y123  design_1_i/hdmi/rgb2dvi_0/U0/ClockSerializer/SerializerSlave/CLKDIV
Min Period        n/a     OSERDESE2/CLKDIV    n/a            1.667         10.000      8.333      OLOGIC_X1Y142  design_1_i/hdmi/rgb2dvi_0/U0/DataEncoders[0].DataSerializer/SerializerMaster/CLKDIV
Min Period        n/a     OSERDESE2/CLKDIV    n/a            1.667         10.000      8.333      OLOGIC_X1Y141  design_1_i/hdmi/rgb2dvi_0/U0/DataEncoders[0].DataSerializer/SerializerSlave/CLKDIV
Min Period        n/a     OSERDESE2/CLKDIV    n/a            1.667         10.000      8.333      OLOGIC_X1Y148  design_1_i/hdmi/rgb2dvi_0/U0/DataEncoders[1].DataSerializer/SerializerMaster/CLKDIV
Min Period        n/a     OSERDESE2/CLKDIV    n/a            1.667         10.000      8.333      OLOGIC_X1Y147  design_1_i/hdmi/rgb2dvi_0/U0/DataEncoders[1].DataSerializer/SerializerSlave/CLKDIV
Min Period        n/a     OSERDESE2/CLKDIV    n/a            1.667         10.000      8.333      OLOGIC_X1Y146  design_1_i/hdmi/rgb2dvi_0/U0/DataEncoders[2].DataSerializer/SerializerMaster/CLKDIV
Low Pulse Width   Slow    SRL16E/CLK          n/a            0.980         6.000       5.020      SLICE_X66Y108  design_1_i/hdmi/v_tc_0/U0/U_TC_TOP/detect_en_d_reg[1]_srl2___U_TC_TOP_detect_en_d_reg_r_0/CLK
Low Pulse Width   Fast    SRL16E/CLK          n/a            0.980         6.000       5.020      SLICE_X66Y108  design_1_i/hdmi/v_tc_0/U0/U_TC_TOP/detect_en_d_reg[1]_srl2___U_TC_TOP_detect_en_d_reg_r_0/CLK
Low Pulse Width   Slow    SRL16E/CLK          n/a            0.980         6.000       5.020      SLICE_X66Y108  design_1_i/hdmi/v_tc_0/U0/U_TC_TOP/generate_en_d_reg[1]_srl2___U_TC_TOP_detect_en_d_reg_r_0/CLK
Low Pulse Width   Fast    SRL16E/CLK          n/a            0.980         6.000       5.020      SLICE_X66Y108  design_1_i/hdmi/v_tc_0/U0/U_TC_TOP/generate_en_d_reg[1]_srl2___U_TC_TOP_detect_en_d_reg_r_0/CLK
Low Pulse Width   Slow    SRL16E/CLK          n/a            0.980         6.000       5.020      SLICE_X54Y116  design_1_i/hdmi/v_tc_0/U0/U_VIDEO_CTRL/AXI4_LITE_INTERFACE.CORE_MUX0/GEN_SEL_DELAY[3].sel_int_reg[3][1]_srl2/CLK
Low Pulse Width   Fast    SRL16E/CLK          n/a            0.980         6.000       5.020      SLICE_X54Y116  design_1_i/hdmi/v_tc_0/U0/U_VIDEO_CTRL/AXI4_LITE_INTERFACE.CORE_MUX0/GEN_SEL_DELAY[3].sel_int_reg[3][1]_srl2/CLK
Low Pulse Width   Slow    SRL16E/CLK          n/a            0.980         6.000       5.020      SLICE_X54Y116  design_1_i/hdmi/v_tc_0/U0/U_VIDEO_CTRL/AXI4_LITE_INTERFACE.GENR_MUX0/GEN_SEL_DELAY[4].sel_int_reg[4][1]_srl3/CLK
Low Pulse Width   Fast    SRL16E/CLK          n/a            0.980         6.000       5.020      SLICE_X54Y116  design_1_i/hdmi/v_tc_0/U0/U_VIDEO_CTRL/AXI4_LITE_INTERFACE.GENR_MUX0/GEN_SEL_DELAY[4].sel_int_reg[4][1]_srl3/CLK
Low Pulse Width   Slow    SRL16E/CLK          n/a            0.980         6.000       5.020      SLICE_X54Y116  design_1_i/hdmi/v_tc_0/U0/U_VIDEO_CTRL/AXI4_LITE_INTERFACE.GENR_MUX0/GEN_SEL_DELAY[5].sel_int_reg[5][1]_srl4/CLK
Low Pulse Width   Fast    SRL16E/CLK          n/a            0.980         6.000       5.020      SLICE_X54Y116  design_1_i/hdmi/v_tc_0/U0/U_VIDEO_CTRL/AXI4_LITE_INTERFACE.GENR_MUX0/GEN_SEL_DELAY[5].sel_int_reg[5][1]_srl4/CLK
High Pulse Width  Slow    SRL16E/CLK          n/a            0.980         4.000       3.020      SLICE_X66Y108  design_1_i/hdmi/v_tc_0/U0/U_TC_TOP/detect_en_d_reg[1]_srl2___U_TC_TOP_detect_en_d_reg_r_0/CLK
High Pulse Width  Fast    SRL16E/CLK          n/a            0.980         4.000       3.020      SLICE_X66Y108  design_1_i/hdmi/v_tc_0/U0/U_TC_TOP/detect_en_d_reg[1]_srl2___U_TC_TOP_detect_en_d_reg_r_0/CLK
High Pulse Width  Slow    SRL16E/CLK          n/a            0.980         4.000       3.020      SLICE_X66Y108  design_1_i/hdmi/v_tc_0/U0/U_TC_TOP/generate_en_d_reg[1]_srl2___U_TC_TOP_detect_en_d_reg_r_0/CLK
High Pulse Width  Fast    SRL16E/CLK          n/a            0.980         4.000       3.020      SLICE_X66Y108  design_1_i/hdmi/v_tc_0/U0/U_TC_TOP/generate_en_d_reg[1]_srl2___U_TC_TOP_detect_en_d_reg_r_0/CLK
High Pulse Width  Slow    SRL16E/CLK          n/a            0.980         4.000       3.020      SLICE_X54Y116  design_1_i/hdmi/v_tc_0/U0/U_VIDEO_CTRL/AXI4_LITE_INTERFACE.CORE_MUX0/GEN_SEL_DELAY[3].sel_int_reg[3][1]_srl2/CLK
High Pulse Width  Fast    SRL16E/CLK          n/a            0.980         4.000       3.020      SLICE_X54Y116  design_1_i/hdmi/v_tc_0/U0/U_VIDEO_CTRL/AXI4_LITE_INTERFACE.CORE_MUX0/GEN_SEL_DELAY[3].sel_int_reg[3][1]_srl2/CLK
High Pulse Width  Slow    SRL16E/CLK          n/a            0.980         4.000       3.020      SLICE_X54Y116  design_1_i/hdmi/v_tc_0/U0/U_VIDEO_CTRL/AXI4_LITE_INTERFACE.GENR_MUX0/GEN_SEL_DELAY[4].sel_int_reg[4][1]_srl3/CLK
High Pulse Width  Fast    SRL16E/CLK          n/a            0.980         4.000       3.020      SLICE_X54Y116  design_1_i/hdmi/v_tc_0/U0/U_VIDEO_CTRL/AXI4_LITE_INTERFACE.GENR_MUX0/GEN_SEL_DELAY[4].sel_int_reg[4][1]_srl3/CLK
High Pulse Width  Slow    SRL16E/CLK          n/a            0.980         4.000       3.020      SLICE_X54Y116  design_1_i/hdmi/v_tc_0/U0/U_VIDEO_CTRL/AXI4_LITE_INTERFACE.GENR_MUX0/GEN_SEL_DELAY[5].sel_int_reg[5][1]_srl4/CLK
High Pulse Width  Fast    SRL16E/CLK          n/a            0.980         4.000       3.020      SLICE_X54Y116  design_1_i/hdmi/v_tc_0/U0/U_VIDEO_CTRL/AXI4_LITE_INTERFACE.GENR_MUX0/GEN_SEL_DELAY[5].sel_int_reg[5][1]_srl4/CLK



---------------------------------------------------------------------------------------------------
From Clock:  mmcm_fbclk_out
  To Clock:  mmcm_fbclk_out

Setup :           NA  Failing Endpoints,  Worst Slack           NA  ,  Total Violation           NA
Hold  :           NA  Failing Endpoints,  Worst Slack           NA  ,  Total Violation           NA
PW    :            0  Failing Endpoints,  Worst Slack        8.751ns,  Total Violation        0.000ns
---------------------------------------------------------------------------------------------------


Pulse Width Checks
--------------------------------------------------------------------------------------
Clock Name:         mmcm_fbclk_out
Waveform(ns):       { 0.000 5.000 }
Period(ns):         10.000
Sources:            { design_1_i/hdmi/axi_dynclk_0/U0/Inst_mmcme2_drp/mmcm_adv_inst/CLKFBOUT }

Check Type  Corner  Lib Pin              Reference Pin  Required(ns)  Actual(ns)  Slack(ns)  Location         Pin
Min Period  n/a     MMCME2_ADV/CLKFBOUT  n/a            1.249         10.000      8.751      MMCME2_ADV_X1Y2  design_1_i/hdmi/axi_dynclk_0/U0/Inst_mmcme2_drp/mmcm_adv_inst/CLKFBOUT
Min Period  n/a     MMCME2_ADV/CLKFBIN   n/a            1.249         10.000      8.751      MMCME2_ADV_X1Y2  design_1_i/hdmi/axi_dynclk_0/U0/Inst_mmcme2_drp/mmcm_adv_inst/CLKFBIN
Max Period  n/a     MMCME2_ADV/CLKFBIN   n/a            100.000       10.000      90.000     MMCME2_ADV_X1Y2  design_1_i/hdmi/axi_dynclk_0/U0/Inst_mmcme2_drp/mmcm_adv_inst/CLKFBIN
Max Period  n/a     MMCME2_ADV/CLKFBOUT  n/a            213.360       10.000      203.360    MMCME2_ADV_X1Y2  design_1_i/hdmi/axi_dynclk_0/U0/Inst_mmcme2_drp/mmcm_adv_inst/CLKFBOUT



---------------------------------------------------------------------------------------------------
From Clock:  axi_dynclk_0_PXL_CLK_O
  To Clock:  clk_fpga_0

Setup :            0  Failing Endpoints,  Worst Slack        7.358ns,  Total Violation        0.000ns
Hold  :           NA  Failing Endpoints,  Worst Slack           NA  ,  Total Violation           NA
---------------------------------------------------------------------------------------------------


Max Delay Paths
--------------------------------------------------------------------------------------
Slack (MET) :             7.358ns  (required time - arrival time)
  Source:                 design_1_i/hdmi/v_tc_0/U0/U_VIDEO_CTRL/AXI4_LITE_INTERFACE.ipif_RdData_reg[19]/C
                            (rising edge-triggered cell FDRE clocked by axi_dynclk_0_PXL_CLK_O  {rise@0.000ns fall@4.000ns period=10.000ns})
  Destination:            design_1_i/hdmi/v_tc_0/U0/U_VIDEO_CTRL/AXI4_LITE_INTERFACE.SYNC2PROCCLK_I/data_sync_reg[0][19]/D
                            (rising edge-triggered cell FDRE clocked by clk_fpga_0  {rise@0.000ns fall@5.000ns period=10.000ns})
  Path Group:             clk_fpga_0
  Path Type:              Setup (Max at Slow Process Corner)
  Requirement:            10.000ns  (MaxDelay Path 10.000ns)
  Data Path Delay:        2.547ns  (logic 0.456ns (17.903%)  route 2.091ns (82.097%))
  Logic Levels:           0  
  Timing Exception:       MaxDelay Path 10.000ns -datapath_only

    Location             Delay type                Incr(ns)  Path(ns)    Netlist Resource(s)
  -------------------------------------------------------------------    -------------------
    SLICE_X83Y105                                     0.000     0.000 r  design_1_i/hdmi/v_tc_0/U0/U_VIDEO_CTRL/AXI4_LITE_INTERFACE.ipif_RdData_reg[19]/C
    SLICE_X83Y105        FDRE (Prop_fdre_C_Q)         0.456     0.456 r  design_1_i/hdmi/v_tc_0/U0/U_VIDEO_CTRL/AXI4_LITE_INTERFACE.ipif_RdData_reg[19]/Q
                         net (fo=1, routed)           2.091     2.547    design_1_i/hdmi/v_tc_0/U0/U_VIDEO_CTRL/AXI4_LITE_INTERFACE.SYNC2PROCCLK_I/in_data[19]
    SLICE_X51Y134        FDRE                                         r  design_1_i/hdmi/v_tc_0/U0/U_VIDEO_CTRL/AXI4_LITE_INTERFACE.SYNC2PROCCLK_I/data_sync_reg[0][19]/D
  -------------------------------------------------------------------    -------------------

                         max delay                   10.000    10.000    
    SLICE_X51Y134        FDRE (Setup_fdre_C_D)       -0.095     9.905    design_1_i/hdmi/v_tc_0/U0/U_VIDEO_CTRL/AXI4_LITE_INTERFACE.SYNC2PROCCLK_I/data_sync_reg[0][19]
  -------------------------------------------------------------------
                         required time                          9.905    
                         arrival time                          -2.547    
  -------------------------------------------------------------------
                         slack                                  7.358    

Slack (MET) :             7.492ns  (required time - arrival time)
  Source:                 design_1_i/hdmi/v_tc_0/U0/U_VIDEO_CTRL/AXI4_LITE_INTERFACE.ipif_RdData_reg[10]/C
                            (rising edge-triggered cell FDRE clocked by axi_dynclk_0_PXL_CLK_O  {rise@0.000ns fall@4.000ns period=10.000ns})
  Destination:            design_1_i/hdmi/v_tc_0/U0/U_VIDEO_CTRL/AXI4_LITE_INTERFACE.SYNC2PROCCLK_I/data_sync_reg[0][10]/D
                            (rising edge-triggered cell FDRE clocked by clk_fpga_0  {rise@0.000ns fall@5.000ns period=10.000ns})
  Path Group:             clk_fpga_0
  Path Type:              Setup (Max at Slow Process Corner)
  Requirement:            10.000ns  (MaxDelay Path 10.000ns)
  Data Path Delay:        2.415ns  (logic 0.518ns (21.452%)  route 1.897ns (78.548%))
  Logic Levels:           0  
  Timing Exception:       MaxDelay Path 10.000ns -datapath_only

    Location             Delay type                Incr(ns)  Path(ns)    Netlist Resource(s)
  -------------------------------------------------------------------    -------------------
    SLICE_X82Y115                                     0.000     0.000 r  design_1_i/hdmi/v_tc_0/U0/U_VIDEO_CTRL/AXI4_LITE_INTERFACE.ipif_RdData_reg[10]/C
    SLICE_X82Y115        FDRE (Prop_fdre_C_Q)         0.518     0.518 r  design_1_i/hdmi/v_tc_0/U0/U_VIDEO_CTRL/AXI4_LITE_INTERFACE.ipif_RdData_reg[10]/Q
                         net (fo=1, routed)           1.897     2.415    design_1_i/hdmi/v_tc_0/U0/U_VIDEO_CTRL/AXI4_LITE_INTERFACE.SYNC2PROCCLK_I/in_data[10]
    SLICE_X48Y137        FDRE                                         r  design_1_i/hdmi/v_tc_0/U0/U_VIDEO_CTRL/AXI4_LITE_INTERFACE.SYNC2PROCCLK_I/data_sync_reg[0][10]/D
  -------------------------------------------------------------------    -------------------

                         max delay                   10.000    10.000    
    SLICE_X48Y137        FDRE (Setup_fdre_C_D)       -0.093     9.907    design_1_i/hdmi/v_tc_0/U0/U_VIDEO_CTRL/AXI4_LITE_INTERFACE.SYNC2PROCCLK_I/data_sync_reg[0][10]
  -------------------------------------------------------------------
                         required time                          9.907    
                         arrival time                          -2.415    
  -------------------------------------------------------------------
                         slack                                  7.492    

Slack (MET) :             7.788ns  (required time - arrival time)
  Source:                 design_1_i/hdmi/v_tc_0/U0/U_VIDEO_CTRL/AXI4_LITE_INTERFACE.ipif_RdData_reg[3]/C
                            (rising edge-triggered cell FDRE clocked by axi_dynclk_0_PXL_CLK_O  {rise@0.000ns fall@4.000ns period=10.000ns})
  Destination:            design_1_i/hdmi/v_tc_0/U0/U_VIDEO_CTRL/AXI4_LITE_INTERFACE.SYNC2PROCCLK_I/data_sync_reg[0][3]/D
                            (rising edge-triggered cell FDRE clocked by clk_fpga_0  {rise@0.000ns fall@5.000ns period=10.000ns})
  Path Group:             clk_fpga_0
  Path Type:              Setup (Max at Slow Process Corner)
  Requirement:            10.000ns  (MaxDelay Path 10.000ns)
  Data Path Delay:        2.119ns  (logic 0.518ns (24.445%)  route 1.601ns (75.555%))
  Logic Levels:           0  
  Timing Exception:       MaxDelay Path 10.000ns -datapath_only

    Location             Delay type                Incr(ns)  Path(ns)    Netlist Resource(s)
  -------------------------------------------------------------------    -------------------
    SLICE_X82Y109                                     0.000     0.000 r  design_1_i/hdmi/v_tc_0/U0/U_VIDEO_CTRL/AXI4_LITE_INTERFACE.ipif_RdData_reg[3]/C
    SLICE_X82Y109        FDRE (Prop_fdre_C_Q)         0.518     0.518 r  design_1_i/hdmi/v_tc_0/U0/U_VIDEO_CTRL/AXI4_LITE_INTERFACE.ipif_RdData_reg[3]/Q
                         net (fo=1, routed)           1.601     2.119    design_1_i/hdmi/v_tc_0/U0/U_VIDEO_CTRL/AXI4_LITE_INTERFACE.SYNC2PROCCLK_I/in_data[3]
    SLICE_X51Y134        FDRE                                         r  design_1_i/hdmi/v_tc_0/U0/U_VIDEO_CTRL/AXI4_LITE_INTERFACE.SYNC2PROCCLK_I/data_sync_reg[0][3]/D
  -------------------------------------------------------------------    -------------------

                         max delay                   10.000    10.000    
    SLICE_X51Y134        FDRE (Setup_fdre_C_D)       -0.093     9.907    design_1_i/hdmi/v_tc_0/U0/U_VIDEO_CTRL/AXI4_LITE_INTERFACE.SYNC2PROCCLK_I/data_sync_reg[0][3]
  -------------------------------------------------------------------
                         required time                          9.907    
                         arrival time                          -2.119    
  -------------------------------------------------------------------
                         slack                                  7.788    

Slack (MET) :             7.809ns  (required time - arrival time)
  Source:                 design_1_i/hdmi/v_tc_0/U0/U_VIDEO_CTRL/AXI4_LITE_INTERFACE.ipif_RdData_reg[16]/C
                            (rising edge-triggered cell FDRE clocked by axi_dynclk_0_PXL_CLK_O  {rise@0.000ns fall@4.000ns period=10.000ns})
  Destination:            design_1_i/hdmi/v_tc_0/U0/U_VIDEO_CTRL/AXI4_LITE_INTERFACE.SYNC2PROCCLK_I/data_sync_reg[0][16]/D
                            (rising edge-triggered cell FDRE clocked by clk_fpga_0  {rise@0.000ns fall@5.000ns period=10.000ns})
  Path Group:             clk_fpga_0
  Path Type:              Setup (Max at Slow Process Corner)
  Requirement:            10.000ns  (MaxDelay Path 10.000ns)
  Data Path Delay:        2.096ns  (logic 0.456ns (21.754%)  route 1.640ns (78.246%))
  Logic Levels:           0  
  Timing Exception:       MaxDelay Path 10.000ns -datapath_only

    Location             Delay type                Incr(ns)  Path(ns)    Netlist Resource(s)
  -------------------------------------------------------------------    -------------------
    SLICE_X83Y105                                     0.000     0.000 r  design_1_i/hdmi/v_tc_0/U0/U_VIDEO_CTRL/AXI4_LITE_INTERFACE.ipif_RdData_reg[16]/C
    SLICE_X83Y105        FDRE (Prop_fdre_C_Q)         0.456     0.456 r  design_1_i/hdmi/v_tc_0/U0/U_VIDEO_CTRL/AXI4_LITE_INTERFACE.ipif_RdData_reg[16]/Q
                         net (fo=1, routed)           1.640     2.096    design_1_i/hdmi/v_tc_0/U0/U_VIDEO_CTRL/AXI4_LITE_INTERFACE.SYNC2PROCCLK_I/in_data[16]
    SLICE_X48Y123        FDRE                                         r  design_1_i/hdmi/v_tc_0/U0/U_VIDEO_CTRL/AXI4_LITE_INTERFACE.SYNC2PROCCLK_I/data_sync_reg[0][16]/D
  -------------------------------------------------------------------    -------------------

                         max delay                   10.000    10.000    
    SLICE_X48Y123        FDRE (Setup_fdre_C_D)       -0.095     9.905    design_1_i/hdmi/v_tc_0/U0/U_VIDEO_CTRL/AXI4_LITE_INTERFACE.SYNC2PROCCLK_I/data_sync_reg[0][16]
  -------------------------------------------------------------------
                         required time                          9.905    
                         arrival time                          -2.096    
  -------------------------------------------------------------------
                         slack                                  7.809    

Slack (MET) :             7.846ns  (required time - arrival time)
  Source:                 design_1_i/hdmi/v_tc_0/U0/U_VIDEO_CTRL/AXI4_LITE_INTERFACE.ipif_RdData_reg[4]/C
                            (rising edge-triggered cell FDRE clocked by axi_dynclk_0_PXL_CLK_O  {rise@0.000ns fall@4.000ns period=10.000ns})
  Destination:            design_1_i/hdmi/v_tc_0/U0/U_VIDEO_CTRL/AXI4_LITE_INTERFACE.SYNC2PROCCLK_I/data_sync_reg[0][4]/D
                            (rising edge-triggered cell FDRE clocked by clk_fpga_0  {rise@0.000ns fall@5.000ns period=10.000ns})
  Path Group:             clk_fpga_0
  Path Type:              Setup (Max at Slow Process Corner)
  Requirement:            10.000ns  (MaxDelay Path 10.000ns)
  Data Path Delay:        2.061ns  (logic 0.456ns (22.126%)  route 1.605ns (77.874%))
  Logic Levels:           0  
  Timing Exception:       MaxDelay Path 10.000ns -datapath_only

    Location             Delay type                Incr(ns)  Path(ns)    Netlist Resource(s)
  -------------------------------------------------------------------    -------------------
    SLICE_X83Y115                                     0.000     0.000 r  design_1_i/hdmi/v_tc_0/U0/U_VIDEO_CTRL/AXI4_LITE_INTERFACE.ipif_RdData_reg[4]/C
    SLICE_X83Y115        FDRE (Prop_fdre_C_Q)         0.456     0.456 r  design_1_i/hdmi/v_tc_0/U0/U_VIDEO_CTRL/AXI4_LITE_INTERFACE.ipif_RdData_reg[4]/Q
                         net (fo=1, routed)           1.605     2.061    design_1_i/hdmi/v_tc_0/U0/U_VIDEO_CTRL/AXI4_LITE_INTERFACE.SYNC2PROCCLK_I/in_data[4]
    SLICE_X39Y118        FDRE                                         r  design_1_i/hdmi/v_tc_0/U0/U_VIDEO_CTRL/AXI4_LITE_INTERFACE.SYNC2PROCCLK_I/data_sync_reg[0][4]/D
  -------------------------------------------------------------------    -------------------

                         max delay                   10.000    10.000    
    SLICE_X39Y118        FDRE (Setup_fdre_C_D)       -0.093     9.907    design_1_i/hdmi/v_tc_0/U0/U_VIDEO_CTRL/AXI4_LITE_INTERFACE.SYNC2PROCCLK_I/data_sync_reg[0][4]
  -------------------------------------------------------------------
                         required time                          9.907    
                         arrival time                          -2.061    
  -------------------------------------------------------------------
                         slack                                  7.846    

Slack (MET) :             7.926ns  (required time - arrival time)
  Source:                 design_1_i/hdmi/v_tc_0/U0/U_VIDEO_CTRL/AXI4_LITE_INTERFACE.ipif_RdData_reg[0]/C
                            (rising edge-triggered cell FDRE clocked by axi_dynclk_0_PXL_CLK_O  {rise@0.000ns fall@4.000ns period=10.000ns})
  Destination:            design_1_i/hdmi/v_tc_0/U0/U_VIDEO_CTRL/AXI4_LITE_INTERFACE.SYNC2PROCCLK_I/data_sync_reg[0][0]/D
                            (rising edge-triggered cell FDRE clocked by clk_fpga_0  {rise@0.000ns fall@5.000ns period=10.000ns})
  Path Group:             clk_fpga_0
  Path Type:              Setup (Max at Slow Process Corner)
  Requirement:            10.000ns  (MaxDelay Path 10.000ns)
  Data Path Delay:        1.979ns  (logic 0.456ns (23.037%)  route 1.523ns (76.963%))
  Logic Levels:           0  
  Timing Exception:       MaxDelay Path 10.000ns -datapath_only

    Location             Delay type                Incr(ns)  Path(ns)    Netlist Resource(s)
  -------------------------------------------------------------------    -------------------
    SLICE_X83Y108                                     0.000     0.000 r  design_1_i/hdmi/v_tc_0/U0/U_VIDEO_CTRL/AXI4_LITE_INTERFACE.ipif_RdData_reg[0]/C
    SLICE_X83Y108        FDRE (Prop_fdre_C_Q)         0.456     0.456 r  design_1_i/hdmi/v_tc_0/U0/U_VIDEO_CTRL/AXI4_LITE_INTERFACE.ipif_RdData_reg[0]/Q
                         net (fo=1, routed)           1.523     1.979    design_1_i/hdmi/v_tc_0/U0/U_VIDEO_CTRL/AXI4_LITE_INTERFACE.SYNC2PROCCLK_I/in_data[0]
    SLICE_X51Y126        FDRE                                         r  design_1_i/hdmi/v_tc_0/U0/U_VIDEO_CTRL/AXI4_LITE_INTERFACE.SYNC2PROCCLK_I/data_sync_reg[0][0]/D
  -------------------------------------------------------------------    -------------------

                         max delay                   10.000    10.000    
    SLICE_X51Y126        FDRE (Setup_fdre_C_D)       -0.095     9.905    design_1_i/hdmi/v_tc_0/U0/U_VIDEO_CTRL/AXI4_LITE_INTERFACE.SYNC2PROCCLK_I/data_sync_reg[0][0]
  -------------------------------------------------------------------
                         required time                          9.905    
                         arrival time                          -1.979    
  -------------------------------------------------------------------
                         slack                                  7.926    

Slack (MET) :             7.932ns  (required time - arrival time)
  Source:                 design_1_i/hdmi/v_tc_0/U0/U_VIDEO_CTRL/AXI4_LITE_INTERFACE.ipif_RdData_reg[2]/C
                            (rising edge-triggered cell FDRE clocked by axi_dynclk_0_PXL_CLK_O  {rise@0.000ns fall@4.000ns period=10.000ns})
  Destination:            design_1_i/hdmi/v_tc_0/U0/U_VIDEO_CTRL/AXI4_LITE_INTERFACE.SYNC2PROCCLK_I/data_sync_reg[0][2]/D
                            (rising edge-triggered cell FDRE clocked by clk_fpga_0  {rise@0.000ns fall@5.000ns period=10.000ns})
  Path Group:             clk_fpga_0
  Path Type:              Setup (Max at Slow Process Corner)
  Requirement:            10.000ns  (MaxDelay Path 10.000ns)
  Data Path Delay:        1.975ns  (logic 0.456ns (23.086%)  route 1.519ns (76.914%))
  Logic Levels:           0  
  Timing Exception:       MaxDelay Path 10.000ns -datapath_only

    Location             Delay type                Incr(ns)  Path(ns)    Netlist Resource(s)
  -------------------------------------------------------------------    -------------------
    SLICE_X83Y108                                     0.000     0.000 r  design_1_i/hdmi/v_tc_0/U0/U_VIDEO_CTRL/AXI4_LITE_INTERFACE.ipif_RdData_reg[2]/C
    SLICE_X83Y108        FDRE (Prop_fdre_C_Q)         0.456     0.456 r  design_1_i/hdmi/v_tc_0/U0/U_VIDEO_CTRL/AXI4_LITE_INTERFACE.ipif_RdData_reg[2]/Q
                         net (fo=1, routed)           1.519     1.975    design_1_i/hdmi/v_tc_0/U0/U_VIDEO_CTRL/AXI4_LITE_INTERFACE.SYNC2PROCCLK_I/in_data[2]
    SLICE_X51Y126        FDRE                                         r  design_1_i/hdmi/v_tc_0/U0/U_VIDEO_CTRL/AXI4_LITE_INTERFACE.SYNC2PROCCLK_I/data_sync_reg[0][2]/D
  -------------------------------------------------------------------    -------------------

                         max delay                   10.000    10.000    
    SLICE_X51Y126        FDRE (Setup_fdre_C_D)       -0.093     9.907    design_1_i/hdmi/v_tc_0/U0/U_VIDEO_CTRL/AXI4_LITE_INTERFACE.SYNC2PROCCLK_I/data_sync_reg[0][2]
  -------------------------------------------------------------------
                         required time                          9.907    
                         arrival time                          -1.975    
  -------------------------------------------------------------------
                         slack                                  7.932    

Slack (MET) :             8.001ns  (required time - arrival time)
  Source:                 design_1_i/hdmi/v_tc_0/U0/U_VIDEO_CTRL/AXI4_LITE_INTERFACE.ipif_RdData_reg[5]/C
                            (rising edge-triggered cell FDRE clocked by axi_dynclk_0_PXL_CLK_O  {rise@0.000ns fall@4.000ns period=10.000ns})
  Destination:            design_1_i/hdmi/v_tc_0/U0/U_VIDEO_CTRL/AXI4_LITE_INTERFACE.SYNC2PROCCLK_I/data_sync_reg[0][5]/D
                            (rising edge-triggered cell FDRE clocked by clk_fpga_0  {rise@0.000ns fall@5.000ns period=10.000ns})
  Path Group:             clk_fpga_0
  Path Type:              Setup (Max at Slow Process Corner)
  Requirement:            10.000ns  (MaxDelay Path 10.000ns)
  Data Path Delay:        1.906ns  (logic 0.518ns (27.177%)  route 1.388ns (72.823%))
  Logic Levels:           0  
  Timing Exception:       MaxDelay Path 10.000ns -datapath_only

    Location             Delay type                Incr(ns)  Path(ns)    Netlist Resource(s)
  -------------------------------------------------------------------    -------------------
    SLICE_X82Y109                                     0.000     0.000 r  design_1_i/hdmi/v_tc_0/U0/U_VIDEO_CTRL/AXI4_LITE_INTERFACE.ipif_RdData_reg[5]/C
    SLICE_X82Y109        FDRE (Prop_fdre_C_Q)         0.518     0.518 r  design_1_i/hdmi/v_tc_0/U0/U_VIDEO_CTRL/AXI4_LITE_INTERFACE.ipif_RdData_reg[5]/Q
                         net (fo=1, routed)           1.388     1.906    design_1_i/hdmi/v_tc_0/U0/U_VIDEO_CTRL/AXI4_LITE_INTERFACE.SYNC2PROCCLK_I/in_data[5]
    SLICE_X57Y126        FDRE                                         r  design_1_i/hdmi/v_tc_0/U0/U_VIDEO_CTRL/AXI4_LITE_INTERFACE.SYNC2PROCCLK_I/data_sync_reg[0][5]/D
  -------------------------------------------------------------------    -------------------

                         max delay                   10.000    10.000    
    SLICE_X57Y126        FDRE (Setup_fdre_C_D)       -0.093     9.907    design_1_i/hdmi/v_tc_0/U0/U_VIDEO_CTRL/AXI4_LITE_INTERFACE.SYNC2PROCCLK_I/data_sync_reg[0][5]
  -------------------------------------------------------------------
                         required time                          9.907    
                         arrival time                          -1.906    
  -------------------------------------------------------------------
                         slack                                  8.001    

Slack (MET) :             8.031ns  (required time - arrival time)
  Source:                 design_1_i/hdmi/v_tc_0/U0/U_VIDEO_CTRL/AXI4_LITE_INTERFACE.ipif_RdData_reg[24]/C
                            (rising edge-triggered cell FDRE clocked by axi_dynclk_0_PXL_CLK_O  {rise@0.000ns fall@4.000ns period=10.000ns})
  Destination:            design_1_i/hdmi/v_tc_0/U0/U_VIDEO_CTRL/AXI4_LITE_INTERFACE.SYNC2PROCCLK_I/data_sync_reg[0][24]/D
                            (rising edge-triggered cell FDRE clocked by clk_fpga_0  {rise@0.000ns fall@5.000ns period=10.000ns})
  Path Group:             clk_fpga_0
  Path Type:              Setup (Max at Slow Process Corner)
  Requirement:            10.000ns  (MaxDelay Path 10.000ns)
  Data Path Delay:        1.876ns  (logic 0.456ns (24.309%)  route 1.420ns (75.691%))
  Logic Levels:           0  
  Timing Exception:       MaxDelay Path 10.000ns -datapath_only

    Location             Delay type                Incr(ns)  Path(ns)    Netlist Resource(s)
  -------------------------------------------------------------------    -------------------
    SLICE_X81Y120                                     0.000     0.000 r  design_1_i/hdmi/v_tc_0/U0/U_VIDEO_CTRL/AXI4_LITE_INTERFACE.ipif_RdData_reg[24]/C
    SLICE_X81Y120        FDRE (Prop_fdre_C_Q)         0.456     0.456 r  design_1_i/hdmi/v_tc_0/U0/U_VIDEO_CTRL/AXI4_LITE_INTERFACE.ipif_RdData_reg[24]/Q
                         net (fo=1, routed)           1.420     1.876    design_1_i/hdmi/v_tc_0/U0/U_VIDEO_CTRL/AXI4_LITE_INTERFACE.SYNC2PROCCLK_I/in_data[24]
    SLICE_X51Y131        FDRE                                         r  design_1_i/hdmi/v_tc_0/U0/U_VIDEO_CTRL/AXI4_LITE_INTERFACE.SYNC2PROCCLK_I/data_sync_reg[0][24]/D
  -------------------------------------------------------------------    -------------------

                         max delay                   10.000    10.000    
    SLICE_X51Y131        FDRE (Setup_fdre_C_D)       -0.093     9.907    design_1_i/hdmi/v_tc_0/U0/U_VIDEO_CTRL/AXI4_LITE_INTERFACE.SYNC2PROCCLK_I/data_sync_reg[0][24]
  -------------------------------------------------------------------
                         required time                          9.907    
                         arrival time                          -1.876    
  -------------------------------------------------------------------
                         slack                                  8.031    

Slack (MET) :             8.061ns  (required time - arrival time)
  Source:                 design_1_i/hdmi/v_tc_0/U0/U_VIDEO_CTRL/AXI4_LITE_INTERFACE.ipif_RdData_reg[8]/C
                            (rising edge-triggered cell FDRE clocked by axi_dynclk_0_PXL_CLK_O  {rise@0.000ns fall@4.000ns period=10.000ns})
  Destination:            design_1_i/hdmi/v_tc_0/U0/U_VIDEO_CTRL/AXI4_LITE_INTERFACE.SYNC2PROCCLK_I/data_sync_reg[0][8]/D
                            (rising edge-triggered cell FDRE clocked by clk_fpga_0  {rise@0.000ns fall@5.000ns period=10.000ns})
  Path Group:             clk_fpga_0
  Path Type:              Setup (Max at Slow Process Corner)
  Requirement:            10.000ns  (MaxDelay Path 10.000ns)
  Data Path Delay:        1.844ns  (logic 0.456ns (24.734%)  route 1.388ns (75.266%))
  Logic Levels:           0  
  Timing Exception:       MaxDelay Path 10.000ns -datapath_only

    Location             Delay type                Incr(ns)  Path(ns)    Netlist Resource(s)
  -------------------------------------------------------------------    -------------------
    SLICE_X83Y118                                     0.000     0.000 r  design_1_i/hdmi/v_tc_0/U0/U_VIDEO_CTRL/AXI4_LITE_INTERFACE.ipif_RdData_reg[8]/C
    SLICE_X83Y118        FDRE (Prop_fdre_C_Q)         0.456     0.456 r  design_1_i/hdmi/v_tc_0/U0/U_VIDEO_CTRL/AXI4_LITE_INTERFACE.ipif_RdData_reg[8]/Q
                         net (fo=1, routed)           1.388     1.844    design_1_i/hdmi/v_tc_0/U0/U_VIDEO_CTRL/AXI4_LITE_INTERFACE.SYNC2PROCCLK_I/in_data[8]
    SLICE_X52Y124        FDRE                                         r  design_1_i/hdmi/v_tc_0/U0/U_VIDEO_CTRL/AXI4_LITE_INTERFACE.SYNC2PROCCLK_I/data_sync_reg[0][8]/D
  -------------------------------------------------------------------    -------------------

                         max delay                   10.000    10.000    
    SLICE_X52Y124        FDRE (Setup_fdre_C_D)       -0.095     9.905    design_1_i/hdmi/v_tc_0/U0/U_VIDEO_CTRL/AXI4_LITE_INTERFACE.SYNC2PROCCLK_I/data_sync_reg[0][8]
  -------------------------------------------------------------------
                         required time                          9.905    
                         arrival time                          -1.844    
  -------------------------------------------------------------------
                         slack                                  8.061    





---------------------------------------------------------------------------------------------------
From Clock:  clk_fpga_0
  To Clock:  axi_dynclk_0_PXL_CLK_O

Setup :            0  Failing Endpoints,  Worst Slack        8.053ns,  Total Violation        0.000ns
Hold  :           NA  Failing Endpoints,  Worst Slack           NA  ,  Total Violation           NA
---------------------------------------------------------------------------------------------------


Max Delay Paths
--------------------------------------------------------------------------------------
Slack (MET) :             8.053ns  (required time - arrival time)
  Source:                 design_1_i/hdmi/v_tc_0/U0/U_VIDEO_CTRL/AXI4_LITE_INTERFACE.proc_sync1_reg[35]/C
                            (rising edge-triggered cell FDRE clocked by clk_fpga_0  {rise@0.000ns fall@5.000ns period=10.000ns})
  Destination:            design_1_i/hdmi/v_tc_0/U0/U_VIDEO_CTRL/AXI4_LITE_INTERFACE.SYNC2VIDCLK_I/data_sync_reg[0][35]/D
                            (rising edge-triggered cell FDRE clocked by axi_dynclk_0_PXL_CLK_O  {rise@0.000ns fall@4.000ns period=10.000ns})
  Path Group:             axi_dynclk_0_PXL_CLK_O
  Path Type:              Setup (Max at Slow Process Corner)
  Requirement:            10.000ns  (MaxDelay Path 10.000ns)
  Data Path Delay:        1.854ns  (logic 0.456ns (24.589%)  route 1.398ns (75.411%))
  Logic Levels:           0  
  Timing Exception:       MaxDelay Path 10.000ns -datapath_only

    Location             Delay type                Incr(ns)  Path(ns)    Netlist Resource(s)
  -------------------------------------------------------------------    -------------------
    SLICE_X53Y137                                     0.000     0.000 r  design_1_i/hdmi/v_tc_0/U0/U_VIDEO_CTRL/AXI4_LITE_INTERFACE.proc_sync1_reg[35]/C
    SLICE_X53Y137        FDRE (Prop_fdre_C_Q)         0.456     0.456 r  design_1_i/hdmi/v_tc_0/U0/U_VIDEO_CTRL/AXI4_LITE_INTERFACE.proc_sync1_reg[35]/Q
                         net (fo=1, routed)           1.398     1.854    design_1_i/hdmi/v_tc_0/U0/U_VIDEO_CTRL/AXI4_LITE_INTERFACE.SYNC2VIDCLK_I/data_sync_reg[0][44]_0[35]
    SLICE_X53Y121        FDRE                                         r  design_1_i/hdmi/v_tc_0/U0/U_VIDEO_CTRL/AXI4_LITE_INTERFACE.SYNC2VIDCLK_I/data_sync_reg[0][35]/D
  -------------------------------------------------------------------    -------------------

                         max delay                   10.000    10.000    
    SLICE_X53Y121        FDRE (Setup_fdre_C_D)       -0.093     9.907    design_1_i/hdmi/v_tc_0/U0/U_VIDEO_CTRL/AXI4_LITE_INTERFACE.SYNC2VIDCLK_I/data_sync_reg[0][35]
  -------------------------------------------------------------------
                         required time                          9.907    
                         arrival time                          -1.854    
  -------------------------------------------------------------------
                         slack                                  8.053    

Slack (MET) :             8.303ns  (required time - arrival time)
  Source:                 design_1_i/hdmi/v_tc_0/U0/U_VIDEO_CTRL/AXI4_LITE_INTERFACE.proc_sync1_reg[8]/C
                            (rising edge-triggered cell FDRE clocked by clk_fpga_0  {rise@0.000ns fall@5.000ns period=10.000ns})
  Destination:            design_1_i/hdmi/v_tc_0/U0/U_VIDEO_CTRL/AXI4_LITE_INTERFACE.SYNC2VIDCLK_I/data_sync_reg[0][8]/D
                            (rising edge-triggered cell FDRE clocked by axi_dynclk_0_PXL_CLK_O  {rise@0.000ns fall@4.000ns period=10.000ns})
  Path Group:             axi_dynclk_0_PXL_CLK_O
  Path Type:              Setup (Max at Slow Process Corner)
  Requirement:            10.000ns  (MaxDelay Path 10.000ns)
  Data Path Delay:        1.433ns  (logic 0.419ns (29.240%)  route 1.014ns (70.760%))
  Logic Levels:           0  
  Timing Exception:       MaxDelay Path 10.000ns -datapath_only

    Location             Delay type                Incr(ns)  Path(ns)    Netlist Resource(s)
  -------------------------------------------------------------------    -------------------
    SLICE_X53Y118                                     0.000     0.000 r  design_1_i/hdmi/v_tc_0/U0/U_VIDEO_CTRL/AXI4_LITE_INTERFACE.proc_sync1_reg[8]/C
    SLICE_X53Y118        FDRE (Prop_fdre_C_Q)         0.419     0.419 r  design_1_i/hdmi/v_tc_0/U0/U_VIDEO_CTRL/AXI4_LITE_INTERFACE.proc_sync1_reg[8]/Q
                         net (fo=1, routed)           1.014     1.433    design_1_i/hdmi/v_tc_0/U0/U_VIDEO_CTRL/AXI4_LITE_INTERFACE.SYNC2VIDCLK_I/data_sync_reg[0][44]_0[8]
    SLICE_X65Y120        FDRE                                         r  design_1_i/hdmi/v_tc_0/U0/U_VIDEO_CTRL/AXI4_LITE_INTERFACE.SYNC2VIDCLK_I/data_sync_reg[0][8]/D
  -------------------------------------------------------------------    -------------------

                         max delay                   10.000    10.000    
    SLICE_X65Y120        FDRE (Setup_fdre_C_D)       -0.264     9.736    design_1_i/hdmi/v_tc_0/U0/U_VIDEO_CTRL/AXI4_LITE_INTERFACE.SYNC2VIDCLK_I/data_sync_reg[0][8]
  -------------------------------------------------------------------
                         required time                          9.736    
                         arrival time                          -1.433    
  -------------------------------------------------------------------
                         slack                                  8.303    

Slack (MET) :             8.375ns  (required time - arrival time)
  Source:                 design_1_i/hdmi/v_tc_0/U0/U_VIDEO_CTRL/AXI4_LITE_INTERFACE.proc_sync1_reg[42]/C
                            (rising edge-triggered cell FDRE clocked by clk_fpga_0  {rise@0.000ns fall@5.000ns period=10.000ns})
  Destination:            design_1_i/hdmi/v_tc_0/U0/U_VIDEO_CTRL/AXI4_LITE_INTERFACE.SYNC2VIDCLK_I/data_sync_reg[0][42]/D
                            (rising edge-triggered cell FDRE clocked by axi_dynclk_0_PXL_CLK_O  {rise@0.000ns fall@4.000ns period=10.000ns})
  Path Group:             axi_dynclk_0_PXL_CLK_O
  Path Type:              Setup (Max at Slow Process Corner)
  Requirement:            10.000ns  (MaxDelay Path 10.000ns)
  Data Path Delay:        1.359ns  (logic 0.419ns (30.831%)  route 0.940ns (69.169%))
  Logic Levels:           0  
  Timing Exception:       MaxDelay Path 10.000ns -datapath_only

    Location             Delay type                Incr(ns)  Path(ns)    Netlist Resource(s)
  -------------------------------------------------------------------    -------------------
    SLICE_X53Y137                                     0.000     0.000 r  design_1_i/hdmi/v_tc_0/U0/U_VIDEO_CTRL/AXI4_LITE_INTERFACE.proc_sync1_reg[42]/C
    SLICE_X53Y137        FDRE (Prop_fdre_C_Q)         0.419     0.419 r  design_1_i/hdmi/v_tc_0/U0/U_VIDEO_CTRL/AXI4_LITE_INTERFACE.proc_sync1_reg[42]/Q
                         net (fo=1, routed)           0.940     1.359    design_1_i/hdmi/v_tc_0/U0/U_VIDEO_CTRL/AXI4_LITE_INTERFACE.SYNC2VIDCLK_I/data_sync_reg[0][44]_0[42]
    SLICE_X53Y125        FDRE                                         r  design_1_i/hdmi/v_tc_0/U0/U_VIDEO_CTRL/AXI4_LITE_INTERFACE.SYNC2VIDCLK_I/data_sync_reg[0][42]/D
  -------------------------------------------------------------------    -------------------

                         max delay                   10.000    10.000    
    SLICE_X53Y125        FDRE (Setup_fdre_C_D)       -0.266     9.734    design_1_i/hdmi/v_tc_0/U0/U_VIDEO_CTRL/AXI4_LITE_INTERFACE.SYNC2VIDCLK_I/data_sync_reg[0][42]
  -------------------------------------------------------------------
                         required time                          9.734    
                         arrival time                          -1.359    
  -------------------------------------------------------------------
                         slack                                  8.375    

Slack (MET) :             8.451ns  (required time - arrival time)
  Source:                 design_1_i/hdmi/v_tc_0/U0/U_VIDEO_CTRL/AXI4_LITE_INTERFACE.proc_sync1_reg[43]/C
                            (rising edge-triggered cell FDRE clocked by clk_fpga_0  {rise@0.000ns fall@5.000ns period=10.000ns})
  Destination:            design_1_i/hdmi/v_tc_0/U0/U_VIDEO_CTRL/AXI4_LITE_INTERFACE.SYNC2VIDCLK_I/data_sync_reg[0][43]/D
                            (rising edge-triggered cell FDRE clocked by axi_dynclk_0_PXL_CLK_O  {rise@0.000ns fall@4.000ns period=10.000ns})
  Path Group:             axi_dynclk_0_PXL_CLK_O
  Path Type:              Setup (Max at Slow Process Corner)
  Requirement:            10.000ns  (MaxDelay Path 10.000ns)
  Data Path Delay:        1.456ns  (logic 0.456ns (31.310%)  route 1.000ns (68.690%))
  Logic Levels:           0  
  Timing Exception:       MaxDelay Path 10.000ns -datapath_only

    Location             Delay type                Incr(ns)  Path(ns)    Netlist Resource(s)
  -------------------------------------------------------------------    -------------------
    SLICE_X52Y129                                     0.000     0.000 r  design_1_i/hdmi/v_tc_0/U0/U_VIDEO_CTRL/AXI4_LITE_INTERFACE.proc_sync1_reg[43]/C
    SLICE_X52Y129        FDRE (Prop_fdre_C_Q)         0.456     0.456 r  design_1_i/hdmi/v_tc_0/U0/U_VIDEO_CTRL/AXI4_LITE_INTERFACE.proc_sync1_reg[43]/Q
                         net (fo=1, routed)           1.000     1.456    design_1_i/hdmi/v_tc_0/U0/U_VIDEO_CTRL/AXI4_LITE_INTERFACE.SYNC2VIDCLK_I/data_sync_reg[0][44]_0[43]
    SLICE_X52Y121        FDRE                                         r  design_1_i/hdmi/v_tc_0/U0/U_VIDEO_CTRL/AXI4_LITE_INTERFACE.SYNC2VIDCLK_I/data_sync_reg[0][43]/D
  -------------------------------------------------------------------    -------------------

                         max delay                   10.000    10.000    
    SLICE_X52Y121        FDRE (Setup_fdre_C_D)       -0.093     9.907    design_1_i/hdmi/v_tc_0/U0/U_VIDEO_CTRL/AXI4_LITE_INTERFACE.SYNC2VIDCLK_I/data_sync_reg[0][43]
  -------------------------------------------------------------------
                         required time                          9.907    
                         arrival time                          -1.456    
  -------------------------------------------------------------------
                         slack                                  8.451    

Slack (MET) :             8.451ns  (required time - arrival time)
  Source:                 design_1_i/hdmi/v_tc_0/U0/U_VIDEO_CTRL/AXI4_LITE_INTERFACE.proc_sync1_reg[13]/C
                            (rising edge-triggered cell FDRE clocked by clk_fpga_0  {rise@0.000ns fall@5.000ns period=10.000ns})
  Destination:            design_1_i/hdmi/v_tc_0/U0/U_VIDEO_CTRL/AXI4_LITE_INTERFACE.SYNC2VIDCLK_I/data_sync_reg[0][13]/D
                            (rising edge-triggered cell FDRE clocked by axi_dynclk_0_PXL_CLK_O  {rise@0.000ns fall@4.000ns period=10.000ns})
  Path Group:             axi_dynclk_0_PXL_CLK_O
  Path Type:              Setup (Max at Slow Process Corner)
  Requirement:            10.000ns  (MaxDelay Path 10.000ns)
  Data Path Delay:        1.282ns  (logic 0.419ns (32.674%)  route 0.863ns (67.326%))
  Logic Levels:           0  
  Timing Exception:       MaxDelay Path 10.000ns -datapath_only

    Location             Delay type                Incr(ns)  Path(ns)    Netlist Resource(s)
  -------------------------------------------------------------------    -------------------
    SLICE_X52Y104                                     0.000     0.000 r  design_1_i/hdmi/v_tc_0/U0/U_VIDEO_CTRL/AXI4_LITE_INTERFACE.proc_sync1_reg[13]/C
    SLICE_X52Y104        FDRE (Prop_fdre_C_Q)         0.419     0.419 r  design_1_i/hdmi/v_tc_0/U0/U_VIDEO_CTRL/AXI4_LITE_INTERFACE.proc_sync1_reg[13]/Q
                         net (fo=1, routed)           0.863     1.282    design_1_i/hdmi/v_tc_0/U0/U_VIDEO_CTRL/AXI4_LITE_INTERFACE.SYNC2VIDCLK_I/data_sync_reg[0][44]_0[13]
    SLICE_X64Y102        FDRE                                         r  design_1_i/hdmi/v_tc_0/U0/U_VIDEO_CTRL/AXI4_LITE_INTERFACE.SYNC2VIDCLK_I/data_sync_reg[0][13]/D
  -------------------------------------------------------------------    -------------------

                         max delay                   10.000    10.000    
    SLICE_X64Y102        FDRE (Setup_fdre_C_D)       -0.267     9.733    design_1_i/hdmi/v_tc_0/U0/U_VIDEO_CTRL/AXI4_LITE_INTERFACE.SYNC2VIDCLK_I/data_sync_reg[0][13]
  -------------------------------------------------------------------
                         required time                          9.733    
                         arrival time                          -1.282    
  -------------------------------------------------------------------
                         slack                                  8.451    

Slack (MET) :             8.459ns  (required time - arrival time)
  Source:                 design_1_i/hdmi/v_tc_0/U0/U_VIDEO_CTRL/AXI4_LITE_INTERFACE.proc_sync1_reg[19]/C
                            (rising edge-triggered cell FDRE clocked by clk_fpga_0  {rise@0.000ns fall@5.000ns period=10.000ns})
  Destination:            design_1_i/hdmi/v_tc_0/U0/U_VIDEO_CTRL/AXI4_LITE_INTERFACE.SYNC2VIDCLK_I/data_sync_reg[0][19]/D
                            (rising edge-triggered cell FDRE clocked by axi_dynclk_0_PXL_CLK_O  {rise@0.000ns fall@4.000ns period=10.000ns})
  Path Group:             axi_dynclk_0_PXL_CLK_O
  Path Type:              Setup (Max at Slow Process Corner)
  Requirement:            10.000ns  (MaxDelay Path 10.000ns)
  Data Path Delay:        1.275ns  (logic 0.419ns (32.850%)  route 0.856ns (67.150%))
  Logic Levels:           0  
  Timing Exception:       MaxDelay Path 10.000ns -datapath_only

    Location             Delay type                Incr(ns)  Path(ns)    Netlist Resource(s)
  -------------------------------------------------------------------    -------------------
    SLICE_X52Y104                                     0.000     0.000 r  design_1_i/hdmi/v_tc_0/U0/U_VIDEO_CTRL/AXI4_LITE_INTERFACE.proc_sync1_reg[19]/C
    SLICE_X52Y104        FDRE (Prop_fdre_C_Q)         0.419     0.419 r  design_1_i/hdmi/v_tc_0/U0/U_VIDEO_CTRL/AXI4_LITE_INTERFACE.proc_sync1_reg[19]/Q
                         net (fo=1, routed)           0.856     1.275    design_1_i/hdmi/v_tc_0/U0/U_VIDEO_CTRL/AXI4_LITE_INTERFACE.SYNC2VIDCLK_I/data_sync_reg[0][44]_0[19]
    SLICE_X61Y104        FDRE                                         r  design_1_i/hdmi/v_tc_0/U0/U_VIDEO_CTRL/AXI4_LITE_INTERFACE.SYNC2VIDCLK_I/data_sync_reg[0][19]/D
  -------------------------------------------------------------------    -------------------

                         max delay                   10.000    10.000    
    SLICE_X61Y104        FDRE (Setup_fdre_C_D)       -0.266     9.734    design_1_i/hdmi/v_tc_0/U0/U_VIDEO_CTRL/AXI4_LITE_INTERFACE.SYNC2VIDCLK_I/data_sync_reg[0][19]
  -------------------------------------------------------------------
                         required time                          9.734    
                         arrival time                          -1.275    
  -------------------------------------------------------------------
                         slack                                  8.459    

Slack (MET) :             8.498ns  (required time - arrival time)
  Source:                 design_1_i/hdmi/v_axi4s_vid_out_0/inst/COUPLER_INST/generate_async_fifo.FIFO_INST/XPM_FIFO_ASYNC_INST/gnuram_async_fifo.xpm_fifo_base_inst/gen_cdc_pntr.wr_pntr_cdc_dc_inst/src_gray_ff_reg[7]/C
                            (rising edge-triggered cell FDRE clocked by clk_fpga_0  {rise@0.000ns fall@5.000ns period=10.000ns})
  Destination:            design_1_i/hdmi/v_axi4s_vid_out_0/inst/COUPLER_INST/generate_async_fifo.FIFO_INST/XPM_FIFO_ASYNC_INST/gnuram_async_fifo.xpm_fifo_base_inst/gen_cdc_pntr.wr_pntr_cdc_dc_inst/dest_graysync_ff_reg[0][7]/D
                            (rising edge-triggered cell FDRE clocked by axi_dynclk_0_PXL_CLK_O  {rise@0.000ns fall@4.000ns period=10.000ns})
  Path Group:             axi_dynclk_0_PXL_CLK_O
  Path Type:              Setup (Max at Slow Process Corner)
  Requirement:            10.000ns  (MaxDelay Path 10.000ns)
  Data Path Delay:        1.232ns  (logic 0.419ns (33.996%)  route 0.813ns (66.004%))
  Logic Levels:           0  
  Timing Exception:       MaxDelay Path 10.000ns -datapath_only

    Location             Delay type                Incr(ns)  Path(ns)    Netlist Resource(s)
  -------------------------------------------------------------------    -------------------
    SLICE_X85Y129                                     0.000     0.000 r  design_1_i/hdmi/v_axi4s_vid_out_0/inst/COUPLER_INST/generate_async_fifo.FIFO_INST/XPM_FIFO_ASYNC_INST/gnuram_async_fifo.xpm_fifo_base_inst/gen_cdc_pntr.wr_pntr_cdc_dc_inst/src_gray_ff_reg[7]/C
    SLICE_X85Y129        FDRE (Prop_fdre_C_Q)         0.419     0.419 r  design_1_i/hdmi/v_axi4s_vid_out_0/inst/COUPLER_INST/generate_async_fifo.FIFO_INST/XPM_FIFO_ASYNC_INST/gnuram_async_fifo.xpm_fifo_base_inst/gen_cdc_pntr.wr_pntr_cdc_dc_inst/src_gray_ff_reg[7]/Q
                         net (fo=1, routed)           0.813     1.232    design_1_i/hdmi/v_axi4s_vid_out_0/inst/COUPLER_INST/generate_async_fifo.FIFO_INST/XPM_FIFO_ASYNC_INST/gnuram_async_fifo.xpm_fifo_base_inst/gen_cdc_pntr.wr_pntr_cdc_dc_inst/async_path[7]
    SLICE_X85Y123        FDRE                                         r  design_1_i/hdmi/v_axi4s_vid_out_0/inst/COUPLER_INST/generate_async_fifo.FIFO_INST/XPM_FIFO_ASYNC_INST/gnuram_async_fifo.xpm_fifo_base_inst/gen_cdc_pntr.wr_pntr_cdc_dc_inst/dest_graysync_ff_reg[0][7]/D
  -------------------------------------------------------------------    -------------------

                         max delay                   10.000    10.000    
    SLICE_X85Y123        FDRE (Setup_fdre_C_D)       -0.270     9.730    design_1_i/hdmi/v_axi4s_vid_out_0/inst/COUPLER_INST/generate_async_fifo.FIFO_INST/XPM_FIFO_ASYNC_INST/gnuram_async_fifo.xpm_fifo_base_inst/gen_cdc_pntr.wr_pntr_cdc_dc_inst/dest_graysync_ff_reg[0][7]
  -------------------------------------------------------------------
                         required time                          9.730    
                         arrival time                          -1.232    
  -------------------------------------------------------------------
                         slack                                  8.498    

Slack (MET) :             8.498ns  (required time - arrival time)
  Source:                 design_1_i/hdmi/v_axi4s_vid_out_0/inst/COUPLER_INST/generate_async_fifo.FIFO_INST/XPM_FIFO_ASYNC_INST/gnuram_async_fifo.xpm_fifo_base_inst/gen_cdc_pntr.wr_pntr_cdc_inst/src_gray_ff_reg[5]/C
                            (rising edge-triggered cell FDRE clocked by clk_fpga_0  {rise@0.000ns fall@5.000ns period=10.000ns})
  Destination:            design_1_i/hdmi/v_axi4s_vid_out_0/inst/COUPLER_INST/generate_async_fifo.FIFO_INST/XPM_FIFO_ASYNC_INST/gnuram_async_fifo.xpm_fifo_base_inst/gen_cdc_pntr.wr_pntr_cdc_inst/dest_graysync_ff_reg[0][5]/D
                            (rising edge-triggered cell FDRE clocked by axi_dynclk_0_PXL_CLK_O  {rise@0.000ns fall@4.000ns period=10.000ns})
  Path Group:             axi_dynclk_0_PXL_CLK_O
  Path Type:              Setup (Max at Slow Process Corner)
  Requirement:            10.000ns  (MaxDelay Path 10.000ns)
  Data Path Delay:        1.235ns  (logic 0.419ns (33.920%)  route 0.816ns (66.080%))
  Logic Levels:           0  
  Timing Exception:       MaxDelay Path 10.000ns -datapath_only

    Location             Delay type                Incr(ns)  Path(ns)    Netlist Resource(s)
  -------------------------------------------------------------------    -------------------
    SLICE_X97Y130                                     0.000     0.000 r  design_1_i/hdmi/v_axi4s_vid_out_0/inst/COUPLER_INST/generate_async_fifo.FIFO_INST/XPM_FIFO_ASYNC_INST/gnuram_async_fifo.xpm_fifo_base_inst/gen_cdc_pntr.wr_pntr_cdc_inst/src_gray_ff_reg[5]/C
    SLICE_X97Y130        FDRE (Prop_fdre_C_Q)         0.419     0.419 r  design_1_i/hdmi/v_axi4s_vid_out_0/inst/COUPLER_INST/generate_async_fifo.FIFO_INST/XPM_FIFO_ASYNC_INST/gnuram_async_fifo.xpm_fifo_base_inst/gen_cdc_pntr.wr_pntr_cdc_inst/src_gray_ff_reg[5]/Q
                         net (fo=1, routed)           0.816     1.235    design_1_i/hdmi/v_axi4s_vid_out_0/inst/COUPLER_INST/generate_async_fifo.FIFO_INST/XPM_FIFO_ASYNC_INST/gnuram_async_fifo.xpm_fifo_base_inst/gen_cdc_pntr.wr_pntr_cdc_inst/async_path[5]
    SLICE_X97Y136        FDRE                                         r  design_1_i/hdmi/v_axi4s_vid_out_0/inst/COUPLER_INST/generate_async_fifo.FIFO_INST/XPM_FIFO_ASYNC_INST/gnuram_async_fifo.xpm_fifo_base_inst/gen_cdc_pntr.wr_pntr_cdc_inst/dest_graysync_ff_reg[0][5]/D
  -------------------------------------------------------------------    -------------------

                         max delay                   10.000    10.000    
    SLICE_X97Y136        FDRE (Setup_fdre_C_D)       -0.267     9.733    design_1_i/hdmi/v_axi4s_vid_out_0/inst/COUPLER_INST/generate_async_fifo.FIFO_INST/XPM_FIFO_ASYNC_INST/gnuram_async_fifo.xpm_fifo_base_inst/gen_cdc_pntr.wr_pntr_cdc_inst/dest_graysync_ff_reg[0][5]
  -------------------------------------------------------------------
                         required time                          9.733    
                         arrival time                          -1.235    
  -------------------------------------------------------------------
                         slack                                  8.498    

Slack (MET) :             8.502ns  (required time - arrival time)
  Source:                 design_1_i/hdmi/v_axi4s_vid_out_0/inst/COUPLER_INST/generate_async_fifo.FIFO_INST/XPM_FIFO_ASYNC_INST/gnuram_async_fifo.xpm_fifo_base_inst/gen_cdc_pntr.wr_pntr_cdc_dc_inst/src_gray_ff_reg[5]/C
                            (rising edge-triggered cell FDRE clocked by clk_fpga_0  {rise@0.000ns fall@5.000ns period=10.000ns})
  Destination:            design_1_i/hdmi/v_axi4s_vid_out_0/inst/COUPLER_INST/generate_async_fifo.FIFO_INST/XPM_FIFO_ASYNC_INST/gnuram_async_fifo.xpm_fifo_base_inst/gen_cdc_pntr.wr_pntr_cdc_dc_inst/dest_graysync_ff_reg[0][5]/D
                            (rising edge-triggered cell FDRE clocked by axi_dynclk_0_PXL_CLK_O  {rise@0.000ns fall@4.000ns period=10.000ns})
  Path Group:             axi_dynclk_0_PXL_CLK_O
  Path Type:              Setup (Max at Slow Process Corner)
  Requirement:            10.000ns  (MaxDelay Path 10.000ns)
  Data Path Delay:        1.230ns  (logic 0.419ns (34.062%)  route 0.811ns (65.938%))
  Logic Levels:           0  
  Timing Exception:       MaxDelay Path 10.000ns -datapath_only

    Location             Delay type                Incr(ns)  Path(ns)    Netlist Resource(s)
  -------------------------------------------------------------------    -------------------
    SLICE_X85Y129                                     0.000     0.000 r  design_1_i/hdmi/v_axi4s_vid_out_0/inst/COUPLER_INST/generate_async_fifo.FIFO_INST/XPM_FIFO_ASYNC_INST/gnuram_async_fifo.xpm_fifo_base_inst/gen_cdc_pntr.wr_pntr_cdc_dc_inst/src_gray_ff_reg[5]/C
    SLICE_X85Y129        FDRE (Prop_fdre_C_Q)         0.419     0.419 r  design_1_i/hdmi/v_axi4s_vid_out_0/inst/COUPLER_INST/generate_async_fifo.FIFO_INST/XPM_FIFO_ASYNC_INST/gnuram_async_fifo.xpm_fifo_base_inst/gen_cdc_pntr.wr_pntr_cdc_dc_inst/src_gray_ff_reg[5]/Q
                         net (fo=1, routed)           0.811     1.230    design_1_i/hdmi/v_axi4s_vid_out_0/inst/COUPLER_INST/generate_async_fifo.FIFO_INST/XPM_FIFO_ASYNC_INST/gnuram_async_fifo.xpm_fifo_base_inst/gen_cdc_pntr.wr_pntr_cdc_dc_inst/async_path[5]
    SLICE_X81Y122        FDRE                                         r  design_1_i/hdmi/v_axi4s_vid_out_0/inst/COUPLER_INST/generate_async_fifo.FIFO_INST/XPM_FIFO_ASYNC_INST/gnuram_async_fifo.xpm_fifo_base_inst/gen_cdc_pntr.wr_pntr_cdc_dc_inst/dest_graysync_ff_reg[0][5]/D
  -------------------------------------------------------------------    -------------------

                         max delay                   10.000    10.000    
    SLICE_X81Y122        FDRE (Setup_fdre_C_D)       -0.268     9.732    design_1_i/hdmi/v_axi4s_vid_out_0/inst/COUPLER_INST/generate_async_fifo.FIFO_INST/XPM_FIFO_ASYNC_INST/gnuram_async_fifo.xpm_fifo_base_inst/gen_cdc_pntr.wr_pntr_cdc_dc_inst/dest_graysync_ff_reg[0][5]
  -------------------------------------------------------------------
                         required time                          9.732    
                         arrival time                          -1.230    
  -------------------------------------------------------------------
                         slack                                  8.502    

Slack (MET) :             8.512ns  (required time - arrival time)
  Source:                 design_1_i/hdmi/v_axi4s_vid_out_0/inst/COUPLER_INST/generate_async_fifo.FIFO_INST/XPM_FIFO_ASYNC_INST/gnuram_async_fifo.xpm_fifo_base_inst/gen_cdc_pntr.wr_pntr_cdc_dc_inst/src_gray_ff_reg[4]/C
                            (rising edge-triggered cell FDRE clocked by clk_fpga_0  {rise@0.000ns fall@5.000ns period=10.000ns})
  Destination:            design_1_i/hdmi/v_axi4s_vid_out_0/inst/COUPLER_INST/generate_async_fifo.FIFO_INST/XPM_FIFO_ASYNC_INST/gnuram_async_fifo.xpm_fifo_base_inst/gen_cdc_pntr.wr_pntr_cdc_dc_inst/dest_graysync_ff_reg[0][4]/D
                            (rising edge-triggered cell FDRE clocked by axi_dynclk_0_PXL_CLK_O  {rise@0.000ns fall@4.000ns period=10.000ns})
  Path Group:             axi_dynclk_0_PXL_CLK_O
  Path Type:              Setup (Max at Slow Process Corner)
  Requirement:            10.000ns  (MaxDelay Path 10.000ns)
  Data Path Delay:        1.441ns  (logic 0.456ns (31.652%)  route 0.985ns (68.348%))
  Logic Levels:           0  
  Timing Exception:       MaxDelay Path 10.000ns -datapath_only

    Location             Delay type                Incr(ns)  Path(ns)    Netlist Resource(s)
  -------------------------------------------------------------------    -------------------
    SLICE_X85Y129                                     0.000     0.000 r  design_1_i/hdmi/v_axi4s_vid_out_0/inst/COUPLER_INST/generate_async_fifo.FIFO_INST/XPM_FIFO_ASYNC_INST/gnuram_async_fifo.xpm_fifo_base_inst/gen_cdc_pntr.wr_pntr_cdc_dc_inst/src_gray_ff_reg[4]/C
    SLICE_X85Y129        FDRE (Prop_fdre_C_Q)         0.456     0.456 r  design_1_i/hdmi/v_axi4s_vid_out_0/inst/COUPLER_INST/generate_async_fifo.FIFO_INST/XPM_FIFO_ASYNC_INST/gnuram_async_fifo.xpm_fifo_base_inst/gen_cdc_pntr.wr_pntr_cdc_dc_inst/src_gray_ff_reg[4]/Q
                         net (fo=1, routed)           0.985     1.441    design_1_i/hdmi/v_axi4s_vid_out_0/inst/COUPLER_INST/generate_async_fifo.FIFO_INST/XPM_FIFO_ASYNC_INST/gnuram_async_fifo.xpm_fifo_base_inst/gen_cdc_pntr.wr_pntr_cdc_dc_inst/async_path[4]
    SLICE_X86Y119        FDRE                                         r  design_1_i/hdmi/v_axi4s_vid_out_0/inst/COUPLER_INST/generate_async_fifo.FIFO_INST/XPM_FIFO_ASYNC_INST/gnuram_async_fifo.xpm_fifo_base_inst/gen_cdc_pntr.wr_pntr_cdc_dc_inst/dest_graysync_ff_reg[0][4]/D
  -------------------------------------------------------------------    -------------------

                         max delay                   10.000    10.000    
    SLICE_X86Y119        FDRE (Setup_fdre_C_D)       -0.047     9.953    design_1_i/hdmi/v_axi4s_vid_out_0/inst/COUPLER_INST/generate_async_fifo.FIFO_INST/XPM_FIFO_ASYNC_INST/gnuram_async_fifo.xpm_fifo_base_inst/gen_cdc_pntr.wr_pntr_cdc_dc_inst/dest_graysync_ff_reg[0][4]
  -------------------------------------------------------------------
                         required time                          9.953    
                         arrival time                          -1.441    
  -------------------------------------------------------------------
                         slack                                  8.512    





---------------------------------------------------------------------------------------------------
Path Group:  **async_default**
From Clock:  clk_fpga_0
  To Clock:  clk_fpga_0

Setup :            0  Failing Endpoints,  Worst Slack        6.259ns,  Total Violation        0.000ns
Hold  :            0  Failing Endpoints,  Worst Slack        0.630ns,  Total Violation        0.000ns
---------------------------------------------------------------------------------------------------


Max Delay Paths
--------------------------------------------------------------------------------------
Slack (MET) :             6.259ns  (required time - arrival time)
  Source:                 design_1_i/hdmi/axi_mem_intercon/s00_couplers/auto_pc/inst/gen_axi4_axi3.axi3_conv_inst/USE_READ.USE_SPLIT_R.read_addr_inst/USE_R_CHANNEL.cmd_queue/inst/fifo_gen_inst/inst_fifo_gen/gconvfifo.rf/grf.rf/rstblk/ngwrdrst.grst.g7serrst.gnsckt_wrst.rst_wr_reg2_inst/arststages_ff_reg[1]/C
                            (rising edge-triggered cell FDPE clocked by clk_fpga_0  {rise@0.000ns fall@5.000ns period=10.000ns})
  Destination:            design_1_i/hdmi/axi_mem_intercon/s00_couplers/auto_pc/inst/gen_axi4_axi3.axi3_conv_inst/USE_READ.USE_SPLIT_R.read_addr_inst/USE_R_CHANNEL.cmd_queue/inst/fifo_gen_inst/inst_fifo_gen/gconvfifo.rf/grf.rf/gntv_or_sync_fifo.gl0.rd/rpntr/gc0.count_reg[1]/CLR
                            (recovery check against rising-edge clock clk_fpga_0  {rise@0.000ns fall@5.000ns period=10.000ns})
  Path Group:             **async_default**
  Path Type:              Recovery (Max at Slow Process Corner)
  Requirement:            10.000ns  (clk_fpga_0 rise@10.000ns - clk_fpga_0 rise@0.000ns)
  Data Path Delay:        3.131ns  (logic 0.718ns (22.929%)  route 2.413ns (77.071%))
  Logic Levels:           1  (LUT3=1)
  Clock Path Skew:        -0.050ns (DCD - SCD + CPR)
    Destination Clock Delay (DCD):    2.693ns = ( 12.693 - 10.000 ) 
    Source Clock Delay      (SCD):    2.972ns
    Clock Pessimism Removal (CPR):    0.229ns
  Clock Uncertainty:      0.154ns  ((TSJ^2 + TIJ^2)^1/2 + DJ) / 2 + PE
    Total System Jitter     (TSJ):    0.071ns
    Total Input Jitter      (TIJ):    0.300ns
    Discrete Jitter          (DJ):    0.000ns
    Phase Error              (PE):    0.000ns

    Location             Delay type                Incr(ns)  Path(ns)    Netlist Resource(s)
  -------------------------------------------------------------------    -------------------
                         (clock clk_fpga_0 rise edge)
                                                      0.000     0.000 r  
    PS7_X0Y0             PS7                          0.000     0.000 r  design_1_i/processing_system7_0/inst/PS7_i/FCLKCLK[0]
                         net (fo=1, routed)           1.193     1.193    design_1_i/processing_system7_0/inst/FCLK_CLK_unbuffered[0]
    BUFGCTRL_X0Y16       BUFG (Prop_bufg_I_O)         0.101     1.294 r  design_1_i/processing_system7_0/inst/buffer_fclk_clk_0.FCLK_CLK_0_BUFG/O
                         net (fo=39223, routed)       1.678     2.972    design_1_i/hdmi/axi_mem_intercon/s00_couplers/auto_pc/inst/gen_axi4_axi3.axi3_conv_inst/USE_READ.USE_SPLIT_R.read_addr_inst/USE_R_CHANNEL.cmd_queue/inst/fifo_gen_inst/inst_fifo_gen/gconvfifo.rf/grf.rf/rstblk/ngwrdrst.grst.g7serrst.gnsckt_wrst.rst_wr_reg2_inst/dest_clk
    SLICE_X27Y72         FDPE                                         r  design_1_i/hdmi/axi_mem_intercon/s00_couplers/auto_pc/inst/gen_axi4_axi3.axi3_conv_inst/USE_READ.USE_SPLIT_R.read_addr_inst/USE_R_CHANNEL.cmd_queue/inst/fifo_gen_inst/inst_fifo_gen/gconvfifo.rf/grf.rf/rstblk/ngwrdrst.grst.g7serrst.gnsckt_wrst.rst_wr_reg2_inst/arststages_ff_reg[1]/C
  -------------------------------------------------------------------    -------------------
    SLICE_X27Y72         FDPE (Prop_fdpe_C_Q)         0.419     3.391 f  design_1_i/hdmi/axi_mem_intercon/s00_couplers/auto_pc/inst/gen_axi4_axi3.axi3_conv_inst/USE_READ.USE_SPLIT_R.read_addr_inst/USE_R_CHANNEL.cmd_queue/inst/fifo_gen_inst/inst_fifo_gen/gconvfifo.rf/grf.rf/rstblk/ngwrdrst.grst.g7serrst.gnsckt_wrst.rst_wr_reg2_inst/arststages_ff_reg[1]/Q
                         net (fo=2, routed)           0.974     4.365    design_1_i/hdmi/axi_mem_intercon/s00_couplers/auto_pc/inst/gen_axi4_axi3.axi3_conv_inst/USE_READ.USE_SPLIT_R.read_addr_inst/USE_R_CHANNEL.cmd_queue/inst/fifo_gen_inst/inst_fifo_gen/gconvfifo.rf/grf.rf/rstblk/ngwrdrst.rst_wr_reg2
    SLICE_X31Y73         LUT3 (Prop_lut3_I2_O)        0.299     4.664 f  design_1_i/hdmi/axi_mem_intercon/s00_couplers/auto_pc/inst/gen_axi4_axi3.axi3_conv_inst/USE_READ.USE_SPLIT_R.read_addr_inst/USE_R_CHANNEL.cmd_queue/inst/fifo_gen_inst/inst_fifo_gen/gconvfifo.rf/grf.rf/rstblk/gpregsm1.curr_fwft_state[1]_i_2/O
                         net (fo=33, routed)          1.440     6.103    design_1_i/hdmi/axi_mem_intercon/s00_couplers/auto_pc/inst/gen_axi4_axi3.axi3_conv_inst/USE_READ.USE_SPLIT_R.read_addr_inst/USE_R_CHANNEL.cmd_queue/inst/fifo_gen_inst/inst_fifo_gen/gconvfifo.rf/grf.rf/gntv_or_sync_fifo.gl0.rd/rpntr/gc0.count_d1_reg[4]_1
    SLICE_X28Y79         FDCE                                         f  design_1_i/hdmi/axi_mem_intercon/s00_couplers/auto_pc/inst/gen_axi4_axi3.axi3_conv_inst/USE_READ.USE_SPLIT_R.read_addr_inst/USE_R_CHANNEL.cmd_queue/inst/fifo_gen_inst/inst_fifo_gen/gconvfifo.rf/grf.rf/gntv_or_sync_fifo.gl0.rd/rpntr/gc0.count_reg[1]/CLR
  -------------------------------------------------------------------    -------------------

                         (clock clk_fpga_0 rise edge)
                                                     10.000    10.000 r  
    PS7_X0Y0             PS7                          0.000    10.000 r  design_1_i/processing_system7_0/inst/PS7_i/FCLKCLK[0]
                         net (fo=1, routed)           1.088    11.088    design_1_i/processing_system7_0/inst/FCLK_CLK_unbuffered[0]
    BUFGCTRL_X0Y16       BUFG (Prop_bufg_I_O)         0.091    11.179 r  design_1_i/processing_system7_0/inst/buffer_fclk_clk_0.FCLK_CLK_0_BUFG/O
                         net (fo=39223, routed)       1.514    12.693    design_1_i/hdmi/axi_mem_intercon/s00_couplers/auto_pc/inst/gen_axi4_axi3.axi3_conv_inst/USE_READ.USE_SPLIT_R.read_addr_inst/USE_R_CHANNEL.cmd_queue/inst/fifo_gen_inst/inst_fifo_gen/gconvfifo.rf/grf.rf/gntv_or_sync_fifo.gl0.rd/rpntr/clk
    SLICE_X28Y79         FDCE                                         r  design_1_i/hdmi/axi_mem_intercon/s00_couplers/auto_pc/inst/gen_axi4_axi3.axi3_conv_inst/USE_READ.USE_SPLIT_R.read_addr_inst/USE_R_CHANNEL.cmd_queue/inst/fifo_gen_inst/inst_fifo_gen/gconvfifo.rf/grf.rf/gntv_or_sync_fifo.gl0.rd/rpntr/gc0.count_reg[1]/C
                         clock pessimism              0.229    12.922    
                         clock uncertainty           -0.154    12.768    
    SLICE_X28Y79         FDCE (Recov_fdce_C_CLR)     -0.405    12.363    design_1_i/hdmi/axi_mem_intercon/s00_couplers/auto_pc/inst/gen_axi4_axi3.axi3_conv_inst/USE_READ.USE_SPLIT_R.read_addr_inst/USE_R_CHANNEL.cmd_queue/inst/fifo_gen_inst/inst_fifo_gen/gconvfifo.rf/grf.rf/gntv_or_sync_fifo.gl0.rd/rpntr/gc0.count_reg[1]
  -------------------------------------------------------------------
                         required time                         12.363    
                         arrival time                          -6.103    
  -------------------------------------------------------------------
                         slack                                  6.259    

Slack (MET) :             6.259ns  (required time - arrival time)
  Source:                 design_1_i/hdmi/axi_mem_intercon/s00_couplers/auto_pc/inst/gen_axi4_axi3.axi3_conv_inst/USE_READ.USE_SPLIT_R.read_addr_inst/USE_R_CHANNEL.cmd_queue/inst/fifo_gen_inst/inst_fifo_gen/gconvfifo.rf/grf.rf/rstblk/ngwrdrst.grst.g7serrst.gnsckt_wrst.rst_wr_reg2_inst/arststages_ff_reg[1]/C
                            (rising edge-triggered cell FDPE clocked by clk_fpga_0  {rise@0.000ns fall@5.000ns period=10.000ns})
  Destination:            design_1_i/hdmi/axi_mem_intercon/s00_couplers/auto_pc/inst/gen_axi4_axi3.axi3_conv_inst/USE_READ.USE_SPLIT_R.read_addr_inst/USE_R_CHANNEL.cmd_queue/inst/fifo_gen_inst/inst_fifo_gen/gconvfifo.rf/grf.rf/gntv_or_sync_fifo.gl0.rd/rpntr/gc0.count_reg[2]/CLR
                            (recovery check against rising-edge clock clk_fpga_0  {rise@0.000ns fall@5.000ns period=10.000ns})
  Path Group:             **async_default**
  Path Type:              Recovery (Max at Slow Process Corner)
  Requirement:            10.000ns  (clk_fpga_0 rise@10.000ns - clk_fpga_0 rise@0.000ns)
  Data Path Delay:        3.131ns  (logic 0.718ns (22.929%)  route 2.413ns (77.071%))
  Logic Levels:           1  (LUT3=1)
  Clock Path Skew:        -0.050ns (DCD - SCD + CPR)
    Destination Clock Delay (DCD):    2.693ns = ( 12.693 - 10.000 ) 
    Source Clock Delay      (SCD):    2.972ns
    Clock Pessimism Removal (CPR):    0.229ns
  Clock Uncertainty:      0.154ns  ((TSJ^2 + TIJ^2)^1/2 + DJ) / 2 + PE
    Total System Jitter     (TSJ):    0.071ns
    Total Input Jitter      (TIJ):    0.300ns
    Discrete Jitter          (DJ):    0.000ns
    Phase Error              (PE):    0.000ns

    Location             Delay type                Incr(ns)  Path(ns)    Netlist Resource(s)
  -------------------------------------------------------------------    -------------------
                         (clock clk_fpga_0 rise edge)
                                                      0.000     0.000 r  
    PS7_X0Y0             PS7                          0.000     0.000 r  design_1_i/processing_system7_0/inst/PS7_i/FCLKCLK[0]
                         net (fo=1, routed)           1.193     1.193    design_1_i/processing_system7_0/inst/FCLK_CLK_unbuffered[0]
    BUFGCTRL_X0Y16       BUFG (Prop_bufg_I_O)         0.101     1.294 r  design_1_i/processing_system7_0/inst/buffer_fclk_clk_0.FCLK_CLK_0_BUFG/O
                         net (fo=39223, routed)       1.678     2.972    design_1_i/hdmi/axi_mem_intercon/s00_couplers/auto_pc/inst/gen_axi4_axi3.axi3_conv_inst/USE_READ.USE_SPLIT_R.read_addr_inst/USE_R_CHANNEL.cmd_queue/inst/fifo_gen_inst/inst_fifo_gen/gconvfifo.rf/grf.rf/rstblk/ngwrdrst.grst.g7serrst.gnsckt_wrst.rst_wr_reg2_inst/dest_clk
    SLICE_X27Y72         FDPE                                         r  design_1_i/hdmi/axi_mem_intercon/s00_couplers/auto_pc/inst/gen_axi4_axi3.axi3_conv_inst/USE_READ.USE_SPLIT_R.read_addr_inst/USE_R_CHANNEL.cmd_queue/inst/fifo_gen_inst/inst_fifo_gen/gconvfifo.rf/grf.rf/rstblk/ngwrdrst.grst.g7serrst.gnsckt_wrst.rst_wr_reg2_inst/arststages_ff_reg[1]/C
  -------------------------------------------------------------------    -------------------
    SLICE_X27Y72         FDPE (Prop_fdpe_C_Q)         0.419     3.391 f  design_1_i/hdmi/axi_mem_intercon/s00_couplers/auto_pc/inst/gen_axi4_axi3.axi3_conv_inst/USE_READ.USE_SPLIT_R.read_addr_inst/USE_R_CHANNEL.cmd_queue/inst/fifo_gen_inst/inst_fifo_gen/gconvfifo.rf/grf.rf/rstblk/ngwrdrst.grst.g7serrst.gnsckt_wrst.rst_wr_reg2_inst/arststages_ff_reg[1]/Q
                         net (fo=2, routed)           0.974     4.365    design_1_i/hdmi/axi_mem_intercon/s00_couplers/auto_pc/inst/gen_axi4_axi3.axi3_conv_inst/USE_READ.USE_SPLIT_R.read_addr_inst/USE_R_CHANNEL.cmd_queue/inst/fifo_gen_inst/inst_fifo_gen/gconvfifo.rf/grf.rf/rstblk/ngwrdrst.rst_wr_reg2
    SLICE_X31Y73         LUT3 (Prop_lut3_I2_O)        0.299     4.664 f  design_1_i/hdmi/axi_mem_intercon/s00_couplers/auto_pc/inst/gen_axi4_axi3.axi3_conv_inst/USE_READ.USE_SPLIT_R.read_addr_inst/USE_R_CHANNEL.cmd_queue/inst/fifo_gen_inst/inst_fifo_gen/gconvfifo.rf/grf.rf/rstblk/gpregsm1.curr_fwft_state[1]_i_2/O
                         net (fo=33, routed)          1.440     6.103    design_1_i/hdmi/axi_mem_intercon/s00_couplers/auto_pc/inst/gen_axi4_axi3.axi3_conv_inst/USE_READ.USE_SPLIT_R.read_addr_inst/USE_R_CHANNEL.cmd_queue/inst/fifo_gen_inst/inst_fifo_gen/gconvfifo.rf/grf.rf/gntv_or_sync_fifo.gl0.rd/rpntr/gc0.count_d1_reg[4]_1
    SLICE_X28Y79         FDCE                                         f  design_1_i/hdmi/axi_mem_intercon/s00_couplers/auto_pc/inst/gen_axi4_axi3.axi3_conv_inst/USE_READ.USE_SPLIT_R.read_addr_inst/USE_R_CHANNEL.cmd_queue/inst/fifo_gen_inst/inst_fifo_gen/gconvfifo.rf/grf.rf/gntv_or_sync_fifo.gl0.rd/rpntr/gc0.count_reg[2]/CLR
  -------------------------------------------------------------------    -------------------

                         (clock clk_fpga_0 rise edge)
                                                     10.000    10.000 r  
    PS7_X0Y0             PS7                          0.000    10.000 r  design_1_i/processing_system7_0/inst/PS7_i/FCLKCLK[0]
                         net (fo=1, routed)           1.088    11.088    design_1_i/processing_system7_0/inst/FCLK_CLK_unbuffered[0]
    BUFGCTRL_X0Y16       BUFG (Prop_bufg_I_O)         0.091    11.179 r  design_1_i/processing_system7_0/inst/buffer_fclk_clk_0.FCLK_CLK_0_BUFG/O
                         net (fo=39223, routed)       1.514    12.693    design_1_i/hdmi/axi_mem_intercon/s00_couplers/auto_pc/inst/gen_axi4_axi3.axi3_conv_inst/USE_READ.USE_SPLIT_R.read_addr_inst/USE_R_CHANNEL.cmd_queue/inst/fifo_gen_inst/inst_fifo_gen/gconvfifo.rf/grf.rf/gntv_or_sync_fifo.gl0.rd/rpntr/clk
    SLICE_X28Y79         FDCE                                         r  design_1_i/hdmi/axi_mem_intercon/s00_couplers/auto_pc/inst/gen_axi4_axi3.axi3_conv_inst/USE_READ.USE_SPLIT_R.read_addr_inst/USE_R_CHANNEL.cmd_queue/inst/fifo_gen_inst/inst_fifo_gen/gconvfifo.rf/grf.rf/gntv_or_sync_fifo.gl0.rd/rpntr/gc0.count_reg[2]/C
                         clock pessimism              0.229    12.922    
                         clock uncertainty           -0.154    12.768    
    SLICE_X28Y79         FDCE (Recov_fdce_C_CLR)     -0.405    12.363    design_1_i/hdmi/axi_mem_intercon/s00_couplers/auto_pc/inst/gen_axi4_axi3.axi3_conv_inst/USE_READ.USE_SPLIT_R.read_addr_inst/USE_R_CHANNEL.cmd_queue/inst/fifo_gen_inst/inst_fifo_gen/gconvfifo.rf/grf.rf/gntv_or_sync_fifo.gl0.rd/rpntr/gc0.count_reg[2]
  -------------------------------------------------------------------
                         required time                         12.363    
                         arrival time                          -6.103    
  -------------------------------------------------------------------
                         slack                                  6.259    

Slack (MET) :             6.259ns  (required time - arrival time)
  Source:                 design_1_i/hdmi/axi_mem_intercon/s00_couplers/auto_pc/inst/gen_axi4_axi3.axi3_conv_inst/USE_READ.USE_SPLIT_R.read_addr_inst/USE_R_CHANNEL.cmd_queue/inst/fifo_gen_inst/inst_fifo_gen/gconvfifo.rf/grf.rf/rstblk/ngwrdrst.grst.g7serrst.gnsckt_wrst.rst_wr_reg2_inst/arststages_ff_reg[1]/C
                            (rising edge-triggered cell FDPE clocked by clk_fpga_0  {rise@0.000ns fall@5.000ns period=10.000ns})
  Destination:            design_1_i/hdmi/axi_mem_intercon/s00_couplers/auto_pc/inst/gen_axi4_axi3.axi3_conv_inst/USE_READ.USE_SPLIT_R.read_addr_inst/USE_R_CHANNEL.cmd_queue/inst/fifo_gen_inst/inst_fifo_gen/gconvfifo.rf/grf.rf/gntv_or_sync_fifo.gl0.rd/rpntr/gc0.count_reg[3]/CLR
                            (recovery check against rising-edge clock clk_fpga_0  {rise@0.000ns fall@5.000ns period=10.000ns})
  Path Group:             **async_default**
  Path Type:              Recovery (Max at Slow Process Corner)
  Requirement:            10.000ns  (clk_fpga_0 rise@10.000ns - clk_fpga_0 rise@0.000ns)
  Data Path Delay:        3.131ns  (logic 0.718ns (22.929%)  route 2.413ns (77.071%))
  Logic Levels:           1  (LUT3=1)
  Clock Path Skew:        -0.050ns (DCD - SCD + CPR)
    Destination Clock Delay (DCD):    2.693ns = ( 12.693 - 10.000 ) 
    Source Clock Delay      (SCD):    2.972ns
    Clock Pessimism Removal (CPR):    0.229ns
  Clock Uncertainty:      0.154ns  ((TSJ^2 + TIJ^2)^1/2 + DJ) / 2 + PE
    Total System Jitter     (TSJ):    0.071ns
    Total Input Jitter      (TIJ):    0.300ns
    Discrete Jitter          (DJ):    0.000ns
    Phase Error              (PE):    0.000ns

    Location             Delay type                Incr(ns)  Path(ns)    Netlist Resource(s)
  -------------------------------------------------------------------    -------------------
                         (clock clk_fpga_0 rise edge)
                                                      0.000     0.000 r  
    PS7_X0Y0             PS7                          0.000     0.000 r  design_1_i/processing_system7_0/inst/PS7_i/FCLKCLK[0]
                         net (fo=1, routed)           1.193     1.193    design_1_i/processing_system7_0/inst/FCLK_CLK_unbuffered[0]
    BUFGCTRL_X0Y16       BUFG (Prop_bufg_I_O)         0.101     1.294 r  design_1_i/processing_system7_0/inst/buffer_fclk_clk_0.FCLK_CLK_0_BUFG/O
                         net (fo=39223, routed)       1.678     2.972    design_1_i/hdmi/axi_mem_intercon/s00_couplers/auto_pc/inst/gen_axi4_axi3.axi3_conv_inst/USE_READ.USE_SPLIT_R.read_addr_inst/USE_R_CHANNEL.cmd_queue/inst/fifo_gen_inst/inst_fifo_gen/gconvfifo.rf/grf.rf/rstblk/ngwrdrst.grst.g7serrst.gnsckt_wrst.rst_wr_reg2_inst/dest_clk
    SLICE_X27Y72         FDPE                                         r  design_1_i/hdmi/axi_mem_intercon/s00_couplers/auto_pc/inst/gen_axi4_axi3.axi3_conv_inst/USE_READ.USE_SPLIT_R.read_addr_inst/USE_R_CHANNEL.cmd_queue/inst/fifo_gen_inst/inst_fifo_gen/gconvfifo.rf/grf.rf/rstblk/ngwrdrst.grst.g7serrst.gnsckt_wrst.rst_wr_reg2_inst/arststages_ff_reg[1]/C
  -------------------------------------------------------------------    -------------------
    SLICE_X27Y72         FDPE (Prop_fdpe_C_Q)         0.419     3.391 f  design_1_i/hdmi/axi_mem_intercon/s00_couplers/auto_pc/inst/gen_axi4_axi3.axi3_conv_inst/USE_READ.USE_SPLIT_R.read_addr_inst/USE_R_CHANNEL.cmd_queue/inst/fifo_gen_inst/inst_fifo_gen/gconvfifo.rf/grf.rf/rstblk/ngwrdrst.grst.g7serrst.gnsckt_wrst.rst_wr_reg2_inst/arststages_ff_reg[1]/Q
                         net (fo=2, routed)           0.974     4.365    design_1_i/hdmi/axi_mem_intercon/s00_couplers/auto_pc/inst/gen_axi4_axi3.axi3_conv_inst/USE_READ.USE_SPLIT_R.read_addr_inst/USE_R_CHANNEL.cmd_queue/inst/fifo_gen_inst/inst_fifo_gen/gconvfifo.rf/grf.rf/rstblk/ngwrdrst.rst_wr_reg2
    SLICE_X31Y73         LUT3 (Prop_lut3_I2_O)        0.299     4.664 f  design_1_i/hdmi/axi_mem_intercon/s00_couplers/auto_pc/inst/gen_axi4_axi3.axi3_conv_inst/USE_READ.USE_SPLIT_R.read_addr_inst/USE_R_CHANNEL.cmd_queue/inst/fifo_gen_inst/inst_fifo_gen/gconvfifo.rf/grf.rf/rstblk/gpregsm1.curr_fwft_state[1]_i_2/O
                         net (fo=33, routed)          1.440     6.103    design_1_i/hdmi/axi_mem_intercon/s00_couplers/auto_pc/inst/gen_axi4_axi3.axi3_conv_inst/USE_READ.USE_SPLIT_R.read_addr_inst/USE_R_CHANNEL.cmd_queue/inst/fifo_gen_inst/inst_fifo_gen/gconvfifo.rf/grf.rf/gntv_or_sync_fifo.gl0.rd/rpntr/gc0.count_d1_reg[4]_1
    SLICE_X28Y79         FDCE                                         f  design_1_i/hdmi/axi_mem_intercon/s00_couplers/auto_pc/inst/gen_axi4_axi3.axi3_conv_inst/USE_READ.USE_SPLIT_R.read_addr_inst/USE_R_CHANNEL.cmd_queue/inst/fifo_gen_inst/inst_fifo_gen/gconvfifo.rf/grf.rf/gntv_or_sync_fifo.gl0.rd/rpntr/gc0.count_reg[3]/CLR
  -------------------------------------------------------------------    -------------------

                         (clock clk_fpga_0 rise edge)
                                                     10.000    10.000 r  
    PS7_X0Y0             PS7                          0.000    10.000 r  design_1_i/processing_system7_0/inst/PS7_i/FCLKCLK[0]
                         net (fo=1, routed)           1.088    11.088    design_1_i/processing_system7_0/inst/FCLK_CLK_unbuffered[0]
    BUFGCTRL_X0Y16       BUFG (Prop_bufg_I_O)         0.091    11.179 r  design_1_i/processing_system7_0/inst/buffer_fclk_clk_0.FCLK_CLK_0_BUFG/O
                         net (fo=39223, routed)       1.514    12.693    design_1_i/hdmi/axi_mem_intercon/s00_couplers/auto_pc/inst/gen_axi4_axi3.axi3_conv_inst/USE_READ.USE_SPLIT_R.read_addr_inst/USE_R_CHANNEL.cmd_queue/inst/fifo_gen_inst/inst_fifo_gen/gconvfifo.rf/grf.rf/gntv_or_sync_fifo.gl0.rd/rpntr/clk
    SLICE_X28Y79         FDCE                                         r  design_1_i/hdmi/axi_mem_intercon/s00_couplers/auto_pc/inst/gen_axi4_axi3.axi3_conv_inst/USE_READ.USE_SPLIT_R.read_addr_inst/USE_R_CHANNEL.cmd_queue/inst/fifo_gen_inst/inst_fifo_gen/gconvfifo.rf/grf.rf/gntv_or_sync_fifo.gl0.rd/rpntr/gc0.count_reg[3]/C
                         clock pessimism              0.229    12.922    
                         clock uncertainty           -0.154    12.768    
    SLICE_X28Y79         FDCE (Recov_fdce_C_CLR)     -0.405    12.363    design_1_i/hdmi/axi_mem_intercon/s00_couplers/auto_pc/inst/gen_axi4_axi3.axi3_conv_inst/USE_READ.USE_SPLIT_R.read_addr_inst/USE_R_CHANNEL.cmd_queue/inst/fifo_gen_inst/inst_fifo_gen/gconvfifo.rf/grf.rf/gntv_or_sync_fifo.gl0.rd/rpntr/gc0.count_reg[3]
  -------------------------------------------------------------------
                         required time                         12.363    
                         arrival time                          -6.103    
  -------------------------------------------------------------------
                         slack                                  6.259    

Slack (MET) :             6.259ns  (required time - arrival time)
  Source:                 design_1_i/hdmi/axi_mem_intercon/s00_couplers/auto_pc/inst/gen_axi4_axi3.axi3_conv_inst/USE_READ.USE_SPLIT_R.read_addr_inst/USE_R_CHANNEL.cmd_queue/inst/fifo_gen_inst/inst_fifo_gen/gconvfifo.rf/grf.rf/rstblk/ngwrdrst.grst.g7serrst.gnsckt_wrst.rst_wr_reg2_inst/arststages_ff_reg[1]/C
                            (rising edge-triggered cell FDPE clocked by clk_fpga_0  {rise@0.000ns fall@5.000ns period=10.000ns})
  Destination:            design_1_i/hdmi/axi_mem_intercon/s00_couplers/auto_pc/inst/gen_axi4_axi3.axi3_conv_inst/USE_READ.USE_SPLIT_R.read_addr_inst/USE_R_CHANNEL.cmd_queue/inst/fifo_gen_inst/inst_fifo_gen/gconvfifo.rf/grf.rf/gntv_or_sync_fifo.gl0.rd/rpntr/gc0.count_reg[4]/CLR
                            (recovery check against rising-edge clock clk_fpga_0  {rise@0.000ns fall@5.000ns period=10.000ns})
  Path Group:             **async_default**
  Path Type:              Recovery (Max at Slow Process Corner)
  Requirement:            10.000ns  (clk_fpga_0 rise@10.000ns - clk_fpga_0 rise@0.000ns)
  Data Path Delay:        3.131ns  (logic 0.718ns (22.929%)  route 2.413ns (77.071%))
  Logic Levels:           1  (LUT3=1)
  Clock Path Skew:        -0.050ns (DCD - SCD + CPR)
    Destination Clock Delay (DCD):    2.693ns = ( 12.693 - 10.000 ) 
    Source Clock Delay      (SCD):    2.972ns
    Clock Pessimism Removal (CPR):    0.229ns
  Clock Uncertainty:      0.154ns  ((TSJ^2 + TIJ^2)^1/2 + DJ) / 2 + PE
    Total System Jitter     (TSJ):    0.071ns
    Total Input Jitter      (TIJ):    0.300ns
    Discrete Jitter          (DJ):    0.000ns
    Phase Error              (PE):    0.000ns

    Location             Delay type                Incr(ns)  Path(ns)    Netlist Resource(s)
  -------------------------------------------------------------------    -------------------
                         (clock clk_fpga_0 rise edge)
                                                      0.000     0.000 r  
    PS7_X0Y0             PS7                          0.000     0.000 r  design_1_i/processing_system7_0/inst/PS7_i/FCLKCLK[0]
                         net (fo=1, routed)           1.193     1.193    design_1_i/processing_system7_0/inst/FCLK_CLK_unbuffered[0]
    BUFGCTRL_X0Y16       BUFG (Prop_bufg_I_O)         0.101     1.294 r  design_1_i/processing_system7_0/inst/buffer_fclk_clk_0.FCLK_CLK_0_BUFG/O
                         net (fo=39223, routed)       1.678     2.972    design_1_i/hdmi/axi_mem_intercon/s00_couplers/auto_pc/inst/gen_axi4_axi3.axi3_conv_inst/USE_READ.USE_SPLIT_R.read_addr_inst/USE_R_CHANNEL.cmd_queue/inst/fifo_gen_inst/inst_fifo_gen/gconvfifo.rf/grf.rf/rstblk/ngwrdrst.grst.g7serrst.gnsckt_wrst.rst_wr_reg2_inst/dest_clk
    SLICE_X27Y72         FDPE                                         r  design_1_i/hdmi/axi_mem_intercon/s00_couplers/auto_pc/inst/gen_axi4_axi3.axi3_conv_inst/USE_READ.USE_SPLIT_R.read_addr_inst/USE_R_CHANNEL.cmd_queue/inst/fifo_gen_inst/inst_fifo_gen/gconvfifo.rf/grf.rf/rstblk/ngwrdrst.grst.g7serrst.gnsckt_wrst.rst_wr_reg2_inst/arststages_ff_reg[1]/C
  -------------------------------------------------------------------    -------------------
    SLICE_X27Y72         FDPE (Prop_fdpe_C_Q)         0.419     3.391 f  design_1_i/hdmi/axi_mem_intercon/s00_couplers/auto_pc/inst/gen_axi4_axi3.axi3_conv_inst/USE_READ.USE_SPLIT_R.read_addr_inst/USE_R_CHANNEL.cmd_queue/inst/fifo_gen_inst/inst_fifo_gen/gconvfifo.rf/grf.rf/rstblk/ngwrdrst.grst.g7serrst.gnsckt_wrst.rst_wr_reg2_inst/arststages_ff_reg[1]/Q
                         net (fo=2, routed)           0.974     4.365    design_1_i/hdmi/axi_mem_intercon/s00_couplers/auto_pc/inst/gen_axi4_axi3.axi3_conv_inst/USE_READ.USE_SPLIT_R.read_addr_inst/USE_R_CHANNEL.cmd_queue/inst/fifo_gen_inst/inst_fifo_gen/gconvfifo.rf/grf.rf/rstblk/ngwrdrst.rst_wr_reg2
    SLICE_X31Y73         LUT3 (Prop_lut3_I2_O)        0.299     4.664 f  design_1_i/hdmi/axi_mem_intercon/s00_couplers/auto_pc/inst/gen_axi4_axi3.axi3_conv_inst/USE_READ.USE_SPLIT_R.read_addr_inst/USE_R_CHANNEL.cmd_queue/inst/fifo_gen_inst/inst_fifo_gen/gconvfifo.rf/grf.rf/rstblk/gpregsm1.curr_fwft_state[1]_i_2/O
                         net (fo=33, routed)          1.440     6.103    design_1_i/hdmi/axi_mem_intercon/s00_couplers/auto_pc/inst/gen_axi4_axi3.axi3_conv_inst/USE_READ.USE_SPLIT_R.read_addr_inst/USE_R_CHANNEL.cmd_queue/inst/fifo_gen_inst/inst_fifo_gen/gconvfifo.rf/grf.rf/gntv_or_sync_fifo.gl0.rd/rpntr/gc0.count_d1_reg[4]_1
    SLICE_X28Y79         FDCE                                         f  design_1_i/hdmi/axi_mem_intercon/s00_couplers/auto_pc/inst/gen_axi4_axi3.axi3_conv_inst/USE_READ.USE_SPLIT_R.read_addr_inst/USE_R_CHANNEL.cmd_queue/inst/fifo_gen_inst/inst_fifo_gen/gconvfifo.rf/grf.rf/gntv_or_sync_fifo.gl0.rd/rpntr/gc0.count_reg[4]/CLR
  -------------------------------------------------------------------    -------------------

                         (clock clk_fpga_0 rise edge)
                                                     10.000    10.000 r  
    PS7_X0Y0             PS7                          0.000    10.000 r  design_1_i/processing_system7_0/inst/PS7_i/FCLKCLK[0]
                         net (fo=1, routed)           1.088    11.088    design_1_i/processing_system7_0/inst/FCLK_CLK_unbuffered[0]
    BUFGCTRL_X0Y16       BUFG (Prop_bufg_I_O)         0.091    11.179 r  design_1_i/processing_system7_0/inst/buffer_fclk_clk_0.FCLK_CLK_0_BUFG/O
                         net (fo=39223, routed)       1.514    12.693    design_1_i/hdmi/axi_mem_intercon/s00_couplers/auto_pc/inst/gen_axi4_axi3.axi3_conv_inst/USE_READ.USE_SPLIT_R.read_addr_inst/USE_R_CHANNEL.cmd_queue/inst/fifo_gen_inst/inst_fifo_gen/gconvfifo.rf/grf.rf/gntv_or_sync_fifo.gl0.rd/rpntr/clk
    SLICE_X28Y79         FDCE                                         r  design_1_i/hdmi/axi_mem_intercon/s00_couplers/auto_pc/inst/gen_axi4_axi3.axi3_conv_inst/USE_READ.USE_SPLIT_R.read_addr_inst/USE_R_CHANNEL.cmd_queue/inst/fifo_gen_inst/inst_fifo_gen/gconvfifo.rf/grf.rf/gntv_or_sync_fifo.gl0.rd/rpntr/gc0.count_reg[4]/C
                         clock pessimism              0.229    12.922    
                         clock uncertainty           -0.154    12.768    
    SLICE_X28Y79         FDCE (Recov_fdce_C_CLR)     -0.405    12.363    design_1_i/hdmi/axi_mem_intercon/s00_couplers/auto_pc/inst/gen_axi4_axi3.axi3_conv_inst/USE_READ.USE_SPLIT_R.read_addr_inst/USE_R_CHANNEL.cmd_queue/inst/fifo_gen_inst/inst_fifo_gen/gconvfifo.rf/grf.rf/gntv_or_sync_fifo.gl0.rd/rpntr/gc0.count_reg[4]
  -------------------------------------------------------------------
                         required time                         12.363    
                         arrival time                          -6.103    
  -------------------------------------------------------------------
                         slack                                  6.259    

Slack (MET) :             6.305ns  (required time - arrival time)
  Source:                 design_1_i/hdmi/axi_mem_intercon/s00_couplers/auto_pc/inst/gen_axi4_axi3.axi3_conv_inst/USE_READ.USE_SPLIT_R.read_addr_inst/USE_R_CHANNEL.cmd_queue/inst/fifo_gen_inst/inst_fifo_gen/gconvfifo.rf/grf.rf/rstblk/ngwrdrst.grst.g7serrst.gnsckt_wrst.rst_wr_reg2_inst/arststages_ff_reg[1]/C
                            (rising edge-triggered cell FDPE clocked by clk_fpga_0  {rise@0.000ns fall@5.000ns period=10.000ns})
  Destination:            design_1_i/hdmi/axi_mem_intercon/s00_couplers/auto_pc/inst/gen_axi4_axi3.axi3_conv_inst/USE_READ.USE_SPLIT_R.read_addr_inst/USE_R_CHANNEL.cmd_queue/inst/fifo_gen_inst/inst_fifo_gen/gconvfifo.rf/grf.rf/gntv_or_sync_fifo.gl0.rd/rpntr/gc0.count_reg[0]/PRE
                            (recovery check against rising-edge clock clk_fpga_0  {rise@0.000ns fall@5.000ns period=10.000ns})
  Path Group:             **async_default**
  Path Type:              Recovery (Max at Slow Process Corner)
  Requirement:            10.000ns  (clk_fpga_0 rise@10.000ns - clk_fpga_0 rise@0.000ns)
  Data Path Delay:        3.131ns  (logic 0.718ns (22.929%)  route 2.413ns (77.071%))
  Logic Levels:           1  (LUT3=1)
  Clock Path Skew:        -0.050ns (DCD - SCD + CPR)
    Destination Clock Delay (DCD):    2.693ns = ( 12.693 - 10.000 ) 
    Source Clock Delay      (SCD):    2.972ns
    Clock Pessimism Removal (CPR):    0.229ns
  Clock Uncertainty:      0.154ns  ((TSJ^2 + TIJ^2)^1/2 + DJ) / 2 + PE
    Total System Jitter     (TSJ):    0.071ns
    Total Input Jitter      (TIJ):    0.300ns
    Discrete Jitter          (DJ):    0.000ns
    Phase Error              (PE):    0.000ns

    Location             Delay type                Incr(ns)  Path(ns)    Netlist Resource(s)
  -------------------------------------------------------------------    -------------------
                         (clock clk_fpga_0 rise edge)
                                                      0.000     0.000 r  
    PS7_X0Y0             PS7                          0.000     0.000 r  design_1_i/processing_system7_0/inst/PS7_i/FCLKCLK[0]
                         net (fo=1, routed)           1.193     1.193    design_1_i/processing_system7_0/inst/FCLK_CLK_unbuffered[0]
    BUFGCTRL_X0Y16       BUFG (Prop_bufg_I_O)         0.101     1.294 r  design_1_i/processing_system7_0/inst/buffer_fclk_clk_0.FCLK_CLK_0_BUFG/O
                         net (fo=39223, routed)       1.678     2.972    design_1_i/hdmi/axi_mem_intercon/s00_couplers/auto_pc/inst/gen_axi4_axi3.axi3_conv_inst/USE_READ.USE_SPLIT_R.read_addr_inst/USE_R_CHANNEL.cmd_queue/inst/fifo_gen_inst/inst_fifo_gen/gconvfifo.rf/grf.rf/rstblk/ngwrdrst.grst.g7serrst.gnsckt_wrst.rst_wr_reg2_inst/dest_clk
    SLICE_X27Y72         FDPE                                         r  design_1_i/hdmi/axi_mem_intercon/s00_couplers/auto_pc/inst/gen_axi4_axi3.axi3_conv_inst/USE_READ.USE_SPLIT_R.read_addr_inst/USE_R_CHANNEL.cmd_queue/inst/fifo_gen_inst/inst_fifo_gen/gconvfifo.rf/grf.rf/rstblk/ngwrdrst.grst.g7serrst.gnsckt_wrst.rst_wr_reg2_inst/arststages_ff_reg[1]/C
  -------------------------------------------------------------------    -------------------
    SLICE_X27Y72         FDPE (Prop_fdpe_C_Q)         0.419     3.391 f  design_1_i/hdmi/axi_mem_intercon/s00_couplers/auto_pc/inst/gen_axi4_axi3.axi3_conv_inst/USE_READ.USE_SPLIT_R.read_addr_inst/USE_R_CHANNEL.cmd_queue/inst/fifo_gen_inst/inst_fifo_gen/gconvfifo.rf/grf.rf/rstblk/ngwrdrst.grst.g7serrst.gnsckt_wrst.rst_wr_reg2_inst/arststages_ff_reg[1]/Q
                         net (fo=2, routed)           0.974     4.365    design_1_i/hdmi/axi_mem_intercon/s00_couplers/auto_pc/inst/gen_axi4_axi3.axi3_conv_inst/USE_READ.USE_SPLIT_R.read_addr_inst/USE_R_CHANNEL.cmd_queue/inst/fifo_gen_inst/inst_fifo_gen/gconvfifo.rf/grf.rf/rstblk/ngwrdrst.rst_wr_reg2
    SLICE_X31Y73         LUT3 (Prop_lut3_I2_O)        0.299     4.664 f  design_1_i/hdmi/axi_mem_intercon/s00_couplers/auto_pc/inst/gen_axi4_axi3.axi3_conv_inst/USE_READ.USE_SPLIT_R.read_addr_inst/USE_R_CHANNEL.cmd_queue/inst/fifo_gen_inst/inst_fifo_gen/gconvfifo.rf/grf.rf/rstblk/gpregsm1.curr_fwft_state[1]_i_2/O
                         net (fo=33, routed)          1.440     6.103    design_1_i/hdmi/axi_mem_intercon/s00_couplers/auto_pc/inst/gen_axi4_axi3.axi3_conv_inst/USE_READ.USE_SPLIT_R.read_addr_inst/USE_R_CHANNEL.cmd_queue/inst/fifo_gen_inst/inst_fifo_gen/gconvfifo.rf/grf.rf/gntv_or_sync_fifo.gl0.rd/rpntr/gc0.count_d1_reg[4]_1
    SLICE_X28Y79         FDPE                                         f  design_1_i/hdmi/axi_mem_intercon/s00_couplers/auto_pc/inst/gen_axi4_axi3.axi3_conv_inst/USE_READ.USE_SPLIT_R.read_addr_inst/USE_R_CHANNEL.cmd_queue/inst/fifo_gen_inst/inst_fifo_gen/gconvfifo.rf/grf.rf/gntv_or_sync_fifo.gl0.rd/rpntr/gc0.count_reg[0]/PRE
  -------------------------------------------------------------------    -------------------

                         (clock clk_fpga_0 rise edge)
                                                     10.000    10.000 r  
    PS7_X0Y0             PS7                          0.000    10.000 r  design_1_i/processing_system7_0/inst/PS7_i/FCLKCLK[0]
                         net (fo=1, routed)           1.088    11.088    design_1_i/processing_system7_0/inst/FCLK_CLK_unbuffered[0]
    BUFGCTRL_X0Y16       BUFG (Prop_bufg_I_O)         0.091    11.179 r  design_1_i/processing_system7_0/inst/buffer_fclk_clk_0.FCLK_CLK_0_BUFG/O
                         net (fo=39223, routed)       1.514    12.693    design_1_i/hdmi/axi_mem_intercon/s00_couplers/auto_pc/inst/gen_axi4_axi3.axi3_conv_inst/USE_READ.USE_SPLIT_R.read_addr_inst/USE_R_CHANNEL.cmd_queue/inst/fifo_gen_inst/inst_fifo_gen/gconvfifo.rf/grf.rf/gntv_or_sync_fifo.gl0.rd/rpntr/clk
    SLICE_X28Y79         FDPE                                         r  design_1_i/hdmi/axi_mem_intercon/s00_couplers/auto_pc/inst/gen_axi4_axi3.axi3_conv_inst/USE_READ.USE_SPLIT_R.read_addr_inst/USE_R_CHANNEL.cmd_queue/inst/fifo_gen_inst/inst_fifo_gen/gconvfifo.rf/grf.rf/gntv_or_sync_fifo.gl0.rd/rpntr/gc0.count_reg[0]/C
                         clock pessimism              0.229    12.922    
                         clock uncertainty           -0.154    12.768    
    SLICE_X28Y79         FDPE (Recov_fdpe_C_PRE)     -0.359    12.409    design_1_i/hdmi/axi_mem_intercon/s00_couplers/auto_pc/inst/gen_axi4_axi3.axi3_conv_inst/USE_READ.USE_SPLIT_R.read_addr_inst/USE_R_CHANNEL.cmd_queue/inst/fifo_gen_inst/inst_fifo_gen/gconvfifo.rf/grf.rf/gntv_or_sync_fifo.gl0.rd/rpntr/gc0.count_reg[0]
  -------------------------------------------------------------------
                         required time                         12.409    
                         arrival time                          -6.103    
  -------------------------------------------------------------------
                         slack                                  6.305    

Slack (MET) :             6.449ns  (required time - arrival time)
  Source:                 design_1_i/hdmi/axi_mem_intercon/s00_couplers/auto_pc/inst/gen_axi4_axi3.axi3_conv_inst/USE_READ.USE_SPLIT_R.read_addr_inst/USE_R_CHANNEL.cmd_queue/inst/fifo_gen_inst/inst_fifo_gen/gconvfifo.rf/grf.rf/rstblk/ngwrdrst.grst.g7serrst.gnsckt_wrst.rst_wr_reg2_inst/arststages_ff_reg[1]/C
                            (rising edge-triggered cell FDPE clocked by clk_fpga_0  {rise@0.000ns fall@5.000ns period=10.000ns})
  Destination:            design_1_i/hdmi/axi_mem_intercon/s00_couplers/auto_pc/inst/gen_axi4_axi3.axi3_conv_inst/USE_READ.USE_SPLIT_R.read_addr_inst/USE_R_CHANNEL.cmd_queue/inst/fifo_gen_inst/inst_fifo_gen/gconvfifo.rf/grf.rf/gntv_or_sync_fifo.gl0.wr/wpntr/gcc0.gc0.count_reg[0]/PRE
                            (recovery check against rising-edge clock clk_fpga_0  {rise@0.000ns fall@5.000ns period=10.000ns})
  Path Group:             **async_default**
  Path Type:              Recovery (Max at Slow Process Corner)
  Requirement:            10.000ns  (clk_fpga_0 rise@10.000ns - clk_fpga_0 rise@0.000ns)
  Data Path Delay:        2.985ns  (logic 0.718ns (24.051%)  route 2.267ns (75.949%))
  Logic Levels:           1  (LUT3=1)
  Clock Path Skew:        -0.051ns (DCD - SCD + CPR)
    Destination Clock Delay (DCD):    2.692ns = ( 12.692 - 10.000 ) 
    Source Clock Delay      (SCD):    2.972ns
    Clock Pessimism Removal (CPR):    0.229ns
  Clock Uncertainty:      0.154ns  ((TSJ^2 + TIJ^2)^1/2 + DJ) / 2 + PE
    Total System Jitter     (TSJ):    0.071ns
    Total Input Jitter      (TIJ):    0.300ns
    Discrete Jitter          (DJ):    0.000ns
    Phase Error              (PE):    0.000ns

    Location             Delay type                Incr(ns)  Path(ns)    Netlist Resource(s)
  -------------------------------------------------------------------    -------------------
                         (clock clk_fpga_0 rise edge)
                                                      0.000     0.000 r  
    PS7_X0Y0             PS7                          0.000     0.000 r  design_1_i/processing_system7_0/inst/PS7_i/FCLKCLK[0]
                         net (fo=1, routed)           1.193     1.193    design_1_i/processing_system7_0/inst/FCLK_CLK_unbuffered[0]
    BUFGCTRL_X0Y16       BUFG (Prop_bufg_I_O)         0.101     1.294 r  design_1_i/processing_system7_0/inst/buffer_fclk_clk_0.FCLK_CLK_0_BUFG/O
                         net (fo=39223, routed)       1.678     2.972    design_1_i/hdmi/axi_mem_intercon/s00_couplers/auto_pc/inst/gen_axi4_axi3.axi3_conv_inst/USE_READ.USE_SPLIT_R.read_addr_inst/USE_R_CHANNEL.cmd_queue/inst/fifo_gen_inst/inst_fifo_gen/gconvfifo.rf/grf.rf/rstblk/ngwrdrst.grst.g7serrst.gnsckt_wrst.rst_wr_reg2_inst/dest_clk
    SLICE_X27Y72         FDPE                                         r  design_1_i/hdmi/axi_mem_intercon/s00_couplers/auto_pc/inst/gen_axi4_axi3.axi3_conv_inst/USE_READ.USE_SPLIT_R.read_addr_inst/USE_R_CHANNEL.cmd_queue/inst/fifo_gen_inst/inst_fifo_gen/gconvfifo.rf/grf.rf/rstblk/ngwrdrst.grst.g7serrst.gnsckt_wrst.rst_wr_reg2_inst/arststages_ff_reg[1]/C
  -------------------------------------------------------------------    -------------------
    SLICE_X27Y72         FDPE (Prop_fdpe_C_Q)         0.419     3.391 f  design_1_i/hdmi/axi_mem_intercon/s00_couplers/auto_pc/inst/gen_axi4_axi3.axi3_conv_inst/USE_READ.USE_SPLIT_R.read_addr_inst/USE_R_CHANNEL.cmd_queue/inst/fifo_gen_inst/inst_fifo_gen/gconvfifo.rf/grf.rf/rstblk/ngwrdrst.grst.g7serrst.gnsckt_wrst.rst_wr_reg2_inst/arststages_ff_reg[1]/Q
                         net (fo=2, routed)           0.974     4.365    design_1_i/hdmi/axi_mem_intercon/s00_couplers/auto_pc/inst/gen_axi4_axi3.axi3_conv_inst/USE_READ.USE_SPLIT_R.read_addr_inst/USE_R_CHANNEL.cmd_queue/inst/fifo_gen_inst/inst_fifo_gen/gconvfifo.rf/grf.rf/rstblk/ngwrdrst.rst_wr_reg2
    SLICE_X31Y73         LUT3 (Prop_lut3_I2_O)        0.299     4.664 f  design_1_i/hdmi/axi_mem_intercon/s00_couplers/auto_pc/inst/gen_axi4_axi3.axi3_conv_inst/USE_READ.USE_SPLIT_R.read_addr_inst/USE_R_CHANNEL.cmd_queue/inst/fifo_gen_inst/inst_fifo_gen/gconvfifo.rf/grf.rf/rstblk/gpregsm1.curr_fwft_state[1]_i_2/O
                         net (fo=33, routed)          1.293     5.957    design_1_i/hdmi/axi_mem_intercon/s00_couplers/auto_pc/inst/gen_axi4_axi3.axi3_conv_inst/USE_READ.USE_SPLIT_R.read_addr_inst/USE_R_CHANNEL.cmd_queue/inst/fifo_gen_inst/inst_fifo_gen/gconvfifo.rf/grf.rf/gntv_or_sync_fifo.gl0.wr/wpntr/gcc0.gc0.count_d1_reg[0]_0
    SLICE_X30Y78         FDPE                                         f  design_1_i/hdmi/axi_mem_intercon/s00_couplers/auto_pc/inst/gen_axi4_axi3.axi3_conv_inst/USE_READ.USE_SPLIT_R.read_addr_inst/USE_R_CHANNEL.cmd_queue/inst/fifo_gen_inst/inst_fifo_gen/gconvfifo.rf/grf.rf/gntv_or_sync_fifo.gl0.wr/wpntr/gcc0.gc0.count_reg[0]/PRE
  -------------------------------------------------------------------    -------------------

                         (clock clk_fpga_0 rise edge)
                                                     10.000    10.000 r  
    PS7_X0Y0             PS7                          0.000    10.000 r  design_1_i/processing_system7_0/inst/PS7_i/FCLKCLK[0]
                         net (fo=1, routed)           1.088    11.088    design_1_i/processing_system7_0/inst/FCLK_CLK_unbuffered[0]
    BUFGCTRL_X0Y16       BUFG (Prop_bufg_I_O)         0.091    11.179 r  design_1_i/processing_system7_0/inst/buffer_fclk_clk_0.FCLK_CLK_0_BUFG/O
                         net (fo=39223, routed)       1.513    12.692    design_1_i/hdmi/axi_mem_intercon/s00_couplers/auto_pc/inst/gen_axi4_axi3.axi3_conv_inst/USE_READ.USE_SPLIT_R.read_addr_inst/USE_R_CHANNEL.cmd_queue/inst/fifo_gen_inst/inst_fifo_gen/gconvfifo.rf/grf.rf/gntv_or_sync_fifo.gl0.wr/wpntr/clk
    SLICE_X30Y78         FDPE                                         r  design_1_i/hdmi/axi_mem_intercon/s00_couplers/auto_pc/inst/gen_axi4_axi3.axi3_conv_inst/USE_READ.USE_SPLIT_R.read_addr_inst/USE_R_CHANNEL.cmd_queue/inst/fifo_gen_inst/inst_fifo_gen/gconvfifo.rf/grf.rf/gntv_or_sync_fifo.gl0.wr/wpntr/gcc0.gc0.count_reg[0]/C
                         clock pessimism              0.229    12.921    
                         clock uncertainty           -0.154    12.767    
    SLICE_X30Y78         FDPE (Recov_fdpe_C_PRE)     -0.361    12.406    design_1_i/hdmi/axi_mem_intercon/s00_couplers/auto_pc/inst/gen_axi4_axi3.axi3_conv_inst/USE_READ.USE_SPLIT_R.read_addr_inst/USE_R_CHANNEL.cmd_queue/inst/fifo_gen_inst/inst_fifo_gen/gconvfifo.rf/grf.rf/gntv_or_sync_fifo.gl0.wr/wpntr/gcc0.gc0.count_reg[0]
  -------------------------------------------------------------------
                         required time                         12.406    
                         arrival time                          -5.957    
  -------------------------------------------------------------------
                         slack                                  6.449    

Slack (MET) :             6.449ns  (required time - arrival time)
  Source:                 design_1_i/hdmi/axi_mem_intercon/s00_couplers/auto_pc/inst/gen_axi4_axi3.axi3_conv_inst/USE_READ.USE_SPLIT_R.read_addr_inst/USE_R_CHANNEL.cmd_queue/inst/fifo_gen_inst/inst_fifo_gen/gconvfifo.rf/grf.rf/rstblk/ngwrdrst.grst.g7serrst.gnsckt_wrst.rst_wr_reg2_inst/arststages_ff_reg[1]/C
                            (rising edge-triggered cell FDPE clocked by clk_fpga_0  {rise@0.000ns fall@5.000ns period=10.000ns})
  Destination:            design_1_i/hdmi/axi_mem_intercon/s00_couplers/auto_pc/inst/gen_axi4_axi3.axi3_conv_inst/USE_READ.USE_SPLIT_R.read_addr_inst/USE_R_CHANNEL.cmd_queue/inst/fifo_gen_inst/inst_fifo_gen/gconvfifo.rf/grf.rf/gntv_or_sync_fifo.gl0.wr/wpntr/gcc0.gc0.count_reg[1]/CLR
                            (recovery check against rising-edge clock clk_fpga_0  {rise@0.000ns fall@5.000ns period=10.000ns})
  Path Group:             **async_default**
  Path Type:              Recovery (Max at Slow Process Corner)
  Requirement:            10.000ns  (clk_fpga_0 rise@10.000ns - clk_fpga_0 rise@0.000ns)
  Data Path Delay:        2.985ns  (logic 0.718ns (24.051%)  route 2.267ns (75.949%))
  Logic Levels:           1  (LUT3=1)
  Clock Path Skew:        -0.051ns (DCD - SCD + CPR)
    Destination Clock Delay (DCD):    2.692ns = ( 12.692 - 10.000 ) 
    Source Clock Delay      (SCD):    2.972ns
    Clock Pessimism Removal (CPR):    0.229ns
  Clock Uncertainty:      0.154ns  ((TSJ^2 + TIJ^2)^1/2 + DJ) / 2 + PE
    Total System Jitter     (TSJ):    0.071ns
    Total Input Jitter      (TIJ):    0.300ns
    Discrete Jitter          (DJ):    0.000ns
    Phase Error              (PE):    0.000ns

    Location             Delay type                Incr(ns)  Path(ns)    Netlist Resource(s)
  -------------------------------------------------------------------    -------------------
                         (clock clk_fpga_0 rise edge)
                                                      0.000     0.000 r  
    PS7_X0Y0             PS7                          0.000     0.000 r  design_1_i/processing_system7_0/inst/PS7_i/FCLKCLK[0]
                         net (fo=1, routed)           1.193     1.193    design_1_i/processing_system7_0/inst/FCLK_CLK_unbuffered[0]
    BUFGCTRL_X0Y16       BUFG (Prop_bufg_I_O)         0.101     1.294 r  design_1_i/processing_system7_0/inst/buffer_fclk_clk_0.FCLK_CLK_0_BUFG/O
                         net (fo=39223, routed)       1.678     2.972    design_1_i/hdmi/axi_mem_intercon/s00_couplers/auto_pc/inst/gen_axi4_axi3.axi3_conv_inst/USE_READ.USE_SPLIT_R.read_addr_inst/USE_R_CHANNEL.cmd_queue/inst/fifo_gen_inst/inst_fifo_gen/gconvfifo.rf/grf.rf/rstblk/ngwrdrst.grst.g7serrst.gnsckt_wrst.rst_wr_reg2_inst/dest_clk
    SLICE_X27Y72         FDPE                                         r  design_1_i/hdmi/axi_mem_intercon/s00_couplers/auto_pc/inst/gen_axi4_axi3.axi3_conv_inst/USE_READ.USE_SPLIT_R.read_addr_inst/USE_R_CHANNEL.cmd_queue/inst/fifo_gen_inst/inst_fifo_gen/gconvfifo.rf/grf.rf/rstblk/ngwrdrst.grst.g7serrst.gnsckt_wrst.rst_wr_reg2_inst/arststages_ff_reg[1]/C
  -------------------------------------------------------------------    -------------------
    SLICE_X27Y72         FDPE (Prop_fdpe_C_Q)         0.419     3.391 f  design_1_i/hdmi/axi_mem_intercon/s00_couplers/auto_pc/inst/gen_axi4_axi3.axi3_conv_inst/USE_READ.USE_SPLIT_R.read_addr_inst/USE_R_CHANNEL.cmd_queue/inst/fifo_gen_inst/inst_fifo_gen/gconvfifo.rf/grf.rf/rstblk/ngwrdrst.grst.g7serrst.gnsckt_wrst.rst_wr_reg2_inst/arststages_ff_reg[1]/Q
                         net (fo=2, routed)           0.974     4.365    design_1_i/hdmi/axi_mem_intercon/s00_couplers/auto_pc/inst/gen_axi4_axi3.axi3_conv_inst/USE_READ.USE_SPLIT_R.read_addr_inst/USE_R_CHANNEL.cmd_queue/inst/fifo_gen_inst/inst_fifo_gen/gconvfifo.rf/grf.rf/rstblk/ngwrdrst.rst_wr_reg2
    SLICE_X31Y73         LUT3 (Prop_lut3_I2_O)        0.299     4.664 f  design_1_i/hdmi/axi_mem_intercon/s00_couplers/auto_pc/inst/gen_axi4_axi3.axi3_conv_inst/USE_READ.USE_SPLIT_R.read_addr_inst/USE_R_CHANNEL.cmd_queue/inst/fifo_gen_inst/inst_fifo_gen/gconvfifo.rf/grf.rf/rstblk/gpregsm1.curr_fwft_state[1]_i_2/O
                         net (fo=33, routed)          1.293     5.957    design_1_i/hdmi/axi_mem_intercon/s00_couplers/auto_pc/inst/gen_axi4_axi3.axi3_conv_inst/USE_READ.USE_SPLIT_R.read_addr_inst/USE_R_CHANNEL.cmd_queue/inst/fifo_gen_inst/inst_fifo_gen/gconvfifo.rf/grf.rf/gntv_or_sync_fifo.gl0.wr/wpntr/gcc0.gc0.count_d1_reg[0]_0
    SLICE_X30Y78         FDCE                                         f  design_1_i/hdmi/axi_mem_intercon/s00_couplers/auto_pc/inst/gen_axi4_axi3.axi3_conv_inst/USE_READ.USE_SPLIT_R.read_addr_inst/USE_R_CHANNEL.cmd_queue/inst/fifo_gen_inst/inst_fifo_gen/gconvfifo.rf/grf.rf/gntv_or_sync_fifo.gl0.wr/wpntr/gcc0.gc0.count_reg[1]/CLR
  -------------------------------------------------------------------    -------------------

                         (clock clk_fpga_0 rise edge)
                                                     10.000    10.000 r  
    PS7_X0Y0             PS7                          0.000    10.000 r  design_1_i/processing_system7_0/inst/PS7_i/FCLKCLK[0]
                         net (fo=1, routed)           1.088    11.088    design_1_i/processing_system7_0/inst/FCLK_CLK_unbuffered[0]
    BUFGCTRL_X0Y16       BUFG (Prop_bufg_I_O)         0.091    11.179 r  design_1_i/processing_system7_0/inst/buffer_fclk_clk_0.FCLK_CLK_0_BUFG/O
                         net (fo=39223, routed)       1.513    12.692    design_1_i/hdmi/axi_mem_intercon/s00_couplers/auto_pc/inst/gen_axi4_axi3.axi3_conv_inst/USE_READ.USE_SPLIT_R.read_addr_inst/USE_R_CHANNEL.cmd_queue/inst/fifo_gen_inst/inst_fifo_gen/gconvfifo.rf/grf.rf/gntv_or_sync_fifo.gl0.wr/wpntr/clk
    SLICE_X30Y78         FDCE                                         r  design_1_i/hdmi/axi_mem_intercon/s00_couplers/auto_pc/inst/gen_axi4_axi3.axi3_conv_inst/USE_READ.USE_SPLIT_R.read_addr_inst/USE_R_CHANNEL.cmd_queue/inst/fifo_gen_inst/inst_fifo_gen/gconvfifo.rf/grf.rf/gntv_or_sync_fifo.gl0.wr/wpntr/gcc0.gc0.count_reg[1]/C
                         clock pessimism              0.229    12.921    
                         clock uncertainty           -0.154    12.767    
    SLICE_X30Y78         FDCE (Recov_fdce_C_CLR)     -0.361    12.406    design_1_i/hdmi/axi_mem_intercon/s00_couplers/auto_pc/inst/gen_axi4_axi3.axi3_conv_inst/USE_READ.USE_SPLIT_R.read_addr_inst/USE_R_CHANNEL.cmd_queue/inst/fifo_gen_inst/inst_fifo_gen/gconvfifo.rf/grf.rf/gntv_or_sync_fifo.gl0.wr/wpntr/gcc0.gc0.count_reg[1]
  -------------------------------------------------------------------
                         required time                         12.406    
                         arrival time                          -5.957    
  -------------------------------------------------------------------
                         slack                                  6.449    

Slack (MET) :             6.449ns  (required time - arrival time)
  Source:                 design_1_i/hdmi/axi_mem_intercon/s00_couplers/auto_pc/inst/gen_axi4_axi3.axi3_conv_inst/USE_READ.USE_SPLIT_R.read_addr_inst/USE_R_CHANNEL.cmd_queue/inst/fifo_gen_inst/inst_fifo_gen/gconvfifo.rf/grf.rf/rstblk/ngwrdrst.grst.g7serrst.gnsckt_wrst.rst_wr_reg2_inst/arststages_ff_reg[1]/C
                            (rising edge-triggered cell FDPE clocked by clk_fpga_0  {rise@0.000ns fall@5.000ns period=10.000ns})
  Destination:            design_1_i/hdmi/axi_mem_intercon/s00_couplers/auto_pc/inst/gen_axi4_axi3.axi3_conv_inst/USE_READ.USE_SPLIT_R.read_addr_inst/USE_R_CHANNEL.cmd_queue/inst/fifo_gen_inst/inst_fifo_gen/gconvfifo.rf/grf.rf/gntv_or_sync_fifo.gl0.wr/wpntr/gcc0.gc0.count_reg[4]/CLR
                            (recovery check against rising-edge clock clk_fpga_0  {rise@0.000ns fall@5.000ns period=10.000ns})
  Path Group:             **async_default**
  Path Type:              Recovery (Max at Slow Process Corner)
  Requirement:            10.000ns  (clk_fpga_0 rise@10.000ns - clk_fpga_0 rise@0.000ns)
  Data Path Delay:        2.985ns  (logic 0.718ns (24.051%)  route 2.267ns (75.949%))
  Logic Levels:           1  (LUT3=1)
  Clock Path Skew:        -0.051ns (DCD - SCD + CPR)
    Destination Clock Delay (DCD):    2.692ns = ( 12.692 - 10.000 ) 
    Source Clock Delay      (SCD):    2.972ns
    Clock Pessimism Removal (CPR):    0.229ns
  Clock Uncertainty:      0.154ns  ((TSJ^2 + TIJ^2)^1/2 + DJ) / 2 + PE
    Total System Jitter     (TSJ):    0.071ns
    Total Input Jitter      (TIJ):    0.300ns
    Discrete Jitter          (DJ):    0.000ns
    Phase Error              (PE):    0.000ns

    Location             Delay type                Incr(ns)  Path(ns)    Netlist Resource(s)
  -------------------------------------------------------------------    -------------------
                         (clock clk_fpga_0 rise edge)
                                                      0.000     0.000 r  
    PS7_X0Y0             PS7                          0.000     0.000 r  design_1_i/processing_system7_0/inst/PS7_i/FCLKCLK[0]
                         net (fo=1, routed)           1.193     1.193    design_1_i/processing_system7_0/inst/FCLK_CLK_unbuffered[0]
    BUFGCTRL_X0Y16       BUFG (Prop_bufg_I_O)         0.101     1.294 r  design_1_i/processing_system7_0/inst/buffer_fclk_clk_0.FCLK_CLK_0_BUFG/O
                         net (fo=39223, routed)       1.678     2.972    design_1_i/hdmi/axi_mem_intercon/s00_couplers/auto_pc/inst/gen_axi4_axi3.axi3_conv_inst/USE_READ.USE_SPLIT_R.read_addr_inst/USE_R_CHANNEL.cmd_queue/inst/fifo_gen_inst/inst_fifo_gen/gconvfifo.rf/grf.rf/rstblk/ngwrdrst.grst.g7serrst.gnsckt_wrst.rst_wr_reg2_inst/dest_clk
    SLICE_X27Y72         FDPE                                         r  design_1_i/hdmi/axi_mem_intercon/s00_couplers/auto_pc/inst/gen_axi4_axi3.axi3_conv_inst/USE_READ.USE_SPLIT_R.read_addr_inst/USE_R_CHANNEL.cmd_queue/inst/fifo_gen_inst/inst_fifo_gen/gconvfifo.rf/grf.rf/rstblk/ngwrdrst.grst.g7serrst.gnsckt_wrst.rst_wr_reg2_inst/arststages_ff_reg[1]/C
  -------------------------------------------------------------------    -------------------
    SLICE_X27Y72         FDPE (Prop_fdpe_C_Q)         0.419     3.391 f  design_1_i/hdmi/axi_mem_intercon/s00_couplers/auto_pc/inst/gen_axi4_axi3.axi3_conv_inst/USE_READ.USE_SPLIT_R.read_addr_inst/USE_R_CHANNEL.cmd_queue/inst/fifo_gen_inst/inst_fifo_gen/gconvfifo.rf/grf.rf/rstblk/ngwrdrst.grst.g7serrst.gnsckt_wrst.rst_wr_reg2_inst/arststages_ff_reg[1]/Q
                         net (fo=2, routed)           0.974     4.365    design_1_i/hdmi/axi_mem_intercon/s00_couplers/auto_pc/inst/gen_axi4_axi3.axi3_conv_inst/USE_READ.USE_SPLIT_R.read_addr_inst/USE_R_CHANNEL.cmd_queue/inst/fifo_gen_inst/inst_fifo_gen/gconvfifo.rf/grf.rf/rstblk/ngwrdrst.rst_wr_reg2
    SLICE_X31Y73         LUT3 (Prop_lut3_I2_O)        0.299     4.664 f  design_1_i/hdmi/axi_mem_intercon/s00_couplers/auto_pc/inst/gen_axi4_axi3.axi3_conv_inst/USE_READ.USE_SPLIT_R.read_addr_inst/USE_R_CHANNEL.cmd_queue/inst/fifo_gen_inst/inst_fifo_gen/gconvfifo.rf/grf.rf/rstblk/gpregsm1.curr_fwft_state[1]_i_2/O
                         net (fo=33, routed)          1.293     5.957    design_1_i/hdmi/axi_mem_intercon/s00_couplers/auto_pc/inst/gen_axi4_axi3.axi3_conv_inst/USE_READ.USE_SPLIT_R.read_addr_inst/USE_R_CHANNEL.cmd_queue/inst/fifo_gen_inst/inst_fifo_gen/gconvfifo.rf/grf.rf/gntv_or_sync_fifo.gl0.wr/wpntr/gcc0.gc0.count_d1_reg[0]_0
    SLICE_X30Y78         FDCE                                         f  design_1_i/hdmi/axi_mem_intercon/s00_couplers/auto_pc/inst/gen_axi4_axi3.axi3_conv_inst/USE_READ.USE_SPLIT_R.read_addr_inst/USE_R_CHANNEL.cmd_queue/inst/fifo_gen_inst/inst_fifo_gen/gconvfifo.rf/grf.rf/gntv_or_sync_fifo.gl0.wr/wpntr/gcc0.gc0.count_reg[4]/CLR
  -------------------------------------------------------------------    -------------------

                         (clock clk_fpga_0 rise edge)
                                                     10.000    10.000 r  
    PS7_X0Y0             PS7                          0.000    10.000 r  design_1_i/processing_system7_0/inst/PS7_i/FCLKCLK[0]
                         net (fo=1, routed)           1.088    11.088    design_1_i/processing_system7_0/inst/FCLK_CLK_unbuffered[0]
    BUFGCTRL_X0Y16       BUFG (Prop_bufg_I_O)         0.091    11.179 r  design_1_i/processing_system7_0/inst/buffer_fclk_clk_0.FCLK_CLK_0_BUFG/O
                         net (fo=39223, routed)       1.513    12.692    design_1_i/hdmi/axi_mem_intercon/s00_couplers/auto_pc/inst/gen_axi4_axi3.axi3_conv_inst/USE_READ.USE_SPLIT_R.read_addr_inst/USE_R_CHANNEL.cmd_queue/inst/fifo_gen_inst/inst_fifo_gen/gconvfifo.rf/grf.rf/gntv_or_sync_fifo.gl0.wr/wpntr/clk
    SLICE_X30Y78         FDCE                                         r  design_1_i/hdmi/axi_mem_intercon/s00_couplers/auto_pc/inst/gen_axi4_axi3.axi3_conv_inst/USE_READ.USE_SPLIT_R.read_addr_inst/USE_R_CHANNEL.cmd_queue/inst/fifo_gen_inst/inst_fifo_gen/gconvfifo.rf/grf.rf/gntv_or_sync_fifo.gl0.wr/wpntr/gcc0.gc0.count_reg[4]/C
                         clock pessimism              0.229    12.921    
                         clock uncertainty           -0.154    12.767    
    SLICE_X30Y78         FDCE (Recov_fdce_C_CLR)     -0.361    12.406    design_1_i/hdmi/axi_mem_intercon/s00_couplers/auto_pc/inst/gen_axi4_axi3.axi3_conv_inst/USE_READ.USE_SPLIT_R.read_addr_inst/USE_R_CHANNEL.cmd_queue/inst/fifo_gen_inst/inst_fifo_gen/gconvfifo.rf/grf.rf/gntv_or_sync_fifo.gl0.wr/wpntr/gcc0.gc0.count_reg[4]
  -------------------------------------------------------------------
                         required time                         12.406    
                         arrival time                          -5.957    
  -------------------------------------------------------------------
                         slack                                  6.449    

Slack (MET) :             6.491ns  (required time - arrival time)
  Source:                 design_1_i/hdmi/axi_mem_intercon/s00_couplers/auto_pc/inst/gen_axi4_axi3.axi3_conv_inst/USE_READ.USE_SPLIT_R.read_addr_inst/USE_R_CHANNEL.cmd_queue/inst/fifo_gen_inst/inst_fifo_gen/gconvfifo.rf/grf.rf/rstblk/ngwrdrst.grst.g7serrst.gnsckt_wrst.rst_wr_reg2_inst/arststages_ff_reg[1]/C
                            (rising edge-triggered cell FDPE clocked by clk_fpga_0  {rise@0.000ns fall@5.000ns period=10.000ns})
  Destination:            design_1_i/hdmi/axi_mem_intercon/s00_couplers/auto_pc/inst/gen_axi4_axi3.axi3_conv_inst/USE_READ.USE_SPLIT_R.read_addr_inst/USE_R_CHANNEL.cmd_queue/inst/fifo_gen_inst/inst_fifo_gen/gconvfifo.rf/grf.rf/gntv_or_sync_fifo.gl0.wr/wpntr/gcc0.gc0.count_reg[2]/CLR
                            (recovery check against rising-edge clock clk_fpga_0  {rise@0.000ns fall@5.000ns period=10.000ns})
  Path Group:             **async_default**
  Path Type:              Recovery (Max at Slow Process Corner)
  Requirement:            10.000ns  (clk_fpga_0 rise@10.000ns - clk_fpga_0 rise@0.000ns)
  Data Path Delay:        2.985ns  (logic 0.718ns (24.051%)  route 2.267ns (75.949%))
  Logic Levels:           1  (LUT3=1)
  Clock Path Skew:        -0.051ns (DCD - SCD + CPR)
    Destination Clock Delay (DCD):    2.692ns = ( 12.692 - 10.000 ) 
    Source Clock Delay      (SCD):    2.972ns
    Clock Pessimism Removal (CPR):    0.229ns
  Clock Uncertainty:      0.154ns  ((TSJ^2 + TIJ^2)^1/2 + DJ) / 2 + PE
    Total System Jitter     (TSJ):    0.071ns
    Total Input Jitter      (TIJ):    0.300ns
    Discrete Jitter          (DJ):    0.000ns
    Phase Error              (PE):    0.000ns

    Location             Delay type                Incr(ns)  Path(ns)    Netlist Resource(s)
  -------------------------------------------------------------------    -------------------
                         (clock clk_fpga_0 rise edge)
                                                      0.000     0.000 r  
    PS7_X0Y0             PS7                          0.000     0.000 r  design_1_i/processing_system7_0/inst/PS7_i/FCLKCLK[0]
                         net (fo=1, routed)           1.193     1.193    design_1_i/processing_system7_0/inst/FCLK_CLK_unbuffered[0]
    BUFGCTRL_X0Y16       BUFG (Prop_bufg_I_O)         0.101     1.294 r  design_1_i/processing_system7_0/inst/buffer_fclk_clk_0.FCLK_CLK_0_BUFG/O
                         net (fo=39223, routed)       1.678     2.972    design_1_i/hdmi/axi_mem_intercon/s00_couplers/auto_pc/inst/gen_axi4_axi3.axi3_conv_inst/USE_READ.USE_SPLIT_R.read_addr_inst/USE_R_CHANNEL.cmd_queue/inst/fifo_gen_inst/inst_fifo_gen/gconvfifo.rf/grf.rf/rstblk/ngwrdrst.grst.g7serrst.gnsckt_wrst.rst_wr_reg2_inst/dest_clk
    SLICE_X27Y72         FDPE                                         r  design_1_i/hdmi/axi_mem_intercon/s00_couplers/auto_pc/inst/gen_axi4_axi3.axi3_conv_inst/USE_READ.USE_SPLIT_R.read_addr_inst/USE_R_CHANNEL.cmd_queue/inst/fifo_gen_inst/inst_fifo_gen/gconvfifo.rf/grf.rf/rstblk/ngwrdrst.grst.g7serrst.gnsckt_wrst.rst_wr_reg2_inst/arststages_ff_reg[1]/C
  -------------------------------------------------------------------    -------------------
    SLICE_X27Y72         FDPE (Prop_fdpe_C_Q)         0.419     3.391 f  design_1_i/hdmi/axi_mem_intercon/s00_couplers/auto_pc/inst/gen_axi4_axi3.axi3_conv_inst/USE_READ.USE_SPLIT_R.read_addr_inst/USE_R_CHANNEL.cmd_queue/inst/fifo_gen_inst/inst_fifo_gen/gconvfifo.rf/grf.rf/rstblk/ngwrdrst.grst.g7serrst.gnsckt_wrst.rst_wr_reg2_inst/arststages_ff_reg[1]/Q
                         net (fo=2, routed)           0.974     4.365    design_1_i/hdmi/axi_mem_intercon/s00_couplers/auto_pc/inst/gen_axi4_axi3.axi3_conv_inst/USE_READ.USE_SPLIT_R.read_addr_inst/USE_R_CHANNEL.cmd_queue/inst/fifo_gen_inst/inst_fifo_gen/gconvfifo.rf/grf.rf/rstblk/ngwrdrst.rst_wr_reg2
    SLICE_X31Y73         LUT3 (Prop_lut3_I2_O)        0.299     4.664 f  design_1_i/hdmi/axi_mem_intercon/s00_couplers/auto_pc/inst/gen_axi4_axi3.axi3_conv_inst/USE_READ.USE_SPLIT_R.read_addr_inst/USE_R_CHANNEL.cmd_queue/inst/fifo_gen_inst/inst_fifo_gen/gconvfifo.rf/grf.rf/rstblk/gpregsm1.curr_fwft_state[1]_i_2/O
                         net (fo=33, routed)          1.293     5.957    design_1_i/hdmi/axi_mem_intercon/s00_couplers/auto_pc/inst/gen_axi4_axi3.axi3_conv_inst/USE_READ.USE_SPLIT_R.read_addr_inst/USE_R_CHANNEL.cmd_queue/inst/fifo_gen_inst/inst_fifo_gen/gconvfifo.rf/grf.rf/gntv_or_sync_fifo.gl0.wr/wpntr/gcc0.gc0.count_d1_reg[0]_0
    SLICE_X30Y78         FDCE                                         f  design_1_i/hdmi/axi_mem_intercon/s00_couplers/auto_pc/inst/gen_axi4_axi3.axi3_conv_inst/USE_READ.USE_SPLIT_R.read_addr_inst/USE_R_CHANNEL.cmd_queue/inst/fifo_gen_inst/inst_fifo_gen/gconvfifo.rf/grf.rf/gntv_or_sync_fifo.gl0.wr/wpntr/gcc0.gc0.count_reg[2]/CLR
  -------------------------------------------------------------------    -------------------

                         (clock clk_fpga_0 rise edge)
                                                     10.000    10.000 r  
    PS7_X0Y0             PS7                          0.000    10.000 r  design_1_i/processing_system7_0/inst/PS7_i/FCLKCLK[0]
                         net (fo=1, routed)           1.088    11.088    design_1_i/processing_system7_0/inst/FCLK_CLK_unbuffered[0]
    BUFGCTRL_X0Y16       BUFG (Prop_bufg_I_O)         0.091    11.179 r  design_1_i/processing_system7_0/inst/buffer_fclk_clk_0.FCLK_CLK_0_BUFG/O
                         net (fo=39223, routed)       1.513    12.692    design_1_i/hdmi/axi_mem_intercon/s00_couplers/auto_pc/inst/gen_axi4_axi3.axi3_conv_inst/USE_READ.USE_SPLIT_R.read_addr_inst/USE_R_CHANNEL.cmd_queue/inst/fifo_gen_inst/inst_fifo_gen/gconvfifo.rf/grf.rf/gntv_or_sync_fifo.gl0.wr/wpntr/clk
    SLICE_X30Y78         FDCE                                         r  design_1_i/hdmi/axi_mem_intercon/s00_couplers/auto_pc/inst/gen_axi4_axi3.axi3_conv_inst/USE_READ.USE_SPLIT_R.read_addr_inst/USE_R_CHANNEL.cmd_queue/inst/fifo_gen_inst/inst_fifo_gen/gconvfifo.rf/grf.rf/gntv_or_sync_fifo.gl0.wr/wpntr/gcc0.gc0.count_reg[2]/C
                         clock pessimism              0.229    12.921    
                         clock uncertainty           -0.154    12.767    
    SLICE_X30Y78         FDCE (Recov_fdce_C_CLR)     -0.319    12.448    design_1_i/hdmi/axi_mem_intercon/s00_couplers/auto_pc/inst/gen_axi4_axi3.axi3_conv_inst/USE_READ.USE_SPLIT_R.read_addr_inst/USE_R_CHANNEL.cmd_queue/inst/fifo_gen_inst/inst_fifo_gen/gconvfifo.rf/grf.rf/gntv_or_sync_fifo.gl0.wr/wpntr/gcc0.gc0.count_reg[2]
  -------------------------------------------------------------------
                         required time                         12.448    
                         arrival time                          -5.957    
  -------------------------------------------------------------------
                         slack                                  6.491    

Slack (MET) :             6.491ns  (required time - arrival time)
  Source:                 design_1_i/hdmi/axi_mem_intercon/s00_couplers/auto_pc/inst/gen_axi4_axi3.axi3_conv_inst/USE_READ.USE_SPLIT_R.read_addr_inst/USE_R_CHANNEL.cmd_queue/inst/fifo_gen_inst/inst_fifo_gen/gconvfifo.rf/grf.rf/rstblk/ngwrdrst.grst.g7serrst.gnsckt_wrst.rst_wr_reg2_inst/arststages_ff_reg[1]/C
                            (rising edge-triggered cell FDPE clocked by clk_fpga_0  {rise@0.000ns fall@5.000ns period=10.000ns})
  Destination:            design_1_i/hdmi/axi_mem_intercon/s00_couplers/auto_pc/inst/gen_axi4_axi3.axi3_conv_inst/USE_READ.USE_SPLIT_R.read_addr_inst/USE_R_CHANNEL.cmd_queue/inst/fifo_gen_inst/inst_fifo_gen/gconvfifo.rf/grf.rf/gntv_or_sync_fifo.gl0.wr/wpntr/gcc0.gc0.count_reg[3]/CLR
                            (recovery check against rising-edge clock clk_fpga_0  {rise@0.000ns fall@5.000ns period=10.000ns})
  Path Group:             **async_default**
  Path Type:              Recovery (Max at Slow Process Corner)
  Requirement:            10.000ns  (clk_fpga_0 rise@10.000ns - clk_fpga_0 rise@0.000ns)
  Data Path Delay:        2.985ns  (logic 0.718ns (24.051%)  route 2.267ns (75.949%))
  Logic Levels:           1  (LUT3=1)
  Clock Path Skew:        -0.051ns (DCD - SCD + CPR)
    Destination Clock Delay (DCD):    2.692ns = ( 12.692 - 10.000 ) 
    Source Clock Delay      (SCD):    2.972ns
    Clock Pessimism Removal (CPR):    0.229ns
  Clock Uncertainty:      0.154ns  ((TSJ^2 + TIJ^2)^1/2 + DJ) / 2 + PE
    Total System Jitter     (TSJ):    0.071ns
    Total Input Jitter      (TIJ):    0.300ns
    Discrete Jitter          (DJ):    0.000ns
    Phase Error              (PE):    0.000ns

    Location             Delay type                Incr(ns)  Path(ns)    Netlist Resource(s)
  -------------------------------------------------------------------    -------------------
                         (clock clk_fpga_0 rise edge)
                                                      0.000     0.000 r  
    PS7_X0Y0             PS7                          0.000     0.000 r  design_1_i/processing_system7_0/inst/PS7_i/FCLKCLK[0]
                         net (fo=1, routed)           1.193     1.193    design_1_i/processing_system7_0/inst/FCLK_CLK_unbuffered[0]
    BUFGCTRL_X0Y16       BUFG (Prop_bufg_I_O)         0.101     1.294 r  design_1_i/processing_system7_0/inst/buffer_fclk_clk_0.FCLK_CLK_0_BUFG/O
                         net (fo=39223, routed)       1.678     2.972    design_1_i/hdmi/axi_mem_intercon/s00_couplers/auto_pc/inst/gen_axi4_axi3.axi3_conv_inst/USE_READ.USE_SPLIT_R.read_addr_inst/USE_R_CHANNEL.cmd_queue/inst/fifo_gen_inst/inst_fifo_gen/gconvfifo.rf/grf.rf/rstblk/ngwrdrst.grst.g7serrst.gnsckt_wrst.rst_wr_reg2_inst/dest_clk
    SLICE_X27Y72         FDPE                                         r  design_1_i/hdmi/axi_mem_intercon/s00_couplers/auto_pc/inst/gen_axi4_axi3.axi3_conv_inst/USE_READ.USE_SPLIT_R.read_addr_inst/USE_R_CHANNEL.cmd_queue/inst/fifo_gen_inst/inst_fifo_gen/gconvfifo.rf/grf.rf/rstblk/ngwrdrst.grst.g7serrst.gnsckt_wrst.rst_wr_reg2_inst/arststages_ff_reg[1]/C
  -------------------------------------------------------------------    -------------------
    SLICE_X27Y72         FDPE (Prop_fdpe_C_Q)         0.419     3.391 f  design_1_i/hdmi/axi_mem_intercon/s00_couplers/auto_pc/inst/gen_axi4_axi3.axi3_conv_inst/USE_READ.USE_SPLIT_R.read_addr_inst/USE_R_CHANNEL.cmd_queue/inst/fifo_gen_inst/inst_fifo_gen/gconvfifo.rf/grf.rf/rstblk/ngwrdrst.grst.g7serrst.gnsckt_wrst.rst_wr_reg2_inst/arststages_ff_reg[1]/Q
                         net (fo=2, routed)           0.974     4.365    design_1_i/hdmi/axi_mem_intercon/s00_couplers/auto_pc/inst/gen_axi4_axi3.axi3_conv_inst/USE_READ.USE_SPLIT_R.read_addr_inst/USE_R_CHANNEL.cmd_queue/inst/fifo_gen_inst/inst_fifo_gen/gconvfifo.rf/grf.rf/rstblk/ngwrdrst.rst_wr_reg2
    SLICE_X31Y73         LUT3 (Prop_lut3_I2_O)        0.299     4.664 f  design_1_i/hdmi/axi_mem_intercon/s00_couplers/auto_pc/inst/gen_axi4_axi3.axi3_conv_inst/USE_READ.USE_SPLIT_R.read_addr_inst/USE_R_CHANNEL.cmd_queue/inst/fifo_gen_inst/inst_fifo_gen/gconvfifo.rf/grf.rf/rstblk/gpregsm1.curr_fwft_state[1]_i_2/O
                         net (fo=33, routed)          1.293     5.957    design_1_i/hdmi/axi_mem_intercon/s00_couplers/auto_pc/inst/gen_axi4_axi3.axi3_conv_inst/USE_READ.USE_SPLIT_R.read_addr_inst/USE_R_CHANNEL.cmd_queue/inst/fifo_gen_inst/inst_fifo_gen/gconvfifo.rf/grf.rf/gntv_or_sync_fifo.gl0.wr/wpntr/gcc0.gc0.count_d1_reg[0]_0
    SLICE_X30Y78         FDCE                                         f  design_1_i/hdmi/axi_mem_intercon/s00_couplers/auto_pc/inst/gen_axi4_axi3.axi3_conv_inst/USE_READ.USE_SPLIT_R.read_addr_inst/USE_R_CHANNEL.cmd_queue/inst/fifo_gen_inst/inst_fifo_gen/gconvfifo.rf/grf.rf/gntv_or_sync_fifo.gl0.wr/wpntr/gcc0.gc0.count_reg[3]/CLR
  -------------------------------------------------------------------    -------------------

                         (clock clk_fpga_0 rise edge)
                                                     10.000    10.000 r  
    PS7_X0Y0             PS7                          0.000    10.000 r  design_1_i/processing_system7_0/inst/PS7_i/FCLKCLK[0]
                         net (fo=1, routed)           1.088    11.088    design_1_i/processing_system7_0/inst/FCLK_CLK_unbuffered[0]
    BUFGCTRL_X0Y16       BUFG (Prop_bufg_I_O)         0.091    11.179 r  design_1_i/processing_system7_0/inst/buffer_fclk_clk_0.FCLK_CLK_0_BUFG/O
                         net (fo=39223, routed)       1.513    12.692    design_1_i/hdmi/axi_mem_intercon/s00_couplers/auto_pc/inst/gen_axi4_axi3.axi3_conv_inst/USE_READ.USE_SPLIT_R.read_addr_inst/USE_R_CHANNEL.cmd_queue/inst/fifo_gen_inst/inst_fifo_gen/gconvfifo.rf/grf.rf/gntv_or_sync_fifo.gl0.wr/wpntr/clk
    SLICE_X30Y78         FDCE                                         r  design_1_i/hdmi/axi_mem_intercon/s00_couplers/auto_pc/inst/gen_axi4_axi3.axi3_conv_inst/USE_READ.USE_SPLIT_R.read_addr_inst/USE_R_CHANNEL.cmd_queue/inst/fifo_gen_inst/inst_fifo_gen/gconvfifo.rf/grf.rf/gntv_or_sync_fifo.gl0.wr/wpntr/gcc0.gc0.count_reg[3]/C
                         clock pessimism              0.229    12.921    
                         clock uncertainty           -0.154    12.767    
    SLICE_X30Y78         FDCE (Recov_fdce_C_CLR)     -0.319    12.448    design_1_i/hdmi/axi_mem_intercon/s00_couplers/auto_pc/inst/gen_axi4_axi3.axi3_conv_inst/USE_READ.USE_SPLIT_R.read_addr_inst/USE_R_CHANNEL.cmd_queue/inst/fifo_gen_inst/inst_fifo_gen/gconvfifo.rf/grf.rf/gntv_or_sync_fifo.gl0.wr/wpntr/gcc0.gc0.count_reg[3]
  -------------------------------------------------------------------
                         required time                         12.448    
                         arrival time                          -5.957    
  -------------------------------------------------------------------
                         slack                                  6.491    





Min Delay Paths
--------------------------------------------------------------------------------------
Slack (MET) :             0.630ns  (arrival time - required time)
  Source:                 design_1_i/hdmi/axi_mem_intercon/s00_couplers/auto_pc/inst/gen_axi4_axi3.axi3_conv_inst/USE_READ.USE_SPLIT_R.read_addr_inst/USE_R_CHANNEL.cmd_queue/inst/fifo_gen_inst/inst_fifo_gen/gconvfifo.rf/grf.rf/rstblk/ngwrdrst.grst.g7serrst.gnsckt_wrst.gcc_rst.sckt_wr_rst_cc_reg[1]/C
                            (rising edge-triggered cell FDRE clocked by clk_fpga_0  {rise@0.000ns fall@5.000ns period=10.000ns})
  Destination:            design_1_i/hdmi/axi_mem_intercon/s00_couplers/auto_pc/inst/gen_axi4_axi3.axi3_conv_inst/USE_READ.USE_SPLIT_R.read_addr_inst/USE_R_CHANNEL.cmd_queue/inst/fifo_gen_inst/inst_fifo_gen/gconvfifo.rf/grf.rf/gntv_or_sync_fifo.gl0.rd/gr1.gr1_int.rfwft/gpregsm1.user_valid_reg/CLR
                            (removal check against rising-edge clock clk_fpga_0  {rise@0.000ns fall@5.000ns period=10.000ns})
  Path Group:             **async_default**
  Path Type:              Removal (Min at Fast Process Corner)
  Requirement:            0.000ns  (clk_fpga_0 rise@0.000ns - clk_fpga_0 rise@0.000ns)
  Data Path Delay:        0.551ns  (logic 0.247ns (44.797%)  route 0.304ns (55.203%))
  Logic Levels:           1  (LUT3=1)
  Clock Path Skew:        0.013ns (DCD - SCD - CPR)
    Destination Clock Delay (DCD):    1.195ns
    Source Clock Delay      (SCD):    0.900ns
    Clock Pessimism Removal (CPR):    0.282ns

    Location             Delay type                Incr(ns)  Path(ns)    Netlist Resource(s)
  -------------------------------------------------------------------    -------------------
                         (clock clk_fpga_0 rise edge)
                                                      0.000     0.000 r  
    PS7_X0Y0             PS7                          0.000     0.000 r  design_1_i/processing_system7_0/inst/PS7_i/FCLKCLK[0]
                         net (fo=1, routed)           0.310     0.310    design_1_i/processing_system7_0/inst/FCLK_CLK_unbuffered[0]
    BUFGCTRL_X0Y16       BUFG (Prop_bufg_I_O)         0.026     0.336 r  design_1_i/processing_system7_0/inst/buffer_fclk_clk_0.FCLK_CLK_0_BUFG/O
                         net (fo=39223, routed)       0.564     0.900    design_1_i/hdmi/axi_mem_intercon/s00_couplers/auto_pc/inst/gen_axi4_axi3.axi3_conv_inst/USE_READ.USE_SPLIT_R.read_addr_inst/USE_R_CHANNEL.cmd_queue/inst/fifo_gen_inst/inst_fifo_gen/gconvfifo.rf/grf.rf/rstblk/clk
    SLICE_X30Y73         FDRE                                         r  design_1_i/hdmi/axi_mem_intercon/s00_couplers/auto_pc/inst/gen_axi4_axi3.axi3_conv_inst/USE_READ.USE_SPLIT_R.read_addr_inst/USE_R_CHANNEL.cmd_queue/inst/fifo_gen_inst/inst_fifo_gen/gconvfifo.rf/grf.rf/rstblk/ngwrdrst.grst.g7serrst.gnsckt_wrst.gcc_rst.sckt_wr_rst_cc_reg[1]/C
  -------------------------------------------------------------------    -------------------
    SLICE_X30Y73         FDRE (Prop_fdre_C_Q)         0.148     1.048 f  design_1_i/hdmi/axi_mem_intercon/s00_couplers/auto_pc/inst/gen_axi4_axi3.axi3_conv_inst/USE_READ.USE_SPLIT_R.read_addr_inst/USE_R_CHANNEL.cmd_queue/inst/fifo_gen_inst/inst_fifo_gen/gconvfifo.rf/grf.rf/rstblk/ngwrdrst.grst.g7serrst.gnsckt_wrst.gcc_rst.sckt_wr_rst_cc_reg[1]/Q
                         net (fo=1, routed)           0.162     1.209    design_1_i/hdmi/axi_mem_intercon/s00_couplers/auto_pc/inst/gen_axi4_axi3.axi3_conv_inst/USE_READ.USE_SPLIT_R.read_addr_inst/USE_R_CHANNEL.cmd_queue/inst/fifo_gen_inst/inst_fifo_gen/gconvfifo.rf/grf.rf/rstblk/ngwrdrst.grst.g7serrst.gnsckt_wrst.gcc_rst.sckt_wr_rst_cc[1]
    SLICE_X31Y73         LUT3 (Prop_lut3_I0_O)        0.099     1.308 f  design_1_i/hdmi/axi_mem_intercon/s00_couplers/auto_pc/inst/gen_axi4_axi3.axi3_conv_inst/USE_READ.USE_SPLIT_R.read_addr_inst/USE_R_CHANNEL.cmd_queue/inst/fifo_gen_inst/inst_fifo_gen/gconvfifo.rf/grf.rf/rstblk/gpregsm1.curr_fwft_state[1]_i_2/O
                         net (fo=33, routed)          0.143     1.451    design_1_i/hdmi/axi_mem_intercon/s00_couplers/auto_pc/inst/gen_axi4_axi3.axi3_conv_inst/USE_READ.USE_SPLIT_R.read_addr_inst/USE_R_CHANNEL.cmd_queue/inst/fifo_gen_inst/inst_fifo_gen/gconvfifo.rf/grf.rf/gntv_or_sync_fifo.gl0.rd/gr1.gr1_int.rfwft/gpregsm1.user_valid_reg_0
    SLICE_X31Y73         FDCE                                         f  design_1_i/hdmi/axi_mem_intercon/s00_couplers/auto_pc/inst/gen_axi4_axi3.axi3_conv_inst/USE_READ.USE_SPLIT_R.read_addr_inst/USE_R_CHANNEL.cmd_queue/inst/fifo_gen_inst/inst_fifo_gen/gconvfifo.rf/grf.rf/gntv_or_sync_fifo.gl0.rd/gr1.gr1_int.rfwft/gpregsm1.user_valid_reg/CLR
  -------------------------------------------------------------------    -------------------

                         (clock clk_fpga_0 rise edge)
                                                      0.000     0.000 r  
    PS7_X0Y0             PS7                          0.000     0.000 r  design_1_i/processing_system7_0/inst/PS7_i/FCLKCLK[0]
                         net (fo=1, routed)           0.337     0.337    design_1_i/processing_system7_0/inst/FCLK_CLK_unbuffered[0]
    BUFGCTRL_X0Y16       BUFG (Prop_bufg_I_O)         0.029     0.366 r  design_1_i/processing_system7_0/inst/buffer_fclk_clk_0.FCLK_CLK_0_BUFG/O
                         net (fo=39223, routed)       0.829     1.195    design_1_i/hdmi/axi_mem_intercon/s00_couplers/auto_pc/inst/gen_axi4_axi3.axi3_conv_inst/USE_READ.USE_SPLIT_R.read_addr_inst/USE_R_CHANNEL.cmd_queue/inst/fifo_gen_inst/inst_fifo_gen/gconvfifo.rf/grf.rf/gntv_or_sync_fifo.gl0.rd/gr1.gr1_int.rfwft/clk
    SLICE_X31Y73         FDCE                                         r  design_1_i/hdmi/axi_mem_intercon/s00_couplers/auto_pc/inst/gen_axi4_axi3.axi3_conv_inst/USE_READ.USE_SPLIT_R.read_addr_inst/USE_R_CHANNEL.cmd_queue/inst/fifo_gen_inst/inst_fifo_gen/gconvfifo.rf/grf.rf/gntv_or_sync_fifo.gl0.rd/gr1.gr1_int.rfwft/gpregsm1.user_valid_reg/C
                         clock pessimism             -0.282     0.913    
    SLICE_X31Y73         FDCE (Remov_fdce_C_CLR)     -0.092     0.821    design_1_i/hdmi/axi_mem_intercon/s00_couplers/auto_pc/inst/gen_axi4_axi3.axi3_conv_inst/USE_READ.USE_SPLIT_R.read_addr_inst/USE_R_CHANNEL.cmd_queue/inst/fifo_gen_inst/inst_fifo_gen/gconvfifo.rf/grf.rf/gntv_or_sync_fifo.gl0.rd/gr1.gr1_int.rfwft/gpregsm1.user_valid_reg
  -------------------------------------------------------------------
                         required time                         -0.821    
                         arrival time                           1.451    
  -------------------------------------------------------------------
                         slack                                  0.630    

Slack (MET) :             0.630ns  (arrival time - required time)
  Source:                 design_1_i/hdmi/axi_mem_intercon/s00_couplers/auto_pc/inst/gen_axi4_axi3.axi3_conv_inst/USE_READ.USE_SPLIT_R.read_addr_inst/USE_R_CHANNEL.cmd_queue/inst/fifo_gen_inst/inst_fifo_gen/gconvfifo.rf/grf.rf/rstblk/ngwrdrst.grst.g7serrst.gnsckt_wrst.gcc_rst.sckt_wr_rst_cc_reg[1]/C
                            (rising edge-triggered cell FDRE clocked by clk_fpga_0  {rise@0.000ns fall@5.000ns period=10.000ns})
  Destination:            design_1_i/hdmi/axi_mem_intercon/s00_couplers/auto_pc/inst/gen_axi4_axi3.axi3_conv_inst/USE_READ.USE_SPLIT_R.read_addr_inst/USE_R_CHANNEL.cmd_queue/inst/fifo_gen_inst/inst_fifo_gen/gconvfifo.rf/grf.rf/gntv_or_sync_fifo.gl0.wr/gwss.wsts/ram_full_fb_i_reg/CLR
                            (removal check against rising-edge clock clk_fpga_0  {rise@0.000ns fall@5.000ns period=10.000ns})
  Path Group:             **async_default**
  Path Type:              Removal (Min at Fast Process Corner)
  Requirement:            0.000ns  (clk_fpga_0 rise@0.000ns - clk_fpga_0 rise@0.000ns)
  Data Path Delay:        0.551ns  (logic 0.247ns (44.797%)  route 0.304ns (55.203%))
  Logic Levels:           1  (LUT3=1)
  Clock Path Skew:        0.013ns (DCD - SCD - CPR)
    Destination Clock Delay (DCD):    1.195ns
    Source Clock Delay      (SCD):    0.900ns
    Clock Pessimism Removal (CPR):    0.282ns

    Location             Delay type                Incr(ns)  Path(ns)    Netlist Resource(s)
  -------------------------------------------------------------------    -------------------
                         (clock clk_fpga_0 rise edge)
                                                      0.000     0.000 r  
    PS7_X0Y0             PS7                          0.000     0.000 r  design_1_i/processing_system7_0/inst/PS7_i/FCLKCLK[0]
                         net (fo=1, routed)           0.310     0.310    design_1_i/processing_system7_0/inst/FCLK_CLK_unbuffered[0]
    BUFGCTRL_X0Y16       BUFG (Prop_bufg_I_O)         0.026     0.336 r  design_1_i/processing_system7_0/inst/buffer_fclk_clk_0.FCLK_CLK_0_BUFG/O
                         net (fo=39223, routed)       0.564     0.900    design_1_i/hdmi/axi_mem_intercon/s00_couplers/auto_pc/inst/gen_axi4_axi3.axi3_conv_inst/USE_READ.USE_SPLIT_R.read_addr_inst/USE_R_CHANNEL.cmd_queue/inst/fifo_gen_inst/inst_fifo_gen/gconvfifo.rf/grf.rf/rstblk/clk
    SLICE_X30Y73         FDRE                                         r  design_1_i/hdmi/axi_mem_intercon/s00_couplers/auto_pc/inst/gen_axi4_axi3.axi3_conv_inst/USE_READ.USE_SPLIT_R.read_addr_inst/USE_R_CHANNEL.cmd_queue/inst/fifo_gen_inst/inst_fifo_gen/gconvfifo.rf/grf.rf/rstblk/ngwrdrst.grst.g7serrst.gnsckt_wrst.gcc_rst.sckt_wr_rst_cc_reg[1]/C
  -------------------------------------------------------------------    -------------------
    SLICE_X30Y73         FDRE (Prop_fdre_C_Q)         0.148     1.048 f  design_1_i/hdmi/axi_mem_intercon/s00_couplers/auto_pc/inst/gen_axi4_axi3.axi3_conv_inst/USE_READ.USE_SPLIT_R.read_addr_inst/USE_R_CHANNEL.cmd_queue/inst/fifo_gen_inst/inst_fifo_gen/gconvfifo.rf/grf.rf/rstblk/ngwrdrst.grst.g7serrst.gnsckt_wrst.gcc_rst.sckt_wr_rst_cc_reg[1]/Q
                         net (fo=1, routed)           0.162     1.209    design_1_i/hdmi/axi_mem_intercon/s00_couplers/auto_pc/inst/gen_axi4_axi3.axi3_conv_inst/USE_READ.USE_SPLIT_R.read_addr_inst/USE_R_CHANNEL.cmd_queue/inst/fifo_gen_inst/inst_fifo_gen/gconvfifo.rf/grf.rf/rstblk/ngwrdrst.grst.g7serrst.gnsckt_wrst.gcc_rst.sckt_wr_rst_cc[1]
    SLICE_X31Y73         LUT3 (Prop_lut3_I0_O)        0.099     1.308 f  design_1_i/hdmi/axi_mem_intercon/s00_couplers/auto_pc/inst/gen_axi4_axi3.axi3_conv_inst/USE_READ.USE_SPLIT_R.read_addr_inst/USE_R_CHANNEL.cmd_queue/inst/fifo_gen_inst/inst_fifo_gen/gconvfifo.rf/grf.rf/rstblk/gpregsm1.curr_fwft_state[1]_i_2/O
                         net (fo=33, routed)          0.143     1.451    design_1_i/hdmi/axi_mem_intercon/s00_couplers/auto_pc/inst/gen_axi4_axi3.axi3_conv_inst/USE_READ.USE_SPLIT_R.read_addr_inst/USE_R_CHANNEL.cmd_queue/inst/fifo_gen_inst/inst_fifo_gen/gconvfifo.rf/grf.rf/gntv_or_sync_fifo.gl0.wr/gwss.wsts/ram_full_i_reg_0
    SLICE_X31Y73         FDCE                                         f  design_1_i/hdmi/axi_mem_intercon/s00_couplers/auto_pc/inst/gen_axi4_axi3.axi3_conv_inst/USE_READ.USE_SPLIT_R.read_addr_inst/USE_R_CHANNEL.cmd_queue/inst/fifo_gen_inst/inst_fifo_gen/gconvfifo.rf/grf.rf/gntv_or_sync_fifo.gl0.wr/gwss.wsts/ram_full_fb_i_reg/CLR
  -------------------------------------------------------------------    -------------------

                         (clock clk_fpga_0 rise edge)
                                                      0.000     0.000 r  
    PS7_X0Y0             PS7                          0.000     0.000 r  design_1_i/processing_system7_0/inst/PS7_i/FCLKCLK[0]
                         net (fo=1, routed)           0.337     0.337    design_1_i/processing_system7_0/inst/FCLK_CLK_unbuffered[0]
    BUFGCTRL_X0Y16       BUFG (Prop_bufg_I_O)         0.029     0.366 r  design_1_i/processing_system7_0/inst/buffer_fclk_clk_0.FCLK_CLK_0_BUFG/O
                         net (fo=39223, routed)       0.829     1.195    design_1_i/hdmi/axi_mem_intercon/s00_couplers/auto_pc/inst/gen_axi4_axi3.axi3_conv_inst/USE_READ.USE_SPLIT_R.read_addr_inst/USE_R_CHANNEL.cmd_queue/inst/fifo_gen_inst/inst_fifo_gen/gconvfifo.rf/grf.rf/gntv_or_sync_fifo.gl0.wr/gwss.wsts/clk
    SLICE_X31Y73         FDCE                                         r  design_1_i/hdmi/axi_mem_intercon/s00_couplers/auto_pc/inst/gen_axi4_axi3.axi3_conv_inst/USE_READ.USE_SPLIT_R.read_addr_inst/USE_R_CHANNEL.cmd_queue/inst/fifo_gen_inst/inst_fifo_gen/gconvfifo.rf/grf.rf/gntv_or_sync_fifo.gl0.wr/gwss.wsts/ram_full_fb_i_reg/C
                         clock pessimism             -0.282     0.913    
    SLICE_X31Y73         FDCE (Remov_fdce_C_CLR)     -0.092     0.821    design_1_i/hdmi/axi_mem_intercon/s00_couplers/auto_pc/inst/gen_axi4_axi3.axi3_conv_inst/USE_READ.USE_SPLIT_R.read_addr_inst/USE_R_CHANNEL.cmd_queue/inst/fifo_gen_inst/inst_fifo_gen/gconvfifo.rf/grf.rf/gntv_or_sync_fifo.gl0.wr/gwss.wsts/ram_full_fb_i_reg
  -------------------------------------------------------------------
                         required time                         -0.821    
                         arrival time                           1.451    
  -------------------------------------------------------------------
                         slack                                  0.630    

Slack (MET) :             0.630ns  (arrival time - required time)
  Source:                 design_1_i/hdmi/axi_mem_intercon/s00_couplers/auto_pc/inst/gen_axi4_axi3.axi3_conv_inst/USE_READ.USE_SPLIT_R.read_addr_inst/USE_R_CHANNEL.cmd_queue/inst/fifo_gen_inst/inst_fifo_gen/gconvfifo.rf/grf.rf/rstblk/ngwrdrst.grst.g7serrst.gnsckt_wrst.gcc_rst.sckt_wr_rst_cc_reg[1]/C
                            (rising edge-triggered cell FDRE clocked by clk_fpga_0  {rise@0.000ns fall@5.000ns period=10.000ns})
  Destination:            design_1_i/hdmi/axi_mem_intercon/s00_couplers/auto_pc/inst/gen_axi4_axi3.axi3_conv_inst/USE_READ.USE_SPLIT_R.read_addr_inst/USE_R_CHANNEL.cmd_queue/inst/fifo_gen_inst/inst_fifo_gen/gconvfifo.rf/grf.rf/gntv_or_sync_fifo.gl0.wr/gwss.wsts/ram_full_i_reg/CLR
                            (removal check against rising-edge clock clk_fpga_0  {rise@0.000ns fall@5.000ns period=10.000ns})
  Path Group:             **async_default**
  Path Type:              Removal (Min at Fast Process Corner)
  Requirement:            0.000ns  (clk_fpga_0 rise@0.000ns - clk_fpga_0 rise@0.000ns)
  Data Path Delay:        0.551ns  (logic 0.247ns (44.797%)  route 0.304ns (55.203%))
  Logic Levels:           1  (LUT3=1)
  Clock Path Skew:        0.013ns (DCD - SCD - CPR)
    Destination Clock Delay (DCD):    1.195ns
    Source Clock Delay      (SCD):    0.900ns
    Clock Pessimism Removal (CPR):    0.282ns

    Location             Delay type                Incr(ns)  Path(ns)    Netlist Resource(s)
  -------------------------------------------------------------------    -------------------
                         (clock clk_fpga_0 rise edge)
                                                      0.000     0.000 r  
    PS7_X0Y0             PS7                          0.000     0.000 r  design_1_i/processing_system7_0/inst/PS7_i/FCLKCLK[0]
                         net (fo=1, routed)           0.310     0.310    design_1_i/processing_system7_0/inst/FCLK_CLK_unbuffered[0]
    BUFGCTRL_X0Y16       BUFG (Prop_bufg_I_O)         0.026     0.336 r  design_1_i/processing_system7_0/inst/buffer_fclk_clk_0.FCLK_CLK_0_BUFG/O
                         net (fo=39223, routed)       0.564     0.900    design_1_i/hdmi/axi_mem_intercon/s00_couplers/auto_pc/inst/gen_axi4_axi3.axi3_conv_inst/USE_READ.USE_SPLIT_R.read_addr_inst/USE_R_CHANNEL.cmd_queue/inst/fifo_gen_inst/inst_fifo_gen/gconvfifo.rf/grf.rf/rstblk/clk
    SLICE_X30Y73         FDRE                                         r  design_1_i/hdmi/axi_mem_intercon/s00_couplers/auto_pc/inst/gen_axi4_axi3.axi3_conv_inst/USE_READ.USE_SPLIT_R.read_addr_inst/USE_R_CHANNEL.cmd_queue/inst/fifo_gen_inst/inst_fifo_gen/gconvfifo.rf/grf.rf/rstblk/ngwrdrst.grst.g7serrst.gnsckt_wrst.gcc_rst.sckt_wr_rst_cc_reg[1]/C
  -------------------------------------------------------------------    -------------------
    SLICE_X30Y73         FDRE (Prop_fdre_C_Q)         0.148     1.048 f  design_1_i/hdmi/axi_mem_intercon/s00_couplers/auto_pc/inst/gen_axi4_axi3.axi3_conv_inst/USE_READ.USE_SPLIT_R.read_addr_inst/USE_R_CHANNEL.cmd_queue/inst/fifo_gen_inst/inst_fifo_gen/gconvfifo.rf/grf.rf/rstblk/ngwrdrst.grst.g7serrst.gnsckt_wrst.gcc_rst.sckt_wr_rst_cc_reg[1]/Q
                         net (fo=1, routed)           0.162     1.209    design_1_i/hdmi/axi_mem_intercon/s00_couplers/auto_pc/inst/gen_axi4_axi3.axi3_conv_inst/USE_READ.USE_SPLIT_R.read_addr_inst/USE_R_CHANNEL.cmd_queue/inst/fifo_gen_inst/inst_fifo_gen/gconvfifo.rf/grf.rf/rstblk/ngwrdrst.grst.g7serrst.gnsckt_wrst.gcc_rst.sckt_wr_rst_cc[1]
    SLICE_X31Y73         LUT3 (Prop_lut3_I0_O)        0.099     1.308 f  design_1_i/hdmi/axi_mem_intercon/s00_couplers/auto_pc/inst/gen_axi4_axi3.axi3_conv_inst/USE_READ.USE_SPLIT_R.read_addr_inst/USE_R_CHANNEL.cmd_queue/inst/fifo_gen_inst/inst_fifo_gen/gconvfifo.rf/grf.rf/rstblk/gpregsm1.curr_fwft_state[1]_i_2/O
                         net (fo=33, routed)          0.143     1.451    design_1_i/hdmi/axi_mem_intercon/s00_couplers/auto_pc/inst/gen_axi4_axi3.axi3_conv_inst/USE_READ.USE_SPLIT_R.read_addr_inst/USE_R_CHANNEL.cmd_queue/inst/fifo_gen_inst/inst_fifo_gen/gconvfifo.rf/grf.rf/gntv_or_sync_fifo.gl0.wr/gwss.wsts/ram_full_i_reg_0
    SLICE_X31Y73         FDCE                                         f  design_1_i/hdmi/axi_mem_intercon/s00_couplers/auto_pc/inst/gen_axi4_axi3.axi3_conv_inst/USE_READ.USE_SPLIT_R.read_addr_inst/USE_R_CHANNEL.cmd_queue/inst/fifo_gen_inst/inst_fifo_gen/gconvfifo.rf/grf.rf/gntv_or_sync_fifo.gl0.wr/gwss.wsts/ram_full_i_reg/CLR
  -------------------------------------------------------------------    -------------------

                         (clock clk_fpga_0 rise edge)
                                                      0.000     0.000 r  
    PS7_X0Y0             PS7                          0.000     0.000 r  design_1_i/processing_system7_0/inst/PS7_i/FCLKCLK[0]
                         net (fo=1, routed)           0.337     0.337    design_1_i/processing_system7_0/inst/FCLK_CLK_unbuffered[0]
    BUFGCTRL_X0Y16       BUFG (Prop_bufg_I_O)         0.029     0.366 r  design_1_i/processing_system7_0/inst/buffer_fclk_clk_0.FCLK_CLK_0_BUFG/O
                         net (fo=39223, routed)       0.829     1.195    design_1_i/hdmi/axi_mem_intercon/s00_couplers/auto_pc/inst/gen_axi4_axi3.axi3_conv_inst/USE_READ.USE_SPLIT_R.read_addr_inst/USE_R_CHANNEL.cmd_queue/inst/fifo_gen_inst/inst_fifo_gen/gconvfifo.rf/grf.rf/gntv_or_sync_fifo.gl0.wr/gwss.wsts/clk
    SLICE_X31Y73         FDCE                                         r  design_1_i/hdmi/axi_mem_intercon/s00_couplers/auto_pc/inst/gen_axi4_axi3.axi3_conv_inst/USE_READ.USE_SPLIT_R.read_addr_inst/USE_R_CHANNEL.cmd_queue/inst/fifo_gen_inst/inst_fifo_gen/gconvfifo.rf/grf.rf/gntv_or_sync_fifo.gl0.wr/gwss.wsts/ram_full_i_reg/C
                         clock pessimism             -0.282     0.913    
    SLICE_X31Y73         FDCE (Remov_fdce_C_CLR)     -0.092     0.821    design_1_i/hdmi/axi_mem_intercon/s00_couplers/auto_pc/inst/gen_axi4_axi3.axi3_conv_inst/USE_READ.USE_SPLIT_R.read_addr_inst/USE_R_CHANNEL.cmd_queue/inst/fifo_gen_inst/inst_fifo_gen/gconvfifo.rf/grf.rf/gntv_or_sync_fifo.gl0.wr/gwss.wsts/ram_full_i_reg
  -------------------------------------------------------------------
                         required time                         -0.821    
                         arrival time                           1.451    
  -------------------------------------------------------------------
                         slack                                  0.630    

Slack (MET) :             0.633ns  (arrival time - required time)
  Source:                 design_1_i/hdmi/axi_mem_intercon/s00_couplers/auto_pc/inst/gen_axi4_axi3.axi3_conv_inst/USE_READ.USE_SPLIT_R.read_addr_inst/USE_R_CHANNEL.cmd_queue/inst/fifo_gen_inst/inst_fifo_gen/gconvfifo.rf/grf.rf/rstblk/ngwrdrst.grst.g7serrst.gnsckt_wrst.gcc_rst.sckt_wr_rst_cc_reg[1]/C
                            (rising edge-triggered cell FDRE clocked by clk_fpga_0  {rise@0.000ns fall@5.000ns period=10.000ns})
  Destination:            design_1_i/hdmi/axi_mem_intercon/s00_couplers/auto_pc/inst/gen_axi4_axi3.axi3_conv_inst/USE_READ.USE_SPLIT_R.read_addr_inst/USE_R_CHANNEL.cmd_queue/inst/fifo_gen_inst/inst_fifo_gen/gconvfifo.rf/grf.rf/gntv_or_sync_fifo.gl0.rd/gr1.gr1_int.rfwft/empty_fwft_fb_o_i_reg/PRE
                            (removal check against rising-edge clock clk_fpga_0  {rise@0.000ns fall@5.000ns period=10.000ns})
  Path Group:             **async_default**
  Path Type:              Removal (Min at Fast Process Corner)
  Requirement:            0.000ns  (clk_fpga_0 rise@0.000ns - clk_fpga_0 rise@0.000ns)
  Data Path Delay:        0.551ns  (logic 0.247ns (44.797%)  route 0.304ns (55.203%))
  Logic Levels:           1  (LUT3=1)
  Clock Path Skew:        0.013ns (DCD - SCD - CPR)
    Destination Clock Delay (DCD):    1.195ns
    Source Clock Delay      (SCD):    0.900ns
    Clock Pessimism Removal (CPR):    0.282ns

    Location             Delay type                Incr(ns)  Path(ns)    Netlist Resource(s)
  -------------------------------------------------------------------    -------------------
                         (clock clk_fpga_0 rise edge)
                                                      0.000     0.000 r  
    PS7_X0Y0             PS7                          0.000     0.000 r  design_1_i/processing_system7_0/inst/PS7_i/FCLKCLK[0]
                         net (fo=1, routed)           0.310     0.310    design_1_i/processing_system7_0/inst/FCLK_CLK_unbuffered[0]
    BUFGCTRL_X0Y16       BUFG (Prop_bufg_I_O)         0.026     0.336 r  design_1_i/processing_system7_0/inst/buffer_fclk_clk_0.FCLK_CLK_0_BUFG/O
                         net (fo=39223, routed)       0.564     0.900    design_1_i/hdmi/axi_mem_intercon/s00_couplers/auto_pc/inst/gen_axi4_axi3.axi3_conv_inst/USE_READ.USE_SPLIT_R.read_addr_inst/USE_R_CHANNEL.cmd_queue/inst/fifo_gen_inst/inst_fifo_gen/gconvfifo.rf/grf.rf/rstblk/clk
    SLICE_X30Y73         FDRE                                         r  design_1_i/hdmi/axi_mem_intercon/s00_couplers/auto_pc/inst/gen_axi4_axi3.axi3_conv_inst/USE_READ.USE_SPLIT_R.read_addr_inst/USE_R_CHANNEL.cmd_queue/inst/fifo_gen_inst/inst_fifo_gen/gconvfifo.rf/grf.rf/rstblk/ngwrdrst.grst.g7serrst.gnsckt_wrst.gcc_rst.sckt_wr_rst_cc_reg[1]/C
  -------------------------------------------------------------------    -------------------
    SLICE_X30Y73         FDRE (Prop_fdre_C_Q)         0.148     1.048 f  design_1_i/hdmi/axi_mem_intercon/s00_couplers/auto_pc/inst/gen_axi4_axi3.axi3_conv_inst/USE_READ.USE_SPLIT_R.read_addr_inst/USE_R_CHANNEL.cmd_queue/inst/fifo_gen_inst/inst_fifo_gen/gconvfifo.rf/grf.rf/rstblk/ngwrdrst.grst.g7serrst.gnsckt_wrst.gcc_rst.sckt_wr_rst_cc_reg[1]/Q
                         net (fo=1, routed)           0.162     1.209    design_1_i/hdmi/axi_mem_intercon/s00_couplers/auto_pc/inst/gen_axi4_axi3.axi3_conv_inst/USE_READ.USE_SPLIT_R.read_addr_inst/USE_R_CHANNEL.cmd_queue/inst/fifo_gen_inst/inst_fifo_gen/gconvfifo.rf/grf.rf/rstblk/ngwrdrst.grst.g7serrst.gnsckt_wrst.gcc_rst.sckt_wr_rst_cc[1]
    SLICE_X31Y73         LUT3 (Prop_lut3_I0_O)        0.099     1.308 f  design_1_i/hdmi/axi_mem_intercon/s00_couplers/auto_pc/inst/gen_axi4_axi3.axi3_conv_inst/USE_READ.USE_SPLIT_R.read_addr_inst/USE_R_CHANNEL.cmd_queue/inst/fifo_gen_inst/inst_fifo_gen/gconvfifo.rf/grf.rf/rstblk/gpregsm1.curr_fwft_state[1]_i_2/O
                         net (fo=33, routed)          0.143     1.451    design_1_i/hdmi/axi_mem_intercon/s00_couplers/auto_pc/inst/gen_axi4_axi3.axi3_conv_inst/USE_READ.USE_SPLIT_R.read_addr_inst/USE_R_CHANNEL.cmd_queue/inst/fifo_gen_inst/inst_fifo_gen/gconvfifo.rf/grf.rf/gntv_or_sync_fifo.gl0.rd/gr1.gr1_int.rfwft/gpregsm1.user_valid_reg_0
    SLICE_X31Y73         FDPE                                         f  design_1_i/hdmi/axi_mem_intercon/s00_couplers/auto_pc/inst/gen_axi4_axi3.axi3_conv_inst/USE_READ.USE_SPLIT_R.read_addr_inst/USE_R_CHANNEL.cmd_queue/inst/fifo_gen_inst/inst_fifo_gen/gconvfifo.rf/grf.rf/gntv_or_sync_fifo.gl0.rd/gr1.gr1_int.rfwft/empty_fwft_fb_o_i_reg/PRE
  -------------------------------------------------------------------    -------------------

                         (clock clk_fpga_0 rise edge)
                                                      0.000     0.000 r  
    PS7_X0Y0             PS7                          0.000     0.000 r  design_1_i/processing_system7_0/inst/PS7_i/FCLKCLK[0]
                         net (fo=1, routed)           0.337     0.337    design_1_i/processing_system7_0/inst/FCLK_CLK_unbuffered[0]
    BUFGCTRL_X0Y16       BUFG (Prop_bufg_I_O)         0.029     0.366 r  design_1_i/processing_system7_0/inst/buffer_fclk_clk_0.FCLK_CLK_0_BUFG/O
                         net (fo=39223, routed)       0.829     1.195    design_1_i/hdmi/axi_mem_intercon/s00_couplers/auto_pc/inst/gen_axi4_axi3.axi3_conv_inst/USE_READ.USE_SPLIT_R.read_addr_inst/USE_R_CHANNEL.cmd_queue/inst/fifo_gen_inst/inst_fifo_gen/gconvfifo.rf/grf.rf/gntv_or_sync_fifo.gl0.rd/gr1.gr1_int.rfwft/clk
    SLICE_X31Y73         FDPE                                         r  design_1_i/hdmi/axi_mem_intercon/s00_couplers/auto_pc/inst/gen_axi4_axi3.axi3_conv_inst/USE_READ.USE_SPLIT_R.read_addr_inst/USE_R_CHANNEL.cmd_queue/inst/fifo_gen_inst/inst_fifo_gen/gconvfifo.rf/grf.rf/gntv_or_sync_fifo.gl0.rd/gr1.gr1_int.rfwft/empty_fwft_fb_o_i_reg/C
                         clock pessimism             -0.282     0.913    
    SLICE_X31Y73         FDPE (Remov_fdpe_C_PRE)     -0.095     0.818    design_1_i/hdmi/axi_mem_intercon/s00_couplers/auto_pc/inst/gen_axi4_axi3.axi3_conv_inst/USE_READ.USE_SPLIT_R.read_addr_inst/USE_R_CHANNEL.cmd_queue/inst/fifo_gen_inst/inst_fifo_gen/gconvfifo.rf/grf.rf/gntv_or_sync_fifo.gl0.rd/gr1.gr1_int.rfwft/empty_fwft_fb_o_i_reg
  -------------------------------------------------------------------
                         required time                         -0.818    
                         arrival time                           1.451    
  -------------------------------------------------------------------
                         slack                                  0.633    

Slack (MET) :             0.633ns  (arrival time - required time)
  Source:                 design_1_i/hdmi/axi_mem_intercon/s00_couplers/auto_pc/inst/gen_axi4_axi3.axi3_conv_inst/USE_READ.USE_SPLIT_R.read_addr_inst/USE_R_CHANNEL.cmd_queue/inst/fifo_gen_inst/inst_fifo_gen/gconvfifo.rf/grf.rf/rstblk/ngwrdrst.grst.g7serrst.gnsckt_wrst.gcc_rst.sckt_wr_rst_cc_reg[1]/C
                            (rising edge-triggered cell FDRE clocked by clk_fpga_0  {rise@0.000ns fall@5.000ns period=10.000ns})
  Destination:            design_1_i/hdmi/axi_mem_intercon/s00_couplers/auto_pc/inst/gen_axi4_axi3.axi3_conv_inst/USE_READ.USE_SPLIT_R.read_addr_inst/USE_R_CHANNEL.cmd_queue/inst/fifo_gen_inst/inst_fifo_gen/gconvfifo.rf/grf.rf/gntv_or_sync_fifo.gl0.rd/gr1.gr1_int.rfwft/empty_fwft_i_reg/PRE
                            (removal check against rising-edge clock clk_fpga_0  {rise@0.000ns fall@5.000ns period=10.000ns})
  Path Group:             **async_default**
  Path Type:              Removal (Min at Fast Process Corner)
  Requirement:            0.000ns  (clk_fpga_0 rise@0.000ns - clk_fpga_0 rise@0.000ns)
  Data Path Delay:        0.551ns  (logic 0.247ns (44.797%)  route 0.304ns (55.203%))
  Logic Levels:           1  (LUT3=1)
  Clock Path Skew:        0.013ns (DCD - SCD - CPR)
    Destination Clock Delay (DCD):    1.195ns
    Source Clock Delay      (SCD):    0.900ns
    Clock Pessimism Removal (CPR):    0.282ns

    Location             Delay type                Incr(ns)  Path(ns)    Netlist Resource(s)
  -------------------------------------------------------------------    -------------------
                         (clock clk_fpga_0 rise edge)
                                                      0.000     0.000 r  
    PS7_X0Y0             PS7                          0.000     0.000 r  design_1_i/processing_system7_0/inst/PS7_i/FCLKCLK[0]
                         net (fo=1, routed)           0.310     0.310    design_1_i/processing_system7_0/inst/FCLK_CLK_unbuffered[0]
    BUFGCTRL_X0Y16       BUFG (Prop_bufg_I_O)         0.026     0.336 r  design_1_i/processing_system7_0/inst/buffer_fclk_clk_0.FCLK_CLK_0_BUFG/O
                         net (fo=39223, routed)       0.564     0.900    design_1_i/hdmi/axi_mem_intercon/s00_couplers/auto_pc/inst/gen_axi4_axi3.axi3_conv_inst/USE_READ.USE_SPLIT_R.read_addr_inst/USE_R_CHANNEL.cmd_queue/inst/fifo_gen_inst/inst_fifo_gen/gconvfifo.rf/grf.rf/rstblk/clk
    SLICE_X30Y73         FDRE                                         r  design_1_i/hdmi/axi_mem_intercon/s00_couplers/auto_pc/inst/gen_axi4_axi3.axi3_conv_inst/USE_READ.USE_SPLIT_R.read_addr_inst/USE_R_CHANNEL.cmd_queue/inst/fifo_gen_inst/inst_fifo_gen/gconvfifo.rf/grf.rf/rstblk/ngwrdrst.grst.g7serrst.gnsckt_wrst.gcc_rst.sckt_wr_rst_cc_reg[1]/C
  -------------------------------------------------------------------    -------------------
    SLICE_X30Y73         FDRE (Prop_fdre_C_Q)         0.148     1.048 f  design_1_i/hdmi/axi_mem_intercon/s00_couplers/auto_pc/inst/gen_axi4_axi3.axi3_conv_inst/USE_READ.USE_SPLIT_R.read_addr_inst/USE_R_CHANNEL.cmd_queue/inst/fifo_gen_inst/inst_fifo_gen/gconvfifo.rf/grf.rf/rstblk/ngwrdrst.grst.g7serrst.gnsckt_wrst.gcc_rst.sckt_wr_rst_cc_reg[1]/Q
                         net (fo=1, routed)           0.162     1.209    design_1_i/hdmi/axi_mem_intercon/s00_couplers/auto_pc/inst/gen_axi4_axi3.axi3_conv_inst/USE_READ.USE_SPLIT_R.read_addr_inst/USE_R_CHANNEL.cmd_queue/inst/fifo_gen_inst/inst_fifo_gen/gconvfifo.rf/grf.rf/rstblk/ngwrdrst.grst.g7serrst.gnsckt_wrst.gcc_rst.sckt_wr_rst_cc[1]
    SLICE_X31Y73         LUT3 (Prop_lut3_I0_O)        0.099     1.308 f  design_1_i/hdmi/axi_mem_intercon/s00_couplers/auto_pc/inst/gen_axi4_axi3.axi3_conv_inst/USE_READ.USE_SPLIT_R.read_addr_inst/USE_R_CHANNEL.cmd_queue/inst/fifo_gen_inst/inst_fifo_gen/gconvfifo.rf/grf.rf/rstblk/gpregsm1.curr_fwft_state[1]_i_2/O
                         net (fo=33, routed)          0.143     1.451    design_1_i/hdmi/axi_mem_intercon/s00_couplers/auto_pc/inst/gen_axi4_axi3.axi3_conv_inst/USE_READ.USE_SPLIT_R.read_addr_inst/USE_R_CHANNEL.cmd_queue/inst/fifo_gen_inst/inst_fifo_gen/gconvfifo.rf/grf.rf/gntv_or_sync_fifo.gl0.rd/gr1.gr1_int.rfwft/gpregsm1.user_valid_reg_0
    SLICE_X31Y73         FDPE                                         f  design_1_i/hdmi/axi_mem_intercon/s00_couplers/auto_pc/inst/gen_axi4_axi3.axi3_conv_inst/USE_READ.USE_SPLIT_R.read_addr_inst/USE_R_CHANNEL.cmd_queue/inst/fifo_gen_inst/inst_fifo_gen/gconvfifo.rf/grf.rf/gntv_or_sync_fifo.gl0.rd/gr1.gr1_int.rfwft/empty_fwft_i_reg/PRE
  -------------------------------------------------------------------    -------------------

                         (clock clk_fpga_0 rise edge)
                                                      0.000     0.000 r  
    PS7_X0Y0             PS7                          0.000     0.000 r  design_1_i/processing_system7_0/inst/PS7_i/FCLKCLK[0]
                         net (fo=1, routed)           0.337     0.337    design_1_i/processing_system7_0/inst/FCLK_CLK_unbuffered[0]
    BUFGCTRL_X0Y16       BUFG (Prop_bufg_I_O)         0.029     0.366 r  design_1_i/processing_system7_0/inst/buffer_fclk_clk_0.FCLK_CLK_0_BUFG/O
                         net (fo=39223, routed)       0.829     1.195    design_1_i/hdmi/axi_mem_intercon/s00_couplers/auto_pc/inst/gen_axi4_axi3.axi3_conv_inst/USE_READ.USE_SPLIT_R.read_addr_inst/USE_R_CHANNEL.cmd_queue/inst/fifo_gen_inst/inst_fifo_gen/gconvfifo.rf/grf.rf/gntv_or_sync_fifo.gl0.rd/gr1.gr1_int.rfwft/clk
    SLICE_X31Y73         FDPE                                         r  design_1_i/hdmi/axi_mem_intercon/s00_couplers/auto_pc/inst/gen_axi4_axi3.axi3_conv_inst/USE_READ.USE_SPLIT_R.read_addr_inst/USE_R_CHANNEL.cmd_queue/inst/fifo_gen_inst/inst_fifo_gen/gconvfifo.rf/grf.rf/gntv_or_sync_fifo.gl0.rd/gr1.gr1_int.rfwft/empty_fwft_i_reg/C
                         clock pessimism             -0.282     0.913    
    SLICE_X31Y73         FDPE (Remov_fdpe_C_PRE)     -0.095     0.818    design_1_i/hdmi/axi_mem_intercon/s00_couplers/auto_pc/inst/gen_axi4_axi3.axi3_conv_inst/USE_READ.USE_SPLIT_R.read_addr_inst/USE_R_CHANNEL.cmd_queue/inst/fifo_gen_inst/inst_fifo_gen/gconvfifo.rf/grf.rf/gntv_or_sync_fifo.gl0.rd/gr1.gr1_int.rfwft/empty_fwft_i_reg
  -------------------------------------------------------------------
                         required time                         -0.818    
                         arrival time                           1.451    
  -------------------------------------------------------------------
                         slack                                  0.633    

Slack (MET) :             0.633ns  (arrival time - required time)
  Source:                 design_1_i/hdmi/axi_mem_intercon/s00_couplers/auto_pc/inst/gen_axi4_axi3.axi3_conv_inst/USE_READ.USE_SPLIT_R.read_addr_inst/USE_R_CHANNEL.cmd_queue/inst/fifo_gen_inst/inst_fifo_gen/gconvfifo.rf/grf.rf/rstblk/ngwrdrst.grst.g7serrst.gnsckt_wrst.gcc_rst.sckt_wr_rst_cc_reg[1]/C
                            (rising edge-triggered cell FDRE clocked by clk_fpga_0  {rise@0.000ns fall@5.000ns period=10.000ns})
  Destination:            design_1_i/hdmi/axi_mem_intercon/s00_couplers/auto_pc/inst/gen_axi4_axi3.axi3_conv_inst/USE_READ.USE_SPLIT_R.read_addr_inst/USE_R_CHANNEL.cmd_queue/inst/fifo_gen_inst/inst_fifo_gen/gconvfifo.rf/grf.rf/gntv_or_sync_fifo.gl0.rd/grss.rsts/ram_empty_fb_i_reg/PRE
                            (removal check against rising-edge clock clk_fpga_0  {rise@0.000ns fall@5.000ns period=10.000ns})
  Path Group:             **async_default**
  Path Type:              Removal (Min at Fast Process Corner)
  Requirement:            0.000ns  (clk_fpga_0 rise@0.000ns - clk_fpga_0 rise@0.000ns)
  Data Path Delay:        0.551ns  (logic 0.247ns (44.797%)  route 0.304ns (55.203%))
  Logic Levels:           1  (LUT3=1)
  Clock Path Skew:        0.013ns (DCD - SCD - CPR)
    Destination Clock Delay (DCD):    1.195ns
    Source Clock Delay      (SCD):    0.900ns
    Clock Pessimism Removal (CPR):    0.282ns

    Location             Delay type                Incr(ns)  Path(ns)    Netlist Resource(s)
  -------------------------------------------------------------------    -------------------
                         (clock clk_fpga_0 rise edge)
                                                      0.000     0.000 r  
    PS7_X0Y0             PS7                          0.000     0.000 r  design_1_i/processing_system7_0/inst/PS7_i/FCLKCLK[0]
                         net (fo=1, routed)           0.310     0.310    design_1_i/processing_system7_0/inst/FCLK_CLK_unbuffered[0]
    BUFGCTRL_X0Y16       BUFG (Prop_bufg_I_O)         0.026     0.336 r  design_1_i/processing_system7_0/inst/buffer_fclk_clk_0.FCLK_CLK_0_BUFG/O
                         net (fo=39223, routed)       0.564     0.900    design_1_i/hdmi/axi_mem_intercon/s00_couplers/auto_pc/inst/gen_axi4_axi3.axi3_conv_inst/USE_READ.USE_SPLIT_R.read_addr_inst/USE_R_CHANNEL.cmd_queue/inst/fifo_gen_inst/inst_fifo_gen/gconvfifo.rf/grf.rf/rstblk/clk
    SLICE_X30Y73         FDRE                                         r  design_1_i/hdmi/axi_mem_intercon/s00_couplers/auto_pc/inst/gen_axi4_axi3.axi3_conv_inst/USE_READ.USE_SPLIT_R.read_addr_inst/USE_R_CHANNEL.cmd_queue/inst/fifo_gen_inst/inst_fifo_gen/gconvfifo.rf/grf.rf/rstblk/ngwrdrst.grst.g7serrst.gnsckt_wrst.gcc_rst.sckt_wr_rst_cc_reg[1]/C
  -------------------------------------------------------------------    -------------------
    SLICE_X30Y73         FDRE (Prop_fdre_C_Q)         0.148     1.048 f  design_1_i/hdmi/axi_mem_intercon/s00_couplers/auto_pc/inst/gen_axi4_axi3.axi3_conv_inst/USE_READ.USE_SPLIT_R.read_addr_inst/USE_R_CHANNEL.cmd_queue/inst/fifo_gen_inst/inst_fifo_gen/gconvfifo.rf/grf.rf/rstblk/ngwrdrst.grst.g7serrst.gnsckt_wrst.gcc_rst.sckt_wr_rst_cc_reg[1]/Q
                         net (fo=1, routed)           0.162     1.209    design_1_i/hdmi/axi_mem_intercon/s00_couplers/auto_pc/inst/gen_axi4_axi3.axi3_conv_inst/USE_READ.USE_SPLIT_R.read_addr_inst/USE_R_CHANNEL.cmd_queue/inst/fifo_gen_inst/inst_fifo_gen/gconvfifo.rf/grf.rf/rstblk/ngwrdrst.grst.g7serrst.gnsckt_wrst.gcc_rst.sckt_wr_rst_cc[1]
    SLICE_X31Y73         LUT3 (Prop_lut3_I0_O)        0.099     1.308 f  design_1_i/hdmi/axi_mem_intercon/s00_couplers/auto_pc/inst/gen_axi4_axi3.axi3_conv_inst/USE_READ.USE_SPLIT_R.read_addr_inst/USE_R_CHANNEL.cmd_queue/inst/fifo_gen_inst/inst_fifo_gen/gconvfifo.rf/grf.rf/rstblk/gpregsm1.curr_fwft_state[1]_i_2/O
                         net (fo=33, routed)          0.143     1.451    design_1_i/hdmi/axi_mem_intercon/s00_couplers/auto_pc/inst/gen_axi4_axi3.axi3_conv_inst/USE_READ.USE_SPLIT_R.read_addr_inst/USE_R_CHANNEL.cmd_queue/inst/fifo_gen_inst/inst_fifo_gen/gconvfifo.rf/grf.rf/gntv_or_sync_fifo.gl0.rd/grss.rsts/ram_empty_i_reg_1
    SLICE_X31Y73         FDPE                                         f  design_1_i/hdmi/axi_mem_intercon/s00_couplers/auto_pc/inst/gen_axi4_axi3.axi3_conv_inst/USE_READ.USE_SPLIT_R.read_addr_inst/USE_R_CHANNEL.cmd_queue/inst/fifo_gen_inst/inst_fifo_gen/gconvfifo.rf/grf.rf/gntv_or_sync_fifo.gl0.rd/grss.rsts/ram_empty_fb_i_reg/PRE
  -------------------------------------------------------------------    -------------------

                         (clock clk_fpga_0 rise edge)
                                                      0.000     0.000 r  
    PS7_X0Y0             PS7                          0.000     0.000 r  design_1_i/processing_system7_0/inst/PS7_i/FCLKCLK[0]
                         net (fo=1, routed)           0.337     0.337    design_1_i/processing_system7_0/inst/FCLK_CLK_unbuffered[0]
    BUFGCTRL_X0Y16       BUFG (Prop_bufg_I_O)         0.029     0.366 r  design_1_i/processing_system7_0/inst/buffer_fclk_clk_0.FCLK_CLK_0_BUFG/O
                         net (fo=39223, routed)       0.829     1.195    design_1_i/hdmi/axi_mem_intercon/s00_couplers/auto_pc/inst/gen_axi4_axi3.axi3_conv_inst/USE_READ.USE_SPLIT_R.read_addr_inst/USE_R_CHANNEL.cmd_queue/inst/fifo_gen_inst/inst_fifo_gen/gconvfifo.rf/grf.rf/gntv_or_sync_fifo.gl0.rd/grss.rsts/clk
    SLICE_X31Y73         FDPE                                         r  design_1_i/hdmi/axi_mem_intercon/s00_couplers/auto_pc/inst/gen_axi4_axi3.axi3_conv_inst/USE_READ.USE_SPLIT_R.read_addr_inst/USE_R_CHANNEL.cmd_queue/inst/fifo_gen_inst/inst_fifo_gen/gconvfifo.rf/grf.rf/gntv_or_sync_fifo.gl0.rd/grss.rsts/ram_empty_fb_i_reg/C
                         clock pessimism             -0.282     0.913    
    SLICE_X31Y73         FDPE (Remov_fdpe_C_PRE)     -0.095     0.818    design_1_i/hdmi/axi_mem_intercon/s00_couplers/auto_pc/inst/gen_axi4_axi3.axi3_conv_inst/USE_READ.USE_SPLIT_R.read_addr_inst/USE_R_CHANNEL.cmd_queue/inst/fifo_gen_inst/inst_fifo_gen/gconvfifo.rf/grf.rf/gntv_or_sync_fifo.gl0.rd/grss.rsts/ram_empty_fb_i_reg
  -------------------------------------------------------------------
                         required time                         -0.818    
                         arrival time                           1.451    
  -------------------------------------------------------------------
                         slack                                  0.633    

Slack (MET) :             0.633ns  (arrival time - required time)
  Source:                 design_1_i/hdmi/axi_mem_intercon/s00_couplers/auto_pc/inst/gen_axi4_axi3.axi3_conv_inst/USE_READ.USE_SPLIT_R.read_addr_inst/USE_R_CHANNEL.cmd_queue/inst/fifo_gen_inst/inst_fifo_gen/gconvfifo.rf/grf.rf/rstblk/ngwrdrst.grst.g7serrst.gnsckt_wrst.gcc_rst.sckt_wr_rst_cc_reg[1]/C
                            (rising edge-triggered cell FDRE clocked by clk_fpga_0  {rise@0.000ns fall@5.000ns period=10.000ns})
  Destination:            design_1_i/hdmi/axi_mem_intercon/s00_couplers/auto_pc/inst/gen_axi4_axi3.axi3_conv_inst/USE_READ.USE_SPLIT_R.read_addr_inst/USE_R_CHANNEL.cmd_queue/inst/fifo_gen_inst/inst_fifo_gen/gconvfifo.rf/grf.rf/gntv_or_sync_fifo.gl0.rd/grss.rsts/ram_empty_i_reg/PRE
                            (removal check against rising-edge clock clk_fpga_0  {rise@0.000ns fall@5.000ns period=10.000ns})
  Path Group:             **async_default**
  Path Type:              Removal (Min at Fast Process Corner)
  Requirement:            0.000ns  (clk_fpga_0 rise@0.000ns - clk_fpga_0 rise@0.000ns)
  Data Path Delay:        0.551ns  (logic 0.247ns (44.797%)  route 0.304ns (55.203%))
  Logic Levels:           1  (LUT3=1)
  Clock Path Skew:        0.013ns (DCD - SCD - CPR)
    Destination Clock Delay (DCD):    1.195ns
    Source Clock Delay      (SCD):    0.900ns
    Clock Pessimism Removal (CPR):    0.282ns

    Location             Delay type                Incr(ns)  Path(ns)    Netlist Resource(s)
  -------------------------------------------------------------------    -------------------
                         (clock clk_fpga_0 rise edge)
                                                      0.000     0.000 r  
    PS7_X0Y0             PS7                          0.000     0.000 r  design_1_i/processing_system7_0/inst/PS7_i/FCLKCLK[0]
                         net (fo=1, routed)           0.310     0.310    design_1_i/processing_system7_0/inst/FCLK_CLK_unbuffered[0]
    BUFGCTRL_X0Y16       BUFG (Prop_bufg_I_O)         0.026     0.336 r  design_1_i/processing_system7_0/inst/buffer_fclk_clk_0.FCLK_CLK_0_BUFG/O
                         net (fo=39223, routed)       0.564     0.900    design_1_i/hdmi/axi_mem_intercon/s00_couplers/auto_pc/inst/gen_axi4_axi3.axi3_conv_inst/USE_READ.USE_SPLIT_R.read_addr_inst/USE_R_CHANNEL.cmd_queue/inst/fifo_gen_inst/inst_fifo_gen/gconvfifo.rf/grf.rf/rstblk/clk
    SLICE_X30Y73         FDRE                                         r  design_1_i/hdmi/axi_mem_intercon/s00_couplers/auto_pc/inst/gen_axi4_axi3.axi3_conv_inst/USE_READ.USE_SPLIT_R.read_addr_inst/USE_R_CHANNEL.cmd_queue/inst/fifo_gen_inst/inst_fifo_gen/gconvfifo.rf/grf.rf/rstblk/ngwrdrst.grst.g7serrst.gnsckt_wrst.gcc_rst.sckt_wr_rst_cc_reg[1]/C
  -------------------------------------------------------------------    -------------------
    SLICE_X30Y73         FDRE (Prop_fdre_C_Q)         0.148     1.048 f  design_1_i/hdmi/axi_mem_intercon/s00_couplers/auto_pc/inst/gen_axi4_axi3.axi3_conv_inst/USE_READ.USE_SPLIT_R.read_addr_inst/USE_R_CHANNEL.cmd_queue/inst/fifo_gen_inst/inst_fifo_gen/gconvfifo.rf/grf.rf/rstblk/ngwrdrst.grst.g7serrst.gnsckt_wrst.gcc_rst.sckt_wr_rst_cc_reg[1]/Q
                         net (fo=1, routed)           0.162     1.209    design_1_i/hdmi/axi_mem_intercon/s00_couplers/auto_pc/inst/gen_axi4_axi3.axi3_conv_inst/USE_READ.USE_SPLIT_R.read_addr_inst/USE_R_CHANNEL.cmd_queue/inst/fifo_gen_inst/inst_fifo_gen/gconvfifo.rf/grf.rf/rstblk/ngwrdrst.grst.g7serrst.gnsckt_wrst.gcc_rst.sckt_wr_rst_cc[1]
    SLICE_X31Y73         LUT3 (Prop_lut3_I0_O)        0.099     1.308 f  design_1_i/hdmi/axi_mem_intercon/s00_couplers/auto_pc/inst/gen_axi4_axi3.axi3_conv_inst/USE_READ.USE_SPLIT_R.read_addr_inst/USE_R_CHANNEL.cmd_queue/inst/fifo_gen_inst/inst_fifo_gen/gconvfifo.rf/grf.rf/rstblk/gpregsm1.curr_fwft_state[1]_i_2/O
                         net (fo=33, routed)          0.143     1.451    design_1_i/hdmi/axi_mem_intercon/s00_couplers/auto_pc/inst/gen_axi4_axi3.axi3_conv_inst/USE_READ.USE_SPLIT_R.read_addr_inst/USE_R_CHANNEL.cmd_queue/inst/fifo_gen_inst/inst_fifo_gen/gconvfifo.rf/grf.rf/gntv_or_sync_fifo.gl0.rd/grss.rsts/ram_empty_i_reg_1
    SLICE_X31Y73         FDPE                                         f  design_1_i/hdmi/axi_mem_intercon/s00_couplers/auto_pc/inst/gen_axi4_axi3.axi3_conv_inst/USE_READ.USE_SPLIT_R.read_addr_inst/USE_R_CHANNEL.cmd_queue/inst/fifo_gen_inst/inst_fifo_gen/gconvfifo.rf/grf.rf/gntv_or_sync_fifo.gl0.rd/grss.rsts/ram_empty_i_reg/PRE
  -------------------------------------------------------------------    -------------------

                         (clock clk_fpga_0 rise edge)
                                                      0.000     0.000 r  
    PS7_X0Y0             PS7                          0.000     0.000 r  design_1_i/processing_system7_0/inst/PS7_i/FCLKCLK[0]
                         net (fo=1, routed)           0.337     0.337    design_1_i/processing_system7_0/inst/FCLK_CLK_unbuffered[0]
    BUFGCTRL_X0Y16       BUFG (Prop_bufg_I_O)         0.029     0.366 r  design_1_i/processing_system7_0/inst/buffer_fclk_clk_0.FCLK_CLK_0_BUFG/O
                         net (fo=39223, routed)       0.829     1.195    design_1_i/hdmi/axi_mem_intercon/s00_couplers/auto_pc/inst/gen_axi4_axi3.axi3_conv_inst/USE_READ.USE_SPLIT_R.read_addr_inst/USE_R_CHANNEL.cmd_queue/inst/fifo_gen_inst/inst_fifo_gen/gconvfifo.rf/grf.rf/gntv_or_sync_fifo.gl0.rd/grss.rsts/clk
    SLICE_X31Y73         FDPE                                         r  design_1_i/hdmi/axi_mem_intercon/s00_couplers/auto_pc/inst/gen_axi4_axi3.axi3_conv_inst/USE_READ.USE_SPLIT_R.read_addr_inst/USE_R_CHANNEL.cmd_queue/inst/fifo_gen_inst/inst_fifo_gen/gconvfifo.rf/grf.rf/gntv_or_sync_fifo.gl0.rd/grss.rsts/ram_empty_i_reg/C
                         clock pessimism             -0.282     0.913    
    SLICE_X31Y73         FDPE (Remov_fdpe_C_PRE)     -0.095     0.818    design_1_i/hdmi/axi_mem_intercon/s00_couplers/auto_pc/inst/gen_axi4_axi3.axi3_conv_inst/USE_READ.USE_SPLIT_R.read_addr_inst/USE_R_CHANNEL.cmd_queue/inst/fifo_gen_inst/inst_fifo_gen/gconvfifo.rf/grf.rf/gntv_or_sync_fifo.gl0.rd/grss.rsts/ram_empty_i_reg
  -------------------------------------------------------------------
                         required time                         -0.818    
                         arrival time                           1.451    
  -------------------------------------------------------------------
                         slack                                  0.633    

Slack (MET) :             0.812ns  (arrival time - required time)
  Source:                 design_1_i/hdmi/axi_mem_intercon/s00_couplers/auto_pc/inst/gen_axi4_axi3.axi3_conv_inst/USE_READ.USE_SPLIT_R.read_addr_inst/USE_R_CHANNEL.cmd_queue/inst/fifo_gen_inst/inst_fifo_gen/gconvfifo.rf/grf.rf/rstblk/ngwrdrst.grst.g7serrst.gnsckt_wrst.gcc_rst.sckt_wr_rst_cc_reg[1]/C
                            (rising edge-triggered cell FDRE clocked by clk_fpga_0  {rise@0.000ns fall@5.000ns period=10.000ns})
  Destination:            design_1_i/hdmi/axi_mem_intercon/s00_couplers/auto_pc/inst/gen_axi4_axi3.axi3_conv_inst/USE_READ.USE_SPLIT_R.read_addr_inst/USE_R_CHANNEL.cmd_queue/inst/fifo_gen_inst/inst_fifo_gen/gconvfifo.rf/grf.rf/gntv_or_sync_fifo.gl0.rd/gr1.gr1_int.rfwft/gpregsm1.curr_fwft_state_reg[0]/CLR
                            (removal check against rising-edge clock clk_fpga_0  {rise@0.000ns fall@5.000ns period=10.000ns})
  Path Group:             **async_default**
  Path Type:              Removal (Min at Fast Process Corner)
  Requirement:            0.000ns  (clk_fpga_0 rise@0.000ns - clk_fpga_0 rise@0.000ns)
  Data Path Delay:        0.731ns  (logic 0.247ns (33.807%)  route 0.484ns (66.193%))
  Logic Levels:           1  (LUT3=1)
  Clock Path Skew:        0.011ns (DCD - SCD - CPR)
    Destination Clock Delay (DCD):    1.175ns
    Source Clock Delay      (SCD):    0.900ns
    Clock Pessimism Removal (CPR):    0.264ns

    Location             Delay type                Incr(ns)  Path(ns)    Netlist Resource(s)
  -------------------------------------------------------------------    -------------------
                         (clock clk_fpga_0 rise edge)
                                                      0.000     0.000 r  
    PS7_X0Y0             PS7                          0.000     0.000 r  design_1_i/processing_system7_0/inst/PS7_i/FCLKCLK[0]
                         net (fo=1, routed)           0.310     0.310    design_1_i/processing_system7_0/inst/FCLK_CLK_unbuffered[0]
    BUFGCTRL_X0Y16       BUFG (Prop_bufg_I_O)         0.026     0.336 r  design_1_i/processing_system7_0/inst/buffer_fclk_clk_0.FCLK_CLK_0_BUFG/O
                         net (fo=39223, routed)       0.564     0.900    design_1_i/hdmi/axi_mem_intercon/s00_couplers/auto_pc/inst/gen_axi4_axi3.axi3_conv_inst/USE_READ.USE_SPLIT_R.read_addr_inst/USE_R_CHANNEL.cmd_queue/inst/fifo_gen_inst/inst_fifo_gen/gconvfifo.rf/grf.rf/rstblk/clk
    SLICE_X30Y73         FDRE                                         r  design_1_i/hdmi/axi_mem_intercon/s00_couplers/auto_pc/inst/gen_axi4_axi3.axi3_conv_inst/USE_READ.USE_SPLIT_R.read_addr_inst/USE_R_CHANNEL.cmd_queue/inst/fifo_gen_inst/inst_fifo_gen/gconvfifo.rf/grf.rf/rstblk/ngwrdrst.grst.g7serrst.gnsckt_wrst.gcc_rst.sckt_wr_rst_cc_reg[1]/C
  -------------------------------------------------------------------    -------------------
    SLICE_X30Y73         FDRE (Prop_fdre_C_Q)         0.148     1.048 f  design_1_i/hdmi/axi_mem_intercon/s00_couplers/auto_pc/inst/gen_axi4_axi3.axi3_conv_inst/USE_READ.USE_SPLIT_R.read_addr_inst/USE_R_CHANNEL.cmd_queue/inst/fifo_gen_inst/inst_fifo_gen/gconvfifo.rf/grf.rf/rstblk/ngwrdrst.grst.g7serrst.gnsckt_wrst.gcc_rst.sckt_wr_rst_cc_reg[1]/Q
                         net (fo=1, routed)           0.162     1.209    design_1_i/hdmi/axi_mem_intercon/s00_couplers/auto_pc/inst/gen_axi4_axi3.axi3_conv_inst/USE_READ.USE_SPLIT_R.read_addr_inst/USE_R_CHANNEL.cmd_queue/inst/fifo_gen_inst/inst_fifo_gen/gconvfifo.rf/grf.rf/rstblk/ngwrdrst.grst.g7serrst.gnsckt_wrst.gcc_rst.sckt_wr_rst_cc[1]
    SLICE_X31Y73         LUT3 (Prop_lut3_I0_O)        0.099     1.308 f  design_1_i/hdmi/axi_mem_intercon/s00_couplers/auto_pc/inst/gen_axi4_axi3.axi3_conv_inst/USE_READ.USE_SPLIT_R.read_addr_inst/USE_R_CHANNEL.cmd_queue/inst/fifo_gen_inst/inst_fifo_gen/gconvfifo.rf/grf.rf/rstblk/gpregsm1.curr_fwft_state[1]_i_2/O
                         net (fo=33, routed)          0.322     1.630    design_1_i/hdmi/axi_mem_intercon/s00_couplers/auto_pc/inst/gen_axi4_axi3.axi3_conv_inst/USE_READ.USE_SPLIT_R.read_addr_inst/USE_R_CHANNEL.cmd_queue/inst/fifo_gen_inst/inst_fifo_gen/gconvfifo.rf/grf.rf/gntv_or_sync_fifo.gl0.rd/gr1.gr1_int.rfwft/gpregsm1.user_valid_reg_0
    SLICE_X33Y74         FDCE                                         f  design_1_i/hdmi/axi_mem_intercon/s00_couplers/auto_pc/inst/gen_axi4_axi3.axi3_conv_inst/USE_READ.USE_SPLIT_R.read_addr_inst/USE_R_CHANNEL.cmd_queue/inst/fifo_gen_inst/inst_fifo_gen/gconvfifo.rf/grf.rf/gntv_or_sync_fifo.gl0.rd/gr1.gr1_int.rfwft/gpregsm1.curr_fwft_state_reg[0]/CLR
  -------------------------------------------------------------------    -------------------

                         (clock clk_fpga_0 rise edge)
                                                      0.000     0.000 r  
    PS7_X0Y0             PS7                          0.000     0.000 r  design_1_i/processing_system7_0/inst/PS7_i/FCLKCLK[0]
                         net (fo=1, routed)           0.337     0.337    design_1_i/processing_system7_0/inst/FCLK_CLK_unbuffered[0]
    BUFGCTRL_X0Y16       BUFG (Prop_bufg_I_O)         0.029     0.366 r  design_1_i/processing_system7_0/inst/buffer_fclk_clk_0.FCLK_CLK_0_BUFG/O
                         net (fo=39223, routed)       0.809     1.175    design_1_i/hdmi/axi_mem_intercon/s00_couplers/auto_pc/inst/gen_axi4_axi3.axi3_conv_inst/USE_READ.USE_SPLIT_R.read_addr_inst/USE_R_CHANNEL.cmd_queue/inst/fifo_gen_inst/inst_fifo_gen/gconvfifo.rf/grf.rf/gntv_or_sync_fifo.gl0.rd/gr1.gr1_int.rfwft/clk
    SLICE_X33Y74         FDCE                                         r  design_1_i/hdmi/axi_mem_intercon/s00_couplers/auto_pc/inst/gen_axi4_axi3.axi3_conv_inst/USE_READ.USE_SPLIT_R.read_addr_inst/USE_R_CHANNEL.cmd_queue/inst/fifo_gen_inst/inst_fifo_gen/gconvfifo.rf/grf.rf/gntv_or_sync_fifo.gl0.rd/gr1.gr1_int.rfwft/gpregsm1.curr_fwft_state_reg[0]/C
                         clock pessimism             -0.264     0.911    
    SLICE_X33Y74         FDCE (Remov_fdce_C_CLR)     -0.092     0.819    design_1_i/hdmi/axi_mem_intercon/s00_couplers/auto_pc/inst/gen_axi4_axi3.axi3_conv_inst/USE_READ.USE_SPLIT_R.read_addr_inst/USE_R_CHANNEL.cmd_queue/inst/fifo_gen_inst/inst_fifo_gen/gconvfifo.rf/grf.rf/gntv_or_sync_fifo.gl0.rd/gr1.gr1_int.rfwft/gpregsm1.curr_fwft_state_reg[0]
  -------------------------------------------------------------------
                         required time                         -0.819    
                         arrival time                           1.630    
  -------------------------------------------------------------------
                         slack                                  0.812    

Slack (MET) :             0.812ns  (arrival time - required time)
  Source:                 design_1_i/hdmi/axi_mem_intercon/s00_couplers/auto_pc/inst/gen_axi4_axi3.axi3_conv_inst/USE_READ.USE_SPLIT_R.read_addr_inst/USE_R_CHANNEL.cmd_queue/inst/fifo_gen_inst/inst_fifo_gen/gconvfifo.rf/grf.rf/rstblk/ngwrdrst.grst.g7serrst.gnsckt_wrst.gcc_rst.sckt_wr_rst_cc_reg[1]/C
                            (rising edge-triggered cell FDRE clocked by clk_fpga_0  {rise@0.000ns fall@5.000ns period=10.000ns})
  Destination:            design_1_i/hdmi/axi_mem_intercon/s00_couplers/auto_pc/inst/gen_axi4_axi3.axi3_conv_inst/USE_READ.USE_SPLIT_R.read_addr_inst/USE_R_CHANNEL.cmd_queue/inst/fifo_gen_inst/inst_fifo_gen/gconvfifo.rf/grf.rf/gntv_or_sync_fifo.gl0.rd/gr1.gr1_int.rfwft/gpregsm1.curr_fwft_state_reg[1]/CLR
                            (removal check against rising-edge clock clk_fpga_0  {rise@0.000ns fall@5.000ns period=10.000ns})
  Path Group:             **async_default**
  Path Type:              Removal (Min at Fast Process Corner)
  Requirement:            0.000ns  (clk_fpga_0 rise@0.000ns - clk_fpga_0 rise@0.000ns)
  Data Path Delay:        0.731ns  (logic 0.247ns (33.807%)  route 0.484ns (66.193%))
  Logic Levels:           1  (LUT3=1)
  Clock Path Skew:        0.011ns (DCD - SCD - CPR)
    Destination Clock Delay (DCD):    1.175ns
    Source Clock Delay      (SCD):    0.900ns
    Clock Pessimism Removal (CPR):    0.264ns

    Location             Delay type                Incr(ns)  Path(ns)    Netlist Resource(s)
  -------------------------------------------------------------------    -------------------
                         (clock clk_fpga_0 rise edge)
                                                      0.000     0.000 r  
    PS7_X0Y0             PS7                          0.000     0.000 r  design_1_i/processing_system7_0/inst/PS7_i/FCLKCLK[0]
                         net (fo=1, routed)           0.310     0.310    design_1_i/processing_system7_0/inst/FCLK_CLK_unbuffered[0]
    BUFGCTRL_X0Y16       BUFG (Prop_bufg_I_O)         0.026     0.336 r  design_1_i/processing_system7_0/inst/buffer_fclk_clk_0.FCLK_CLK_0_BUFG/O
                         net (fo=39223, routed)       0.564     0.900    design_1_i/hdmi/axi_mem_intercon/s00_couplers/auto_pc/inst/gen_axi4_axi3.axi3_conv_inst/USE_READ.USE_SPLIT_R.read_addr_inst/USE_R_CHANNEL.cmd_queue/inst/fifo_gen_inst/inst_fifo_gen/gconvfifo.rf/grf.rf/rstblk/clk
    SLICE_X30Y73         FDRE                                         r  design_1_i/hdmi/axi_mem_intercon/s00_couplers/auto_pc/inst/gen_axi4_axi3.axi3_conv_inst/USE_READ.USE_SPLIT_R.read_addr_inst/USE_R_CHANNEL.cmd_queue/inst/fifo_gen_inst/inst_fifo_gen/gconvfifo.rf/grf.rf/rstblk/ngwrdrst.grst.g7serrst.gnsckt_wrst.gcc_rst.sckt_wr_rst_cc_reg[1]/C
  -------------------------------------------------------------------    -------------------
    SLICE_X30Y73         FDRE (Prop_fdre_C_Q)         0.148     1.048 f  design_1_i/hdmi/axi_mem_intercon/s00_couplers/auto_pc/inst/gen_axi4_axi3.axi3_conv_inst/USE_READ.USE_SPLIT_R.read_addr_inst/USE_R_CHANNEL.cmd_queue/inst/fifo_gen_inst/inst_fifo_gen/gconvfifo.rf/grf.rf/rstblk/ngwrdrst.grst.g7serrst.gnsckt_wrst.gcc_rst.sckt_wr_rst_cc_reg[1]/Q
                         net (fo=1, routed)           0.162     1.209    design_1_i/hdmi/axi_mem_intercon/s00_couplers/auto_pc/inst/gen_axi4_axi3.axi3_conv_inst/USE_READ.USE_SPLIT_R.read_addr_inst/USE_R_CHANNEL.cmd_queue/inst/fifo_gen_inst/inst_fifo_gen/gconvfifo.rf/grf.rf/rstblk/ngwrdrst.grst.g7serrst.gnsckt_wrst.gcc_rst.sckt_wr_rst_cc[1]
    SLICE_X31Y73         LUT3 (Prop_lut3_I0_O)        0.099     1.308 f  design_1_i/hdmi/axi_mem_intercon/s00_couplers/auto_pc/inst/gen_axi4_axi3.axi3_conv_inst/USE_READ.USE_SPLIT_R.read_addr_inst/USE_R_CHANNEL.cmd_queue/inst/fifo_gen_inst/inst_fifo_gen/gconvfifo.rf/grf.rf/rstblk/gpregsm1.curr_fwft_state[1]_i_2/O
                         net (fo=33, routed)          0.322     1.630    design_1_i/hdmi/axi_mem_intercon/s00_couplers/auto_pc/inst/gen_axi4_axi3.axi3_conv_inst/USE_READ.USE_SPLIT_R.read_addr_inst/USE_R_CHANNEL.cmd_queue/inst/fifo_gen_inst/inst_fifo_gen/gconvfifo.rf/grf.rf/gntv_or_sync_fifo.gl0.rd/gr1.gr1_int.rfwft/gpregsm1.user_valid_reg_0
    SLICE_X33Y74         FDCE                                         f  design_1_i/hdmi/axi_mem_intercon/s00_couplers/auto_pc/inst/gen_axi4_axi3.axi3_conv_inst/USE_READ.USE_SPLIT_R.read_addr_inst/USE_R_CHANNEL.cmd_queue/inst/fifo_gen_inst/inst_fifo_gen/gconvfifo.rf/grf.rf/gntv_or_sync_fifo.gl0.rd/gr1.gr1_int.rfwft/gpregsm1.curr_fwft_state_reg[1]/CLR
  -------------------------------------------------------------------    -------------------

                         (clock clk_fpga_0 rise edge)
                                                      0.000     0.000 r  
    PS7_X0Y0             PS7                          0.000     0.000 r  design_1_i/processing_system7_0/inst/PS7_i/FCLKCLK[0]
                         net (fo=1, routed)           0.337     0.337    design_1_i/processing_system7_0/inst/FCLK_CLK_unbuffered[0]
    BUFGCTRL_X0Y16       BUFG (Prop_bufg_I_O)         0.029     0.366 r  design_1_i/processing_system7_0/inst/buffer_fclk_clk_0.FCLK_CLK_0_BUFG/O
                         net (fo=39223, routed)       0.809     1.175    design_1_i/hdmi/axi_mem_intercon/s00_couplers/auto_pc/inst/gen_axi4_axi3.axi3_conv_inst/USE_READ.USE_SPLIT_R.read_addr_inst/USE_R_CHANNEL.cmd_queue/inst/fifo_gen_inst/inst_fifo_gen/gconvfifo.rf/grf.rf/gntv_or_sync_fifo.gl0.rd/gr1.gr1_int.rfwft/clk
    SLICE_X33Y74         FDCE                                         r  design_1_i/hdmi/axi_mem_intercon/s00_couplers/auto_pc/inst/gen_axi4_axi3.axi3_conv_inst/USE_READ.USE_SPLIT_R.read_addr_inst/USE_R_CHANNEL.cmd_queue/inst/fifo_gen_inst/inst_fifo_gen/gconvfifo.rf/grf.rf/gntv_or_sync_fifo.gl0.rd/gr1.gr1_int.rfwft/gpregsm1.curr_fwft_state_reg[1]/C
                         clock pessimism             -0.264     0.911    
    SLICE_X33Y74         FDCE (Remov_fdce_C_CLR)     -0.092     0.819    design_1_i/hdmi/axi_mem_intercon/s00_couplers/auto_pc/inst/gen_axi4_axi3.axi3_conv_inst/USE_READ.USE_SPLIT_R.read_addr_inst/USE_R_CHANNEL.cmd_queue/inst/fifo_gen_inst/inst_fifo_gen/gconvfifo.rf/grf.rf/gntv_or_sync_fifo.gl0.rd/gr1.gr1_int.rfwft/gpregsm1.curr_fwft_state_reg[1]
  -------------------------------------------------------------------
                         required time                         -0.819    
                         arrival time                           1.630    
  -------------------------------------------------------------------
                         slack                                  0.812    

Slack (MET) :             0.815ns  (arrival time - required time)
  Source:                 design_1_i/hdmi/axi_mem_intercon/s00_couplers/auto_pc/inst/gen_axi4_axi3.axi3_conv_inst/USE_READ.USE_SPLIT_R.read_addr_inst/USE_R_CHANNEL.cmd_queue/inst/fifo_gen_inst/inst_fifo_gen/gconvfifo.rf/grf.rf/rstblk/ngwrdrst.grst.g7serrst.gnsckt_wrst.gcc_rst.sckt_wr_rst_cc_reg[1]/C
                            (rising edge-triggered cell FDRE clocked by clk_fpga_0  {rise@0.000ns fall@5.000ns period=10.000ns})
  Destination:            design_1_i/hdmi/axi_mem_intercon/s00_couplers/auto_pc/inst/gen_axi4_axi3.axi3_conv_inst/USE_READ.USE_SPLIT_R.read_addr_inst/USE_R_CHANNEL.cmd_queue/inst/fifo_gen_inst/inst_fifo_gen/gconvfifo.rf/grf.rf/gntv_or_sync_fifo.gl0.rd/gr1.gr1_int.rfwft/aempty_fwft_fb_i_reg/PRE
                            (removal check against rising-edge clock clk_fpga_0  {rise@0.000ns fall@5.000ns period=10.000ns})
  Path Group:             **async_default**
  Path Type:              Removal (Min at Fast Process Corner)
  Requirement:            0.000ns  (clk_fpga_0 rise@0.000ns - clk_fpga_0 rise@0.000ns)
  Data Path Delay:        0.731ns  (logic 0.247ns (33.807%)  route 0.484ns (66.193%))
  Logic Levels:           1  (LUT3=1)
  Clock Path Skew:        0.011ns (DCD - SCD - CPR)
    Destination Clock Delay (DCD):    1.175ns
    Source Clock Delay      (SCD):    0.900ns
    Clock Pessimism Removal (CPR):    0.264ns

    Location             Delay type                Incr(ns)  Path(ns)    Netlist Resource(s)
  -------------------------------------------------------------------    -------------------
                         (clock clk_fpga_0 rise edge)
                                                      0.000     0.000 r  
    PS7_X0Y0             PS7                          0.000     0.000 r  design_1_i/processing_system7_0/inst/PS7_i/FCLKCLK[0]
                         net (fo=1, routed)           0.310     0.310    design_1_i/processing_system7_0/inst/FCLK_CLK_unbuffered[0]
    BUFGCTRL_X0Y16       BUFG (Prop_bufg_I_O)         0.026     0.336 r  design_1_i/processing_system7_0/inst/buffer_fclk_clk_0.FCLK_CLK_0_BUFG/O
                         net (fo=39223, routed)       0.564     0.900    design_1_i/hdmi/axi_mem_intercon/s00_couplers/auto_pc/inst/gen_axi4_axi3.axi3_conv_inst/USE_READ.USE_SPLIT_R.read_addr_inst/USE_R_CHANNEL.cmd_queue/inst/fifo_gen_inst/inst_fifo_gen/gconvfifo.rf/grf.rf/rstblk/clk
    SLICE_X30Y73         FDRE                                         r  design_1_i/hdmi/axi_mem_intercon/s00_couplers/auto_pc/inst/gen_axi4_axi3.axi3_conv_inst/USE_READ.USE_SPLIT_R.read_addr_inst/USE_R_CHANNEL.cmd_queue/inst/fifo_gen_inst/inst_fifo_gen/gconvfifo.rf/grf.rf/rstblk/ngwrdrst.grst.g7serrst.gnsckt_wrst.gcc_rst.sckt_wr_rst_cc_reg[1]/C
  -------------------------------------------------------------------    -------------------
    SLICE_X30Y73         FDRE (Prop_fdre_C_Q)         0.148     1.048 f  design_1_i/hdmi/axi_mem_intercon/s00_couplers/auto_pc/inst/gen_axi4_axi3.axi3_conv_inst/USE_READ.USE_SPLIT_R.read_addr_inst/USE_R_CHANNEL.cmd_queue/inst/fifo_gen_inst/inst_fifo_gen/gconvfifo.rf/grf.rf/rstblk/ngwrdrst.grst.g7serrst.gnsckt_wrst.gcc_rst.sckt_wr_rst_cc_reg[1]/Q
                         net (fo=1, routed)           0.162     1.209    design_1_i/hdmi/axi_mem_intercon/s00_couplers/auto_pc/inst/gen_axi4_axi3.axi3_conv_inst/USE_READ.USE_SPLIT_R.read_addr_inst/USE_R_CHANNEL.cmd_queue/inst/fifo_gen_inst/inst_fifo_gen/gconvfifo.rf/grf.rf/rstblk/ngwrdrst.grst.g7serrst.gnsckt_wrst.gcc_rst.sckt_wr_rst_cc[1]
    SLICE_X31Y73         LUT3 (Prop_lut3_I0_O)        0.099     1.308 f  design_1_i/hdmi/axi_mem_intercon/s00_couplers/auto_pc/inst/gen_axi4_axi3.axi3_conv_inst/USE_READ.USE_SPLIT_R.read_addr_inst/USE_R_CHANNEL.cmd_queue/inst/fifo_gen_inst/inst_fifo_gen/gconvfifo.rf/grf.rf/rstblk/gpregsm1.curr_fwft_state[1]_i_2/O
                         net (fo=33, routed)          0.322     1.630    design_1_i/hdmi/axi_mem_intercon/s00_couplers/auto_pc/inst/gen_axi4_axi3.axi3_conv_inst/USE_READ.USE_SPLIT_R.read_addr_inst/USE_R_CHANNEL.cmd_queue/inst/fifo_gen_inst/inst_fifo_gen/gconvfifo.rf/grf.rf/gntv_or_sync_fifo.gl0.rd/gr1.gr1_int.rfwft/gpregsm1.user_valid_reg_0
    SLICE_X33Y74         FDPE                                         f  design_1_i/hdmi/axi_mem_intercon/s00_couplers/auto_pc/inst/gen_axi4_axi3.axi3_conv_inst/USE_READ.USE_SPLIT_R.read_addr_inst/USE_R_CHANNEL.cmd_queue/inst/fifo_gen_inst/inst_fifo_gen/gconvfifo.rf/grf.rf/gntv_or_sync_fifo.gl0.rd/gr1.gr1_int.rfwft/aempty_fwft_fb_i_reg/PRE
  -------------------------------------------------------------------    -------------------

                         (clock clk_fpga_0 rise edge)
                                                      0.000     0.000 r  
    PS7_X0Y0             PS7                          0.000     0.000 r  design_1_i/processing_system7_0/inst/PS7_i/FCLKCLK[0]
                         net (fo=1, routed)           0.337     0.337    design_1_i/processing_system7_0/inst/FCLK_CLK_unbuffered[0]
    BUFGCTRL_X0Y16       BUFG (Prop_bufg_I_O)         0.029     0.366 r  design_1_i/processing_system7_0/inst/buffer_fclk_clk_0.FCLK_CLK_0_BUFG/O
                         net (fo=39223, routed)       0.809     1.175    design_1_i/hdmi/axi_mem_intercon/s00_couplers/auto_pc/inst/gen_axi4_axi3.axi3_conv_inst/USE_READ.USE_SPLIT_R.read_addr_inst/USE_R_CHANNEL.cmd_queue/inst/fifo_gen_inst/inst_fifo_gen/gconvfifo.rf/grf.rf/gntv_or_sync_fifo.gl0.rd/gr1.gr1_int.rfwft/clk
    SLICE_X33Y74         FDPE                                         r  design_1_i/hdmi/axi_mem_intercon/s00_couplers/auto_pc/inst/gen_axi4_axi3.axi3_conv_inst/USE_READ.USE_SPLIT_R.read_addr_inst/USE_R_CHANNEL.cmd_queue/inst/fifo_gen_inst/inst_fifo_gen/gconvfifo.rf/grf.rf/gntv_or_sync_fifo.gl0.rd/gr1.gr1_int.rfwft/aempty_fwft_fb_i_reg/C
                         clock pessimism             -0.264     0.911    
    SLICE_X33Y74         FDPE (Remov_fdpe_C_PRE)     -0.095     0.816    design_1_i/hdmi/axi_mem_intercon/s00_couplers/auto_pc/inst/gen_axi4_axi3.axi3_conv_inst/USE_READ.USE_SPLIT_R.read_addr_inst/USE_R_CHANNEL.cmd_queue/inst/fifo_gen_inst/inst_fifo_gen/gconvfifo.rf/grf.rf/gntv_or_sync_fifo.gl0.rd/gr1.gr1_int.rfwft/aempty_fwft_fb_i_reg
  -------------------------------------------------------------------
                         required time                         -0.816    
                         arrival time                           1.630    
  -------------------------------------------------------------------
                         slack                                  0.815    





--------------------------------------------------------------------------------------
Path Group:  (none)
From Clock:  
  To Clock:  axi_dynclk_0_PXL_CLK_O

Max Delay             2 Endpoints
Min Delay             2 Endpoints
--------------------------------------------------------------------------------------


Max Delay Paths
--------------------------------------------------------------------------------------
Slack:                    inf
  Source:                 design_1_i/hdmi/axi_dynclk_0/U0/Inst_mmcme2_drp/mmcm_adv_inst/LOCKED
                            (internal pin)
  Destination:            design_1_i/hdmi/rgb2dvi_0/U0/LockLostReset/SyncAsyncx/oSyncStages_reg[0]/PRE
                            (recovery check against rising-edge clock axi_dynclk_0_PXL_CLK_O  {rise@0.000ns fall@4.000ns period=10.000ns})
  Path Group:             (none)
  Path Type:              Recovery (Max at Slow Process Corner)
  Data Path Delay:        2.315ns  (logic 0.124ns (5.356%)  route 2.191ns (94.644%))
  Logic Levels:           1  (LUT1=1)
  Clock Uncertainty:      0.160ns  ((TSJ^2 + DJ^2)^1/2) / 2 + PE
    Total System Jitter     (TSJ):    0.050ns
    Discrete Jitter          (DJ):    0.112ns
    Phase Error              (PE):    0.099ns
  Timing Exception:       False Path

    Location             Delay type                Incr(ns)  Path(ns)    Netlist Resource(s)
  -------------------------------------------------------------------    -------------------
    MMCME2_ADV_X1Y2      MMCME2_ADV                   0.000     0.000 r  design_1_i/hdmi/axi_dynclk_0/U0/Inst_mmcme2_drp/mmcm_adv_inst/LOCKED
                         net (fo=6, routed)           1.527     1.527    design_1_i/hdmi/rgb2dvi_0/U0/LockLostReset/aRst_n
    SLICE_X113Y124       LUT1 (Prop_lut1_I0_O)        0.124     1.651 f  design_1_i/hdmi/rgb2dvi_0/U0/LockLostReset/aRst_int_inferred_i_1/O
                         net (fo=2, routed)           0.665     2.315    design_1_i/hdmi/rgb2dvi_0/U0/LockLostReset/SyncAsyncx/AS[0]
    SLICE_X113Y124       FDPE                                         f  design_1_i/hdmi/rgb2dvi_0/U0/LockLostReset/SyncAsyncx/oSyncStages_reg[0]/PRE
  -------------------------------------------------------------------    -------------------

                         (clock axi_dynclk_0_PXL_CLK_O rise edge)
                                                      0.000     0.000 r  
    PS7_X0Y0             PS7                          0.000     0.000 r  design_1_i/processing_system7_0/inst/PS7_i/FCLKCLK[0]
                         net (fo=1, routed)           1.088     1.088    design_1_i/processing_system7_0/inst/FCLK_CLK_unbuffered[0]
    BUFGCTRL_X0Y16       BUFG (Prop_bufg_I_O)         0.091     1.179 r  design_1_i/processing_system7_0/inst/buffer_fclk_clk_0.FCLK_CLK_0_BUFG/O
                         net (fo=39223, routed)       1.770     2.949    design_1_i/hdmi/axi_dynclk_0/U0/Inst_mmcme2_drp/REF_CLK_I
    MMCME2_ADV_X1Y2      MMCME2_ADV (Prop_mmcme2_adv_CLKIN1_CLKOUT0)
                                                      0.083     3.032 r  design_1_i/hdmi/axi_dynclk_0/U0/Inst_mmcme2_drp/mmcm_adv_inst/CLKOUT0
                         net (fo=2, routed)           0.960     3.992    design_1_i/hdmi/axi_dynclk_0/U0/I
    BUFR_X1Y9            BUFR (Prop_bufr_I_O)         0.918     4.910 r  design_1_i/hdmi/axi_dynclk_0/U0/BUFR_inst/O
                         net (fo=2839, routed)        0.745     5.655    design_1_i/hdmi/rgb2dvi_0/U0/LockLostReset/SyncAsyncx/PixelClk
    SLICE_X113Y124       FDPE                                         r  design_1_i/hdmi/rgb2dvi_0/U0/LockLostReset/SyncAsyncx/oSyncStages_reg[0]/C

Slack:                    inf
  Source:                 design_1_i/hdmi/axi_dynclk_0/U0/Inst_mmcme2_drp/mmcm_adv_inst/LOCKED
                            (internal pin)
  Destination:            design_1_i/hdmi/rgb2dvi_0/U0/LockLostReset/SyncAsyncx/oSyncStages_reg[1]/PRE
                            (recovery check against rising-edge clock axi_dynclk_0_PXL_CLK_O  {rise@0.000ns fall@4.000ns period=10.000ns})
  Path Group:             (none)
  Path Type:              Recovery (Max at Slow Process Corner)
  Data Path Delay:        2.315ns  (logic 0.124ns (5.356%)  route 2.191ns (94.644%))
  Logic Levels:           1  (LUT1=1)
  Clock Uncertainty:      0.160ns  ((TSJ^2 + DJ^2)^1/2) / 2 + PE
    Total System Jitter     (TSJ):    0.050ns
    Discrete Jitter          (DJ):    0.112ns
    Phase Error              (PE):    0.099ns
  Timing Exception:       False Path

    Location             Delay type                Incr(ns)  Path(ns)    Netlist Resource(s)
  -------------------------------------------------------------------    -------------------
    MMCME2_ADV_X1Y2      MMCME2_ADV                   0.000     0.000 r  design_1_i/hdmi/axi_dynclk_0/U0/Inst_mmcme2_drp/mmcm_adv_inst/LOCKED
                         net (fo=6, routed)           1.527     1.527    design_1_i/hdmi/rgb2dvi_0/U0/LockLostReset/aRst_n
    SLICE_X113Y124       LUT1 (Prop_lut1_I0_O)        0.124     1.651 f  design_1_i/hdmi/rgb2dvi_0/U0/LockLostReset/aRst_int_inferred_i_1/O
                         net (fo=2, routed)           0.665     2.315    design_1_i/hdmi/rgb2dvi_0/U0/LockLostReset/SyncAsyncx/AS[0]
    SLICE_X113Y124       FDPE                                         f  design_1_i/hdmi/rgb2dvi_0/U0/LockLostReset/SyncAsyncx/oSyncStages_reg[1]/PRE
  -------------------------------------------------------------------    -------------------

                         (clock axi_dynclk_0_PXL_CLK_O rise edge)
                                                      0.000     0.000 r  
    PS7_X0Y0             PS7                          0.000     0.000 r  design_1_i/processing_system7_0/inst/PS7_i/FCLKCLK[0]
                         net (fo=1, routed)           1.088     1.088    design_1_i/processing_system7_0/inst/FCLK_CLK_unbuffered[0]
    BUFGCTRL_X0Y16       BUFG (Prop_bufg_I_O)         0.091     1.179 r  design_1_i/processing_system7_0/inst/buffer_fclk_clk_0.FCLK_CLK_0_BUFG/O
                         net (fo=39223, routed)       1.770     2.949    design_1_i/hdmi/axi_dynclk_0/U0/Inst_mmcme2_drp/REF_CLK_I
    MMCME2_ADV_X1Y2      MMCME2_ADV (Prop_mmcme2_adv_CLKIN1_CLKOUT0)
                                                      0.083     3.032 r  design_1_i/hdmi/axi_dynclk_0/U0/Inst_mmcme2_drp/mmcm_adv_inst/CLKOUT0
                         net (fo=2, routed)           0.960     3.992    design_1_i/hdmi/axi_dynclk_0/U0/I
    BUFR_X1Y9            BUFR (Prop_bufr_I_O)         0.918     4.910 r  design_1_i/hdmi/axi_dynclk_0/U0/BUFR_inst/O
                         net (fo=2839, routed)        0.745     5.655    design_1_i/hdmi/rgb2dvi_0/U0/LockLostReset/SyncAsyncx/PixelClk
    SLICE_X113Y124       FDPE                                         r  design_1_i/hdmi/rgb2dvi_0/U0/LockLostReset/SyncAsyncx/oSyncStages_reg[1]/C





Min Delay Paths
--------------------------------------------------------------------------------------
Slack:                    inf
  Source:                 design_1_i/hdmi/axi_dynclk_0/U0/Inst_mmcme2_drp/mmcm_adv_inst/LOCKED
                            (internal pin)
  Destination:            design_1_i/hdmi/rgb2dvi_0/U0/LockLostReset/SyncAsyncx/oSyncStages_reg[0]/PRE
                            (removal check against rising-edge clock axi_dynclk_0_PXL_CLK_O  {rise@0.000ns fall@4.000ns period=10.000ns})
  Path Group:             (none)
  Path Type:              Removal (Min at Fast Process Corner)
  Data Path Delay:        0.984ns  (logic 0.045ns (4.572%)  route 0.939ns (95.428%))
  Logic Levels:           1  (LUT1=1)
  Clock Uncertainty:      0.160ns  ((TSJ^2 + DJ^2)^1/2) / 2 + PE
    Total System Jitter     (TSJ):    0.050ns
    Discrete Jitter          (DJ):    0.112ns
    Phase Error              (PE):    0.099ns
  Timing Exception:       False Path

    Location             Delay type                Incr(ns)  Path(ns)    Netlist Resource(s)
  -------------------------------------------------------------------    -------------------
    MMCME2_ADV_X1Y2      MMCME2_ADV                   0.000     0.000 r  design_1_i/hdmi/axi_dynclk_0/U0/Inst_mmcme2_drp/mmcm_adv_inst/LOCKED
                         net (fo=6, routed)           0.610     0.610    design_1_i/hdmi/rgb2dvi_0/U0/LockLostReset/aRst_n
    SLICE_X113Y124       LUT1 (Prop_lut1_I0_O)        0.045     0.655 f  design_1_i/hdmi/rgb2dvi_0/U0/LockLostReset/aRst_int_inferred_i_1/O
                         net (fo=2, routed)           0.330     0.984    design_1_i/hdmi/rgb2dvi_0/U0/LockLostReset/SyncAsyncx/AS[0]
    SLICE_X113Y124       FDPE                                         f  design_1_i/hdmi/rgb2dvi_0/U0/LockLostReset/SyncAsyncx/oSyncStages_reg[0]/PRE
  -------------------------------------------------------------------    -------------------

                         (clock axi_dynclk_0_PXL_CLK_O rise edge)
                                                      0.000     0.000 r  
    PS7_X0Y0             PS7                          0.000     0.000 r  design_1_i/processing_system7_0/inst/PS7_i/FCLKCLK[0]
                         net (fo=1, routed)           0.337     0.337    design_1_i/processing_system7_0/inst/FCLK_CLK_unbuffered[0]
    BUFGCTRL_X0Y16       BUFG (Prop_bufg_I_O)         0.029     0.366 r  design_1_i/processing_system7_0/inst/buffer_fclk_clk_0.FCLK_CLK_0_BUFG/O
                         net (fo=39223, routed)       0.945     1.311    design_1_i/hdmi/axi_dynclk_0/U0/Inst_mmcme2_drp/REF_CLK_I
    MMCME2_ADV_X1Y2      MMCME2_ADV (Prop_mmcme2_adv_CLKIN1_CLKOUT0)
                                                      0.053     1.364 r  design_1_i/hdmi/axi_dynclk_0/U0/Inst_mmcme2_drp/mmcm_adv_inst/CLKOUT0
                         net (fo=2, routed)           0.402     1.766    design_1_i/hdmi/axi_dynclk_0/U0/I
    BUFR_X1Y9            BUFR (Prop_bufr_I_O)         0.431     2.197 r  design_1_i/hdmi/axi_dynclk_0/U0/BUFR_inst/O
                         net (fo=2839, routed)        0.284     2.481    design_1_i/hdmi/rgb2dvi_0/U0/LockLostReset/SyncAsyncx/PixelClk
    SLICE_X113Y124       FDPE                                         r  design_1_i/hdmi/rgb2dvi_0/U0/LockLostReset/SyncAsyncx/oSyncStages_reg[0]/C

Slack:                    inf
  Source:                 design_1_i/hdmi/axi_dynclk_0/U0/Inst_mmcme2_drp/mmcm_adv_inst/LOCKED
                            (internal pin)
  Destination:            design_1_i/hdmi/rgb2dvi_0/U0/LockLostReset/SyncAsyncx/oSyncStages_reg[1]/PRE
                            (removal check against rising-edge clock axi_dynclk_0_PXL_CLK_O  {rise@0.000ns fall@4.000ns period=10.000ns})
  Path Group:             (none)
  Path Type:              Removal (Min at Fast Process Corner)
  Data Path Delay:        0.984ns  (logic 0.045ns (4.572%)  route 0.939ns (95.428%))
  Logic Levels:           1  (LUT1=1)
  Clock Uncertainty:      0.160ns  ((TSJ^2 + DJ^2)^1/2) / 2 + PE
    Total System Jitter     (TSJ):    0.050ns
    Discrete Jitter          (DJ):    0.112ns
    Phase Error              (PE):    0.099ns
  Timing Exception:       False Path

    Location             Delay type                Incr(ns)  Path(ns)    Netlist Resource(s)
  -------------------------------------------------------------------    -------------------
    MMCME2_ADV_X1Y2      MMCME2_ADV                   0.000     0.000 r  design_1_i/hdmi/axi_dynclk_0/U0/Inst_mmcme2_drp/mmcm_adv_inst/LOCKED
                         net (fo=6, routed)           0.610     0.610    design_1_i/hdmi/rgb2dvi_0/U0/LockLostReset/aRst_n
    SLICE_X113Y124       LUT1 (Prop_lut1_I0_O)        0.045     0.655 f  design_1_i/hdmi/rgb2dvi_0/U0/LockLostReset/aRst_int_inferred_i_1/O
                         net (fo=2, routed)           0.330     0.984    design_1_i/hdmi/rgb2dvi_0/U0/LockLostReset/SyncAsyncx/AS[0]
    SLICE_X113Y124       FDPE                                         f  design_1_i/hdmi/rgb2dvi_0/U0/LockLostReset/SyncAsyncx/oSyncStages_reg[1]/PRE
  -------------------------------------------------------------------    -------------------

                         (clock axi_dynclk_0_PXL_CLK_O rise edge)
                                                      0.000     0.000 r  
    PS7_X0Y0             PS7                          0.000     0.000 r  design_1_i/processing_system7_0/inst/PS7_i/FCLKCLK[0]
                         net (fo=1, routed)           0.337     0.337    design_1_i/processing_system7_0/inst/FCLK_CLK_unbuffered[0]
    BUFGCTRL_X0Y16       BUFG (Prop_bufg_I_O)         0.029     0.366 r  design_1_i/processing_system7_0/inst/buffer_fclk_clk_0.FCLK_CLK_0_BUFG/O
                         net (fo=39223, routed)       0.945     1.311    design_1_i/hdmi/axi_dynclk_0/U0/Inst_mmcme2_drp/REF_CLK_I
    MMCME2_ADV_X1Y2      MMCME2_ADV (Prop_mmcme2_adv_CLKIN1_CLKOUT0)
                                                      0.053     1.364 r  design_1_i/hdmi/axi_dynclk_0/U0/Inst_mmcme2_drp/mmcm_adv_inst/CLKOUT0
                         net (fo=2, routed)           0.402     1.766    design_1_i/hdmi/axi_dynclk_0/U0/I
    BUFR_X1Y9            BUFR (Prop_bufr_I_O)         0.431     2.197 r  design_1_i/hdmi/axi_dynclk_0/U0/BUFR_inst/O
                         net (fo=2839, routed)        0.284     2.481    design_1_i/hdmi/rgb2dvi_0/U0/LockLostReset/SyncAsyncx/PixelClk
    SLICE_X113Y124       FDPE                                         r  design_1_i/hdmi/rgb2dvi_0/U0/LockLostReset/SyncAsyncx/oSyncStages_reg[1]/C





--------------------------------------------------------------------------------------
Path Group:  (none)
From Clock:  clk_fpga_0
  To Clock:  axi_dynclk_0_PXL_CLK_O

Max Delay             1 Endpoint
Min Delay            68 Endpoints
--------------------------------------------------------------------------------------


Max Delay Paths
--------------------------------------------------------------------------------------
Slack:                    inf
  Source:                 design_1_i/hdmi/v_axi4s_vid_out_0/inst/COUPLER_INST/generate_async_fifo.FIFO_INST/XPM_FIFO_ASYNC_INST/gnuram_async_fifo.xpm_fifo_base_inst/xpm_fifo_rst_inst/gen_rst_ic.fifo_wr_rst_ic_reg/C
                            (rising edge-triggered cell FDRE clocked by clk_fpga_0  {rise@0.000ns fall@5.000ns period=10.000ns})
  Destination:            design_1_i/hdmi/v_axi4s_vid_out_0/inst/COUPLER_INST/generate_async_fifo.FIFO_INST/XPM_FIFO_ASYNC_INST/gnuram_async_fifo.xpm_fifo_base_inst/xpm_fifo_rst_inst/gen_rst_ic.wrst_rd_inst/syncstages_ff_reg[0]/D
                            (rising edge-triggered cell FDRE clocked by axi_dynclk_0_PXL_CLK_O  {rise@0.000ns fall@4.000ns period=10.000ns})
  Path Group:             (none)
  Path Type:              Setup (Max at Slow Process Corner)
  Data Path Delay:        1.919ns  (logic 0.456ns (23.762%)  route 1.463ns (76.238%))
  Logic Levels:           0  
  Clock Path Skew:        2.599ns (DCD - SCD + CPR)
    Destination Clock Delay (DCD):    5.799ns
    Source Clock Delay      (SCD):    3.200ns
    Clock Pessimism Removal (CPR):    0.000ns
  Clock Uncertainty:      0.263ns  ((TSJ^2 + TIJ^2 + DJ^2)^1/2) / 2 + PE
    Total System Jitter     (TSJ):    0.071ns
    Total Input Jitter      (TIJ):    0.300ns
    Discrete Jitter          (DJ):    0.112ns
    Phase Error              (PE):    0.099ns
  Timing Exception:       False Path

    Location             Delay type                Incr(ns)  Path(ns)    Netlist Resource(s)
  -------------------------------------------------------------------    -------------------
                         (clock clk_fpga_0 rise edge)
                                                      0.000     0.000 r  
    PS7_X0Y0             PS7                          0.000     0.000 r  design_1_i/processing_system7_0/inst/PS7_i/FCLKCLK[0]
                         net (fo=1, routed)           1.193     1.193    design_1_i/processing_system7_0/inst/FCLK_CLK_unbuffered[0]
    BUFGCTRL_X0Y16       BUFG (Prop_bufg_I_O)         0.101     1.294 r  design_1_i/processing_system7_0/inst/buffer_fclk_clk_0.FCLK_CLK_0_BUFG/O
                         net (fo=39223, routed)       1.906     3.200    design_1_i/hdmi/v_axi4s_vid_out_0/inst/COUPLER_INST/generate_async_fifo.FIFO_INST/XPM_FIFO_ASYNC_INST/gnuram_async_fifo.xpm_fifo_base_inst/xpm_fifo_rst_inst/wr_clk
    SLICE_X63Y146        FDRE                                         r  design_1_i/hdmi/v_axi4s_vid_out_0/inst/COUPLER_INST/generate_async_fifo.FIFO_INST/XPM_FIFO_ASYNC_INST/gnuram_async_fifo.xpm_fifo_base_inst/xpm_fifo_rst_inst/gen_rst_ic.fifo_wr_rst_ic_reg/C
  -------------------------------------------------------------------    -------------------
    SLICE_X63Y146        FDRE (Prop_fdre_C_Q)         0.456     3.656 r  design_1_i/hdmi/v_axi4s_vid_out_0/inst/COUPLER_INST/generate_async_fifo.FIFO_INST/XPM_FIFO_ASYNC_INST/gnuram_async_fifo.xpm_fifo_base_inst/xpm_fifo_rst_inst/gen_rst_ic.fifo_wr_rst_ic_reg/Q
                         net (fo=2, routed)           1.463     5.119    design_1_i/hdmi/v_axi4s_vid_out_0/inst/COUPLER_INST/generate_async_fifo.FIFO_INST/XPM_FIFO_ASYNC_INST/gnuram_async_fifo.xpm_fifo_base_inst/xpm_fifo_rst_inst/gen_rst_ic.wrst_rd_inst/src_rst
    SLICE_X82Y123        FDRE                                         r  design_1_i/hdmi/v_axi4s_vid_out_0/inst/COUPLER_INST/generate_async_fifo.FIFO_INST/XPM_FIFO_ASYNC_INST/gnuram_async_fifo.xpm_fifo_base_inst/xpm_fifo_rst_inst/gen_rst_ic.wrst_rd_inst/syncstages_ff_reg[0]/D
  -------------------------------------------------------------------    -------------------

                         (clock axi_dynclk_0_PXL_CLK_O rise edge)
                                                      0.000     0.000 r  
    PS7_X0Y0             PS7                          0.000     0.000 r  design_1_i/processing_system7_0/inst/PS7_i/FCLKCLK[0]
                         net (fo=1, routed)           1.088     1.088    design_1_i/processing_system7_0/inst/FCLK_CLK_unbuffered[0]
    BUFGCTRL_X0Y16       BUFG (Prop_bufg_I_O)         0.091     1.179 r  design_1_i/processing_system7_0/inst/buffer_fclk_clk_0.FCLK_CLK_0_BUFG/O
                         net (fo=39223, routed)       1.770     2.949    design_1_i/hdmi/axi_dynclk_0/U0/Inst_mmcme2_drp/REF_CLK_I
    MMCME2_ADV_X1Y2      MMCME2_ADV (Prop_mmcme2_adv_CLKIN1_CLKOUT0)
                                                      0.083     3.032 r  design_1_i/hdmi/axi_dynclk_0/U0/Inst_mmcme2_drp/mmcm_adv_inst/CLKOUT0
                         net (fo=2, routed)           0.960     3.992    design_1_i/hdmi/axi_dynclk_0/U0/I
    BUFR_X1Y9            BUFR (Prop_bufr_I_O)         0.918     4.910 r  design_1_i/hdmi/axi_dynclk_0/U0/BUFR_inst/O
                         net (fo=2839, routed)        0.889     5.799    design_1_i/hdmi/v_axi4s_vid_out_0/inst/COUPLER_INST/generate_async_fifo.FIFO_INST/XPM_FIFO_ASYNC_INST/gnuram_async_fifo.xpm_fifo_base_inst/xpm_fifo_rst_inst/gen_rst_ic.wrst_rd_inst/dest_clk
    SLICE_X82Y123        FDRE                                         r  design_1_i/hdmi/v_axi4s_vid_out_0/inst/COUPLER_INST/generate_async_fifo.FIFO_INST/XPM_FIFO_ASYNC_INST/gnuram_async_fifo.xpm_fifo_base_inst/xpm_fifo_rst_inst/gen_rst_ic.wrst_rd_inst/syncstages_ff_reg[0]/C





Min Delay Paths
--------------------------------------------------------------------------------------
Slack:                    inf
  Source:                 design_1_i/hdmi/v_tc_0/U0/U_VIDEO_CTRL/AXI4_LITE_INTERFACE.proc_sync1_reg[28]/C
                            (rising edge-triggered cell FDRE clocked by clk_fpga_0  {rise@0.000ns fall@5.000ns period=10.000ns})
  Destination:            design_1_i/hdmi/v_tc_0/U0/U_VIDEO_CTRL/AXI4_LITE_INTERFACE.SYNC2VIDCLK_I/data_sync_reg[0][28]/D
                            (rising edge-triggered cell FDRE clocked by axi_dynclk_0_PXL_CLK_O  {rise@0.000ns fall@4.000ns period=10.000ns})
  Path Group:             (none)
  Path Type:              Hold (Min at Fast Process Corner)
  Data Path Delay:        0.235ns  (logic 0.128ns (54.475%)  route 0.107ns (45.525%))
  Logic Levels:           0  
  Clock Path Skew:        1.606ns (DCD - SCD - CPR)
    Destination Clock Delay (DCD):    2.576ns
    Source Clock Delay      (SCD):    0.970ns
    Clock Pessimism Removal (CPR):    -0.000ns
  Clock Uncertainty:      0.263ns  ((TSJ^2 + TIJ^2 + DJ^2)^1/2) / 2 + PE
    Total System Jitter     (TSJ):    0.071ns
    Total Input Jitter      (TIJ):    0.300ns
    Discrete Jitter          (DJ):    0.112ns
    Phase Error              (PE):    0.099ns
  Timing Exception:       False Path

    Location             Delay type                Incr(ns)  Path(ns)    Netlist Resource(s)
  -------------------------------------------------------------------    -------------------
                         (clock clk_fpga_0 rise edge)
                                                      0.000     0.000 r  
    PS7_X0Y0             PS7                          0.000     0.000 r  design_1_i/processing_system7_0/inst/PS7_i/FCLKCLK[0]
                         net (fo=1, routed)           0.310     0.310    design_1_i/processing_system7_0/inst/FCLK_CLK_unbuffered[0]
    BUFGCTRL_X0Y16       BUFG (Prop_bufg_I_O)         0.026     0.336 r  design_1_i/processing_system7_0/inst/buffer_fclk_clk_0.FCLK_CLK_0_BUFG/O
                         net (fo=39223, routed)       0.634     0.970    design_1_i/hdmi/v_tc_0/U0/U_VIDEO_CTRL/aclk
    SLICE_X52Y104        FDRE                                         r  design_1_i/hdmi/v_tc_0/U0/U_VIDEO_CTRL/AXI4_LITE_INTERFACE.proc_sync1_reg[28]/C
  -------------------------------------------------------------------    -------------------
    SLICE_X52Y104        FDRE (Prop_fdre_C_Q)         0.128     1.098 r  design_1_i/hdmi/v_tc_0/U0/U_VIDEO_CTRL/AXI4_LITE_INTERFACE.proc_sync1_reg[28]/Q
                         net (fo=1, routed)           0.107     1.205    design_1_i/hdmi/v_tc_0/U0/U_VIDEO_CTRL/AXI4_LITE_INTERFACE.SYNC2VIDCLK_I/data_sync_reg[0][44]_0[28]
    SLICE_X51Y104        FDRE                                         r  design_1_i/hdmi/v_tc_0/U0/U_VIDEO_CTRL/AXI4_LITE_INTERFACE.SYNC2VIDCLK_I/data_sync_reg[0][28]/D
  -------------------------------------------------------------------    -------------------

                         (clock axi_dynclk_0_PXL_CLK_O rise edge)
                                                      0.000     0.000 r  
    PS7_X0Y0             PS7                          0.000     0.000 r  design_1_i/processing_system7_0/inst/PS7_i/FCLKCLK[0]
                         net (fo=1, routed)           0.337     0.337    design_1_i/processing_system7_0/inst/FCLK_CLK_unbuffered[0]
    BUFGCTRL_X0Y16       BUFG (Prop_bufg_I_O)         0.029     0.366 r  design_1_i/processing_system7_0/inst/buffer_fclk_clk_0.FCLK_CLK_0_BUFG/O
                         net (fo=39223, routed)       0.945     1.311    design_1_i/hdmi/axi_dynclk_0/U0/Inst_mmcme2_drp/REF_CLK_I
    MMCME2_ADV_X1Y2      MMCME2_ADV (Prop_mmcme2_adv_CLKIN1_CLKOUT0)
                                                      0.053     1.364 r  design_1_i/hdmi/axi_dynclk_0/U0/Inst_mmcme2_drp/mmcm_adv_inst/CLKOUT0
                         net (fo=2, routed)           0.402     1.766    design_1_i/hdmi/axi_dynclk_0/U0/I
    BUFR_X1Y9            BUFR (Prop_bufr_I_O)         0.431     2.197 r  design_1_i/hdmi/axi_dynclk_0/U0/BUFR_inst/O
                         net (fo=2839, routed)        0.379     2.576    design_1_i/hdmi/v_tc_0/U0/U_VIDEO_CTRL/AXI4_LITE_INTERFACE.SYNC2VIDCLK_I/vid_aclk
    SLICE_X51Y104        FDRE                                         r  design_1_i/hdmi/v_tc_0/U0/U_VIDEO_CTRL/AXI4_LITE_INTERFACE.SYNC2VIDCLK_I/data_sync_reg[0][28]/C

Slack:                    inf
  Source:                 design_1_i/hdmi/v_tc_0/U0/U_VIDEO_CTRL/AXI4_LITE_INTERFACE.proc_sync1_reg[3]/C
                            (rising edge-triggered cell FDRE clocked by clk_fpga_0  {rise@0.000ns fall@5.000ns period=10.000ns})
  Destination:            design_1_i/hdmi/v_tc_0/U0/U_VIDEO_CTRL/AXI4_LITE_INTERFACE.SYNC2VIDCLK_I/data_sync_reg[0][3]/D
                            (rising edge-triggered cell FDRE clocked by axi_dynclk_0_PXL_CLK_O  {rise@0.000ns fall@4.000ns period=10.000ns})
  Path Group:             (none)
  Path Type:              Hold (Min at Fast Process Corner)
  Data Path Delay:        0.246ns  (logic 0.141ns (57.277%)  route 0.105ns (42.723%))
  Logic Levels:           0  
  Clock Path Skew:        1.603ns (DCD - SCD - CPR)
    Destination Clock Delay (DCD):    2.566ns
    Source Clock Delay      (SCD):    0.963ns
    Clock Pessimism Removal (CPR):    -0.000ns
  Clock Uncertainty:      0.263ns  ((TSJ^2 + TIJ^2 + DJ^2)^1/2) / 2 + PE
    Total System Jitter     (TSJ):    0.071ns
    Total Input Jitter      (TIJ):    0.300ns
    Discrete Jitter          (DJ):    0.112ns
    Phase Error              (PE):    0.099ns
  Timing Exception:       False Path

    Location             Delay type                Incr(ns)  Path(ns)    Netlist Resource(s)
  -------------------------------------------------------------------    -------------------
                         (clock clk_fpga_0 rise edge)
                                                      0.000     0.000 r  
    PS7_X0Y0             PS7                          0.000     0.000 r  design_1_i/processing_system7_0/inst/PS7_i/FCLKCLK[0]
                         net (fo=1, routed)           0.310     0.310    design_1_i/processing_system7_0/inst/FCLK_CLK_unbuffered[0]
    BUFGCTRL_X0Y16       BUFG (Prop_bufg_I_O)         0.026     0.336 r  design_1_i/processing_system7_0/inst/buffer_fclk_clk_0.FCLK_CLK_0_BUFG/O
                         net (fo=39223, routed)       0.627     0.963    design_1_i/hdmi/v_tc_0/U0/U_VIDEO_CTRL/aclk
    SLICE_X53Y118        FDRE                                         r  design_1_i/hdmi/v_tc_0/U0/U_VIDEO_CTRL/AXI4_LITE_INTERFACE.proc_sync1_reg[3]/C
  -------------------------------------------------------------------    -------------------
    SLICE_X53Y118        FDRE (Prop_fdre_C_Q)         0.141     1.104 r  design_1_i/hdmi/v_tc_0/U0/U_VIDEO_CTRL/AXI4_LITE_INTERFACE.proc_sync1_reg[3]/Q
                         net (fo=1, routed)           0.105     1.209    design_1_i/hdmi/v_tc_0/U0/U_VIDEO_CTRL/AXI4_LITE_INTERFACE.SYNC2VIDCLK_I/data_sync_reg[0][44]_0[3]
    SLICE_X53Y119        FDRE                                         r  design_1_i/hdmi/v_tc_0/U0/U_VIDEO_CTRL/AXI4_LITE_INTERFACE.SYNC2VIDCLK_I/data_sync_reg[0][3]/D
  -------------------------------------------------------------------    -------------------

                         (clock axi_dynclk_0_PXL_CLK_O rise edge)
                                                      0.000     0.000 r  
    PS7_X0Y0             PS7                          0.000     0.000 r  design_1_i/processing_system7_0/inst/PS7_i/FCLKCLK[0]
                         net (fo=1, routed)           0.337     0.337    design_1_i/processing_system7_0/inst/FCLK_CLK_unbuffered[0]
    BUFGCTRL_X0Y16       BUFG (Prop_bufg_I_O)         0.029     0.366 r  design_1_i/processing_system7_0/inst/buffer_fclk_clk_0.FCLK_CLK_0_BUFG/O
                         net (fo=39223, routed)       0.945     1.311    design_1_i/hdmi/axi_dynclk_0/U0/Inst_mmcme2_drp/REF_CLK_I
    MMCME2_ADV_X1Y2      MMCME2_ADV (Prop_mmcme2_adv_CLKIN1_CLKOUT0)
                                                      0.053     1.364 r  design_1_i/hdmi/axi_dynclk_0/U0/Inst_mmcme2_drp/mmcm_adv_inst/CLKOUT0
                         net (fo=2, routed)           0.402     1.766    design_1_i/hdmi/axi_dynclk_0/U0/I
    BUFR_X1Y9            BUFR (Prop_bufr_I_O)         0.431     2.197 r  design_1_i/hdmi/axi_dynclk_0/U0/BUFR_inst/O
                         net (fo=2839, routed)        0.369     2.566    design_1_i/hdmi/v_tc_0/U0/U_VIDEO_CTRL/AXI4_LITE_INTERFACE.SYNC2VIDCLK_I/vid_aclk
    SLICE_X53Y119        FDRE                                         r  design_1_i/hdmi/v_tc_0/U0/U_VIDEO_CTRL/AXI4_LITE_INTERFACE.SYNC2VIDCLK_I/data_sync_reg[0][3]/C

Slack:                    inf
  Source:                 design_1_i/hdmi/v_tc_0/U0/U_VIDEO_CTRL/AXI4_LITE_INTERFACE.proc_sync1_reg[21]/C
                            (rising edge-triggered cell FDRE clocked by clk_fpga_0  {rise@0.000ns fall@5.000ns period=10.000ns})
  Destination:            design_1_i/hdmi/v_tc_0/U0/U_VIDEO_CTRL/AXI4_LITE_INTERFACE.SYNC2VIDCLK_I/data_sync_reg[0][21]/D
                            (rising edge-triggered cell FDRE clocked by axi_dynclk_0_PXL_CLK_O  {rise@0.000ns fall@4.000ns period=10.000ns})
  Path Group:             (none)
  Path Type:              Hold (Min at Fast Process Corner)
  Data Path Delay:        0.242ns  (logic 0.141ns (58.201%)  route 0.101ns (41.799%))
  Logic Levels:           0  
  Clock Path Skew:        1.559ns (DCD - SCD - CPR)
    Destination Clock Delay (DCD):    2.542ns
    Source Clock Delay      (SCD):    0.983ns
    Clock Pessimism Removal (CPR):    -0.000ns
  Clock Uncertainty:      0.263ns  ((TSJ^2 + TIJ^2 + DJ^2)^1/2) / 2 + PE
    Total System Jitter     (TSJ):    0.071ns
    Total Input Jitter      (TIJ):    0.300ns
    Discrete Jitter          (DJ):    0.112ns
    Phase Error              (PE):    0.099ns
  Timing Exception:       False Path

    Location             Delay type                Incr(ns)  Path(ns)    Netlist Resource(s)
  -------------------------------------------------------------------    -------------------
                         (clock clk_fpga_0 rise edge)
                                                      0.000     0.000 r  
    PS7_X0Y0             PS7                          0.000     0.000 r  design_1_i/processing_system7_0/inst/PS7_i/FCLKCLK[0]
                         net (fo=1, routed)           0.310     0.310    design_1_i/processing_system7_0/inst/FCLK_CLK_unbuffered[0]
    BUFGCTRL_X0Y16       BUFG (Prop_bufg_I_O)         0.026     0.336 r  design_1_i/processing_system7_0/inst/buffer_fclk_clk_0.FCLK_CLK_0_BUFG/O
                         net (fo=39223, routed)       0.647     0.983    design_1_i/hdmi/v_tc_0/U0/U_VIDEO_CTRL/aclk
    SLICE_X56Y123        FDRE                                         r  design_1_i/hdmi/v_tc_0/U0/U_VIDEO_CTRL/AXI4_LITE_INTERFACE.proc_sync1_reg[21]/C
  -------------------------------------------------------------------    -------------------
    SLICE_X56Y123        FDRE (Prop_fdre_C_Q)         0.141     1.124 r  design_1_i/hdmi/v_tc_0/U0/U_VIDEO_CTRL/AXI4_LITE_INTERFACE.proc_sync1_reg[21]/Q
                         net (fo=1, routed)           0.101     1.225    design_1_i/hdmi/v_tc_0/U0/U_VIDEO_CTRL/AXI4_LITE_INTERFACE.SYNC2VIDCLK_I/data_sync_reg[0][44]_0[21]
    SLICE_X58Y124        FDRE                                         r  design_1_i/hdmi/v_tc_0/U0/U_VIDEO_CTRL/AXI4_LITE_INTERFACE.SYNC2VIDCLK_I/data_sync_reg[0][21]/D
  -------------------------------------------------------------------    -------------------

                         (clock axi_dynclk_0_PXL_CLK_O rise edge)
                                                      0.000     0.000 r  
    PS7_X0Y0             PS7                          0.000     0.000 r  design_1_i/processing_system7_0/inst/PS7_i/FCLKCLK[0]
                         net (fo=1, routed)           0.337     0.337    design_1_i/processing_system7_0/inst/FCLK_CLK_unbuffered[0]
    BUFGCTRL_X0Y16       BUFG (Prop_bufg_I_O)         0.029     0.366 r  design_1_i/processing_system7_0/inst/buffer_fclk_clk_0.FCLK_CLK_0_BUFG/O
                         net (fo=39223, routed)       0.945     1.311    design_1_i/hdmi/axi_dynclk_0/U0/Inst_mmcme2_drp/REF_CLK_I
    MMCME2_ADV_X1Y2      MMCME2_ADV (Prop_mmcme2_adv_CLKIN1_CLKOUT0)
                                                      0.053     1.364 r  design_1_i/hdmi/axi_dynclk_0/U0/Inst_mmcme2_drp/mmcm_adv_inst/CLKOUT0
                         net (fo=2, routed)           0.402     1.766    design_1_i/hdmi/axi_dynclk_0/U0/I
    BUFR_X1Y9            BUFR (Prop_bufr_I_O)         0.431     2.197 r  design_1_i/hdmi/axi_dynclk_0/U0/BUFR_inst/O
                         net (fo=2839, routed)        0.345     2.542    design_1_i/hdmi/v_tc_0/U0/U_VIDEO_CTRL/AXI4_LITE_INTERFACE.SYNC2VIDCLK_I/vid_aclk
    SLICE_X58Y124        FDRE                                         r  design_1_i/hdmi/v_tc_0/U0/U_VIDEO_CTRL/AXI4_LITE_INTERFACE.SYNC2VIDCLK_I/data_sync_reg[0][21]/C

Slack:                    inf
  Source:                 design_1_i/hdmi/v_tc_0/U0/U_VIDEO_CTRL/AXI4_LITE_INTERFACE.proc_sync1_reg[25]/C
                            (rising edge-triggered cell FDRE clocked by clk_fpga_0  {rise@0.000ns fall@5.000ns period=10.000ns})
  Destination:            design_1_i/hdmi/v_tc_0/U0/U_VIDEO_CTRL/AXI4_LITE_INTERFACE.SYNC2VIDCLK_I/data_sync_reg[0][25]/D
                            (rising edge-triggered cell FDRE clocked by axi_dynclk_0_PXL_CLK_O  {rise@0.000ns fall@4.000ns period=10.000ns})
  Path Group:             (none)
  Path Type:              Hold (Min at Fast Process Corner)
  Data Path Delay:        0.253ns  (logic 0.141ns (55.686%)  route 0.112ns (44.314%))
  Logic Levels:           0  
  Clock Path Skew:        1.560ns (DCD - SCD - CPR)
    Destination Clock Delay (DCD):    2.543ns
    Source Clock Delay      (SCD):    0.983ns
    Clock Pessimism Removal (CPR):    -0.000ns
  Clock Uncertainty:      0.263ns  ((TSJ^2 + TIJ^2 + DJ^2)^1/2) / 2 + PE
    Total System Jitter     (TSJ):    0.071ns
    Total Input Jitter      (TIJ):    0.300ns
    Discrete Jitter          (DJ):    0.112ns
    Phase Error              (PE):    0.099ns
  Timing Exception:       False Path

    Location             Delay type                Incr(ns)  Path(ns)    Netlist Resource(s)
  -------------------------------------------------------------------    -------------------
                         (clock clk_fpga_0 rise edge)
                                                      0.000     0.000 r  
    PS7_X0Y0             PS7                          0.000     0.000 r  design_1_i/processing_system7_0/inst/PS7_i/FCLKCLK[0]
                         net (fo=1, routed)           0.310     0.310    design_1_i/processing_system7_0/inst/FCLK_CLK_unbuffered[0]
    BUFGCTRL_X0Y16       BUFG (Prop_bufg_I_O)         0.026     0.336 r  design_1_i/processing_system7_0/inst/buffer_fclk_clk_0.FCLK_CLK_0_BUFG/O
                         net (fo=39223, routed)       0.647     0.983    design_1_i/hdmi/v_tc_0/U0/U_VIDEO_CTRL/aclk
    SLICE_X56Y123        FDRE                                         r  design_1_i/hdmi/v_tc_0/U0/U_VIDEO_CTRL/AXI4_LITE_INTERFACE.proc_sync1_reg[25]/C
  -------------------------------------------------------------------    -------------------
    SLICE_X56Y123        FDRE (Prop_fdre_C_Q)         0.141     1.124 r  design_1_i/hdmi/v_tc_0/U0/U_VIDEO_CTRL/AXI4_LITE_INTERFACE.proc_sync1_reg[25]/Q
                         net (fo=1, routed)           0.112     1.236    design_1_i/hdmi/v_tc_0/U0/U_VIDEO_CTRL/AXI4_LITE_INTERFACE.SYNC2VIDCLK_I/data_sync_reg[0][44]_0[25]
    SLICE_X57Y123        FDRE                                         r  design_1_i/hdmi/v_tc_0/U0/U_VIDEO_CTRL/AXI4_LITE_INTERFACE.SYNC2VIDCLK_I/data_sync_reg[0][25]/D
  -------------------------------------------------------------------    -------------------

                         (clock axi_dynclk_0_PXL_CLK_O rise edge)
                                                      0.000     0.000 r  
    PS7_X0Y0             PS7                          0.000     0.000 r  design_1_i/processing_system7_0/inst/PS7_i/FCLKCLK[0]
                         net (fo=1, routed)           0.337     0.337    design_1_i/processing_system7_0/inst/FCLK_CLK_unbuffered[0]
    BUFGCTRL_X0Y16       BUFG (Prop_bufg_I_O)         0.029     0.366 r  design_1_i/processing_system7_0/inst/buffer_fclk_clk_0.FCLK_CLK_0_BUFG/O
                         net (fo=39223, routed)       0.945     1.311    design_1_i/hdmi/axi_dynclk_0/U0/Inst_mmcme2_drp/REF_CLK_I
    MMCME2_ADV_X1Y2      MMCME2_ADV (Prop_mmcme2_adv_CLKIN1_CLKOUT0)
                                                      0.053     1.364 r  design_1_i/hdmi/axi_dynclk_0/U0/Inst_mmcme2_drp/mmcm_adv_inst/CLKOUT0
                         net (fo=2, routed)           0.402     1.766    design_1_i/hdmi/axi_dynclk_0/U0/I
    BUFR_X1Y9            BUFR (Prop_bufr_I_O)         0.431     2.197 r  design_1_i/hdmi/axi_dynclk_0/U0/BUFR_inst/O
                         net (fo=2839, routed)        0.346     2.543    design_1_i/hdmi/v_tc_0/U0/U_VIDEO_CTRL/AXI4_LITE_INTERFACE.SYNC2VIDCLK_I/vid_aclk
    SLICE_X57Y123        FDRE                                         r  design_1_i/hdmi/v_tc_0/U0/U_VIDEO_CTRL/AXI4_LITE_INTERFACE.SYNC2VIDCLK_I/data_sync_reg[0][25]/C

Slack:                    inf
  Source:                 design_1_i/hdmi/v_tc_0/U0/U_VIDEO_CTRL/AXI4_LITE_INTERFACE.proc_sync1_reg[17]/C
                            (rising edge-triggered cell FDRE clocked by clk_fpga_0  {rise@0.000ns fall@5.000ns period=10.000ns})
  Destination:            design_1_i/hdmi/v_tc_0/U0/U_VIDEO_CTRL/AXI4_LITE_INTERFACE.SYNC2VIDCLK_I/data_sync_reg[0][17]/D
                            (rising edge-triggered cell FDRE clocked by axi_dynclk_0_PXL_CLK_O  {rise@0.000ns fall@4.000ns period=10.000ns})
  Path Group:             (none)
  Path Type:              Hold (Min at Fast Process Corner)
  Data Path Delay:        0.281ns  (logic 0.141ns (50.123%)  route 0.140ns (49.877%))
  Logic Levels:           0  
  Clock Path Skew:        1.605ns (DCD - SCD - CPR)
    Destination Clock Delay (DCD):    2.570ns
    Source Clock Delay      (SCD):    0.965ns
    Clock Pessimism Removal (CPR):    -0.000ns
  Clock Uncertainty:      0.263ns  ((TSJ^2 + TIJ^2 + DJ^2)^1/2) / 2 + PE
    Total System Jitter     (TSJ):    0.071ns
    Total Input Jitter      (TIJ):    0.300ns
    Discrete Jitter          (DJ):    0.112ns
    Phase Error              (PE):    0.099ns
  Timing Exception:       False Path

    Location             Delay type                Incr(ns)  Path(ns)    Netlist Resource(s)
  -------------------------------------------------------------------    -------------------
                         (clock clk_fpga_0 rise edge)
                                                      0.000     0.000 r  
    PS7_X0Y0             PS7                          0.000     0.000 r  design_1_i/processing_system7_0/inst/PS7_i/FCLKCLK[0]
                         net (fo=1, routed)           0.310     0.310    design_1_i/processing_system7_0/inst/FCLK_CLK_unbuffered[0]
    BUFGCTRL_X0Y16       BUFG (Prop_bufg_I_O)         0.026     0.336 r  design_1_i/processing_system7_0/inst/buffer_fclk_clk_0.FCLK_CLK_0_BUFG/O
                         net (fo=39223, routed)       0.629     0.965    design_1_i/hdmi/v_tc_0/U0/U_VIDEO_CTRL/aclk
    SLICE_X51Y116        FDRE                                         r  design_1_i/hdmi/v_tc_0/U0/U_VIDEO_CTRL/AXI4_LITE_INTERFACE.proc_sync1_reg[17]/C
  -------------------------------------------------------------------    -------------------
    SLICE_X51Y116        FDRE (Prop_fdre_C_Q)         0.141     1.106 r  design_1_i/hdmi/v_tc_0/U0/U_VIDEO_CTRL/AXI4_LITE_INTERFACE.proc_sync1_reg[17]/Q
                         net (fo=1, routed)           0.140     1.246    design_1_i/hdmi/v_tc_0/U0/U_VIDEO_CTRL/AXI4_LITE_INTERFACE.SYNC2VIDCLK_I/data_sync_reg[0][44]_0[17]
    SLICE_X51Y115        FDRE                                         r  design_1_i/hdmi/v_tc_0/U0/U_VIDEO_CTRL/AXI4_LITE_INTERFACE.SYNC2VIDCLK_I/data_sync_reg[0][17]/D
  -------------------------------------------------------------------    -------------------

                         (clock axi_dynclk_0_PXL_CLK_O rise edge)
                                                      0.000     0.000 r  
    PS7_X0Y0             PS7                          0.000     0.000 r  design_1_i/processing_system7_0/inst/PS7_i/FCLKCLK[0]
                         net (fo=1, routed)           0.337     0.337    design_1_i/processing_system7_0/inst/FCLK_CLK_unbuffered[0]
    BUFGCTRL_X0Y16       BUFG (Prop_bufg_I_O)         0.029     0.366 r  design_1_i/processing_system7_0/inst/buffer_fclk_clk_0.FCLK_CLK_0_BUFG/O
                         net (fo=39223, routed)       0.945     1.311    design_1_i/hdmi/axi_dynclk_0/U0/Inst_mmcme2_drp/REF_CLK_I
    MMCME2_ADV_X1Y2      MMCME2_ADV (Prop_mmcme2_adv_CLKIN1_CLKOUT0)
                                                      0.053     1.364 r  design_1_i/hdmi/axi_dynclk_0/U0/Inst_mmcme2_drp/mmcm_adv_inst/CLKOUT0
                         net (fo=2, routed)           0.402     1.766    design_1_i/hdmi/axi_dynclk_0/U0/I
    BUFR_X1Y9            BUFR (Prop_bufr_I_O)         0.431     2.197 r  design_1_i/hdmi/axi_dynclk_0/U0/BUFR_inst/O
                         net (fo=2839, routed)        0.373     2.570    design_1_i/hdmi/v_tc_0/U0/U_VIDEO_CTRL/AXI4_LITE_INTERFACE.SYNC2VIDCLK_I/vid_aclk
    SLICE_X51Y115        FDRE                                         r  design_1_i/hdmi/v_tc_0/U0/U_VIDEO_CTRL/AXI4_LITE_INTERFACE.SYNC2VIDCLK_I/data_sync_reg[0][17]/C

Slack:                    inf
  Source:                 design_1_i/hdmi/v_tc_0/U0/U_VIDEO_CTRL/AXI4_LITE_INTERFACE.proc_sync1_reg[39]/C
                            (rising edge-triggered cell FDRE clocked by clk_fpga_0  {rise@0.000ns fall@5.000ns period=10.000ns})
  Destination:            design_1_i/hdmi/v_tc_0/U0/U_VIDEO_CTRL/AXI4_LITE_INTERFACE.SYNC2VIDCLK_I/data_sync_reg[0][39]/D
                            (rising edge-triggered cell FDRE clocked by axi_dynclk_0_PXL_CLK_O  {rise@0.000ns fall@4.000ns period=10.000ns})
  Path Group:             (none)
  Path Type:              Hold (Min at Fast Process Corner)
  Data Path Delay:        0.290ns  (logic 0.128ns (44.166%)  route 0.162ns (55.834%))
  Logic Levels:           0  
  Clock Path Skew:        1.602ns (DCD - SCD - CPR)
    Destination Clock Delay (DCD):    2.560ns
    Source Clock Delay      (SCD):    0.958ns
    Clock Pessimism Removal (CPR):    -0.000ns
  Clock Uncertainty:      0.263ns  ((TSJ^2 + TIJ^2 + DJ^2)^1/2) / 2 + PE
    Total System Jitter     (TSJ):    0.071ns
    Total Input Jitter      (TIJ):    0.300ns
    Discrete Jitter          (DJ):    0.112ns
    Phase Error              (PE):    0.099ns
  Timing Exception:       False Path

    Location             Delay type                Incr(ns)  Path(ns)    Netlist Resource(s)
  -------------------------------------------------------------------    -------------------
                         (clock clk_fpga_0 rise edge)
                                                      0.000     0.000 r  
    PS7_X0Y0             PS7                          0.000     0.000 r  design_1_i/processing_system7_0/inst/PS7_i/FCLKCLK[0]
                         net (fo=1, routed)           0.310     0.310    design_1_i/processing_system7_0/inst/FCLK_CLK_unbuffered[0]
    BUFGCTRL_X0Y16       BUFG (Prop_bufg_I_O)         0.026     0.336 r  design_1_i/processing_system7_0/inst/buffer_fclk_clk_0.FCLK_CLK_0_BUFG/O
                         net (fo=39223, routed)       0.622     0.958    design_1_i/hdmi/v_tc_0/U0/U_VIDEO_CTRL/aclk
    SLICE_X51Y126        FDRE                                         r  design_1_i/hdmi/v_tc_0/U0/U_VIDEO_CTRL/AXI4_LITE_INTERFACE.proc_sync1_reg[39]/C
  -------------------------------------------------------------------    -------------------
    SLICE_X51Y126        FDRE (Prop_fdre_C_Q)         0.128     1.086 r  design_1_i/hdmi/v_tc_0/U0/U_VIDEO_CTRL/AXI4_LITE_INTERFACE.proc_sync1_reg[39]/Q
                         net (fo=1, routed)           0.162     1.248    design_1_i/hdmi/v_tc_0/U0/U_VIDEO_CTRL/AXI4_LITE_INTERFACE.SYNC2VIDCLK_I/data_sync_reg[0][44]_0[39]
    SLICE_X52Y125        FDRE                                         r  design_1_i/hdmi/v_tc_0/U0/U_VIDEO_CTRL/AXI4_LITE_INTERFACE.SYNC2VIDCLK_I/data_sync_reg[0][39]/D
  -------------------------------------------------------------------    -------------------

                         (clock axi_dynclk_0_PXL_CLK_O rise edge)
                                                      0.000     0.000 r  
    PS7_X0Y0             PS7                          0.000     0.000 r  design_1_i/processing_system7_0/inst/PS7_i/FCLKCLK[0]
                         net (fo=1, routed)           0.337     0.337    design_1_i/processing_system7_0/inst/FCLK_CLK_unbuffered[0]
    BUFGCTRL_X0Y16       BUFG (Prop_bufg_I_O)         0.029     0.366 r  design_1_i/processing_system7_0/inst/buffer_fclk_clk_0.FCLK_CLK_0_BUFG/O
                         net (fo=39223, routed)       0.945     1.311    design_1_i/hdmi/axi_dynclk_0/U0/Inst_mmcme2_drp/REF_CLK_I
    MMCME2_ADV_X1Y2      MMCME2_ADV (Prop_mmcme2_adv_CLKIN1_CLKOUT0)
                                                      0.053     1.364 r  design_1_i/hdmi/axi_dynclk_0/U0/Inst_mmcme2_drp/mmcm_adv_inst/CLKOUT0
                         net (fo=2, routed)           0.402     1.766    design_1_i/hdmi/axi_dynclk_0/U0/I
    BUFR_X1Y9            BUFR (Prop_bufr_I_O)         0.431     2.197 r  design_1_i/hdmi/axi_dynclk_0/U0/BUFR_inst/O
                         net (fo=2839, routed)        0.363     2.560    design_1_i/hdmi/v_tc_0/U0/U_VIDEO_CTRL/AXI4_LITE_INTERFACE.SYNC2VIDCLK_I/vid_aclk
    SLICE_X52Y125        FDRE                                         r  design_1_i/hdmi/v_tc_0/U0/U_VIDEO_CTRL/AXI4_LITE_INTERFACE.SYNC2VIDCLK_I/data_sync_reg[0][39]/C

Slack:                    inf
  Source:                 design_1_i/hdmi/v_tc_0/U0/U_VIDEO_CTRL/AXI4_LITE_INTERFACE.proc_sync1_reg[44]/C
                            (rising edge-triggered cell FDRE clocked by clk_fpga_0  {rise@0.000ns fall@5.000ns period=10.000ns})
  Destination:            design_1_i/hdmi/v_tc_0/U0/U_VIDEO_CTRL/AXI4_LITE_INTERFACE.SYNC2VIDCLK_I/data_sync_reg[0][44]/D
                            (rising edge-triggered cell FDRE clocked by axi_dynclk_0_PXL_CLK_O  {rise@0.000ns fall@4.000ns period=10.000ns})
  Path Group:             (none)
  Path Type:              Hold (Min at Fast Process Corner)
  Data Path Delay:        0.263ns  (logic 0.148ns (56.250%)  route 0.115ns (43.750%))
  Logic Levels:           0  
  Clock Path Skew:        1.564ns (DCD - SCD - CPR)
    Destination Clock Delay (DCD):    2.558ns
    Source Clock Delay      (SCD):    0.994ns
    Clock Pessimism Removal (CPR):    -0.000ns
  Clock Uncertainty:      0.263ns  ((TSJ^2 + TIJ^2 + DJ^2)^1/2) / 2 + PE
    Total System Jitter     (TSJ):    0.071ns
    Total Input Jitter      (TIJ):    0.300ns
    Discrete Jitter          (DJ):    0.112ns
    Phase Error              (PE):    0.099ns
  Timing Exception:       False Path

    Location             Delay type                Incr(ns)  Path(ns)    Netlist Resource(s)
  -------------------------------------------------------------------    -------------------
                         (clock clk_fpga_0 rise edge)
                                                      0.000     0.000 r  
    PS7_X0Y0             PS7                          0.000     0.000 r  design_1_i/processing_system7_0/inst/PS7_i/FCLKCLK[0]
                         net (fo=1, routed)           0.310     0.310    design_1_i/processing_system7_0/inst/FCLK_CLK_unbuffered[0]
    BUFGCTRL_X0Y16       BUFG (Prop_bufg_I_O)         0.026     0.336 r  design_1_i/processing_system7_0/inst/buffer_fclk_clk_0.FCLK_CLK_0_BUFG/O
                         net (fo=39223, routed)       0.658     0.994    design_1_i/hdmi/v_tc_0/U0/U_VIDEO_CTRL/aclk
    SLICE_X54Y104        FDRE                                         r  design_1_i/hdmi/v_tc_0/U0/U_VIDEO_CTRL/AXI4_LITE_INTERFACE.proc_sync1_reg[44]/C
  -------------------------------------------------------------------    -------------------
    SLICE_X54Y104        FDRE (Prop_fdre_C_Q)         0.148     1.142 r  design_1_i/hdmi/v_tc_0/U0/U_VIDEO_CTRL/AXI4_LITE_INTERFACE.proc_sync1_reg[44]/Q
                         net (fo=1, routed)           0.115     1.257    design_1_i/hdmi/v_tc_0/U0/U_VIDEO_CTRL/AXI4_LITE_INTERFACE.SYNC2VIDCLK_I/data_sync_reg[0][44]_0[44]
    SLICE_X59Y104        FDRE                                         r  design_1_i/hdmi/v_tc_0/U0/U_VIDEO_CTRL/AXI4_LITE_INTERFACE.SYNC2VIDCLK_I/data_sync_reg[0][44]/D
  -------------------------------------------------------------------    -------------------

                         (clock axi_dynclk_0_PXL_CLK_O rise edge)
                                                      0.000     0.000 r  
    PS7_X0Y0             PS7                          0.000     0.000 r  design_1_i/processing_system7_0/inst/PS7_i/FCLKCLK[0]
                         net (fo=1, routed)           0.337     0.337    design_1_i/processing_system7_0/inst/FCLK_CLK_unbuffered[0]
    BUFGCTRL_X0Y16       BUFG (Prop_bufg_I_O)         0.029     0.366 r  design_1_i/processing_system7_0/inst/buffer_fclk_clk_0.FCLK_CLK_0_BUFG/O
                         net (fo=39223, routed)       0.945     1.311    design_1_i/hdmi/axi_dynclk_0/U0/Inst_mmcme2_drp/REF_CLK_I
    MMCME2_ADV_X1Y2      MMCME2_ADV (Prop_mmcme2_adv_CLKIN1_CLKOUT0)
                                                      0.053     1.364 r  design_1_i/hdmi/axi_dynclk_0/U0/Inst_mmcme2_drp/mmcm_adv_inst/CLKOUT0
                         net (fo=2, routed)           0.402     1.766    design_1_i/hdmi/axi_dynclk_0/U0/I
    BUFR_X1Y9            BUFR (Prop_bufr_I_O)         0.431     2.197 r  design_1_i/hdmi/axi_dynclk_0/U0/BUFR_inst/O
                         net (fo=2839, routed)        0.361     2.558    design_1_i/hdmi/v_tc_0/U0/U_VIDEO_CTRL/AXI4_LITE_INTERFACE.SYNC2VIDCLK_I/vid_aclk
    SLICE_X59Y104        FDRE                                         r  design_1_i/hdmi/v_tc_0/U0/U_VIDEO_CTRL/AXI4_LITE_INTERFACE.SYNC2VIDCLK_I/data_sync_reg[0][44]/C

Slack:                    inf
  Source:                 design_1_i/hdmi/v_tc_0/U0/U_VIDEO_CTRL/AXI4_LITE_INTERFACE.proc_sync1_reg[23]/C
                            (rising edge-triggered cell FDRE clocked by clk_fpga_0  {rise@0.000ns fall@5.000ns period=10.000ns})
  Destination:            design_1_i/hdmi/v_tc_0/U0/U_VIDEO_CTRL/AXI4_LITE_INTERFACE.SYNC2VIDCLK_I/data_sync_reg[0][23]/D
                            (rising edge-triggered cell FDRE clocked by axi_dynclk_0_PXL_CLK_O  {rise@0.000ns fall@4.000ns period=10.000ns})
  Path Group:             (none)
  Path Type:              Hold (Min at Fast Process Corner)
  Data Path Delay:        0.301ns  (logic 0.141ns (46.836%)  route 0.160ns (53.164%))
  Logic Levels:           0  
  Clock Path Skew:        1.603ns (DCD - SCD - CPR)
    Destination Clock Delay (DCD):    2.566ns
    Source Clock Delay      (SCD):    0.963ns
    Clock Pessimism Removal (CPR):    -0.000ns
  Clock Uncertainty:      0.263ns  ((TSJ^2 + TIJ^2 + DJ^2)^1/2) / 2 + PE
    Total System Jitter     (TSJ):    0.071ns
    Total Input Jitter      (TIJ):    0.300ns
    Discrete Jitter          (DJ):    0.112ns
    Phase Error              (PE):    0.099ns
  Timing Exception:       False Path

    Location             Delay type                Incr(ns)  Path(ns)    Netlist Resource(s)
  -------------------------------------------------------------------    -------------------
                         (clock clk_fpga_0 rise edge)
                                                      0.000     0.000 r  
    PS7_X0Y0             PS7                          0.000     0.000 r  design_1_i/processing_system7_0/inst/PS7_i/FCLKCLK[0]
                         net (fo=1, routed)           0.310     0.310    design_1_i/processing_system7_0/inst/FCLK_CLK_unbuffered[0]
    BUFGCTRL_X0Y16       BUFG (Prop_bufg_I_O)         0.026     0.336 r  design_1_i/processing_system7_0/inst/buffer_fclk_clk_0.FCLK_CLK_0_BUFG/O
                         net (fo=39223, routed)       0.627     0.963    design_1_i/hdmi/v_tc_0/U0/U_VIDEO_CTRL/aclk
    SLICE_X53Y118        FDRE                                         r  design_1_i/hdmi/v_tc_0/U0/U_VIDEO_CTRL/AXI4_LITE_INTERFACE.proc_sync1_reg[23]/C
  -------------------------------------------------------------------    -------------------
    SLICE_X53Y118        FDRE (Prop_fdre_C_Q)         0.141     1.104 r  design_1_i/hdmi/v_tc_0/U0/U_VIDEO_CTRL/AXI4_LITE_INTERFACE.proc_sync1_reg[23]/Q
                         net (fo=1, routed)           0.160     1.264    design_1_i/hdmi/v_tc_0/U0/U_VIDEO_CTRL/AXI4_LITE_INTERFACE.SYNC2VIDCLK_I/data_sync_reg[0][44]_0[23]
    SLICE_X53Y119        FDRE                                         r  design_1_i/hdmi/v_tc_0/U0/U_VIDEO_CTRL/AXI4_LITE_INTERFACE.SYNC2VIDCLK_I/data_sync_reg[0][23]/D
  -------------------------------------------------------------------    -------------------

                         (clock axi_dynclk_0_PXL_CLK_O rise edge)
                                                      0.000     0.000 r  
    PS7_X0Y0             PS7                          0.000     0.000 r  design_1_i/processing_system7_0/inst/PS7_i/FCLKCLK[0]
                         net (fo=1, routed)           0.337     0.337    design_1_i/processing_system7_0/inst/FCLK_CLK_unbuffered[0]
    BUFGCTRL_X0Y16       BUFG (Prop_bufg_I_O)         0.029     0.366 r  design_1_i/processing_system7_0/inst/buffer_fclk_clk_0.FCLK_CLK_0_BUFG/O
                         net (fo=39223, routed)       0.945     1.311    design_1_i/hdmi/axi_dynclk_0/U0/Inst_mmcme2_drp/REF_CLK_I
    MMCME2_ADV_X1Y2      MMCME2_ADV (Prop_mmcme2_adv_CLKIN1_CLKOUT0)
                                                      0.053     1.364 r  design_1_i/hdmi/axi_dynclk_0/U0/Inst_mmcme2_drp/mmcm_adv_inst/CLKOUT0
                         net (fo=2, routed)           0.402     1.766    design_1_i/hdmi/axi_dynclk_0/U0/I
    BUFR_X1Y9            BUFR (Prop_bufr_I_O)         0.431     2.197 r  design_1_i/hdmi/axi_dynclk_0/U0/BUFR_inst/O
                         net (fo=2839, routed)        0.369     2.566    design_1_i/hdmi/v_tc_0/U0/U_VIDEO_CTRL/AXI4_LITE_INTERFACE.SYNC2VIDCLK_I/vid_aclk
    SLICE_X53Y119        FDRE                                         r  design_1_i/hdmi/v_tc_0/U0/U_VIDEO_CTRL/AXI4_LITE_INTERFACE.SYNC2VIDCLK_I/data_sync_reg[0][23]/C

Slack:                    inf
  Source:                 design_1_i/hdmi/v_tc_0/U0/U_VIDEO_CTRL/AXI4_LITE_INTERFACE.proc_sync1_reg[22]/C
                            (rising edge-triggered cell FDRE clocked by clk_fpga_0  {rise@0.000ns fall@5.000ns period=10.000ns})
  Destination:            design_1_i/hdmi/v_tc_0/U0/U_VIDEO_CTRL/AXI4_LITE_INTERFACE.SYNC2VIDCLK_I/data_sync_reg[0][22]/D
                            (rising edge-triggered cell FDRE clocked by axi_dynclk_0_PXL_CLK_O  {rise@0.000ns fall@4.000ns period=10.000ns})
  Path Group:             (none)
  Path Type:              Hold (Min at Fast Process Corner)
  Data Path Delay:        0.307ns  (logic 0.141ns (45.946%)  route 0.166ns (54.054%))
  Logic Levels:           0  
  Clock Path Skew:        1.602ns (DCD - SCD - CPR)
    Destination Clock Delay (DCD):    2.567ns
    Source Clock Delay      (SCD):    0.965ns
    Clock Pessimism Removal (CPR):    -0.000ns
  Clock Uncertainty:      0.263ns  ((TSJ^2 + TIJ^2 + DJ^2)^1/2) / 2 + PE
    Total System Jitter     (TSJ):    0.071ns
    Total Input Jitter      (TIJ):    0.300ns
    Discrete Jitter          (DJ):    0.112ns
    Phase Error              (PE):    0.099ns
  Timing Exception:       False Path

    Location             Delay type                Incr(ns)  Path(ns)    Netlist Resource(s)
  -------------------------------------------------------------------    -------------------
                         (clock clk_fpga_0 rise edge)
                                                      0.000     0.000 r  
    PS7_X0Y0             PS7                          0.000     0.000 r  design_1_i/processing_system7_0/inst/PS7_i/FCLKCLK[0]
                         net (fo=1, routed)           0.310     0.310    design_1_i/processing_system7_0/inst/FCLK_CLK_unbuffered[0]
    BUFGCTRL_X0Y16       BUFG (Prop_bufg_I_O)         0.026     0.336 r  design_1_i/processing_system7_0/inst/buffer_fclk_clk_0.FCLK_CLK_0_BUFG/O
                         net (fo=39223, routed)       0.629     0.965    design_1_i/hdmi/v_tc_0/U0/U_VIDEO_CTRL/aclk
    SLICE_X51Y116        FDRE                                         r  design_1_i/hdmi/v_tc_0/U0/U_VIDEO_CTRL/AXI4_LITE_INTERFACE.proc_sync1_reg[22]/C
  -------------------------------------------------------------------    -------------------
    SLICE_X51Y116        FDRE (Prop_fdre_C_Q)         0.141     1.106 r  design_1_i/hdmi/v_tc_0/U0/U_VIDEO_CTRL/AXI4_LITE_INTERFACE.proc_sync1_reg[22]/Q
                         net (fo=1, routed)           0.166     1.272    design_1_i/hdmi/v_tc_0/U0/U_VIDEO_CTRL/AXI4_LITE_INTERFACE.SYNC2VIDCLK_I/data_sync_reg[0][44]_0[22]
    SLICE_X51Y118        FDRE                                         r  design_1_i/hdmi/v_tc_0/U0/U_VIDEO_CTRL/AXI4_LITE_INTERFACE.SYNC2VIDCLK_I/data_sync_reg[0][22]/D
  -------------------------------------------------------------------    -------------------

                         (clock axi_dynclk_0_PXL_CLK_O rise edge)
                                                      0.000     0.000 r  
    PS7_X0Y0             PS7                          0.000     0.000 r  design_1_i/processing_system7_0/inst/PS7_i/FCLKCLK[0]
                         net (fo=1, routed)           0.337     0.337    design_1_i/processing_system7_0/inst/FCLK_CLK_unbuffered[0]
    BUFGCTRL_X0Y16       BUFG (Prop_bufg_I_O)         0.029     0.366 r  design_1_i/processing_system7_0/inst/buffer_fclk_clk_0.FCLK_CLK_0_BUFG/O
                         net (fo=39223, routed)       0.945     1.311    design_1_i/hdmi/axi_dynclk_0/U0/Inst_mmcme2_drp/REF_CLK_I
    MMCME2_ADV_X1Y2      MMCME2_ADV (Prop_mmcme2_adv_CLKIN1_CLKOUT0)
                                                      0.053     1.364 r  design_1_i/hdmi/axi_dynclk_0/U0/Inst_mmcme2_drp/mmcm_adv_inst/CLKOUT0
                         net (fo=2, routed)           0.402     1.766    design_1_i/hdmi/axi_dynclk_0/U0/I
    BUFR_X1Y9            BUFR (Prop_bufr_I_O)         0.431     2.197 r  design_1_i/hdmi/axi_dynclk_0/U0/BUFR_inst/O
                         net (fo=2839, routed)        0.370     2.567    design_1_i/hdmi/v_tc_0/U0/U_VIDEO_CTRL/AXI4_LITE_INTERFACE.SYNC2VIDCLK_I/vid_aclk
    SLICE_X51Y118        FDRE                                         r  design_1_i/hdmi/v_tc_0/U0/U_VIDEO_CTRL/AXI4_LITE_INTERFACE.SYNC2VIDCLK_I/data_sync_reg[0][22]/C

Slack:                    inf
  Source:                 design_1_i/hdmi/v_tc_0/U0/U_VIDEO_CTRL/AXI4_LITE_INTERFACE.proc_sync1_reg[15]/C
                            (rising edge-triggered cell FDRE clocked by clk_fpga_0  {rise@0.000ns fall@5.000ns period=10.000ns})
  Destination:            design_1_i/hdmi/v_tc_0/U0/U_VIDEO_CTRL/AXI4_LITE_INTERFACE.SYNC2VIDCLK_I/data_sync_reg[0][15]/D
                            (rising edge-triggered cell FDRE clocked by axi_dynclk_0_PXL_CLK_O  {rise@0.000ns fall@4.000ns period=10.000ns})
  Path Group:             (none)
  Path Type:              Hold (Min at Fast Process Corner)
  Data Path Delay:        0.320ns  (logic 0.141ns (44.101%)  route 0.179ns (55.899%))
  Logic Levels:           0  
  Clock Path Skew:        1.606ns (DCD - SCD - CPR)
    Destination Clock Delay (DCD):    2.575ns
    Source Clock Delay      (SCD):    0.969ns
    Clock Pessimism Removal (CPR):    -0.000ns
  Clock Uncertainty:      0.263ns  ((TSJ^2 + TIJ^2 + DJ^2)^1/2) / 2 + PE
    Total System Jitter     (TSJ):    0.071ns
    Total Input Jitter      (TIJ):    0.300ns
    Discrete Jitter          (DJ):    0.112ns
    Phase Error              (PE):    0.099ns
  Timing Exception:       False Path

    Location             Delay type                Incr(ns)  Path(ns)    Netlist Resource(s)
  -------------------------------------------------------------------    -------------------
                         (clock clk_fpga_0 rise edge)
                                                      0.000     0.000 r  
    PS7_X0Y0             PS7                          0.000     0.000 r  design_1_i/processing_system7_0/inst/PS7_i/FCLKCLK[0]
                         net (fo=1, routed)           0.310     0.310    design_1_i/processing_system7_0/inst/FCLK_CLK_unbuffered[0]
    BUFGCTRL_X0Y16       BUFG (Prop_bufg_I_O)         0.026     0.336 r  design_1_i/processing_system7_0/inst/buffer_fclk_clk_0.FCLK_CLK_0_BUFG/O
                         net (fo=39223, routed)       0.633     0.969    design_1_i/hdmi/v_tc_0/U0/U_VIDEO_CTRL/aclk
    SLICE_X52Y108        FDRE                                         r  design_1_i/hdmi/v_tc_0/U0/U_VIDEO_CTRL/AXI4_LITE_INTERFACE.proc_sync1_reg[15]/C
  -------------------------------------------------------------------    -------------------
    SLICE_X52Y108        FDRE (Prop_fdre_C_Q)         0.141     1.110 r  design_1_i/hdmi/v_tc_0/U0/U_VIDEO_CTRL/AXI4_LITE_INTERFACE.proc_sync1_reg[15]/Q
                         net (fo=1, routed)           0.179     1.289    design_1_i/hdmi/v_tc_0/U0/U_VIDEO_CTRL/AXI4_LITE_INTERFACE.SYNC2VIDCLK_I/data_sync_reg[0][44]_0[15]
    SLICE_X52Y109        FDRE                                         r  design_1_i/hdmi/v_tc_0/U0/U_VIDEO_CTRL/AXI4_LITE_INTERFACE.SYNC2VIDCLK_I/data_sync_reg[0][15]/D
  -------------------------------------------------------------------    -------------------

                         (clock axi_dynclk_0_PXL_CLK_O rise edge)
                                                      0.000     0.000 r  
    PS7_X0Y0             PS7                          0.000     0.000 r  design_1_i/processing_system7_0/inst/PS7_i/FCLKCLK[0]
                         net (fo=1, routed)           0.337     0.337    design_1_i/processing_system7_0/inst/FCLK_CLK_unbuffered[0]
    BUFGCTRL_X0Y16       BUFG (Prop_bufg_I_O)         0.029     0.366 r  design_1_i/processing_system7_0/inst/buffer_fclk_clk_0.FCLK_CLK_0_BUFG/O
                         net (fo=39223, routed)       0.945     1.311    design_1_i/hdmi/axi_dynclk_0/U0/Inst_mmcme2_drp/REF_CLK_I
    MMCME2_ADV_X1Y2      MMCME2_ADV (Prop_mmcme2_adv_CLKIN1_CLKOUT0)
                                                      0.053     1.364 r  design_1_i/hdmi/axi_dynclk_0/U0/Inst_mmcme2_drp/mmcm_adv_inst/CLKOUT0
                         net (fo=2, routed)           0.402     1.766    design_1_i/hdmi/axi_dynclk_0/U0/I
    BUFR_X1Y9            BUFR (Prop_bufr_I_O)         0.431     2.197 r  design_1_i/hdmi/axi_dynclk_0/U0/BUFR_inst/O
                         net (fo=2839, routed)        0.378     2.575    design_1_i/hdmi/v_tc_0/U0/U_VIDEO_CTRL/AXI4_LITE_INTERFACE.SYNC2VIDCLK_I/vid_aclk
    SLICE_X52Y109        FDRE                                         r  design_1_i/hdmi/v_tc_0/U0/U_VIDEO_CTRL/AXI4_LITE_INTERFACE.SYNC2VIDCLK_I/data_sync_reg[0][15]/C





--------------------------------------------------------------------------------------
Path Group:  (none)
From Clock:  
  To Clock:  clk_fpga_0

Max Delay             9 Endpoints
Min Delay             9 Endpoints
--------------------------------------------------------------------------------------


Max Delay Paths
--------------------------------------------------------------------------------------
Slack:                    inf
  Source:                 btns_4bits_tri_i[1]
                            (input port)
  Destination:            design_1_i/axi_gpio_btn_and_sw/U0/gpio_core_1/Dual.INPUT_DOUBLE_REGS4/GENERATE_LEVEL_P_S_CDC.MULTI_BIT.FOR_IN_cdc_to[1].CROSS2_PLEVEL_IN2SCNDRY_IN_cdc_to/D
                            (rising edge-triggered cell FDRE clocked by clk_fpga_0  {rise@0.000ns fall@5.000ns period=10.000ns})
  Path Group:             (none)
  Path Type:              Setup (Max at Slow Process Corner)
  Data Path Delay:        6.739ns  (logic 1.485ns (22.031%)  route 5.254ns (77.969%))
  Logic Levels:           1  (IBUF=1)
  Clock Path Skew:        2.818ns (DCD - SCD + CPR)
    Destination Clock Delay (DCD):    2.818ns
    Source Clock Delay      (SCD):    0.000ns
    Clock Pessimism Removal (CPR):    0.000ns
  Clock Uncertainty:      0.152ns  ((TSJ^2 + TIJ^2)^1/2 + DJ) / 2 + PE
    Total System Jitter     (TSJ):    0.050ns
    Total Input Jitter      (TIJ):    0.300ns
    Discrete Jitter          (DJ):    0.000ns
    Phase Error              (PE):    0.000ns
  Timing Exception:       False Path

    Location             Delay type                Incr(ns)  Path(ns)    Netlist Resource(s)
  -------------------------------------------------------------------    -------------------
    P16                                               0.000     0.000 r  btns_4bits_tri_i[1] (IN)
                         net (fo=0)                   0.000     0.000    btns_4bits_tri_i[1]
    P16                  IBUF (Prop_ibuf_I_O)         1.485     1.485 r  btns_4bits_tri_i_IBUF[1]_inst/O
                         net (fo=1, routed)           5.254     6.739    design_1_i/axi_gpio_btn_and_sw/U0/gpio_core_1/Dual.INPUT_DOUBLE_REGS4/gpio_io_i[1]
    SLICE_X51Y141        FDRE                                         r  design_1_i/axi_gpio_btn_and_sw/U0/gpio_core_1/Dual.INPUT_DOUBLE_REGS4/GENERATE_LEVEL_P_S_CDC.MULTI_BIT.FOR_IN_cdc_to[1].CROSS2_PLEVEL_IN2SCNDRY_IN_cdc_to/D
  -------------------------------------------------------------------    -------------------

                         (clock clk_fpga_0 rise edge)
                                                      0.000     0.000 r  
    PS7_X0Y0             PS7                          0.000     0.000 r  design_1_i/processing_system7_0/inst/PS7_i/FCLKCLK[0]
                         net (fo=1, routed)           1.088     1.088    design_1_i/processing_system7_0/inst/FCLK_CLK_unbuffered[0]
    BUFGCTRL_X0Y16       BUFG (Prop_bufg_I_O)         0.091     1.179 r  design_1_i/processing_system7_0/inst/buffer_fclk_clk_0.FCLK_CLK_0_BUFG/O
                         net (fo=39223, routed)       1.639     2.818    design_1_i/axi_gpio_btn_and_sw/U0/gpio_core_1/Dual.INPUT_DOUBLE_REGS4/s_axi_aclk
    SLICE_X51Y141        FDRE                                         r  design_1_i/axi_gpio_btn_and_sw/U0/gpio_core_1/Dual.INPUT_DOUBLE_REGS4/GENERATE_LEVEL_P_S_CDC.MULTI_BIT.FOR_IN_cdc_to[1].CROSS2_PLEVEL_IN2SCNDRY_IN_cdc_to/C

Slack:                    inf
  Source:                 sws_4bits_tri_i[1]
                            (input port)
  Destination:            design_1_i/axi_gpio_btn_and_sw/U0/gpio_core_1/Dual.INPUT_DOUBLE_REGS5/GENERATE_LEVEL_P_S_CDC.MULTI_BIT.FOR_IN_cdc_to[1].CROSS2_PLEVEL_IN2SCNDRY_IN_cdc_to/D
                            (rising edge-triggered cell FDRE clocked by clk_fpga_0  {rise@0.000ns fall@5.000ns period=10.000ns})
  Path Group:             (none)
  Path Type:              Setup (Max at Slow Process Corner)
  Data Path Delay:        6.263ns  (logic 1.480ns (23.625%)  route 4.784ns (76.375%))
  Logic Levels:           1  (IBUF=1)
  Clock Path Skew:        2.815ns (DCD - SCD + CPR)
    Destination Clock Delay (DCD):    2.815ns
    Source Clock Delay      (SCD):    0.000ns
    Clock Pessimism Removal (CPR):    0.000ns
  Clock Uncertainty:      0.152ns  ((TSJ^2 + TIJ^2)^1/2 + DJ) / 2 + PE
    Total System Jitter     (TSJ):    0.050ns
    Total Input Jitter      (TIJ):    0.300ns
    Discrete Jitter          (DJ):    0.000ns
    Phase Error              (PE):    0.000ns
  Timing Exception:       False Path

    Location             Delay type                Incr(ns)  Path(ns)    Netlist Resource(s)
  -------------------------------------------------------------------    -------------------
    P15                                               0.000     0.000 r  sws_4bits_tri_i[1] (IN)
                         net (fo=0)                   0.000     0.000    sws_4bits_tri_i[1]
    P15                  IBUF (Prop_ibuf_I_O)         1.480     1.480 r  sws_4bits_tri_i_IBUF[1]_inst/O
                         net (fo=1, routed)           4.784     6.263    design_1_i/axi_gpio_btn_and_sw/U0/gpio_core_1/Dual.INPUT_DOUBLE_REGS5/gpio2_io_i[1]
    SLICE_X43Y124        FDRE                                         r  design_1_i/axi_gpio_btn_and_sw/U0/gpio_core_1/Dual.INPUT_DOUBLE_REGS5/GENERATE_LEVEL_P_S_CDC.MULTI_BIT.FOR_IN_cdc_to[1].CROSS2_PLEVEL_IN2SCNDRY_IN_cdc_to/D
  -------------------------------------------------------------------    -------------------

                         (clock clk_fpga_0 rise edge)
                                                      0.000     0.000 r  
    PS7_X0Y0             PS7                          0.000     0.000 r  design_1_i/processing_system7_0/inst/PS7_i/FCLKCLK[0]
                         net (fo=1, routed)           1.088     1.088    design_1_i/processing_system7_0/inst/FCLK_CLK_unbuffered[0]
    BUFGCTRL_X0Y16       BUFG (Prop_bufg_I_O)         0.091     1.179 r  design_1_i/processing_system7_0/inst/buffer_fclk_clk_0.FCLK_CLK_0_BUFG/O
                         net (fo=39223, routed)       1.636     2.815    design_1_i/axi_gpio_btn_and_sw/U0/gpio_core_1/Dual.INPUT_DOUBLE_REGS5/s_axi_aclk
    SLICE_X43Y124        FDRE                                         r  design_1_i/axi_gpio_btn_and_sw/U0/gpio_core_1/Dual.INPUT_DOUBLE_REGS5/GENERATE_LEVEL_P_S_CDC.MULTI_BIT.FOR_IN_cdc_to[1].CROSS2_PLEVEL_IN2SCNDRY_IN_cdc_to/C

Slack:                    inf
  Source:                 sws_4bits_tri_i[3]
                            (input port)
  Destination:            design_1_i/axi_gpio_btn_and_sw/U0/gpio_core_1/Dual.INPUT_DOUBLE_REGS5/GENERATE_LEVEL_P_S_CDC.MULTI_BIT.FOR_IN_cdc_to[3].CROSS2_PLEVEL_IN2SCNDRY_IN_cdc_to/D
                            (rising edge-triggered cell FDRE clocked by clk_fpga_0  {rise@0.000ns fall@5.000ns period=10.000ns})
  Path Group:             (none)
  Path Type:              Setup (Max at Slow Process Corner)
  Data Path Delay:        5.388ns  (logic 1.530ns (28.398%)  route 3.858ns (71.602%))
  Logic Levels:           1  (IBUF=1)
  Clock Path Skew:        2.827ns (DCD - SCD + CPR)
    Destination Clock Delay (DCD):    2.827ns
    Source Clock Delay      (SCD):    0.000ns
    Clock Pessimism Removal (CPR):    0.000ns
  Clock Uncertainty:      0.152ns  ((TSJ^2 + TIJ^2)^1/2 + DJ) / 2 + PE
    Total System Jitter     (TSJ):    0.050ns
    Total Input Jitter      (TIJ):    0.300ns
    Discrete Jitter          (DJ):    0.000ns
    Phase Error              (PE):    0.000ns
  Timing Exception:       False Path

    Location             Delay type                Incr(ns)  Path(ns)    Netlist Resource(s)
  -------------------------------------------------------------------    -------------------
    T16                                               0.000     0.000 r  sws_4bits_tri_i[3] (IN)
                         net (fo=0)                   0.000     0.000    sws_4bits_tri_i[3]
    T16                  IBUF (Prop_ibuf_I_O)         1.530     1.530 r  sws_4bits_tri_i_IBUF[3]_inst/O
                         net (fo=1, routed)           3.858     5.388    design_1_i/axi_gpio_btn_and_sw/U0/gpio_core_1/Dual.INPUT_DOUBLE_REGS5/gpio2_io_i[3]
    SLICE_X43Y136        FDRE                                         r  design_1_i/axi_gpio_btn_and_sw/U0/gpio_core_1/Dual.INPUT_DOUBLE_REGS5/GENERATE_LEVEL_P_S_CDC.MULTI_BIT.FOR_IN_cdc_to[3].CROSS2_PLEVEL_IN2SCNDRY_IN_cdc_to/D
  -------------------------------------------------------------------    -------------------

                         (clock clk_fpga_0 rise edge)
                                                      0.000     0.000 r  
    PS7_X0Y0             PS7                          0.000     0.000 r  design_1_i/processing_system7_0/inst/PS7_i/FCLKCLK[0]
                         net (fo=1, routed)           1.088     1.088    design_1_i/processing_system7_0/inst/FCLK_CLK_unbuffered[0]
    BUFGCTRL_X0Y16       BUFG (Prop_bufg_I_O)         0.091     1.179 r  design_1_i/processing_system7_0/inst/buffer_fclk_clk_0.FCLK_CLK_0_BUFG/O
                         net (fo=39223, routed)       1.648     2.827    design_1_i/axi_gpio_btn_and_sw/U0/gpio_core_1/Dual.INPUT_DOUBLE_REGS5/s_axi_aclk
    SLICE_X43Y136        FDRE                                         r  design_1_i/axi_gpio_btn_and_sw/U0/gpio_core_1/Dual.INPUT_DOUBLE_REGS5/GENERATE_LEVEL_P_S_CDC.MULTI_BIT.FOR_IN_cdc_to[3].CROSS2_PLEVEL_IN2SCNDRY_IN_cdc_to/C

Slack:                    inf
  Source:                 btns_4bits_tri_i[3]
                            (input port)
  Destination:            design_1_i/axi_gpio_btn_and_sw/U0/gpio_core_1/Dual.INPUT_DOUBLE_REGS4/GENERATE_LEVEL_P_S_CDC.MULTI_BIT.FOR_IN_cdc_to[3].CROSS2_PLEVEL_IN2SCNDRY_IN_cdc_to/D
                            (rising edge-triggered cell FDRE clocked by clk_fpga_0  {rise@0.000ns fall@5.000ns period=10.000ns})
  Path Group:             (none)
  Path Type:              Setup (Max at Slow Process Corner)
  Data Path Delay:        5.381ns  (logic 1.569ns (29.163%)  route 3.811ns (70.837%))
  Logic Levels:           1  (IBUF=1)
  Clock Path Skew:        2.815ns (DCD - SCD + CPR)
    Destination Clock Delay (DCD):    2.815ns
    Source Clock Delay      (SCD):    0.000ns
    Clock Pessimism Removal (CPR):    0.000ns
  Clock Uncertainty:      0.152ns  ((TSJ^2 + TIJ^2)^1/2 + DJ) / 2 + PE
    Total System Jitter     (TSJ):    0.050ns
    Total Input Jitter      (TIJ):    0.300ns
    Discrete Jitter          (DJ):    0.000ns
    Phase Error              (PE):    0.000ns
  Timing Exception:       False Path

    Location             Delay type                Incr(ns)  Path(ns)    Netlist Resource(s)
  -------------------------------------------------------------------    -------------------
    Y16                                               0.000     0.000 r  btns_4bits_tri_i[3] (IN)
                         net (fo=0)                   0.000     0.000    btns_4bits_tri_i[3]
    Y16                  IBUF (Prop_ibuf_I_O)         1.569     1.569 r  btns_4bits_tri_i_IBUF[3]_inst/O
                         net (fo=1, routed)           3.811     5.381    design_1_i/axi_gpio_btn_and_sw/U0/gpio_core_1/Dual.INPUT_DOUBLE_REGS4/gpio_io_i[3]
    SLICE_X43Y124        FDRE                                         r  design_1_i/axi_gpio_btn_and_sw/U0/gpio_core_1/Dual.INPUT_DOUBLE_REGS4/GENERATE_LEVEL_P_S_CDC.MULTI_BIT.FOR_IN_cdc_to[3].CROSS2_PLEVEL_IN2SCNDRY_IN_cdc_to/D
  -------------------------------------------------------------------    -------------------

                         (clock clk_fpga_0 rise edge)
                                                      0.000     0.000 r  
    PS7_X0Y0             PS7                          0.000     0.000 r  design_1_i/processing_system7_0/inst/PS7_i/FCLKCLK[0]
                         net (fo=1, routed)           1.088     1.088    design_1_i/processing_system7_0/inst/FCLK_CLK_unbuffered[0]
    BUFGCTRL_X0Y16       BUFG (Prop_bufg_I_O)         0.091     1.179 r  design_1_i/processing_system7_0/inst/buffer_fclk_clk_0.FCLK_CLK_0_BUFG/O
                         net (fo=39223, routed)       1.636     2.815    design_1_i/axi_gpio_btn_and_sw/U0/gpio_core_1/Dual.INPUT_DOUBLE_REGS4/s_axi_aclk
    SLICE_X43Y124        FDRE                                         r  design_1_i/axi_gpio_btn_and_sw/U0/gpio_core_1/Dual.INPUT_DOUBLE_REGS4/GENERATE_LEVEL_P_S_CDC.MULTI_BIT.FOR_IN_cdc_to[3].CROSS2_PLEVEL_IN2SCNDRY_IN_cdc_to/C

Slack:                    inf
  Source:                 sws_4bits_tri_i[2]
                            (input port)
  Destination:            design_1_i/axi_gpio_btn_and_sw/U0/gpio_core_1/Dual.INPUT_DOUBLE_REGS5/GENERATE_LEVEL_P_S_CDC.MULTI_BIT.FOR_IN_cdc_to[2].CROSS2_PLEVEL_IN2SCNDRY_IN_cdc_to/D
                            (rising edge-triggered cell FDRE clocked by clk_fpga_0  {rise@0.000ns fall@5.000ns period=10.000ns})
  Path Group:             (none)
  Path Type:              Setup (Max at Slow Process Corner)
  Data Path Delay:        5.010ns  (logic 1.531ns (30.568%)  route 3.478ns (69.432%))
  Logic Levels:           1  (IBUF=1)
  Clock Path Skew:        2.805ns (DCD - SCD + CPR)
    Destination Clock Delay (DCD):    2.805ns
    Source Clock Delay      (SCD):    0.000ns
    Clock Pessimism Removal (CPR):    0.000ns
  Clock Uncertainty:      0.152ns  ((TSJ^2 + TIJ^2)^1/2 + DJ) / 2 + PE
    Total System Jitter     (TSJ):    0.050ns
    Total Input Jitter      (TIJ):    0.300ns
    Discrete Jitter          (DJ):    0.000ns
    Phase Error              (PE):    0.000ns
  Timing Exception:       False Path

    Location             Delay type                Incr(ns)  Path(ns)    Netlist Resource(s)
  -------------------------------------------------------------------    -------------------
    W13                                               0.000     0.000 r  sws_4bits_tri_i[2] (IN)
                         net (fo=0)                   0.000     0.000    sws_4bits_tri_i[2]
    W13                  IBUF (Prop_ibuf_I_O)         1.531     1.531 r  sws_4bits_tri_i_IBUF[2]_inst/O
                         net (fo=1, routed)           3.478     5.010    design_1_i/axi_gpio_btn_and_sw/U0/gpio_core_1/Dual.INPUT_DOUBLE_REGS5/gpio2_io_i[2]
    SLICE_X51Y127        FDRE                                         r  design_1_i/axi_gpio_btn_and_sw/U0/gpio_core_1/Dual.INPUT_DOUBLE_REGS5/GENERATE_LEVEL_P_S_CDC.MULTI_BIT.FOR_IN_cdc_to[2].CROSS2_PLEVEL_IN2SCNDRY_IN_cdc_to/D
  -------------------------------------------------------------------    -------------------

                         (clock clk_fpga_0 rise edge)
                                                      0.000     0.000 r  
    PS7_X0Y0             PS7                          0.000     0.000 r  design_1_i/processing_system7_0/inst/PS7_i/FCLKCLK[0]
                         net (fo=1, routed)           1.088     1.088    design_1_i/processing_system7_0/inst/FCLK_CLK_unbuffered[0]
    BUFGCTRL_X0Y16       BUFG (Prop_bufg_I_O)         0.091     1.179 r  design_1_i/processing_system7_0/inst/buffer_fclk_clk_0.FCLK_CLK_0_BUFG/O
                         net (fo=39223, routed)       1.626     2.805    design_1_i/axi_gpio_btn_and_sw/U0/gpio_core_1/Dual.INPUT_DOUBLE_REGS5/s_axi_aclk
    SLICE_X51Y127        FDRE                                         r  design_1_i/axi_gpio_btn_and_sw/U0/gpio_core_1/Dual.INPUT_DOUBLE_REGS5/GENERATE_LEVEL_P_S_CDC.MULTI_BIT.FOR_IN_cdc_to[2].CROSS2_PLEVEL_IN2SCNDRY_IN_cdc_to/C

Slack:                    inf
  Source:                 sws_4bits_tri_i[0]
                            (input port)
  Destination:            design_1_i/axi_gpio_btn_and_sw/U0/gpio_core_1/Dual.INPUT_DOUBLE_REGS5/GENERATE_LEVEL_P_S_CDC.MULTI_BIT.FOR_IN_cdc_to[0].CROSS2_PLEVEL_IN2SCNDRY_IN_cdc_to/D
                            (rising edge-triggered cell FDRE clocked by clk_fpga_0  {rise@0.000ns fall@5.000ns period=10.000ns})
  Path Group:             (none)
  Path Type:              Setup (Max at Slow Process Corner)
  Data Path Delay:        4.653ns  (logic 1.468ns (31.542%)  route 3.185ns (68.458%))
  Logic Levels:           1  (IBUF=1)
  Clock Path Skew:        2.805ns (DCD - SCD + CPR)
    Destination Clock Delay (DCD):    2.805ns
    Source Clock Delay      (SCD):    0.000ns
    Clock Pessimism Removal (CPR):    0.000ns
  Clock Uncertainty:      0.152ns  ((TSJ^2 + TIJ^2)^1/2 + DJ) / 2 + PE
    Total System Jitter     (TSJ):    0.050ns
    Total Input Jitter      (TIJ):    0.300ns
    Discrete Jitter          (DJ):    0.000ns
    Phase Error              (PE):    0.000ns
  Timing Exception:       False Path

    Location             Delay type                Incr(ns)  Path(ns)    Netlist Resource(s)
  -------------------------------------------------------------------    -------------------
    G15                                               0.000     0.000 r  sws_4bits_tri_i[0] (IN)
                         net (fo=0)                   0.000     0.000    sws_4bits_tri_i[0]
    G15                  IBUF (Prop_ibuf_I_O)         1.468     1.468 r  sws_4bits_tri_i_IBUF[0]_inst/O
                         net (fo=1, routed)           3.185     4.653    design_1_i/axi_gpio_btn_and_sw/U0/gpio_core_1/Dual.INPUT_DOUBLE_REGS5/gpio2_io_i[0]
    SLICE_X51Y127        FDRE                                         r  design_1_i/axi_gpio_btn_and_sw/U0/gpio_core_1/Dual.INPUT_DOUBLE_REGS5/GENERATE_LEVEL_P_S_CDC.MULTI_BIT.FOR_IN_cdc_to[0].CROSS2_PLEVEL_IN2SCNDRY_IN_cdc_to/D
  -------------------------------------------------------------------    -------------------

                         (clock clk_fpga_0 rise edge)
                                                      0.000     0.000 r  
    PS7_X0Y0             PS7                          0.000     0.000 r  design_1_i/processing_system7_0/inst/PS7_i/FCLKCLK[0]
                         net (fo=1, routed)           1.088     1.088    design_1_i/processing_system7_0/inst/FCLK_CLK_unbuffered[0]
    BUFGCTRL_X0Y16       BUFG (Prop_bufg_I_O)         0.091     1.179 r  design_1_i/processing_system7_0/inst/buffer_fclk_clk_0.FCLK_CLK_0_BUFG/O
                         net (fo=39223, routed)       1.626     2.805    design_1_i/axi_gpio_btn_and_sw/U0/gpio_core_1/Dual.INPUT_DOUBLE_REGS5/s_axi_aclk
    SLICE_X51Y127        FDRE                                         r  design_1_i/axi_gpio_btn_and_sw/U0/gpio_core_1/Dual.INPUT_DOUBLE_REGS5/GENERATE_LEVEL_P_S_CDC.MULTI_BIT.FOR_IN_cdc_to[0].CROSS2_PLEVEL_IN2SCNDRY_IN_cdc_to/C

Slack:                    inf
  Source:                 btns_4bits_tri_i[2]
                            (input port)
  Destination:            design_1_i/axi_gpio_btn_and_sw/U0/gpio_core_1/Dual.INPUT_DOUBLE_REGS4/GENERATE_LEVEL_P_S_CDC.MULTI_BIT.FOR_IN_cdc_to[2].CROSS2_PLEVEL_IN2SCNDRY_IN_cdc_to/D
                            (rising edge-triggered cell FDRE clocked by clk_fpga_0  {rise@0.000ns fall@5.000ns period=10.000ns})
  Path Group:             (none)
  Path Type:              Setup (Max at Slow Process Corner)
  Data Path Delay:        4.608ns  (logic 1.510ns (32.773%)  route 3.098ns (67.227%))
  Logic Levels:           1  (IBUF=1)
  Clock Path Skew:        2.824ns (DCD - SCD + CPR)
    Destination Clock Delay (DCD):    2.824ns
    Source Clock Delay      (SCD):    0.000ns
    Clock Pessimism Removal (CPR):    0.000ns
  Clock Uncertainty:      0.152ns  ((TSJ^2 + TIJ^2)^1/2 + DJ) / 2 + PE
    Total System Jitter     (TSJ):    0.050ns
    Total Input Jitter      (TIJ):    0.300ns
    Discrete Jitter          (DJ):    0.000ns
    Phase Error              (PE):    0.000ns
  Timing Exception:       False Path

    Location             Delay type                Incr(ns)  Path(ns)    Netlist Resource(s)
  -------------------------------------------------------------------    -------------------
    K19                                               0.000     0.000 r  btns_4bits_tri_i[2] (IN)
                         net (fo=0)                   0.000     0.000    btns_4bits_tri_i[2]
    K19                  IBUF (Prop_ibuf_I_O)         1.510     1.510 r  btns_4bits_tri_i_IBUF[2]_inst/O
                         net (fo=1, routed)           3.098     4.608    design_1_i/axi_gpio_btn_and_sw/U0/gpio_core_1/Dual.INPUT_DOUBLE_REGS4/gpio_io_i[2]
    SLICE_X37Y132        FDRE                                         r  design_1_i/axi_gpio_btn_and_sw/U0/gpio_core_1/Dual.INPUT_DOUBLE_REGS4/GENERATE_LEVEL_P_S_CDC.MULTI_BIT.FOR_IN_cdc_to[2].CROSS2_PLEVEL_IN2SCNDRY_IN_cdc_to/D
  -------------------------------------------------------------------    -------------------

                         (clock clk_fpga_0 rise edge)
                                                      0.000     0.000 r  
    PS7_X0Y0             PS7                          0.000     0.000 r  design_1_i/processing_system7_0/inst/PS7_i/FCLKCLK[0]
                         net (fo=1, routed)           1.088     1.088    design_1_i/processing_system7_0/inst/FCLK_CLK_unbuffered[0]
    BUFGCTRL_X0Y16       BUFG (Prop_bufg_I_O)         0.091     1.179 r  design_1_i/processing_system7_0/inst/buffer_fclk_clk_0.FCLK_CLK_0_BUFG/O
                         net (fo=39223, routed)       1.645     2.824    design_1_i/axi_gpio_btn_and_sw/U0/gpio_core_1/Dual.INPUT_DOUBLE_REGS4/s_axi_aclk
    SLICE_X37Y132        FDRE                                         r  design_1_i/axi_gpio_btn_and_sw/U0/gpio_core_1/Dual.INPUT_DOUBLE_REGS4/GENERATE_LEVEL_P_S_CDC.MULTI_BIT.FOR_IN_cdc_to[2].CROSS2_PLEVEL_IN2SCNDRY_IN_cdc_to/C

Slack:                    inf
  Source:                 btns_4bits_tri_i[0]
                            (input port)
  Destination:            design_1_i/axi_gpio_btn_and_sw/U0/gpio_core_1/Dual.INPUT_DOUBLE_REGS4/GENERATE_LEVEL_P_S_CDC.MULTI_BIT.FOR_IN_cdc_to[0].CROSS2_PLEVEL_IN2SCNDRY_IN_cdc_to/D
                            (rising edge-triggered cell FDRE clocked by clk_fpga_0  {rise@0.000ns fall@5.000ns period=10.000ns})
  Path Group:             (none)
  Path Type:              Setup (Max at Slow Process Corner)
  Data Path Delay:        4.442ns  (logic 1.489ns (33.515%)  route 2.953ns (66.485%))
  Logic Levels:           1  (IBUF=1)
  Clock Path Skew:        2.816ns (DCD - SCD + CPR)
    Destination Clock Delay (DCD):    2.816ns
    Source Clock Delay      (SCD):    0.000ns
    Clock Pessimism Removal (CPR):    0.000ns
  Clock Uncertainty:      0.152ns  ((TSJ^2 + TIJ^2)^1/2 + DJ) / 2 + PE
    Total System Jitter     (TSJ):    0.050ns
    Total Input Jitter      (TIJ):    0.300ns
    Discrete Jitter          (DJ):    0.000ns
    Phase Error              (PE):    0.000ns
  Timing Exception:       False Path

    Location             Delay type                Incr(ns)  Path(ns)    Netlist Resource(s)
  -------------------------------------------------------------------    -------------------
    K18                                               0.000     0.000 r  btns_4bits_tri_i[0] (IN)
                         net (fo=0)                   0.000     0.000    btns_4bits_tri_i[0]
    K18                  IBUF (Prop_ibuf_I_O)         1.489     1.489 r  btns_4bits_tri_i_IBUF[0]_inst/O
                         net (fo=1, routed)           2.953     4.442    design_1_i/axi_gpio_btn_and_sw/U0/gpio_core_1/Dual.INPUT_DOUBLE_REGS4/gpio_io_i[0]
    SLICE_X51Y138        FDRE                                         r  design_1_i/axi_gpio_btn_and_sw/U0/gpio_core_1/Dual.INPUT_DOUBLE_REGS4/GENERATE_LEVEL_P_S_CDC.MULTI_BIT.FOR_IN_cdc_to[0].CROSS2_PLEVEL_IN2SCNDRY_IN_cdc_to/D
  -------------------------------------------------------------------    -------------------

                         (clock clk_fpga_0 rise edge)
                                                      0.000     0.000 r  
    PS7_X0Y0             PS7                          0.000     0.000 r  design_1_i/processing_system7_0/inst/PS7_i/FCLKCLK[0]
                         net (fo=1, routed)           1.088     1.088    design_1_i/processing_system7_0/inst/FCLK_CLK_unbuffered[0]
    BUFGCTRL_X0Y16       BUFG (Prop_bufg_I_O)         0.091     1.179 r  design_1_i/processing_system7_0/inst/buffer_fclk_clk_0.FCLK_CLK_0_BUFG/O
                         net (fo=39223, routed)       1.637     2.816    design_1_i/axi_gpio_btn_and_sw/U0/gpio_core_1/Dual.INPUT_DOUBLE_REGS4/s_axi_aclk
    SLICE_X51Y138        FDRE                                         r  design_1_i/axi_gpio_btn_and_sw/U0/gpio_core_1/Dual.INPUT_DOUBLE_REGS4/GENERATE_LEVEL_P_S_CDC.MULTI_BIT.FOR_IN_cdc_to[0].CROSS2_PLEVEL_IN2SCNDRY_IN_cdc_to/C

Slack:                    inf
  Source:                 design_1_i/processing_system7_0/inst/PS7_i/FCLKRESETN[0]
                            (internal pin)
  Destination:            design_1_i/rst_ps7_0_100M/U0/EXT_LPF/ACTIVE_LOW_EXT.ACT_LO_EXT/GENERATE_LEVEL_P_S_CDC.SINGLE_BIT.CROSS_PLEVEL_IN2SCNDRY_IN_cdc_to/D
                            (rising edge-triggered cell FDRE clocked by clk_fpga_0  {rise@0.000ns fall@5.000ns period=10.000ns})
  Path Group:             (none)
  Path Type:              Setup (Max at Slow Process Corner)
  Data Path Delay:        1.790ns  (logic 0.124ns (6.926%)  route 1.666ns (93.074%))
  Logic Levels:           1  (LUT1=1)
  Clock Uncertainty:      0.152ns  ((TSJ^2 + TIJ^2)^1/2 + DJ) / 2 + PE
    Total System Jitter     (TSJ):    0.050ns
    Total Input Jitter      (TIJ):    0.300ns
    Discrete Jitter          (DJ):    0.000ns
    Phase Error              (PE):    0.000ns
  Timing Exception:       False Path

    Location             Delay type                Incr(ns)  Path(ns)    Netlist Resource(s)
  -------------------------------------------------------------------    -------------------
    PS7_X0Y0             PS7                          0.000     0.000 f  design_1_i/processing_system7_0/inst/PS7_i/FCLKRESETN[0]
                         net (fo=1, routed)           1.666     1.666    design_1_i/rst_ps7_0_100M/U0/EXT_LPF/ACTIVE_LOW_EXT.ACT_LO_EXT/ext_reset_in
    SLICE_X26Y61         LUT1 (Prop_lut1_I0_O)        0.124     1.790 r  design_1_i/rst_ps7_0_100M/U0/EXT_LPF/ACTIVE_LOW_EXT.ACT_LO_EXT/GENERATE_LEVEL_P_S_CDC.SINGLE_BIT.CROSS_PLEVEL_IN2SCNDRY_IN_cdc_to_i_1/O
                         net (fo=1, routed)           0.000     1.790    design_1_i/rst_ps7_0_100M/U0/EXT_LPF/ACTIVE_LOW_EXT.ACT_LO_EXT/exr_d1
    SLICE_X26Y61         FDRE                                         r  design_1_i/rst_ps7_0_100M/U0/EXT_LPF/ACTIVE_LOW_EXT.ACT_LO_EXT/GENERATE_LEVEL_P_S_CDC.SINGLE_BIT.CROSS_PLEVEL_IN2SCNDRY_IN_cdc_to/D
  -------------------------------------------------------------------    -------------------

                         (clock clk_fpga_0 rise edge)
                                                      0.000     0.000 r  
    PS7_X0Y0             PS7                          0.000     0.000 r  design_1_i/processing_system7_0/inst/PS7_i/FCLKCLK[0]
                         net (fo=1, routed)           1.088     1.088    design_1_i/processing_system7_0/inst/FCLK_CLK_unbuffered[0]
    BUFGCTRL_X0Y16       BUFG (Prop_bufg_I_O)         0.091     1.179 r  design_1_i/processing_system7_0/inst/buffer_fclk_clk_0.FCLK_CLK_0_BUFG/O
                         net (fo=39223, routed)       1.518     2.697    design_1_i/rst_ps7_0_100M/U0/EXT_LPF/ACTIVE_LOW_EXT.ACT_LO_EXT/slowest_sync_clk
    SLICE_X26Y61         FDRE                                         r  design_1_i/rst_ps7_0_100M/U0/EXT_LPF/ACTIVE_LOW_EXT.ACT_LO_EXT/GENERATE_LEVEL_P_S_CDC.SINGLE_BIT.CROSS_PLEVEL_IN2SCNDRY_IN_cdc_to/C





Min Delay Paths
--------------------------------------------------------------------------------------
Slack:                    inf
  Source:                 design_1_i/processing_system7_0/inst/PS7_i/FCLKRESETN[0]
                            (internal pin)
  Destination:            design_1_i/rst_ps7_0_100M/U0/EXT_LPF/ACTIVE_LOW_EXT.ACT_LO_EXT/GENERATE_LEVEL_P_S_CDC.SINGLE_BIT.CROSS_PLEVEL_IN2SCNDRY_IN_cdc_to/D
                            (rising edge-triggered cell FDRE clocked by clk_fpga_0  {rise@0.000ns fall@5.000ns period=10.000ns})
  Path Group:             (none)
  Path Type:              Hold (Min at Fast Process Corner)
  Data Path Delay:        0.703ns  (logic 0.045ns (6.397%)  route 0.658ns (93.603%))
  Logic Levels:           1  (LUT1=1)
  Clock Uncertainty:      0.152ns  ((TSJ^2 + TIJ^2)^1/2 + DJ) / 2 + PE
    Total System Jitter     (TSJ):    0.050ns
    Total Input Jitter      (TIJ):    0.300ns
    Discrete Jitter          (DJ):    0.000ns
    Phase Error              (PE):    0.000ns
  Timing Exception:       False Path

    Location             Delay type                Incr(ns)  Path(ns)    Netlist Resource(s)
  -------------------------------------------------------------------    -------------------
    PS7_X0Y0             PS7                          0.000     0.000 f  design_1_i/processing_system7_0/inst/PS7_i/FCLKRESETN[0]
                         net (fo=1, routed)           0.658     0.658    design_1_i/rst_ps7_0_100M/U0/EXT_LPF/ACTIVE_LOW_EXT.ACT_LO_EXT/ext_reset_in
    SLICE_X26Y61         LUT1 (Prop_lut1_I0_O)        0.045     0.703 r  design_1_i/rst_ps7_0_100M/U0/EXT_LPF/ACTIVE_LOW_EXT.ACT_LO_EXT/GENERATE_LEVEL_P_S_CDC.SINGLE_BIT.CROSS_PLEVEL_IN2SCNDRY_IN_cdc_to_i_1/O
                         net (fo=1, routed)           0.000     0.703    design_1_i/rst_ps7_0_100M/U0/EXT_LPF/ACTIVE_LOW_EXT.ACT_LO_EXT/exr_d1
    SLICE_X26Y61         FDRE                                         r  design_1_i/rst_ps7_0_100M/U0/EXT_LPF/ACTIVE_LOW_EXT.ACT_LO_EXT/GENERATE_LEVEL_P_S_CDC.SINGLE_BIT.CROSS_PLEVEL_IN2SCNDRY_IN_cdc_to/D
  -------------------------------------------------------------------    -------------------

                         (clock clk_fpga_0 rise edge)
                                                      0.000     0.000 r  
    PS7_X0Y0             PS7                          0.000     0.000 r  design_1_i/processing_system7_0/inst/PS7_i/FCLKCLK[0]
                         net (fo=1, routed)           0.337     0.337    design_1_i/processing_system7_0/inst/FCLK_CLK_unbuffered[0]
    BUFGCTRL_X0Y16       BUFG (Prop_bufg_I_O)         0.029     0.366 r  design_1_i/processing_system7_0/inst/buffer_fclk_clk_0.FCLK_CLK_0_BUFG/O
                         net (fo=39223, routed)       0.841     1.207    design_1_i/rst_ps7_0_100M/U0/EXT_LPF/ACTIVE_LOW_EXT.ACT_LO_EXT/slowest_sync_clk
    SLICE_X26Y61         FDRE                                         r  design_1_i/rst_ps7_0_100M/U0/EXT_LPF/ACTIVE_LOW_EXT.ACT_LO_EXT/GENERATE_LEVEL_P_S_CDC.SINGLE_BIT.CROSS_PLEVEL_IN2SCNDRY_IN_cdc_to/C

Slack:                    inf
  Source:                 btns_4bits_tri_i[0]
                            (input port)
  Destination:            design_1_i/axi_gpio_btn_and_sw/U0/gpio_core_1/Dual.INPUT_DOUBLE_REGS4/GENERATE_LEVEL_P_S_CDC.MULTI_BIT.FOR_IN_cdc_to[0].CROSS2_PLEVEL_IN2SCNDRY_IN_cdc_to/D
                            (rising edge-triggered cell FDRE clocked by clk_fpga_0  {rise@0.000ns fall@5.000ns period=10.000ns})
  Path Group:             (none)
  Path Type:              Hold (Min at Fast Process Corner)
  Data Path Delay:        1.598ns  (logic 0.257ns (16.058%)  route 1.341ns (83.942%))
  Logic Levels:           1  (IBUF=1)
  Clock Path Skew:        1.270ns (DCD - SCD - CPR)
    Destination Clock Delay (DCD):    1.270ns
    Source Clock Delay      (SCD):    0.000ns
    Clock Pessimism Removal (CPR):    -0.000ns
  Timing Exception:       False Path

    Location             Delay type                Incr(ns)  Path(ns)    Netlist Resource(s)
  -------------------------------------------------------------------    -------------------
    K18                                               0.000     0.000 r  btns_4bits_tri_i[0] (IN)
                         net (fo=0)                   0.000     0.000    btns_4bits_tri_i[0]
    K18                  IBUF (Prop_ibuf_I_O)         0.257     0.257 r  btns_4bits_tri_i_IBUF[0]_inst/O
                         net (fo=1, routed)           1.341     1.598    design_1_i/axi_gpio_btn_and_sw/U0/gpio_core_1/Dual.INPUT_DOUBLE_REGS4/gpio_io_i[0]
    SLICE_X51Y138        FDRE                                         r  design_1_i/axi_gpio_btn_and_sw/U0/gpio_core_1/Dual.INPUT_DOUBLE_REGS4/GENERATE_LEVEL_P_S_CDC.MULTI_BIT.FOR_IN_cdc_to[0].CROSS2_PLEVEL_IN2SCNDRY_IN_cdc_to/D
  -------------------------------------------------------------------    -------------------

                         (clock clk_fpga_0 rise edge)
                                                      0.000     0.000 r  
    PS7_X0Y0             PS7                          0.000     0.000 r  design_1_i/processing_system7_0/inst/PS7_i/FCLKCLK[0]
                         net (fo=1, routed)           0.337     0.337    design_1_i/processing_system7_0/inst/FCLK_CLK_unbuffered[0]
    BUFGCTRL_X0Y16       BUFG (Prop_bufg_I_O)         0.029     0.366 r  design_1_i/processing_system7_0/inst/buffer_fclk_clk_0.FCLK_CLK_0_BUFG/O
                         net (fo=39223, routed)       0.904     1.270    design_1_i/axi_gpio_btn_and_sw/U0/gpio_core_1/Dual.INPUT_DOUBLE_REGS4/s_axi_aclk
    SLICE_X51Y138        FDRE                                         r  design_1_i/axi_gpio_btn_and_sw/U0/gpio_core_1/Dual.INPUT_DOUBLE_REGS4/GENERATE_LEVEL_P_S_CDC.MULTI_BIT.FOR_IN_cdc_to[0].CROSS2_PLEVEL_IN2SCNDRY_IN_cdc_to/C

Slack:                    inf
  Source:                 btns_4bits_tri_i[2]
                            (input port)
  Destination:            design_1_i/axi_gpio_btn_and_sw/U0/gpio_core_1/Dual.INPUT_DOUBLE_REGS4/GENERATE_LEVEL_P_S_CDC.MULTI_BIT.FOR_IN_cdc_to[2].CROSS2_PLEVEL_IN2SCNDRY_IN_cdc_to/D
                            (rising edge-triggered cell FDRE clocked by clk_fpga_0  {rise@0.000ns fall@5.000ns period=10.000ns})
  Path Group:             (none)
  Path Type:              Hold (Min at Fast Process Corner)
  Data Path Delay:        1.653ns  (logic 0.278ns (16.795%)  route 1.376ns (83.205%))
  Logic Levels:           1  (IBUF=1)
  Clock Path Skew:        1.268ns (DCD - SCD - CPR)
    Destination Clock Delay (DCD):    1.268ns
    Source Clock Delay      (SCD):    0.000ns
    Clock Pessimism Removal (CPR):    -0.000ns
  Timing Exception:       False Path

    Location             Delay type                Incr(ns)  Path(ns)    Netlist Resource(s)
  -------------------------------------------------------------------    -------------------
    K19                                               0.000     0.000 r  btns_4bits_tri_i[2] (IN)
                         net (fo=0)                   0.000     0.000    btns_4bits_tri_i[2]
    K19                  IBUF (Prop_ibuf_I_O)         0.278     0.278 r  btns_4bits_tri_i_IBUF[2]_inst/O
                         net (fo=1, routed)           1.376     1.653    design_1_i/axi_gpio_btn_and_sw/U0/gpio_core_1/Dual.INPUT_DOUBLE_REGS4/gpio_io_i[2]
    SLICE_X37Y132        FDRE                                         r  design_1_i/axi_gpio_btn_and_sw/U0/gpio_core_1/Dual.INPUT_DOUBLE_REGS4/GENERATE_LEVEL_P_S_CDC.MULTI_BIT.FOR_IN_cdc_to[2].CROSS2_PLEVEL_IN2SCNDRY_IN_cdc_to/D
  -------------------------------------------------------------------    -------------------

                         (clock clk_fpga_0 rise edge)
                                                      0.000     0.000 r  
    PS7_X0Y0             PS7                          0.000     0.000 r  design_1_i/processing_system7_0/inst/PS7_i/FCLKCLK[0]
                         net (fo=1, routed)           0.337     0.337    design_1_i/processing_system7_0/inst/FCLK_CLK_unbuffered[0]
    BUFGCTRL_X0Y16       BUFG (Prop_bufg_I_O)         0.029     0.366 r  design_1_i/processing_system7_0/inst/buffer_fclk_clk_0.FCLK_CLK_0_BUFG/O
                         net (fo=39223, routed)       0.902     1.268    design_1_i/axi_gpio_btn_and_sw/U0/gpio_core_1/Dual.INPUT_DOUBLE_REGS4/s_axi_aclk
    SLICE_X37Y132        FDRE                                         r  design_1_i/axi_gpio_btn_and_sw/U0/gpio_core_1/Dual.INPUT_DOUBLE_REGS4/GENERATE_LEVEL_P_S_CDC.MULTI_BIT.FOR_IN_cdc_to[2].CROSS2_PLEVEL_IN2SCNDRY_IN_cdc_to/C

Slack:                    inf
  Source:                 sws_4bits_tri_i[0]
                            (input port)
  Destination:            design_1_i/axi_gpio_btn_and_sw/U0/gpio_core_1/Dual.INPUT_DOUBLE_REGS5/GENERATE_LEVEL_P_S_CDC.MULTI_BIT.FOR_IN_cdc_to[0].CROSS2_PLEVEL_IN2SCNDRY_IN_cdc_to/D
                            (rising edge-triggered cell FDRE clocked by clk_fpga_0  {rise@0.000ns fall@5.000ns period=10.000ns})
  Path Group:             (none)
  Path Type:              Hold (Min at Fast Process Corner)
  Data Path Delay:        1.712ns  (logic 0.236ns (13.760%)  route 1.476ns (86.240%))
  Logic Levels:           1  (IBUF=1)
  Clock Path Skew:        1.259ns (DCD - SCD - CPR)
    Destination Clock Delay (DCD):    1.259ns
    Source Clock Delay      (SCD):    0.000ns
    Clock Pessimism Removal (CPR):    -0.000ns
  Timing Exception:       False Path

    Location             Delay type                Incr(ns)  Path(ns)    Netlist Resource(s)
  -------------------------------------------------------------------    -------------------
    G15                                               0.000     0.000 r  sws_4bits_tri_i[0] (IN)
                         net (fo=0)                   0.000     0.000    sws_4bits_tri_i[0]
    G15                  IBUF (Prop_ibuf_I_O)         0.236     0.236 r  sws_4bits_tri_i_IBUF[0]_inst/O
                         net (fo=1, routed)           1.476     1.712    design_1_i/axi_gpio_btn_and_sw/U0/gpio_core_1/Dual.INPUT_DOUBLE_REGS5/gpio2_io_i[0]
    SLICE_X51Y127        FDRE                                         r  design_1_i/axi_gpio_btn_and_sw/U0/gpio_core_1/Dual.INPUT_DOUBLE_REGS5/GENERATE_LEVEL_P_S_CDC.MULTI_BIT.FOR_IN_cdc_to[0].CROSS2_PLEVEL_IN2SCNDRY_IN_cdc_to/D
  -------------------------------------------------------------------    -------------------

                         (clock clk_fpga_0 rise edge)
                                                      0.000     0.000 r  
    PS7_X0Y0             PS7                          0.000     0.000 r  design_1_i/processing_system7_0/inst/PS7_i/FCLKCLK[0]
                         net (fo=1, routed)           0.337     0.337    design_1_i/processing_system7_0/inst/FCLK_CLK_unbuffered[0]
    BUFGCTRL_X0Y16       BUFG (Prop_bufg_I_O)         0.029     0.366 r  design_1_i/processing_system7_0/inst/buffer_fclk_clk_0.FCLK_CLK_0_BUFG/O
                         net (fo=39223, routed)       0.893     1.259    design_1_i/axi_gpio_btn_and_sw/U0/gpio_core_1/Dual.INPUT_DOUBLE_REGS5/s_axi_aclk
    SLICE_X51Y127        FDRE                                         r  design_1_i/axi_gpio_btn_and_sw/U0/gpio_core_1/Dual.INPUT_DOUBLE_REGS5/GENERATE_LEVEL_P_S_CDC.MULTI_BIT.FOR_IN_cdc_to[0].CROSS2_PLEVEL_IN2SCNDRY_IN_cdc_to/C

Slack:                    inf
  Source:                 sws_4bits_tri_i[2]
                            (input port)
  Destination:            design_1_i/axi_gpio_btn_and_sw/U0/gpio_core_1/Dual.INPUT_DOUBLE_REGS5/GENERATE_LEVEL_P_S_CDC.MULTI_BIT.FOR_IN_cdc_to[2].CROSS2_PLEVEL_IN2SCNDRY_IN_cdc_to/D
                            (rising edge-triggered cell FDRE clocked by clk_fpga_0  {rise@0.000ns fall@5.000ns period=10.000ns})
  Path Group:             (none)
  Path Type:              Hold (Min at Fast Process Corner)
  Data Path Delay:        1.914ns  (logic 0.299ns (15.607%)  route 1.615ns (84.393%))
  Logic Levels:           1  (IBUF=1)
  Clock Path Skew:        1.259ns (DCD - SCD - CPR)
    Destination Clock Delay (DCD):    1.259ns
    Source Clock Delay      (SCD):    0.000ns
    Clock Pessimism Removal (CPR):    -0.000ns
  Timing Exception:       False Path

    Location             Delay type                Incr(ns)  Path(ns)    Netlist Resource(s)
  -------------------------------------------------------------------    -------------------
    W13                                               0.000     0.000 r  sws_4bits_tri_i[2] (IN)
                         net (fo=0)                   0.000     0.000    sws_4bits_tri_i[2]
    W13                  IBUF (Prop_ibuf_I_O)         0.299     0.299 r  sws_4bits_tri_i_IBUF[2]_inst/O
                         net (fo=1, routed)           1.615     1.914    design_1_i/axi_gpio_btn_and_sw/U0/gpio_core_1/Dual.INPUT_DOUBLE_REGS5/gpio2_io_i[2]
    SLICE_X51Y127        FDRE                                         r  design_1_i/axi_gpio_btn_and_sw/U0/gpio_core_1/Dual.INPUT_DOUBLE_REGS5/GENERATE_LEVEL_P_S_CDC.MULTI_BIT.FOR_IN_cdc_to[2].CROSS2_PLEVEL_IN2SCNDRY_IN_cdc_to/D
  -------------------------------------------------------------------    -------------------

                         (clock clk_fpga_0 rise edge)
                                                      0.000     0.000 r  
    PS7_X0Y0             PS7                          0.000     0.000 r  design_1_i/processing_system7_0/inst/PS7_i/FCLKCLK[0]
                         net (fo=1, routed)           0.337     0.337    design_1_i/processing_system7_0/inst/FCLK_CLK_unbuffered[0]
    BUFGCTRL_X0Y16       BUFG (Prop_bufg_I_O)         0.029     0.366 r  design_1_i/processing_system7_0/inst/buffer_fclk_clk_0.FCLK_CLK_0_BUFG/O
                         net (fo=39223, routed)       0.893     1.259    design_1_i/axi_gpio_btn_and_sw/U0/gpio_core_1/Dual.INPUT_DOUBLE_REGS5/s_axi_aclk
    SLICE_X51Y127        FDRE                                         r  design_1_i/axi_gpio_btn_and_sw/U0/gpio_core_1/Dual.INPUT_DOUBLE_REGS5/GENERATE_LEVEL_P_S_CDC.MULTI_BIT.FOR_IN_cdc_to[2].CROSS2_PLEVEL_IN2SCNDRY_IN_cdc_to/C

Slack:                    inf
  Source:                 sws_4bits_tri_i[3]
                            (input port)
  Destination:            design_1_i/axi_gpio_btn_and_sw/U0/gpio_core_1/Dual.INPUT_DOUBLE_REGS5/GENERATE_LEVEL_P_S_CDC.MULTI_BIT.FOR_IN_cdc_to[3].CROSS2_PLEVEL_IN2SCNDRY_IN_cdc_to/D
                            (rising edge-triggered cell FDRE clocked by clk_fpga_0  {rise@0.000ns fall@5.000ns period=10.000ns})
  Path Group:             (none)
  Path Type:              Hold (Min at Fast Process Corner)
  Data Path Delay:        1.964ns  (logic 0.297ns (15.144%)  route 1.667ns (84.856%))
  Logic Levels:           1  (IBUF=1)
  Clock Path Skew:        1.271ns (DCD - SCD - CPR)
    Destination Clock Delay (DCD):    1.271ns
    Source Clock Delay      (SCD):    0.000ns
    Clock Pessimism Removal (CPR):    -0.000ns
  Timing Exception:       False Path

    Location             Delay type                Incr(ns)  Path(ns)    Netlist Resource(s)
  -------------------------------------------------------------------    -------------------
    T16                                               0.000     0.000 r  sws_4bits_tri_i[3] (IN)
                         net (fo=0)                   0.000     0.000    sws_4bits_tri_i[3]
    T16                  IBUF (Prop_ibuf_I_O)         0.297     0.297 r  sws_4bits_tri_i_IBUF[3]_inst/O
                         net (fo=1, routed)           1.667     1.964    design_1_i/axi_gpio_btn_and_sw/U0/gpio_core_1/Dual.INPUT_DOUBLE_REGS5/gpio2_io_i[3]
    SLICE_X43Y136        FDRE                                         r  design_1_i/axi_gpio_btn_and_sw/U0/gpio_core_1/Dual.INPUT_DOUBLE_REGS5/GENERATE_LEVEL_P_S_CDC.MULTI_BIT.FOR_IN_cdc_to[3].CROSS2_PLEVEL_IN2SCNDRY_IN_cdc_to/D
  -------------------------------------------------------------------    -------------------

                         (clock clk_fpga_0 rise edge)
                                                      0.000     0.000 r  
    PS7_X0Y0             PS7                          0.000     0.000 r  design_1_i/processing_system7_0/inst/PS7_i/FCLKCLK[0]
                         net (fo=1, routed)           0.337     0.337    design_1_i/processing_system7_0/inst/FCLK_CLK_unbuffered[0]
    BUFGCTRL_X0Y16       BUFG (Prop_bufg_I_O)         0.029     0.366 r  design_1_i/processing_system7_0/inst/buffer_fclk_clk_0.FCLK_CLK_0_BUFG/O
                         net (fo=39223, routed)       0.905     1.271    design_1_i/axi_gpio_btn_and_sw/U0/gpio_core_1/Dual.INPUT_DOUBLE_REGS5/s_axi_aclk
    SLICE_X43Y136        FDRE                                         r  design_1_i/axi_gpio_btn_and_sw/U0/gpio_core_1/Dual.INPUT_DOUBLE_REGS5/GENERATE_LEVEL_P_S_CDC.MULTI_BIT.FOR_IN_cdc_to[3].CROSS2_PLEVEL_IN2SCNDRY_IN_cdc_to/C

Slack:                    inf
  Source:                 btns_4bits_tri_i[3]
                            (input port)
  Destination:            design_1_i/axi_gpio_btn_and_sw/U0/gpio_core_1/Dual.INPUT_DOUBLE_REGS4/GENERATE_LEVEL_P_S_CDC.MULTI_BIT.FOR_IN_cdc_to[3].CROSS2_PLEVEL_IN2SCNDRY_IN_cdc_to/D
                            (rising edge-triggered cell FDRE clocked by clk_fpga_0  {rise@0.000ns fall@5.000ns period=10.000ns})
  Path Group:             (none)
  Path Type:              Hold (Min at Fast Process Corner)
  Data Path Delay:        2.053ns  (logic 0.336ns (16.375%)  route 1.716ns (83.625%))
  Logic Levels:           1  (IBUF=1)
  Clock Path Skew:        1.260ns (DCD - SCD - CPR)
    Destination Clock Delay (DCD):    1.260ns
    Source Clock Delay      (SCD):    0.000ns
    Clock Pessimism Removal (CPR):    -0.000ns
  Timing Exception:       False Path

    Location             Delay type                Incr(ns)  Path(ns)    Netlist Resource(s)
  -------------------------------------------------------------------    -------------------
    Y16                                               0.000     0.000 r  btns_4bits_tri_i[3] (IN)
                         net (fo=0)                   0.000     0.000    btns_4bits_tri_i[3]
    Y16                  IBUF (Prop_ibuf_I_O)         0.336     0.336 r  btns_4bits_tri_i_IBUF[3]_inst/O
                         net (fo=1, routed)           1.716     2.053    design_1_i/axi_gpio_btn_and_sw/U0/gpio_core_1/Dual.INPUT_DOUBLE_REGS4/gpio_io_i[3]
    SLICE_X43Y124        FDRE                                         r  design_1_i/axi_gpio_btn_and_sw/U0/gpio_core_1/Dual.INPUT_DOUBLE_REGS4/GENERATE_LEVEL_P_S_CDC.MULTI_BIT.FOR_IN_cdc_to[3].CROSS2_PLEVEL_IN2SCNDRY_IN_cdc_to/D
  -------------------------------------------------------------------    -------------------

                         (clock clk_fpga_0 rise edge)
                                                      0.000     0.000 r  
    PS7_X0Y0             PS7                          0.000     0.000 r  design_1_i/processing_system7_0/inst/PS7_i/FCLKCLK[0]
                         net (fo=1, routed)           0.337     0.337    design_1_i/processing_system7_0/inst/FCLK_CLK_unbuffered[0]
    BUFGCTRL_X0Y16       BUFG (Prop_bufg_I_O)         0.029     0.366 r  design_1_i/processing_system7_0/inst/buffer_fclk_clk_0.FCLK_CLK_0_BUFG/O
                         net (fo=39223, routed)       0.894     1.260    design_1_i/axi_gpio_btn_and_sw/U0/gpio_core_1/Dual.INPUT_DOUBLE_REGS4/s_axi_aclk
    SLICE_X43Y124        FDRE                                         r  design_1_i/axi_gpio_btn_and_sw/U0/gpio_core_1/Dual.INPUT_DOUBLE_REGS4/GENERATE_LEVEL_P_S_CDC.MULTI_BIT.FOR_IN_cdc_to[3].CROSS2_PLEVEL_IN2SCNDRY_IN_cdc_to/C

Slack:                    inf
  Source:                 sws_4bits_tri_i[1]
                            (input port)
  Destination:            design_1_i/axi_gpio_btn_and_sw/U0/gpio_core_1/Dual.INPUT_DOUBLE_REGS5/GENERATE_LEVEL_P_S_CDC.MULTI_BIT.FOR_IN_cdc_to[1].CROSS2_PLEVEL_IN2SCNDRY_IN_cdc_to/D
                            (rising edge-triggered cell FDRE clocked by clk_fpga_0  {rise@0.000ns fall@5.000ns period=10.000ns})
  Path Group:             (none)
  Path Type:              Hold (Min at Fast Process Corner)
  Data Path Delay:        2.399ns  (logic 0.248ns (10.318%)  route 2.152ns (89.681%))
  Logic Levels:           1  (IBUF=1)
  Clock Path Skew:        1.260ns (DCD - SCD - CPR)
    Destination Clock Delay (DCD):    1.260ns
    Source Clock Delay      (SCD):    0.000ns
    Clock Pessimism Removal (CPR):    -0.000ns
  Timing Exception:       False Path

    Location             Delay type                Incr(ns)  Path(ns)    Netlist Resource(s)
  -------------------------------------------------------------------    -------------------
    P15                                               0.000     0.000 r  sws_4bits_tri_i[1] (IN)
                         net (fo=0)                   0.000     0.000    sws_4bits_tri_i[1]
    P15                  IBUF (Prop_ibuf_I_O)         0.248     0.248 r  sws_4bits_tri_i_IBUF[1]_inst/O
                         net (fo=1, routed)           2.152     2.399    design_1_i/axi_gpio_btn_and_sw/U0/gpio_core_1/Dual.INPUT_DOUBLE_REGS5/gpio2_io_i[1]
    SLICE_X43Y124        FDRE                                         r  design_1_i/axi_gpio_btn_and_sw/U0/gpio_core_1/Dual.INPUT_DOUBLE_REGS5/GENERATE_LEVEL_P_S_CDC.MULTI_BIT.FOR_IN_cdc_to[1].CROSS2_PLEVEL_IN2SCNDRY_IN_cdc_to/D
  -------------------------------------------------------------------    -------------------

                         (clock clk_fpga_0 rise edge)
                                                      0.000     0.000 r  
    PS7_X0Y0             PS7                          0.000     0.000 r  design_1_i/processing_system7_0/inst/PS7_i/FCLKCLK[0]
                         net (fo=1, routed)           0.337     0.337    design_1_i/processing_system7_0/inst/FCLK_CLK_unbuffered[0]
    BUFGCTRL_X0Y16       BUFG (Prop_bufg_I_O)         0.029     0.366 r  design_1_i/processing_system7_0/inst/buffer_fclk_clk_0.FCLK_CLK_0_BUFG/O
                         net (fo=39223, routed)       0.894     1.260    design_1_i/axi_gpio_btn_and_sw/U0/gpio_core_1/Dual.INPUT_DOUBLE_REGS5/s_axi_aclk
    SLICE_X43Y124        FDRE                                         r  design_1_i/axi_gpio_btn_and_sw/U0/gpio_core_1/Dual.INPUT_DOUBLE_REGS5/GENERATE_LEVEL_P_S_CDC.MULTI_BIT.FOR_IN_cdc_to[1].CROSS2_PLEVEL_IN2SCNDRY_IN_cdc_to/C

Slack:                    inf
  Source:                 btns_4bits_tri_i[1]
                            (input port)
  Destination:            design_1_i/axi_gpio_btn_and_sw/U0/gpio_core_1/Dual.INPUT_DOUBLE_REGS4/GENERATE_LEVEL_P_S_CDC.MULTI_BIT.FOR_IN_cdc_to[1].CROSS2_PLEVEL_IN2SCNDRY_IN_cdc_to/D
                            (rising edge-triggered cell FDRE clocked by clk_fpga_0  {rise@0.000ns fall@5.000ns period=10.000ns})
  Path Group:             (none)
  Path Type:              Hold (Min at Fast Process Corner)
  Data Path Delay:        2.607ns  (logic 0.252ns (9.685%)  route 2.354ns (90.315%))
  Logic Levels:           1  (IBUF=1)
  Clock Path Skew:        1.271ns (DCD - SCD - CPR)
    Destination Clock Delay (DCD):    1.271ns
    Source Clock Delay      (SCD):    0.000ns
    Clock Pessimism Removal (CPR):    -0.000ns
  Timing Exception:       False Path

    Location             Delay type                Incr(ns)  Path(ns)    Netlist Resource(s)
  -------------------------------------------------------------------    -------------------
    P16                                               0.000     0.000 r  btns_4bits_tri_i[1] (IN)
                         net (fo=0)                   0.000     0.000    btns_4bits_tri_i[1]
    P16                  IBUF (Prop_ibuf_I_O)         0.252     0.252 r  btns_4bits_tri_i_IBUF[1]_inst/O
                         net (fo=1, routed)           2.354     2.607    design_1_i/axi_gpio_btn_and_sw/U0/gpio_core_1/Dual.INPUT_DOUBLE_REGS4/gpio_io_i[1]
    SLICE_X51Y141        FDRE                                         r  design_1_i/axi_gpio_btn_and_sw/U0/gpio_core_1/Dual.INPUT_DOUBLE_REGS4/GENERATE_LEVEL_P_S_CDC.MULTI_BIT.FOR_IN_cdc_to[1].CROSS2_PLEVEL_IN2SCNDRY_IN_cdc_to/D
  -------------------------------------------------------------------    -------------------

                         (clock clk_fpga_0 rise edge)
                                                      0.000     0.000 r  
    PS7_X0Y0             PS7                          0.000     0.000 r  design_1_i/processing_system7_0/inst/PS7_i/FCLKCLK[0]
                         net (fo=1, routed)           0.337     0.337    design_1_i/processing_system7_0/inst/FCLK_CLK_unbuffered[0]
    BUFGCTRL_X0Y16       BUFG (Prop_bufg_I_O)         0.029     0.366 r  design_1_i/processing_system7_0/inst/buffer_fclk_clk_0.FCLK_CLK_0_BUFG/O
                         net (fo=39223, routed)       0.905     1.271    design_1_i/axi_gpio_btn_and_sw/U0/gpio_core_1/Dual.INPUT_DOUBLE_REGS4/s_axi_aclk
    SLICE_X51Y141        FDRE                                         r  design_1_i/axi_gpio_btn_and_sw/U0/gpio_core_1/Dual.INPUT_DOUBLE_REGS4/GENERATE_LEVEL_P_S_CDC.MULTI_BIT.FOR_IN_cdc_to[1].CROSS2_PLEVEL_IN2SCNDRY_IN_cdc_to/C





--------------------------------------------------------------------------------------
Path Group:  (none)
From Clock:  axi_dynclk_0_PXL_CLK_O
  To Clock:  clk_fpga_0

Max Delay             2 Endpoints
Min Delay            48 Endpoints
--------------------------------------------------------------------------------------


Max Delay Paths
--------------------------------------------------------------------------------------
Slack:                    inf
  Source:                 design_1_i/hdmi/v_axi4s_vid_out_0/inst/COUPLER_INST/generate_async_fifo.FIFO_INST/XPM_FIFO_ASYNC_INST/gnuram_async_fifo.xpm_fifo_base_inst/xpm_fifo_rst_inst/gen_rst_ic.fifo_rd_rst_ic_reg/C
                            (rising edge-triggered cell FDRE clocked by axi_dynclk_0_PXL_CLK_O  {rise@0.000ns fall@4.000ns period=10.000ns})
  Destination:            design_1_i/hdmi/v_axi4s_vid_out_0/inst/COUPLER_INST/generate_async_fifo.FIFO_INST/XPM_FIFO_ASYNC_INST/gnuram_async_fifo.xpm_fifo_base_inst/xpm_fifo_rst_inst/gen_rst_ic.rrst_wr_inst/syncstages_ff_reg[0]/D
                            (rising edge-triggered cell FDRE clocked by clk_fpga_0  {rise@0.000ns fall@5.000ns period=10.000ns})
  Path Group:             (none)
  Path Type:              Setup (Max at Slow Process Corner)
  Data Path Delay:        2.373ns  (logic 0.456ns (19.217%)  route 1.917ns (80.783%))
  Logic Levels:           0  
  Clock Path Skew:        -3.446ns (DCD - SCD + CPR)
    Destination Clock Delay (DCD):    2.894ns
    Source Clock Delay      (SCD):    6.340ns
    Clock Pessimism Removal (CPR):    0.000ns
  Clock Uncertainty:      0.263ns  ((TSJ^2 + TIJ^2 + DJ^2)^1/2) / 2 + PE
    Total System Jitter     (TSJ):    0.071ns
    Total Input Jitter      (TIJ):    0.300ns
    Discrete Jitter          (DJ):    0.112ns
    Phase Error              (PE):    0.099ns
  Timing Exception:       False Path

    Location             Delay type                Incr(ns)  Path(ns)    Netlist Resource(s)
  -------------------------------------------------------------------    -------------------
                         (clock axi_dynclk_0_PXL_CLK_O rise edge)
                                                      0.000     0.000 r  
    PS7_X0Y0             PS7                          0.000     0.000 r  design_1_i/processing_system7_0/inst/PS7_i/FCLKCLK[0]
                         net (fo=1, routed)           1.193     1.193    design_1_i/processing_system7_0/inst/FCLK_CLK_unbuffered[0]
    BUFGCTRL_X0Y16       BUFG (Prop_bufg_I_O)         0.101     1.294 r  design_1_i/processing_system7_0/inst/buffer_fclk_clk_0.FCLK_CLK_0_BUFG/O
                         net (fo=39223, routed)       1.980     3.274    design_1_i/hdmi/axi_dynclk_0/U0/Inst_mmcme2_drp/REF_CLK_I
    MMCME2_ADV_X1Y2      MMCME2_ADV (Prop_mmcme2_adv_CLKIN1_CLKOUT0)
                                                      0.088     3.362 r  design_1_i/hdmi/axi_dynclk_0/U0/Inst_mmcme2_drp/mmcm_adv_inst/CLKOUT0
                         net (fo=2, routed)           1.063     4.425    design_1_i/hdmi/axi_dynclk_0/U0/I
    BUFR_X1Y9            BUFR (Prop_bufr_I_O)         1.031     5.456 r  design_1_i/hdmi/axi_dynclk_0/U0/BUFR_inst/O
                         net (fo=2839, routed)        0.884     6.340    design_1_i/hdmi/v_axi4s_vid_out_0/inst/COUPLER_INST/generate_async_fifo.FIFO_INST/XPM_FIFO_ASYNC_INST/gnuram_async_fifo.xpm_fifo_base_inst/xpm_fifo_rst_inst/rd_clk
    SLICE_X93Y133        FDRE                                         r  design_1_i/hdmi/v_axi4s_vid_out_0/inst/COUPLER_INST/generate_async_fifo.FIFO_INST/XPM_FIFO_ASYNC_INST/gnuram_async_fifo.xpm_fifo_base_inst/xpm_fifo_rst_inst/gen_rst_ic.fifo_rd_rst_ic_reg/C
  -------------------------------------------------------------------    -------------------
    SLICE_X93Y133        FDRE (Prop_fdre_C_Q)         0.456     6.796 r  design_1_i/hdmi/v_axi4s_vid_out_0/inst/COUPLER_INST/generate_async_fifo.FIFO_INST/XPM_FIFO_ASYNC_INST/gnuram_async_fifo.xpm_fifo_base_inst/xpm_fifo_rst_inst/gen_rst_ic.fifo_rd_rst_ic_reg/Q
                         net (fo=60, routed)          1.917     8.713    design_1_i/hdmi/v_axi4s_vid_out_0/inst/COUPLER_INST/generate_async_fifo.FIFO_INST/XPM_FIFO_ASYNC_INST/gnuram_async_fifo.xpm_fifo_base_inst/xpm_fifo_rst_inst/gen_rst_ic.rrst_wr_inst/src_rst
    SLICE_X65Y146        FDRE                                         r  design_1_i/hdmi/v_axi4s_vid_out_0/inst/COUPLER_INST/generate_async_fifo.FIFO_INST/XPM_FIFO_ASYNC_INST/gnuram_async_fifo.xpm_fifo_base_inst/xpm_fifo_rst_inst/gen_rst_ic.rrst_wr_inst/syncstages_ff_reg[0]/D
  -------------------------------------------------------------------    -------------------

                         (clock clk_fpga_0 rise edge)
                                                      0.000     0.000 r  
    PS7_X0Y0             PS7                          0.000     0.000 r  design_1_i/processing_system7_0/inst/PS7_i/FCLKCLK[0]
                         net (fo=1, routed)           1.088     1.088    design_1_i/processing_system7_0/inst/FCLK_CLK_unbuffered[0]
    BUFGCTRL_X0Y16       BUFG (Prop_bufg_I_O)         0.091     1.179 r  design_1_i/processing_system7_0/inst/buffer_fclk_clk_0.FCLK_CLK_0_BUFG/O
                         net (fo=39223, routed)       1.715     2.894    design_1_i/hdmi/v_axi4s_vid_out_0/inst/COUPLER_INST/generate_async_fifo.FIFO_INST/XPM_FIFO_ASYNC_INST/gnuram_async_fifo.xpm_fifo_base_inst/xpm_fifo_rst_inst/gen_rst_ic.rrst_wr_inst/dest_clk
    SLICE_X65Y146        FDRE                                         r  design_1_i/hdmi/v_axi4s_vid_out_0/inst/COUPLER_INST/generate_async_fifo.FIFO_INST/XPM_FIFO_ASYNC_INST/gnuram_async_fifo.xpm_fifo_base_inst/xpm_fifo_rst_inst/gen_rst_ic.rrst_wr_inst/syncstages_ff_reg[0]/C

Slack:                    inf
  Source:                 design_1_i/hdmi/v_axi4s_vid_out_0/inst/SYNC_INST/locked_reg/C
                            (rising edge-triggered cell FDRE clocked by axi_dynclk_0_PXL_CLK_O  {rise@0.000ns fall@4.000ns period=10.000ns})
  Destination:            design_1_i/hdmi/v_axi4s_vid_out_0/inst/CDC_SINGLE_LOCKED_INST/xpm_cdc_single_inst/syncstages_ff_reg[0]/D
                            (rising edge-triggered cell FDRE clocked by clk_fpga_0  {rise@0.000ns fall@5.000ns period=10.000ns})
  Path Group:             (none)
  Path Type:              Setup (Max at Slow Process Corner)
  Data Path Delay:        0.913ns  (logic 0.419ns (45.898%)  route 0.494ns (54.102%))
  Logic Levels:           0  
  Clock Path Skew:        -3.536ns (DCD - SCD + CPR)
    Destination Clock Delay (DCD):    2.891ns
    Source Clock Delay      (SCD):    6.427ns
    Clock Pessimism Removal (CPR):    0.000ns
  Clock Uncertainty:      0.263ns  ((TSJ^2 + TIJ^2 + DJ^2)^1/2) / 2 + PE
    Total System Jitter     (TSJ):    0.071ns
    Total Input Jitter      (TIJ):    0.300ns
    Discrete Jitter          (DJ):    0.112ns
    Phase Error              (PE):    0.099ns
  Timing Exception:       False Path

    Location             Delay type                Incr(ns)  Path(ns)    Netlist Resource(s)
  -------------------------------------------------------------------    -------------------
                         (clock axi_dynclk_0_PXL_CLK_O rise edge)
                                                      0.000     0.000 r  
    PS7_X0Y0             PS7                          0.000     0.000 r  design_1_i/processing_system7_0/inst/PS7_i/FCLKCLK[0]
                         net (fo=1, routed)           1.193     1.193    design_1_i/processing_system7_0/inst/FCLK_CLK_unbuffered[0]
    BUFGCTRL_X0Y16       BUFG (Prop_bufg_I_O)         0.101     1.294 r  design_1_i/processing_system7_0/inst/buffer_fclk_clk_0.FCLK_CLK_0_BUFG/O
                         net (fo=39223, routed)       1.980     3.274    design_1_i/hdmi/axi_dynclk_0/U0/Inst_mmcme2_drp/REF_CLK_I
    MMCME2_ADV_X1Y2      MMCME2_ADV (Prop_mmcme2_adv_CLKIN1_CLKOUT0)
                                                      0.088     3.362 r  design_1_i/hdmi/axi_dynclk_0/U0/Inst_mmcme2_drp/mmcm_adv_inst/CLKOUT0
                         net (fo=2, routed)           1.063     4.425    design_1_i/hdmi/axi_dynclk_0/U0/I
    BUFR_X1Y9            BUFR (Prop_bufr_I_O)         1.031     5.456 r  design_1_i/hdmi/axi_dynclk_0/U0/BUFR_inst/O
                         net (fo=2839, routed)        0.971     6.427    design_1_i/hdmi/v_axi4s_vid_out_0/inst/SYNC_INST/vid_io_out_clk
    SLICE_X64Y136        FDRE                                         r  design_1_i/hdmi/v_axi4s_vid_out_0/inst/SYNC_INST/locked_reg/C
  -------------------------------------------------------------------    -------------------
    SLICE_X64Y136        FDRE (Prop_fdre_C_Q)         0.419     6.846 r  design_1_i/hdmi/v_axi4s_vid_out_0/inst/SYNC_INST/locked_reg/Q
                         net (fo=3, routed)           0.494     7.340    design_1_i/hdmi/v_axi4s_vid_out_0/inst/CDC_SINGLE_LOCKED_INST/xpm_cdc_single_inst/src_in
    SLICE_X62Y139        FDRE                                         r  design_1_i/hdmi/v_axi4s_vid_out_0/inst/CDC_SINGLE_LOCKED_INST/xpm_cdc_single_inst/syncstages_ff_reg[0]/D
  -------------------------------------------------------------------    -------------------

                         (clock clk_fpga_0 rise edge)
                                                      0.000     0.000 r  
    PS7_X0Y0             PS7                          0.000     0.000 r  design_1_i/processing_system7_0/inst/PS7_i/FCLKCLK[0]
                         net (fo=1, routed)           1.088     1.088    design_1_i/processing_system7_0/inst/FCLK_CLK_unbuffered[0]
    BUFGCTRL_X0Y16       BUFG (Prop_bufg_I_O)         0.091     1.179 r  design_1_i/processing_system7_0/inst/buffer_fclk_clk_0.FCLK_CLK_0_BUFG/O
                         net (fo=39223, routed)       1.712     2.891    design_1_i/hdmi/v_axi4s_vid_out_0/inst/CDC_SINGLE_LOCKED_INST/xpm_cdc_single_inst/dest_clk
    SLICE_X62Y139        FDRE                                         r  design_1_i/hdmi/v_axi4s_vid_out_0/inst/CDC_SINGLE_LOCKED_INST/xpm_cdc_single_inst/syncstages_ff_reg[0]/C





Min Delay Paths
--------------------------------------------------------------------------------------
Slack:                    inf
  Source:                 design_1_i/hdmi/v_axi4s_vid_out_0/inst/COUPLER_INST/generate_async_fifo.FIFO_INST/XPM_FIFO_ASYNC_INST/gnuram_async_fifo.xpm_fifo_base_inst/gen_cdc_pntr.rd_pntr_cdc_inst/src_gray_ff_reg[11]/C
                            (rising edge-triggered cell FDRE clocked by axi_dynclk_0_PXL_CLK_O  {rise@0.000ns fall@4.000ns period=10.000ns})
  Destination:            design_1_i/hdmi/v_axi4s_vid_out_0/inst/COUPLER_INST/generate_async_fifo.FIFO_INST/XPM_FIFO_ASYNC_INST/gnuram_async_fifo.xpm_fifo_base_inst/gen_cdc_pntr.rd_pntr_cdc_inst/dest_graysync_ff_reg[0][11]/D
                            (rising edge-triggered cell FDRE clocked by clk_fpga_0  {rise@0.000ns fall@5.000ns period=10.000ns})
  Path Group:             (none)
  Path Type:              Hold (Min at Fast Process Corner)
  Data Path Delay:        0.294ns  (logic 0.128ns (43.562%)  route 0.166ns (56.438%))
  Logic Levels:           0  
  Clock Path Skew:        -0.649ns (DCD - SCD - CPR)
    Destination Clock Delay (DCD):    1.327ns
    Source Clock Delay      (SCD):    1.976ns
    Clock Pessimism Removal (CPR):    -0.000ns
  Clock Uncertainty:      0.263ns  ((TSJ^2 + TIJ^2 + DJ^2)^1/2) / 2 + PE
    Total System Jitter     (TSJ):    0.071ns
    Total Input Jitter      (TIJ):    0.300ns
    Discrete Jitter          (DJ):    0.112ns
    Phase Error              (PE):    0.099ns
  Timing Exception:       False Path

    Location             Delay type                Incr(ns)  Path(ns)    Netlist Resource(s)
  -------------------------------------------------------------------    -------------------
                         (clock axi_dynclk_0_PXL_CLK_O rise edge)
                                                      0.000     0.000 r  
    PS7_X0Y0             PS7                          0.000     0.000 r  design_1_i/processing_system7_0/inst/PS7_i/FCLKCLK[0]
                         net (fo=1, routed)           0.310     0.310    design_1_i/processing_system7_0/inst/FCLK_CLK_unbuffered[0]
    BUFGCTRL_X0Y16       BUFG (Prop_bufg_I_O)         0.026     0.336 r  design_1_i/processing_system7_0/inst/buffer_fclk_clk_0.FCLK_CLK_0_BUFG/O
                         net (fo=39223, routed)       0.672     1.008    design_1_i/hdmi/axi_dynclk_0/U0/Inst_mmcme2_drp/REF_CLK_I
    MMCME2_ADV_X1Y2      MMCME2_ADV (Prop_mmcme2_adv_CLKIN1_CLKOUT0)
                                                      0.050     1.058 r  design_1_i/hdmi/axi_dynclk_0/U0/Inst_mmcme2_drp/mmcm_adv_inst/CLKOUT0
                         net (fo=2, routed)           0.363     1.421    design_1_i/hdmi/axi_dynclk_0/U0/I
    BUFR_X1Y9            BUFR (Prop_bufr_I_O)         0.270     1.691 r  design_1_i/hdmi/axi_dynclk_0/U0/BUFR_inst/O
                         net (fo=2839, routed)        0.285     1.976    design_1_i/hdmi/v_axi4s_vid_out_0/inst/COUPLER_INST/generate_async_fifo.FIFO_INST/XPM_FIFO_ASYNC_INST/gnuram_async_fifo.xpm_fifo_base_inst/gen_cdc_pntr.rd_pntr_cdc_inst/src_clk
    SLICE_X99Y136        FDRE                                         r  design_1_i/hdmi/v_axi4s_vid_out_0/inst/COUPLER_INST/generate_async_fifo.FIFO_INST/XPM_FIFO_ASYNC_INST/gnuram_async_fifo.xpm_fifo_base_inst/gen_cdc_pntr.rd_pntr_cdc_inst/src_gray_ff_reg[11]/C
  -------------------------------------------------------------------    -------------------
    SLICE_X99Y136        FDRE (Prop_fdre_C_Q)         0.128     2.104 r  design_1_i/hdmi/v_axi4s_vid_out_0/inst/COUPLER_INST/generate_async_fifo.FIFO_INST/XPM_FIFO_ASYNC_INST/gnuram_async_fifo.xpm_fifo_base_inst/gen_cdc_pntr.rd_pntr_cdc_inst/src_gray_ff_reg[11]/Q
                         net (fo=1, routed)           0.166     2.270    design_1_i/hdmi/v_axi4s_vid_out_0/inst/COUPLER_INST/generate_async_fifo.FIFO_INST/XPM_FIFO_ASYNC_INST/gnuram_async_fifo.xpm_fifo_base_inst/gen_cdc_pntr.rd_pntr_cdc_inst/async_path[11]
    SLICE_X97Y138        FDRE                                         r  design_1_i/hdmi/v_axi4s_vid_out_0/inst/COUPLER_INST/generate_async_fifo.FIFO_INST/XPM_FIFO_ASYNC_INST/gnuram_async_fifo.xpm_fifo_base_inst/gen_cdc_pntr.rd_pntr_cdc_inst/dest_graysync_ff_reg[0][11]/D
  -------------------------------------------------------------------    -------------------

                         (clock clk_fpga_0 rise edge)
                                                      0.000     0.000 r  
    PS7_X0Y0             PS7                          0.000     0.000 r  design_1_i/processing_system7_0/inst/PS7_i/FCLKCLK[0]
                         net (fo=1, routed)           0.337     0.337    design_1_i/processing_system7_0/inst/FCLK_CLK_unbuffered[0]
    BUFGCTRL_X0Y16       BUFG (Prop_bufg_I_O)         0.029     0.366 r  design_1_i/processing_system7_0/inst/buffer_fclk_clk_0.FCLK_CLK_0_BUFG/O
                         net (fo=39223, routed)       0.961     1.327    design_1_i/hdmi/v_axi4s_vid_out_0/inst/COUPLER_INST/generate_async_fifo.FIFO_INST/XPM_FIFO_ASYNC_INST/gnuram_async_fifo.xpm_fifo_base_inst/gen_cdc_pntr.rd_pntr_cdc_inst/dest_clk
    SLICE_X97Y138        FDRE                                         r  design_1_i/hdmi/v_axi4s_vid_out_0/inst/COUPLER_INST/generate_async_fifo.FIFO_INST/XPM_FIFO_ASYNC_INST/gnuram_async_fifo.xpm_fifo_base_inst/gen_cdc_pntr.rd_pntr_cdc_inst/dest_graysync_ff_reg[0][11]/C

Slack:                    inf
  Source:                 design_1_i/hdmi/v_axi4s_vid_out_0/inst/COUPLER_INST/generate_async_fifo.FIFO_INST/XPM_FIFO_ASYNC_INST/gnuram_async_fifo.xpm_fifo_base_inst/gen_cdc_pntr.rd_pntr_cdc_inst/src_gray_ff_reg[9]/C
                            (rising edge-triggered cell FDRE clocked by axi_dynclk_0_PXL_CLK_O  {rise@0.000ns fall@4.000ns period=10.000ns})
  Destination:            design_1_i/hdmi/v_axi4s_vid_out_0/inst/COUPLER_INST/generate_async_fifo.FIFO_INST/XPM_FIFO_ASYNC_INST/gnuram_async_fifo.xpm_fifo_base_inst/gen_cdc_pntr.rd_pntr_cdc_inst/dest_graysync_ff_reg[0][9]/D
                            (rising edge-triggered cell FDRE clocked by clk_fpga_0  {rise@0.000ns fall@5.000ns period=10.000ns})
  Path Group:             (none)
  Path Type:              Hold (Min at Fast Process Corner)
  Data Path Delay:        0.303ns  (logic 0.128ns (42.252%)  route 0.175ns (57.748%))
  Logic Levels:           0  
  Clock Path Skew:        -0.649ns (DCD - SCD - CPR)
    Destination Clock Delay (DCD):    1.327ns
    Source Clock Delay      (SCD):    1.976ns
    Clock Pessimism Removal (CPR):    -0.000ns
  Clock Uncertainty:      0.263ns  ((TSJ^2 + TIJ^2 + DJ^2)^1/2) / 2 + PE
    Total System Jitter     (TSJ):    0.071ns
    Total Input Jitter      (TIJ):    0.300ns
    Discrete Jitter          (DJ):    0.112ns
    Phase Error              (PE):    0.099ns
  Timing Exception:       False Path

    Location             Delay type                Incr(ns)  Path(ns)    Netlist Resource(s)
  -------------------------------------------------------------------    -------------------
                         (clock axi_dynclk_0_PXL_CLK_O rise edge)
                                                      0.000     0.000 r  
    PS7_X0Y0             PS7                          0.000     0.000 r  design_1_i/processing_system7_0/inst/PS7_i/FCLKCLK[0]
                         net (fo=1, routed)           0.310     0.310    design_1_i/processing_system7_0/inst/FCLK_CLK_unbuffered[0]
    BUFGCTRL_X0Y16       BUFG (Prop_bufg_I_O)         0.026     0.336 r  design_1_i/processing_system7_0/inst/buffer_fclk_clk_0.FCLK_CLK_0_BUFG/O
                         net (fo=39223, routed)       0.672     1.008    design_1_i/hdmi/axi_dynclk_0/U0/Inst_mmcme2_drp/REF_CLK_I
    MMCME2_ADV_X1Y2      MMCME2_ADV (Prop_mmcme2_adv_CLKIN1_CLKOUT0)
                                                      0.050     1.058 r  design_1_i/hdmi/axi_dynclk_0/U0/Inst_mmcme2_drp/mmcm_adv_inst/CLKOUT0
                         net (fo=2, routed)           0.363     1.421    design_1_i/hdmi/axi_dynclk_0/U0/I
    BUFR_X1Y9            BUFR (Prop_bufr_I_O)         0.270     1.691 r  design_1_i/hdmi/axi_dynclk_0/U0/BUFR_inst/O
                         net (fo=2839, routed)        0.285     1.976    design_1_i/hdmi/v_axi4s_vid_out_0/inst/COUPLER_INST/generate_async_fifo.FIFO_INST/XPM_FIFO_ASYNC_INST/gnuram_async_fifo.xpm_fifo_base_inst/gen_cdc_pntr.rd_pntr_cdc_inst/src_clk
    SLICE_X99Y136        FDRE                                         r  design_1_i/hdmi/v_axi4s_vid_out_0/inst/COUPLER_INST/generate_async_fifo.FIFO_INST/XPM_FIFO_ASYNC_INST/gnuram_async_fifo.xpm_fifo_base_inst/gen_cdc_pntr.rd_pntr_cdc_inst/src_gray_ff_reg[9]/C
  -------------------------------------------------------------------    -------------------
    SLICE_X99Y136        FDRE (Prop_fdre_C_Q)         0.128     2.104 r  design_1_i/hdmi/v_axi4s_vid_out_0/inst/COUPLER_INST/generate_async_fifo.FIFO_INST/XPM_FIFO_ASYNC_INST/gnuram_async_fifo.xpm_fifo_base_inst/gen_cdc_pntr.rd_pntr_cdc_inst/src_gray_ff_reg[9]/Q
                         net (fo=1, routed)           0.175     2.279    design_1_i/hdmi/v_axi4s_vid_out_0/inst/COUPLER_INST/generate_async_fifo.FIFO_INST/XPM_FIFO_ASYNC_INST/gnuram_async_fifo.xpm_fifo_base_inst/gen_cdc_pntr.rd_pntr_cdc_inst/async_path[9]
    SLICE_X95Y138        FDRE                                         r  design_1_i/hdmi/v_axi4s_vid_out_0/inst/COUPLER_INST/generate_async_fifo.FIFO_INST/XPM_FIFO_ASYNC_INST/gnuram_async_fifo.xpm_fifo_base_inst/gen_cdc_pntr.rd_pntr_cdc_inst/dest_graysync_ff_reg[0][9]/D
  -------------------------------------------------------------------    -------------------

                         (clock clk_fpga_0 rise edge)
                                                      0.000     0.000 r  
    PS7_X0Y0             PS7                          0.000     0.000 r  design_1_i/processing_system7_0/inst/PS7_i/FCLKCLK[0]
                         net (fo=1, routed)           0.337     0.337    design_1_i/processing_system7_0/inst/FCLK_CLK_unbuffered[0]
    BUFGCTRL_X0Y16       BUFG (Prop_bufg_I_O)         0.029     0.366 r  design_1_i/processing_system7_0/inst/buffer_fclk_clk_0.FCLK_CLK_0_BUFG/O
                         net (fo=39223, routed)       0.961     1.327    design_1_i/hdmi/v_axi4s_vid_out_0/inst/COUPLER_INST/generate_async_fifo.FIFO_INST/XPM_FIFO_ASYNC_INST/gnuram_async_fifo.xpm_fifo_base_inst/gen_cdc_pntr.rd_pntr_cdc_inst/dest_clk
    SLICE_X95Y138        FDRE                                         r  design_1_i/hdmi/v_axi4s_vid_out_0/inst/COUPLER_INST/generate_async_fifo.FIFO_INST/XPM_FIFO_ASYNC_INST/gnuram_async_fifo.xpm_fifo_base_inst/gen_cdc_pntr.rd_pntr_cdc_inst/dest_graysync_ff_reg[0][9]/C

Slack:                    inf
  Source:                 design_1_i/hdmi/v_axi4s_vid_out_0/inst/COUPLER_INST/generate_async_fifo.FIFO_INST/XPM_FIFO_ASYNC_INST/gnuram_async_fifo.xpm_fifo_base_inst/gen_cdc_pntr.rd_pntr_cdc_inst/src_gray_ff_reg[10]/C
                            (rising edge-triggered cell FDRE clocked by axi_dynclk_0_PXL_CLK_O  {rise@0.000ns fall@4.000ns period=10.000ns})
  Destination:            design_1_i/hdmi/v_axi4s_vid_out_0/inst/COUPLER_INST/generate_async_fifo.FIFO_INST/XPM_FIFO_ASYNC_INST/gnuram_async_fifo.xpm_fifo_base_inst/gen_cdc_pntr.rd_pntr_cdc_inst/dest_graysync_ff_reg[0][10]/D
                            (rising edge-triggered cell FDRE clocked by clk_fpga_0  {rise@0.000ns fall@5.000ns period=10.000ns})
  Path Group:             (none)
  Path Type:              Hold (Min at Fast Process Corner)
  Data Path Delay:        0.309ns  (logic 0.141ns (45.599%)  route 0.168ns (54.401%))
  Logic Levels:           0  
  Clock Path Skew:        -0.649ns (DCD - SCD - CPR)
    Destination Clock Delay (DCD):    1.327ns
    Source Clock Delay      (SCD):    1.976ns
    Clock Pessimism Removal (CPR):    -0.000ns
  Clock Uncertainty:      0.263ns  ((TSJ^2 + TIJ^2 + DJ^2)^1/2) / 2 + PE
    Total System Jitter     (TSJ):    0.071ns
    Total Input Jitter      (TIJ):    0.300ns
    Discrete Jitter          (DJ):    0.112ns
    Phase Error              (PE):    0.099ns
  Timing Exception:       False Path

    Location             Delay type                Incr(ns)  Path(ns)    Netlist Resource(s)
  -------------------------------------------------------------------    -------------------
                         (clock axi_dynclk_0_PXL_CLK_O rise edge)
                                                      0.000     0.000 r  
    PS7_X0Y0             PS7                          0.000     0.000 r  design_1_i/processing_system7_0/inst/PS7_i/FCLKCLK[0]
                         net (fo=1, routed)           0.310     0.310    design_1_i/processing_system7_0/inst/FCLK_CLK_unbuffered[0]
    BUFGCTRL_X0Y16       BUFG (Prop_bufg_I_O)         0.026     0.336 r  design_1_i/processing_system7_0/inst/buffer_fclk_clk_0.FCLK_CLK_0_BUFG/O
                         net (fo=39223, routed)       0.672     1.008    design_1_i/hdmi/axi_dynclk_0/U0/Inst_mmcme2_drp/REF_CLK_I
    MMCME2_ADV_X1Y2      MMCME2_ADV (Prop_mmcme2_adv_CLKIN1_CLKOUT0)
                                                      0.050     1.058 r  design_1_i/hdmi/axi_dynclk_0/U0/Inst_mmcme2_drp/mmcm_adv_inst/CLKOUT0
                         net (fo=2, routed)           0.363     1.421    design_1_i/hdmi/axi_dynclk_0/U0/I
    BUFR_X1Y9            BUFR (Prop_bufr_I_O)         0.270     1.691 r  design_1_i/hdmi/axi_dynclk_0/U0/BUFR_inst/O
                         net (fo=2839, routed)        0.285     1.976    design_1_i/hdmi/v_axi4s_vid_out_0/inst/COUPLER_INST/generate_async_fifo.FIFO_INST/XPM_FIFO_ASYNC_INST/gnuram_async_fifo.xpm_fifo_base_inst/gen_cdc_pntr.rd_pntr_cdc_inst/src_clk
    SLICE_X99Y136        FDRE                                         r  design_1_i/hdmi/v_axi4s_vid_out_0/inst/COUPLER_INST/generate_async_fifo.FIFO_INST/XPM_FIFO_ASYNC_INST/gnuram_async_fifo.xpm_fifo_base_inst/gen_cdc_pntr.rd_pntr_cdc_inst/src_gray_ff_reg[10]/C
  -------------------------------------------------------------------    -------------------
    SLICE_X99Y136        FDRE (Prop_fdre_C_Q)         0.141     2.117 r  design_1_i/hdmi/v_axi4s_vid_out_0/inst/COUPLER_INST/generate_async_fifo.FIFO_INST/XPM_FIFO_ASYNC_INST/gnuram_async_fifo.xpm_fifo_base_inst/gen_cdc_pntr.rd_pntr_cdc_inst/src_gray_ff_reg[10]/Q
                         net (fo=1, routed)           0.168     2.285    design_1_i/hdmi/v_axi4s_vid_out_0/inst/COUPLER_INST/generate_async_fifo.FIFO_INST/XPM_FIFO_ASYNC_INST/gnuram_async_fifo.xpm_fifo_base_inst/gen_cdc_pntr.rd_pntr_cdc_inst/async_path[10]
    SLICE_X97Y138        FDRE                                         r  design_1_i/hdmi/v_axi4s_vid_out_0/inst/COUPLER_INST/generate_async_fifo.FIFO_INST/XPM_FIFO_ASYNC_INST/gnuram_async_fifo.xpm_fifo_base_inst/gen_cdc_pntr.rd_pntr_cdc_inst/dest_graysync_ff_reg[0][10]/D
  -------------------------------------------------------------------    -------------------

                         (clock clk_fpga_0 rise edge)
                                                      0.000     0.000 r  
    PS7_X0Y0             PS7                          0.000     0.000 r  design_1_i/processing_system7_0/inst/PS7_i/FCLKCLK[0]
                         net (fo=1, routed)           0.337     0.337    design_1_i/processing_system7_0/inst/FCLK_CLK_unbuffered[0]
    BUFGCTRL_X0Y16       BUFG (Prop_bufg_I_O)         0.029     0.366 r  design_1_i/processing_system7_0/inst/buffer_fclk_clk_0.FCLK_CLK_0_BUFG/O
                         net (fo=39223, routed)       0.961     1.327    design_1_i/hdmi/v_axi4s_vid_out_0/inst/COUPLER_INST/generate_async_fifo.FIFO_INST/XPM_FIFO_ASYNC_INST/gnuram_async_fifo.xpm_fifo_base_inst/gen_cdc_pntr.rd_pntr_cdc_inst/dest_clk
    SLICE_X97Y138        FDRE                                         r  design_1_i/hdmi/v_axi4s_vid_out_0/inst/COUPLER_INST/generate_async_fifo.FIFO_INST/XPM_FIFO_ASYNC_INST/gnuram_async_fifo.xpm_fifo_base_inst/gen_cdc_pntr.rd_pntr_cdc_inst/dest_graysync_ff_reg[0][10]/C

Slack:                    inf
  Source:                 design_1_i/hdmi/v_axi4s_vid_out_0/inst/COUPLER_INST/generate_async_fifo.FIFO_INST/XPM_FIFO_ASYNC_INST/gnuram_async_fifo.xpm_fifo_base_inst/gen_cdc_pntr.rd_pntr_cdc_inst/src_gray_ff_reg[8]/C
                            (rising edge-triggered cell FDRE clocked by axi_dynclk_0_PXL_CLK_O  {rise@0.000ns fall@4.000ns period=10.000ns})
  Destination:            design_1_i/hdmi/v_axi4s_vid_out_0/inst/COUPLER_INST/generate_async_fifo.FIFO_INST/XPM_FIFO_ASYNC_INST/gnuram_async_fifo.xpm_fifo_base_inst/gen_cdc_pntr.rd_pntr_cdc_inst/dest_graysync_ff_reg[0][8]/D
                            (rising edge-triggered cell FDRE clocked by clk_fpga_0  {rise@0.000ns fall@5.000ns period=10.000ns})
  Path Group:             (none)
  Path Type:              Hold (Min at Fast Process Corner)
  Data Path Delay:        0.352ns  (logic 0.141ns (40.032%)  route 0.211ns (59.968%))
  Logic Levels:           0  
  Clock Path Skew:        -0.649ns (DCD - SCD - CPR)
    Destination Clock Delay (DCD):    1.327ns
    Source Clock Delay      (SCD):    1.976ns
    Clock Pessimism Removal (CPR):    -0.000ns
  Clock Uncertainty:      0.263ns  ((TSJ^2 + TIJ^2 + DJ^2)^1/2) / 2 + PE
    Total System Jitter     (TSJ):    0.071ns
    Total Input Jitter      (TIJ):    0.300ns
    Discrete Jitter          (DJ):    0.112ns
    Phase Error              (PE):    0.099ns
  Timing Exception:       False Path

    Location             Delay type                Incr(ns)  Path(ns)    Netlist Resource(s)
  -------------------------------------------------------------------    -------------------
                         (clock axi_dynclk_0_PXL_CLK_O rise edge)
                                                      0.000     0.000 r  
    PS7_X0Y0             PS7                          0.000     0.000 r  design_1_i/processing_system7_0/inst/PS7_i/FCLKCLK[0]
                         net (fo=1, routed)           0.310     0.310    design_1_i/processing_system7_0/inst/FCLK_CLK_unbuffered[0]
    BUFGCTRL_X0Y16       BUFG (Prop_bufg_I_O)         0.026     0.336 r  design_1_i/processing_system7_0/inst/buffer_fclk_clk_0.FCLK_CLK_0_BUFG/O
                         net (fo=39223, routed)       0.672     1.008    design_1_i/hdmi/axi_dynclk_0/U0/Inst_mmcme2_drp/REF_CLK_I
    MMCME2_ADV_X1Y2      MMCME2_ADV (Prop_mmcme2_adv_CLKIN1_CLKOUT0)
                                                      0.050     1.058 r  design_1_i/hdmi/axi_dynclk_0/U0/Inst_mmcme2_drp/mmcm_adv_inst/CLKOUT0
                         net (fo=2, routed)           0.363     1.421    design_1_i/hdmi/axi_dynclk_0/U0/I
    BUFR_X1Y9            BUFR (Prop_bufr_I_O)         0.270     1.691 r  design_1_i/hdmi/axi_dynclk_0/U0/BUFR_inst/O
                         net (fo=2839, routed)        0.285     1.976    design_1_i/hdmi/v_axi4s_vid_out_0/inst/COUPLER_INST/generate_async_fifo.FIFO_INST/XPM_FIFO_ASYNC_INST/gnuram_async_fifo.xpm_fifo_base_inst/gen_cdc_pntr.rd_pntr_cdc_inst/src_clk
    SLICE_X99Y136        FDRE                                         r  design_1_i/hdmi/v_axi4s_vid_out_0/inst/COUPLER_INST/generate_async_fifo.FIFO_INST/XPM_FIFO_ASYNC_INST/gnuram_async_fifo.xpm_fifo_base_inst/gen_cdc_pntr.rd_pntr_cdc_inst/src_gray_ff_reg[8]/C
  -------------------------------------------------------------------    -------------------
    SLICE_X99Y136        FDRE (Prop_fdre_C_Q)         0.141     2.117 r  design_1_i/hdmi/v_axi4s_vid_out_0/inst/COUPLER_INST/generate_async_fifo.FIFO_INST/XPM_FIFO_ASYNC_INST/gnuram_async_fifo.xpm_fifo_base_inst/gen_cdc_pntr.rd_pntr_cdc_inst/src_gray_ff_reg[8]/Q
                         net (fo=1, routed)           0.211     2.328    design_1_i/hdmi/v_axi4s_vid_out_0/inst/COUPLER_INST/generate_async_fifo.FIFO_INST/XPM_FIFO_ASYNC_INST/gnuram_async_fifo.xpm_fifo_base_inst/gen_cdc_pntr.rd_pntr_cdc_inst/async_path[8]
    SLICE_X95Y138        FDRE                                         r  design_1_i/hdmi/v_axi4s_vid_out_0/inst/COUPLER_INST/generate_async_fifo.FIFO_INST/XPM_FIFO_ASYNC_INST/gnuram_async_fifo.xpm_fifo_base_inst/gen_cdc_pntr.rd_pntr_cdc_inst/dest_graysync_ff_reg[0][8]/D
  -------------------------------------------------------------------    -------------------

                         (clock clk_fpga_0 rise edge)
                                                      0.000     0.000 r  
    PS7_X0Y0             PS7                          0.000     0.000 r  design_1_i/processing_system7_0/inst/PS7_i/FCLKCLK[0]
                         net (fo=1, routed)           0.337     0.337    design_1_i/processing_system7_0/inst/FCLK_CLK_unbuffered[0]
    BUFGCTRL_X0Y16       BUFG (Prop_bufg_I_O)         0.029     0.366 r  design_1_i/processing_system7_0/inst/buffer_fclk_clk_0.FCLK_CLK_0_BUFG/O
                         net (fo=39223, routed)       0.961     1.327    design_1_i/hdmi/v_axi4s_vid_out_0/inst/COUPLER_INST/generate_async_fifo.FIFO_INST/XPM_FIFO_ASYNC_INST/gnuram_async_fifo.xpm_fifo_base_inst/gen_cdc_pntr.rd_pntr_cdc_inst/dest_clk
    SLICE_X95Y138        FDRE                                         r  design_1_i/hdmi/v_axi4s_vid_out_0/inst/COUPLER_INST/generate_async_fifo.FIFO_INST/XPM_FIFO_ASYNC_INST/gnuram_async_fifo.xpm_fifo_base_inst/gen_cdc_pntr.rd_pntr_cdc_inst/dest_graysync_ff_reg[0][8]/C

Slack:                    inf
  Source:                 design_1_i/hdmi/v_axi4s_vid_out_0/inst/SYNC_INST/locked_reg/C
                            (rising edge-triggered cell FDRE clocked by axi_dynclk_0_PXL_CLK_O  {rise@0.000ns fall@4.000ns period=10.000ns})
  Destination:            design_1_i/hdmi/v_axi4s_vid_out_0/inst/CDC_SINGLE_LOCKED_INST/xpm_cdc_single_inst/syncstages_ff_reg[0]/D
                            (rising edge-triggered cell FDRE clocked by clk_fpga_0  {rise@0.000ns fall@5.000ns period=10.000ns})
  Path Group:             (none)
  Path Type:              Hold (Min at Fast Process Corner)
  Data Path Delay:        0.325ns  (logic 0.128ns (39.398%)  route 0.197ns (60.602%))
  Logic Levels:           0  
  Clock Path Skew:        -0.710ns (DCD - SCD - CPR)
    Destination Clock Delay (DCD):    1.298ns
    Source Clock Delay      (SCD):    2.008ns
    Clock Pessimism Removal (CPR):    -0.000ns
  Clock Uncertainty:      0.263ns  ((TSJ^2 + TIJ^2 + DJ^2)^1/2) / 2 + PE
    Total System Jitter     (TSJ):    0.071ns
    Total Input Jitter      (TIJ):    0.300ns
    Discrete Jitter          (DJ):    0.112ns
    Phase Error              (PE):    0.099ns
  Timing Exception:       False Path

    Location             Delay type                Incr(ns)  Path(ns)    Netlist Resource(s)
  -------------------------------------------------------------------    -------------------
                         (clock axi_dynclk_0_PXL_CLK_O rise edge)
                                                      0.000     0.000 r  
    PS7_X0Y0             PS7                          0.000     0.000 r  design_1_i/processing_system7_0/inst/PS7_i/FCLKCLK[0]
                         net (fo=1, routed)           0.310     0.310    design_1_i/processing_system7_0/inst/FCLK_CLK_unbuffered[0]
    BUFGCTRL_X0Y16       BUFG (Prop_bufg_I_O)         0.026     0.336 r  design_1_i/processing_system7_0/inst/buffer_fclk_clk_0.FCLK_CLK_0_BUFG/O
                         net (fo=39223, routed)       0.672     1.008    design_1_i/hdmi/axi_dynclk_0/U0/Inst_mmcme2_drp/REF_CLK_I
    MMCME2_ADV_X1Y2      MMCME2_ADV (Prop_mmcme2_adv_CLKIN1_CLKOUT0)
                                                      0.050     1.058 r  design_1_i/hdmi/axi_dynclk_0/U0/Inst_mmcme2_drp/mmcm_adv_inst/CLKOUT0
                         net (fo=2, routed)           0.363     1.421    design_1_i/hdmi/axi_dynclk_0/U0/I
    BUFR_X1Y9            BUFR (Prop_bufr_I_O)         0.270     1.691 r  design_1_i/hdmi/axi_dynclk_0/U0/BUFR_inst/O
                         net (fo=2839, routed)        0.317     2.008    design_1_i/hdmi/v_axi4s_vid_out_0/inst/SYNC_INST/vid_io_out_clk
    SLICE_X64Y136        FDRE                                         r  design_1_i/hdmi/v_axi4s_vid_out_0/inst/SYNC_INST/locked_reg/C
  -------------------------------------------------------------------    -------------------
    SLICE_X64Y136        FDRE (Prop_fdre_C_Q)         0.128     2.136 r  design_1_i/hdmi/v_axi4s_vid_out_0/inst/SYNC_INST/locked_reg/Q
                         net (fo=3, routed)           0.197     2.333    design_1_i/hdmi/v_axi4s_vid_out_0/inst/CDC_SINGLE_LOCKED_INST/xpm_cdc_single_inst/src_in
    SLICE_X62Y139        FDRE                                         r  design_1_i/hdmi/v_axi4s_vid_out_0/inst/CDC_SINGLE_LOCKED_INST/xpm_cdc_single_inst/syncstages_ff_reg[0]/D
  -------------------------------------------------------------------    -------------------

                         (clock clk_fpga_0 rise edge)
                                                      0.000     0.000 r  
    PS7_X0Y0             PS7                          0.000     0.000 r  design_1_i/processing_system7_0/inst/PS7_i/FCLKCLK[0]
                         net (fo=1, routed)           0.337     0.337    design_1_i/processing_system7_0/inst/FCLK_CLK_unbuffered[0]
    BUFGCTRL_X0Y16       BUFG (Prop_bufg_I_O)         0.029     0.366 r  design_1_i/processing_system7_0/inst/buffer_fclk_clk_0.FCLK_CLK_0_BUFG/O
                         net (fo=39223, routed)       0.932     1.298    design_1_i/hdmi/v_axi4s_vid_out_0/inst/CDC_SINGLE_LOCKED_INST/xpm_cdc_single_inst/dest_clk
    SLICE_X62Y139        FDRE                                         r  design_1_i/hdmi/v_axi4s_vid_out_0/inst/CDC_SINGLE_LOCKED_INST/xpm_cdc_single_inst/syncstages_ff_reg[0]/C

Slack:                    inf
  Source:                 design_1_i/hdmi/v_axi4s_vid_out_0/inst/COUPLER_INST/generate_async_fifo.FIFO_INST/XPM_FIFO_ASYNC_INST/gnuram_async_fifo.xpm_fifo_base_inst/gen_cdc_pntr.rd_pntr_cdc_inst/src_gray_ff_reg[2]/C
                            (rising edge-triggered cell FDRE clocked by axi_dynclk_0_PXL_CLK_O  {rise@0.000ns fall@4.000ns period=10.000ns})
  Destination:            design_1_i/hdmi/v_axi4s_vid_out_0/inst/COUPLER_INST/generate_async_fifo.FIFO_INST/XPM_FIFO_ASYNC_INST/gnuram_async_fifo.xpm_fifo_base_inst/gen_cdc_pntr.rd_pntr_cdc_inst/dest_graysync_ff_reg[0][2]/D
                            (rising edge-triggered cell FDRE clocked by clk_fpga_0  {rise@0.000ns fall@5.000ns period=10.000ns})
  Path Group:             (none)
  Path Type:              Hold (Min at Fast Process Corner)
  Data Path Delay:        0.361ns  (logic 0.141ns (39.022%)  route 0.220ns (60.978%))
  Logic Levels:           0  
  Clock Path Skew:        -0.700ns (DCD - SCD - CPR)
    Destination Clock Delay (DCD):    1.302ns
    Source Clock Delay      (SCD):    2.002ns
    Clock Pessimism Removal (CPR):    -0.000ns
  Clock Uncertainty:      0.263ns  ((TSJ^2 + TIJ^2 + DJ^2)^1/2) / 2 + PE
    Total System Jitter     (TSJ):    0.071ns
    Total Input Jitter      (TIJ):    0.300ns
    Discrete Jitter          (DJ):    0.112ns
    Phase Error              (PE):    0.099ns
  Timing Exception:       False Path

    Location             Delay type                Incr(ns)  Path(ns)    Netlist Resource(s)
  -------------------------------------------------------------------    -------------------
                         (clock axi_dynclk_0_PXL_CLK_O rise edge)
                                                      0.000     0.000 r  
    PS7_X0Y0             PS7                          0.000     0.000 r  design_1_i/processing_system7_0/inst/PS7_i/FCLKCLK[0]
                         net (fo=1, routed)           0.310     0.310    design_1_i/processing_system7_0/inst/FCLK_CLK_unbuffered[0]
    BUFGCTRL_X0Y16       BUFG (Prop_bufg_I_O)         0.026     0.336 r  design_1_i/processing_system7_0/inst/buffer_fclk_clk_0.FCLK_CLK_0_BUFG/O
                         net (fo=39223, routed)       0.672     1.008    design_1_i/hdmi/axi_dynclk_0/U0/Inst_mmcme2_drp/REF_CLK_I
    MMCME2_ADV_X1Y2      MMCME2_ADV (Prop_mmcme2_adv_CLKIN1_CLKOUT0)
                                                      0.050     1.058 r  design_1_i/hdmi/axi_dynclk_0/U0/Inst_mmcme2_drp/mmcm_adv_inst/CLKOUT0
                         net (fo=2, routed)           0.363     1.421    design_1_i/hdmi/axi_dynclk_0/U0/I
    BUFR_X1Y9            BUFR (Prop_bufr_I_O)         0.270     1.691 r  design_1_i/hdmi/axi_dynclk_0/U0/BUFR_inst/O
                         net (fo=2839, routed)        0.311     2.002    design_1_i/hdmi/v_axi4s_vid_out_0/inst/COUPLER_INST/generate_async_fifo.FIFO_INST/XPM_FIFO_ASYNC_INST/gnuram_async_fifo.xpm_fifo_base_inst/gen_cdc_pntr.rd_pntr_cdc_inst/src_clk
    SLICE_X88Y135        FDRE                                         r  design_1_i/hdmi/v_axi4s_vid_out_0/inst/COUPLER_INST/generate_async_fifo.FIFO_INST/XPM_FIFO_ASYNC_INST/gnuram_async_fifo.xpm_fifo_base_inst/gen_cdc_pntr.rd_pntr_cdc_inst/src_gray_ff_reg[2]/C
  -------------------------------------------------------------------    -------------------
    SLICE_X88Y135        FDRE (Prop_fdre_C_Q)         0.141     2.143 r  design_1_i/hdmi/v_axi4s_vid_out_0/inst/COUPLER_INST/generate_async_fifo.FIFO_INST/XPM_FIFO_ASYNC_INST/gnuram_async_fifo.xpm_fifo_base_inst/gen_cdc_pntr.rd_pntr_cdc_inst/src_gray_ff_reg[2]/Q
                         net (fo=1, routed)           0.220     2.363    design_1_i/hdmi/v_axi4s_vid_out_0/inst/COUPLER_INST/generate_async_fifo.FIFO_INST/XPM_FIFO_ASYNC_INST/gnuram_async_fifo.xpm_fifo_base_inst/gen_cdc_pntr.rd_pntr_cdc_inst/async_path[2]
    SLICE_X85Y139        FDRE                                         r  design_1_i/hdmi/v_axi4s_vid_out_0/inst/COUPLER_INST/generate_async_fifo.FIFO_INST/XPM_FIFO_ASYNC_INST/gnuram_async_fifo.xpm_fifo_base_inst/gen_cdc_pntr.rd_pntr_cdc_inst/dest_graysync_ff_reg[0][2]/D
  -------------------------------------------------------------------    -------------------

                         (clock clk_fpga_0 rise edge)
                                                      0.000     0.000 r  
    PS7_X0Y0             PS7                          0.000     0.000 r  design_1_i/processing_system7_0/inst/PS7_i/FCLKCLK[0]
                         net (fo=1, routed)           0.337     0.337    design_1_i/processing_system7_0/inst/FCLK_CLK_unbuffered[0]
    BUFGCTRL_X0Y16       BUFG (Prop_bufg_I_O)         0.029     0.366 r  design_1_i/processing_system7_0/inst/buffer_fclk_clk_0.FCLK_CLK_0_BUFG/O
                         net (fo=39223, routed)       0.936     1.302    design_1_i/hdmi/v_axi4s_vid_out_0/inst/COUPLER_INST/generate_async_fifo.FIFO_INST/XPM_FIFO_ASYNC_INST/gnuram_async_fifo.xpm_fifo_base_inst/gen_cdc_pntr.rd_pntr_cdc_inst/dest_clk
    SLICE_X85Y139        FDRE                                         r  design_1_i/hdmi/v_axi4s_vid_out_0/inst/COUPLER_INST/generate_async_fifo.FIFO_INST/XPM_FIFO_ASYNC_INST/gnuram_async_fifo.xpm_fifo_base_inst/gen_cdc_pntr.rd_pntr_cdc_inst/dest_graysync_ff_reg[0][2]/C

Slack:                    inf
  Source:                 design_1_i/hdmi/v_axi4s_vid_out_0/inst/COUPLER_INST/generate_async_fifo.FIFO_INST/XPM_FIFO_ASYNC_INST/gnuram_async_fifo.xpm_fifo_base_inst/gen_cdc_pntr.rd_pntr_cdc_inst/src_gray_ff_reg[3]/C
                            (rising edge-triggered cell FDRE clocked by axi_dynclk_0_PXL_CLK_O  {rise@0.000ns fall@4.000ns period=10.000ns})
  Destination:            design_1_i/hdmi/v_axi4s_vid_out_0/inst/COUPLER_INST/generate_async_fifo.FIFO_INST/XPM_FIFO_ASYNC_INST/gnuram_async_fifo.xpm_fifo_base_inst/gen_cdc_pntr.rd_pntr_cdc_inst/dest_graysync_ff_reg[0][3]/D
                            (rising edge-triggered cell FDRE clocked by clk_fpga_0  {rise@0.000ns fall@5.000ns period=10.000ns})
  Path Group:             (none)
  Path Type:              Hold (Min at Fast Process Corner)
  Data Path Delay:        0.382ns  (logic 0.128ns (33.506%)  route 0.254ns (66.494%))
  Logic Levels:           0  
  Clock Path Skew:        -0.699ns (DCD - SCD - CPR)
    Destination Clock Delay (DCD):    1.303ns
    Source Clock Delay      (SCD):    2.002ns
    Clock Pessimism Removal (CPR):    -0.000ns
  Clock Uncertainty:      0.263ns  ((TSJ^2 + TIJ^2 + DJ^2)^1/2) / 2 + PE
    Total System Jitter     (TSJ):    0.071ns
    Total Input Jitter      (TIJ):    0.300ns
    Discrete Jitter          (DJ):    0.112ns
    Phase Error              (PE):    0.099ns
  Timing Exception:       False Path

    Location             Delay type                Incr(ns)  Path(ns)    Netlist Resource(s)
  -------------------------------------------------------------------    -------------------
                         (clock axi_dynclk_0_PXL_CLK_O rise edge)
                                                      0.000     0.000 r  
    PS7_X0Y0             PS7                          0.000     0.000 r  design_1_i/processing_system7_0/inst/PS7_i/FCLKCLK[0]
                         net (fo=1, routed)           0.310     0.310    design_1_i/processing_system7_0/inst/FCLK_CLK_unbuffered[0]
    BUFGCTRL_X0Y16       BUFG (Prop_bufg_I_O)         0.026     0.336 r  design_1_i/processing_system7_0/inst/buffer_fclk_clk_0.FCLK_CLK_0_BUFG/O
                         net (fo=39223, routed)       0.672     1.008    design_1_i/hdmi/axi_dynclk_0/U0/Inst_mmcme2_drp/REF_CLK_I
    MMCME2_ADV_X1Y2      MMCME2_ADV (Prop_mmcme2_adv_CLKIN1_CLKOUT0)
                                                      0.050     1.058 r  design_1_i/hdmi/axi_dynclk_0/U0/Inst_mmcme2_drp/mmcm_adv_inst/CLKOUT0
                         net (fo=2, routed)           0.363     1.421    design_1_i/hdmi/axi_dynclk_0/U0/I
    BUFR_X1Y9            BUFR (Prop_bufr_I_O)         0.270     1.691 r  design_1_i/hdmi/axi_dynclk_0/U0/BUFR_inst/O
                         net (fo=2839, routed)        0.311     2.002    design_1_i/hdmi/v_axi4s_vid_out_0/inst/COUPLER_INST/generate_async_fifo.FIFO_INST/XPM_FIFO_ASYNC_INST/gnuram_async_fifo.xpm_fifo_base_inst/gen_cdc_pntr.rd_pntr_cdc_inst/src_clk
    SLICE_X88Y135        FDRE                                         r  design_1_i/hdmi/v_axi4s_vid_out_0/inst/COUPLER_INST/generate_async_fifo.FIFO_INST/XPM_FIFO_ASYNC_INST/gnuram_async_fifo.xpm_fifo_base_inst/gen_cdc_pntr.rd_pntr_cdc_inst/src_gray_ff_reg[3]/C
  -------------------------------------------------------------------    -------------------
    SLICE_X88Y135        FDRE (Prop_fdre_C_Q)         0.128     2.130 r  design_1_i/hdmi/v_axi4s_vid_out_0/inst/COUPLER_INST/generate_async_fifo.FIFO_INST/XPM_FIFO_ASYNC_INST/gnuram_async_fifo.xpm_fifo_base_inst/gen_cdc_pntr.rd_pntr_cdc_inst/src_gray_ff_reg[3]/Q
                         net (fo=1, routed)           0.254     2.384    design_1_i/hdmi/v_axi4s_vid_out_0/inst/COUPLER_INST/generate_async_fifo.FIFO_INST/XPM_FIFO_ASYNC_INST/gnuram_async_fifo.xpm_fifo_base_inst/gen_cdc_pntr.rd_pntr_cdc_inst/async_path[3]
    SLICE_X85Y140        FDRE                                         r  design_1_i/hdmi/v_axi4s_vid_out_0/inst/COUPLER_INST/generate_async_fifo.FIFO_INST/XPM_FIFO_ASYNC_INST/gnuram_async_fifo.xpm_fifo_base_inst/gen_cdc_pntr.rd_pntr_cdc_inst/dest_graysync_ff_reg[0][3]/D
  -------------------------------------------------------------------    -------------------

                         (clock clk_fpga_0 rise edge)
                                                      0.000     0.000 r  
    PS7_X0Y0             PS7                          0.000     0.000 r  design_1_i/processing_system7_0/inst/PS7_i/FCLKCLK[0]
                         net (fo=1, routed)           0.337     0.337    design_1_i/processing_system7_0/inst/FCLK_CLK_unbuffered[0]
    BUFGCTRL_X0Y16       BUFG (Prop_bufg_I_O)         0.029     0.366 r  design_1_i/processing_system7_0/inst/buffer_fclk_clk_0.FCLK_CLK_0_BUFG/O
                         net (fo=39223, routed)       0.937     1.303    design_1_i/hdmi/v_axi4s_vid_out_0/inst/COUPLER_INST/generate_async_fifo.FIFO_INST/XPM_FIFO_ASYNC_INST/gnuram_async_fifo.xpm_fifo_base_inst/gen_cdc_pntr.rd_pntr_cdc_inst/dest_clk
    SLICE_X85Y140        FDRE                                         r  design_1_i/hdmi/v_axi4s_vid_out_0/inst/COUPLER_INST/generate_async_fifo.FIFO_INST/XPM_FIFO_ASYNC_INST/gnuram_async_fifo.xpm_fifo_base_inst/gen_cdc_pntr.rd_pntr_cdc_inst/dest_graysync_ff_reg[0][3]/C

Slack:                    inf
  Source:                 design_1_i/hdmi/v_tc_0/U0/U_VIDEO_CTRL/AXI4_LITE_INTERFACE.ipif_RdData_reg[13]/C
                            (rising edge-triggered cell FDRE clocked by axi_dynclk_0_PXL_CLK_O  {rise@0.000ns fall@4.000ns period=10.000ns})
  Destination:            design_1_i/hdmi/v_tc_0/U0/U_VIDEO_CTRL/AXI4_LITE_INTERFACE.SYNC2PROCCLK_I/data_sync_reg[0][13]/D
                            (rising edge-triggered cell FDRE clocked by clk_fpga_0  {rise@0.000ns fall@5.000ns period=10.000ns})
  Path Group:             (none)
  Path Type:              Hold (Min at Fast Process Corner)
  Data Path Delay:        0.377ns  (logic 0.141ns (37.365%)  route 0.236ns (62.635%))
  Logic Levels:           0  
  Clock Path Skew:        -0.716ns (DCD - SCD - CPR)
    Destination Clock Delay (DCD):    1.297ns
    Source Clock Delay      (SCD):    2.013ns
    Clock Pessimism Removal (CPR):    -0.000ns
  Clock Uncertainty:      0.263ns  ((TSJ^2 + TIJ^2 + DJ^2)^1/2) / 2 + PE
    Total System Jitter     (TSJ):    0.071ns
    Total Input Jitter      (TIJ):    0.300ns
    Discrete Jitter          (DJ):    0.112ns
    Phase Error              (PE):    0.099ns
  Timing Exception:       False Path

    Location             Delay type                Incr(ns)  Path(ns)    Netlist Resource(s)
  -------------------------------------------------------------------    -------------------
                         (clock axi_dynclk_0_PXL_CLK_O rise edge)
                                                      0.000     0.000 r  
    PS7_X0Y0             PS7                          0.000     0.000 r  design_1_i/processing_system7_0/inst/PS7_i/FCLKCLK[0]
                         net (fo=1, routed)           0.310     0.310    design_1_i/processing_system7_0/inst/FCLK_CLK_unbuffered[0]
    BUFGCTRL_X0Y16       BUFG (Prop_bufg_I_O)         0.026     0.336 r  design_1_i/processing_system7_0/inst/buffer_fclk_clk_0.FCLK_CLK_0_BUFG/O
                         net (fo=39223, routed)       0.672     1.008    design_1_i/hdmi/axi_dynclk_0/U0/Inst_mmcme2_drp/REF_CLK_I
    MMCME2_ADV_X1Y2      MMCME2_ADV (Prop_mmcme2_adv_CLKIN1_CLKOUT0)
                                                      0.050     1.058 r  design_1_i/hdmi/axi_dynclk_0/U0/Inst_mmcme2_drp/mmcm_adv_inst/CLKOUT0
                         net (fo=2, routed)           0.363     1.421    design_1_i/hdmi/axi_dynclk_0/U0/I
    BUFR_X1Y9            BUFR (Prop_bufr_I_O)         0.270     1.691 r  design_1_i/hdmi/axi_dynclk_0/U0/BUFR_inst/O
                         net (fo=2839, routed)        0.322     2.013    design_1_i/hdmi/v_tc_0/U0/U_VIDEO_CTRL/vid_aclk
    SLICE_X60Y102        FDRE                                         r  design_1_i/hdmi/v_tc_0/U0/U_VIDEO_CTRL/AXI4_LITE_INTERFACE.ipif_RdData_reg[13]/C
  -------------------------------------------------------------------    -------------------
    SLICE_X60Y102        FDRE (Prop_fdre_C_Q)         0.141     2.154 r  design_1_i/hdmi/v_tc_0/U0/U_VIDEO_CTRL/AXI4_LITE_INTERFACE.ipif_RdData_reg[13]/Q
                         net (fo=1, routed)           0.236     2.390    design_1_i/hdmi/v_tc_0/U0/U_VIDEO_CTRL/AXI4_LITE_INTERFACE.SYNC2PROCCLK_I/in_data[13]
    SLICE_X54Y104        FDRE                                         r  design_1_i/hdmi/v_tc_0/U0/U_VIDEO_CTRL/AXI4_LITE_INTERFACE.SYNC2PROCCLK_I/data_sync_reg[0][13]/D
  -------------------------------------------------------------------    -------------------

                         (clock clk_fpga_0 rise edge)
                                                      0.000     0.000 r  
    PS7_X0Y0             PS7                          0.000     0.000 r  design_1_i/processing_system7_0/inst/PS7_i/FCLKCLK[0]
                         net (fo=1, routed)           0.337     0.337    design_1_i/processing_system7_0/inst/FCLK_CLK_unbuffered[0]
    BUFGCTRL_X0Y16       BUFG (Prop_bufg_I_O)         0.029     0.366 r  design_1_i/processing_system7_0/inst/buffer_fclk_clk_0.FCLK_CLK_0_BUFG/O
                         net (fo=39223, routed)       0.931     1.297    design_1_i/hdmi/v_tc_0/U0/U_VIDEO_CTRL/AXI4_LITE_INTERFACE.SYNC2PROCCLK_I/aclk
    SLICE_X54Y104        FDRE                                         r  design_1_i/hdmi/v_tc_0/U0/U_VIDEO_CTRL/AXI4_LITE_INTERFACE.SYNC2PROCCLK_I/data_sync_reg[0][13]/C

Slack:                    inf
  Source:                 design_1_i/hdmi/v_axi4s_vid_out_0/inst/COUPLER_INST/generate_async_fifo.FIFO_INST/XPM_FIFO_ASYNC_INST/gnuram_async_fifo.xpm_fifo_base_inst/gen_cdc_pntr.rd_pntr_cdc_inst/src_gray_ff_reg[1]/C
                            (rising edge-triggered cell FDRE clocked by axi_dynclk_0_PXL_CLK_O  {rise@0.000ns fall@4.000ns period=10.000ns})
  Destination:            design_1_i/hdmi/v_axi4s_vid_out_0/inst/COUPLER_INST/generate_async_fifo.FIFO_INST/XPM_FIFO_ASYNC_INST/gnuram_async_fifo.xpm_fifo_base_inst/gen_cdc_pntr.rd_pntr_cdc_inst/dest_graysync_ff_reg[0][1]/D
                            (rising edge-triggered cell FDRE clocked by clk_fpga_0  {rise@0.000ns fall@5.000ns period=10.000ns})
  Path Group:             (none)
  Path Type:              Hold (Min at Fast Process Corner)
  Data Path Delay:        0.394ns  (logic 0.128ns (32.510%)  route 0.266ns (67.490%))
  Logic Levels:           0  
  Clock Path Skew:        -0.696ns (DCD - SCD - CPR)
    Destination Clock Delay (DCD):    1.302ns
    Source Clock Delay      (SCD):    1.998ns
    Clock Pessimism Removal (CPR):    -0.000ns
  Clock Uncertainty:      0.263ns  ((TSJ^2 + TIJ^2 + DJ^2)^1/2) / 2 + PE
    Total System Jitter     (TSJ):    0.071ns
    Total Input Jitter      (TIJ):    0.300ns
    Discrete Jitter          (DJ):    0.112ns
    Phase Error              (PE):    0.099ns
  Timing Exception:       False Path

    Location             Delay type                Incr(ns)  Path(ns)    Netlist Resource(s)
  -------------------------------------------------------------------    -------------------
                         (clock axi_dynclk_0_PXL_CLK_O rise edge)
                                                      0.000     0.000 r  
    PS7_X0Y0             PS7                          0.000     0.000 r  design_1_i/processing_system7_0/inst/PS7_i/FCLKCLK[0]
                         net (fo=1, routed)           0.310     0.310    design_1_i/processing_system7_0/inst/FCLK_CLK_unbuffered[0]
    BUFGCTRL_X0Y16       BUFG (Prop_bufg_I_O)         0.026     0.336 r  design_1_i/processing_system7_0/inst/buffer_fclk_clk_0.FCLK_CLK_0_BUFG/O
                         net (fo=39223, routed)       0.672     1.008    design_1_i/hdmi/axi_dynclk_0/U0/Inst_mmcme2_drp/REF_CLK_I
    MMCME2_ADV_X1Y2      MMCME2_ADV (Prop_mmcme2_adv_CLKIN1_CLKOUT0)
                                                      0.050     1.058 r  design_1_i/hdmi/axi_dynclk_0/U0/Inst_mmcme2_drp/mmcm_adv_inst/CLKOUT0
                         net (fo=2, routed)           0.363     1.421    design_1_i/hdmi/axi_dynclk_0/U0/I
    BUFR_X1Y9            BUFR (Prop_bufr_I_O)         0.270     1.691 r  design_1_i/hdmi/axi_dynclk_0/U0/BUFR_inst/O
                         net (fo=2839, routed)        0.307     1.998    design_1_i/hdmi/v_axi4s_vid_out_0/inst/COUPLER_INST/generate_async_fifo.FIFO_INST/XPM_FIFO_ASYNC_INST/gnuram_async_fifo.xpm_fifo_base_inst/gen_cdc_pntr.rd_pntr_cdc_inst/src_clk
    SLICE_X87Y130        FDRE                                         r  design_1_i/hdmi/v_axi4s_vid_out_0/inst/COUPLER_INST/generate_async_fifo.FIFO_INST/XPM_FIFO_ASYNC_INST/gnuram_async_fifo.xpm_fifo_base_inst/gen_cdc_pntr.rd_pntr_cdc_inst/src_gray_ff_reg[1]/C
  -------------------------------------------------------------------    -------------------
    SLICE_X87Y130        FDRE (Prop_fdre_C_Q)         0.128     2.126 r  design_1_i/hdmi/v_axi4s_vid_out_0/inst/COUPLER_INST/generate_async_fifo.FIFO_INST/XPM_FIFO_ASYNC_INST/gnuram_async_fifo.xpm_fifo_base_inst/gen_cdc_pntr.rd_pntr_cdc_inst/src_gray_ff_reg[1]/Q
                         net (fo=1, routed)           0.266     2.392    design_1_i/hdmi/v_axi4s_vid_out_0/inst/COUPLER_INST/generate_async_fifo.FIFO_INST/XPM_FIFO_ASYNC_INST/gnuram_async_fifo.xpm_fifo_base_inst/gen_cdc_pntr.rd_pntr_cdc_inst/async_path[1]
    SLICE_X84Y138        FDRE                                         r  design_1_i/hdmi/v_axi4s_vid_out_0/inst/COUPLER_INST/generate_async_fifo.FIFO_INST/XPM_FIFO_ASYNC_INST/gnuram_async_fifo.xpm_fifo_base_inst/gen_cdc_pntr.rd_pntr_cdc_inst/dest_graysync_ff_reg[0][1]/D
  -------------------------------------------------------------------    -------------------

                         (clock clk_fpga_0 rise edge)
                                                      0.000     0.000 r  
    PS7_X0Y0             PS7                          0.000     0.000 r  design_1_i/processing_system7_0/inst/PS7_i/FCLKCLK[0]
                         net (fo=1, routed)           0.337     0.337    design_1_i/processing_system7_0/inst/FCLK_CLK_unbuffered[0]
    BUFGCTRL_X0Y16       BUFG (Prop_bufg_I_O)         0.029     0.366 r  design_1_i/processing_system7_0/inst/buffer_fclk_clk_0.FCLK_CLK_0_BUFG/O
                         net (fo=39223, routed)       0.936     1.302    design_1_i/hdmi/v_axi4s_vid_out_0/inst/COUPLER_INST/generate_async_fifo.FIFO_INST/XPM_FIFO_ASYNC_INST/gnuram_async_fifo.xpm_fifo_base_inst/gen_cdc_pntr.rd_pntr_cdc_inst/dest_clk
    SLICE_X84Y138        FDRE                                         r  design_1_i/hdmi/v_axi4s_vid_out_0/inst/COUPLER_INST/generate_async_fifo.FIFO_INST/XPM_FIFO_ASYNC_INST/gnuram_async_fifo.xpm_fifo_base_inst/gen_cdc_pntr.rd_pntr_cdc_inst/dest_graysync_ff_reg[0][1]/C

Slack:                    inf
  Source:                 design_1_i/hdmi/v_tc_0/U0/U_VIDEO_CTRL/AXI4_LITE_INTERFACE.read_ack_d_reg[4]/C
                            (rising edge-triggered cell FDRE clocked by axi_dynclk_0_PXL_CLK_O  {rise@0.000ns fall@4.000ns period=10.000ns})
  Destination:            design_1_i/hdmi/v_tc_0/U0/U_VIDEO_CTRL/AXI4_LITE_INTERFACE.SYNC2PROCCLK_I/data_sync_reg[0][32]/D
                            (rising edge-triggered cell FDRE clocked by clk_fpga_0  {rise@0.000ns fall@5.000ns period=10.000ns})
  Path Group:             (none)
  Path Type:              Hold (Min at Fast Process Corner)
  Data Path Delay:        0.394ns  (logic 0.128ns (32.456%)  route 0.266ns (67.544%))
  Logic Levels:           0  
  Clock Path Skew:        -0.752ns (DCD - SCD - CPR)
    Destination Clock Delay (DCD):    1.272ns
    Source Clock Delay      (SCD):    2.024ns
    Clock Pessimism Removal (CPR):    -0.000ns
  Clock Uncertainty:      0.263ns  ((TSJ^2 + TIJ^2 + DJ^2)^1/2) / 2 + PE
    Total System Jitter     (TSJ):    0.071ns
    Total Input Jitter      (TIJ):    0.300ns
    Discrete Jitter          (DJ):    0.112ns
    Phase Error              (PE):    0.099ns
  Timing Exception:       False Path

    Location             Delay type                Incr(ns)  Path(ns)    Netlist Resource(s)
  -------------------------------------------------------------------    -------------------
                         (clock axi_dynclk_0_PXL_CLK_O rise edge)
                                                      0.000     0.000 r  
    PS7_X0Y0             PS7                          0.000     0.000 r  design_1_i/processing_system7_0/inst/PS7_i/FCLKCLK[0]
                         net (fo=1, routed)           0.310     0.310    design_1_i/processing_system7_0/inst/FCLK_CLK_unbuffered[0]
    BUFGCTRL_X0Y16       BUFG (Prop_bufg_I_O)         0.026     0.336 r  design_1_i/processing_system7_0/inst/buffer_fclk_clk_0.FCLK_CLK_0_BUFG/O
                         net (fo=39223, routed)       0.672     1.008    design_1_i/hdmi/axi_dynclk_0/U0/Inst_mmcme2_drp/REF_CLK_I
    MMCME2_ADV_X1Y2      MMCME2_ADV (Prop_mmcme2_adv_CLKIN1_CLKOUT0)
                                                      0.050     1.058 r  design_1_i/hdmi/axi_dynclk_0/U0/Inst_mmcme2_drp/mmcm_adv_inst/CLKOUT0
                         net (fo=2, routed)           0.363     1.421    design_1_i/hdmi/axi_dynclk_0/U0/I
    BUFR_X1Y9            BUFR (Prop_bufr_I_O)         0.270     1.691 r  design_1_i/hdmi/axi_dynclk_0/U0/BUFR_inst/O
                         net (fo=2839, routed)        0.333     2.024    design_1_i/hdmi/v_tc_0/U0/U_VIDEO_CTRL/vid_aclk
    SLICE_X51Y132        FDRE                                         r  design_1_i/hdmi/v_tc_0/U0/U_VIDEO_CTRL/AXI4_LITE_INTERFACE.read_ack_d_reg[4]/C
  -------------------------------------------------------------------    -------------------
    SLICE_X51Y132        FDRE (Prop_fdre_C_Q)         0.128     2.152 r  design_1_i/hdmi/v_tc_0/U0/U_VIDEO_CTRL/AXI4_LITE_INTERFACE.read_ack_d_reg[4]/Q
                         net (fo=1, routed)           0.266     2.418    design_1_i/hdmi/v_tc_0/U0/U_VIDEO_CTRL/AXI4_LITE_INTERFACE.SYNC2PROCCLK_I/in_data[32]
    SLICE_X48Y137        FDRE                                         r  design_1_i/hdmi/v_tc_0/U0/U_VIDEO_CTRL/AXI4_LITE_INTERFACE.SYNC2PROCCLK_I/data_sync_reg[0][32]/D
  -------------------------------------------------------------------    -------------------

                         (clock clk_fpga_0 rise edge)
                                                      0.000     0.000 r  
    PS7_X0Y0             PS7                          0.000     0.000 r  design_1_i/processing_system7_0/inst/PS7_i/FCLKCLK[0]
                         net (fo=1, routed)           0.337     0.337    design_1_i/processing_system7_0/inst/FCLK_CLK_unbuffered[0]
    BUFGCTRL_X0Y16       BUFG (Prop_bufg_I_O)         0.029     0.366 r  design_1_i/processing_system7_0/inst/buffer_fclk_clk_0.FCLK_CLK_0_BUFG/O
                         net (fo=39223, routed)       0.906     1.272    design_1_i/hdmi/v_tc_0/U0/U_VIDEO_CTRL/AXI4_LITE_INTERFACE.SYNC2PROCCLK_I/aclk
    SLICE_X48Y137        FDRE                                         r  design_1_i/hdmi/v_tc_0/U0/U_VIDEO_CTRL/AXI4_LITE_INTERFACE.SYNC2PROCCLK_I/data_sync_reg[0][32]/C





--------------------------------------------------------------------------------------
Path Group:  (none)
From Clock:  clk_fpga_0
  To Clock:  clk_fpga_0

Max Delay           150 Endpoints
Min Delay           150 Endpoints
--------------------------------------------------------------------------------------


Max Delay Paths
--------------------------------------------------------------------------------------
Slack:                    inf
  Source:                 design_1_i/rst_ps7_0_100M/U0/ACTIVE_LOW_PR_OUT_DFF[0].FDRE_PER_N/C
                            (rising edge-triggered cell FDRE clocked by clk_fpga_0  {rise@0.000ns fall@5.000ns period=10.000ns})
  Destination:            design_1_i/axi_dma_0/U0/I_RST_MODULE/REG_HRD_RST_OUT/GENERATE_LEVEL_P_S_CDC.SINGLE_BIT.CROSS_PLEVEL_IN2SCNDRY_IN_cdc_to/D
                            (rising edge-triggered cell FDRE clocked by clk_fpga_0  {rise@0.000ns fall@5.000ns period=10.000ns})
  Path Group:             (none)
  Path Type:              Setup (Max at Slow Process Corner)
  Data Path Delay:        7.295ns  (logic 0.456ns (6.251%)  route 6.839ns (93.749%))
  Logic Levels:           0  
  Clock Path Skew:        -0.297ns (DCD - SCD + CPR)
    Destination Clock Delay (DCD):    2.821ns
    Source Clock Delay      (SCD):    3.118ns
    Clock Pessimism Removal (CPR):    0.000ns
  Clock Uncertainty:      0.154ns  ((TSJ^2 + TIJ^2)^1/2 + DJ) / 2 + PE
    Total System Jitter     (TSJ):    0.071ns
    Total Input Jitter      (TIJ):    0.300ns
    Discrete Jitter          (DJ):    0.000ns
    Phase Error              (PE):    0.000ns
  Timing Exception:       False Path

    Location             Delay type                Incr(ns)  Path(ns)    Netlist Resource(s)
  -------------------------------------------------------------------    -------------------
                         (clock clk_fpga_0 rise edge)
                                                      0.000     0.000 r  
    PS7_X0Y0             PS7                          0.000     0.000 r  design_1_i/processing_system7_0/inst/PS7_i/FCLKCLK[0]
                         net (fo=1, routed)           1.193     1.193    design_1_i/processing_system7_0/inst/FCLK_CLK_unbuffered[0]
    BUFGCTRL_X0Y16       BUFG (Prop_bufg_I_O)         0.101     1.294 r  design_1_i/processing_system7_0/inst/buffer_fclk_clk_0.FCLK_CLK_0_BUFG/O
                         net (fo=39223, routed)       1.824     3.118    design_1_i/rst_ps7_0_100M/U0/slowest_sync_clk
    SLICE_X7Y29          FDRE                                         r  design_1_i/rst_ps7_0_100M/U0/ACTIVE_LOW_PR_OUT_DFF[0].FDRE_PER_N/C
  -------------------------------------------------------------------    -------------------
    SLICE_X7Y29          FDRE (Prop_fdre_C_Q)         0.456     3.574 r  design_1_i/rst_ps7_0_100M/U0/ACTIVE_LOW_PR_OUT_DFF[0].FDRE_PER_N/Q
                         net (fo=88, routed)          6.839    10.413    design_1_i/axi_dma_0/U0/I_RST_MODULE/REG_HRD_RST_OUT/axi_resetn
    SLICE_X43Y130        FDRE                                         r  design_1_i/axi_dma_0/U0/I_RST_MODULE/REG_HRD_RST_OUT/GENERATE_LEVEL_P_S_CDC.SINGLE_BIT.CROSS_PLEVEL_IN2SCNDRY_IN_cdc_to/D
  -------------------------------------------------------------------    -------------------

                         (clock clk_fpga_0 rise edge)
                                                      0.000     0.000 r  
    PS7_X0Y0             PS7                          0.000     0.000 r  design_1_i/processing_system7_0/inst/PS7_i/FCLKCLK[0]
                         net (fo=1, routed)           1.088     1.088    design_1_i/processing_system7_0/inst/FCLK_CLK_unbuffered[0]
    BUFGCTRL_X0Y16       BUFG (Prop_bufg_I_O)         0.091     1.179 r  design_1_i/processing_system7_0/inst/buffer_fclk_clk_0.FCLK_CLK_0_BUFG/O
                         net (fo=39223, routed)       1.642     2.821    design_1_i/axi_dma_0/U0/I_RST_MODULE/REG_HRD_RST_OUT/s_axi_lite_aclk
    SLICE_X43Y130        FDRE                                         r  design_1_i/axi_dma_0/U0/I_RST_MODULE/REG_HRD_RST_OUT/GENERATE_LEVEL_P_S_CDC.SINGLE_BIT.CROSS_PLEVEL_IN2SCNDRY_IN_cdc_to/C

Slack:                    inf
  Source:                 design_1_i/rst_ps7_0_100M/U0/ACTIVE_LOW_PR_OUT_DFF[0].FDRE_PER_N/C
                            (rising edge-triggered cell FDRE clocked by clk_fpga_0  {rise@0.000ns fall@5.000ns period=10.000ns})
  Destination:            design_1_i/axi_dma_0/U0/I_RST_MODULE/REG_HRD_RST/GENERATE_LEVEL_P_S_CDC.SINGLE_BIT.CROSS_PLEVEL_IN2SCNDRY_IN_cdc_to/D
                            (rising edge-triggered cell FDRE clocked by clk_fpga_0  {rise@0.000ns fall@5.000ns period=10.000ns})
  Path Group:             (none)
  Path Type:              Setup (Max at Slow Process Corner)
  Data Path Delay:        7.068ns  (logic 0.456ns (6.452%)  route 6.612ns (93.548%))
  Logic Levels:           0  
  Clock Path Skew:        -0.293ns (DCD - SCD + CPR)
    Destination Clock Delay (DCD):    2.825ns
    Source Clock Delay      (SCD):    3.118ns
    Clock Pessimism Removal (CPR):    0.000ns
  Clock Uncertainty:      0.154ns  ((TSJ^2 + TIJ^2)^1/2 + DJ) / 2 + PE
    Total System Jitter     (TSJ):    0.071ns
    Total Input Jitter      (TIJ):    0.300ns
    Discrete Jitter          (DJ):    0.000ns
    Phase Error              (PE):    0.000ns
  Timing Exception:       False Path

    Location             Delay type                Incr(ns)  Path(ns)    Netlist Resource(s)
  -------------------------------------------------------------------    -------------------
                         (clock clk_fpga_0 rise edge)
                                                      0.000     0.000 r  
    PS7_X0Y0             PS7                          0.000     0.000 r  design_1_i/processing_system7_0/inst/PS7_i/FCLKCLK[0]
                         net (fo=1, routed)           1.193     1.193    design_1_i/processing_system7_0/inst/FCLK_CLK_unbuffered[0]
    BUFGCTRL_X0Y16       BUFG (Prop_bufg_I_O)         0.101     1.294 r  design_1_i/processing_system7_0/inst/buffer_fclk_clk_0.FCLK_CLK_0_BUFG/O
                         net (fo=39223, routed)       1.824     3.118    design_1_i/rst_ps7_0_100M/U0/slowest_sync_clk
    SLICE_X7Y29          FDRE                                         r  design_1_i/rst_ps7_0_100M/U0/ACTIVE_LOW_PR_OUT_DFF[0].FDRE_PER_N/C
  -------------------------------------------------------------------    -------------------
    SLICE_X7Y29          FDRE (Prop_fdre_C_Q)         0.456     3.574 r  design_1_i/rst_ps7_0_100M/U0/ACTIVE_LOW_PR_OUT_DFF[0].FDRE_PER_N/Q
                         net (fo=88, routed)          6.612    10.186    design_1_i/axi_dma_0/U0/I_RST_MODULE/REG_HRD_RST/axi_resetn
    SLICE_X33Y116        FDRE                                         r  design_1_i/axi_dma_0/U0/I_RST_MODULE/REG_HRD_RST/GENERATE_LEVEL_P_S_CDC.SINGLE_BIT.CROSS_PLEVEL_IN2SCNDRY_IN_cdc_to/D
  -------------------------------------------------------------------    -------------------

                         (clock clk_fpga_0 rise edge)
                                                      0.000     0.000 r  
    PS7_X0Y0             PS7                          0.000     0.000 r  design_1_i/processing_system7_0/inst/PS7_i/FCLKCLK[0]
                         net (fo=1, routed)           1.088     1.088    design_1_i/processing_system7_0/inst/FCLK_CLK_unbuffered[0]
    BUFGCTRL_X0Y16       BUFG (Prop_bufg_I_O)         0.091     1.179 r  design_1_i/processing_system7_0/inst/buffer_fclk_clk_0.FCLK_CLK_0_BUFG/O
                         net (fo=39223, routed)       1.646     2.825    design_1_i/axi_dma_0/U0/I_RST_MODULE/REG_HRD_RST/s_axi_lite_aclk
    SLICE_X33Y116        FDRE                                         r  design_1_i/axi_dma_0/U0/I_RST_MODULE/REG_HRD_RST/GENERATE_LEVEL_P_S_CDC.SINGLE_BIT.CROSS_PLEVEL_IN2SCNDRY_IN_cdc_to/C

Slack:                    inf
  Source:                 design_1_i/rst_ps7_0_100M/U0/ACTIVE_LOW_PR_OUT_DFF[0].FDRE_PER_N/C
                            (rising edge-triggered cell FDRE clocked by clk_fpga_0  {rise@0.000ns fall@5.000ns period=10.000ns})
  Destination:            design_1_i/hdmi/axi_mem_intercon/s00_couplers/auto_pc/inst/gen_axi4_axi3.axi3_conv_inst/USE_READ.USE_SPLIT_R.read_addr_inst/USE_R_CHANNEL.cmd_queue/inst/fifo_gen_inst/inst_fifo_gen/gconvfifo.rf/grf.rf/rstblk/ngwrdrst.grst.g7serrst.gnsckt_wrst.rst_wr_reg2_inst/arststages_ff_reg[0]/PRE
                            (recovery check against rising-edge clock clk_fpga_0  {rise@0.000ns fall@5.000ns period=10.000ns})
  Path Group:             (none)
  Path Type:              Recovery (Max at Slow Process Corner)
  Data Path Delay:        6.290ns  (logic 0.580ns (9.221%)  route 5.710ns (90.779%))
  Logic Levels:           1  (LUT1=1)
  Clock Path Skew:        -0.432ns (DCD - SCD + CPR)
    Destination Clock Delay (DCD):    2.686ns
    Source Clock Delay      (SCD):    3.118ns
    Clock Pessimism Removal (CPR):    0.000ns
  Clock Uncertainty:      0.154ns  ((TSJ^2 + TIJ^2)^1/2 + DJ) / 2 + PE
    Total System Jitter     (TSJ):    0.071ns
    Total Input Jitter      (TIJ):    0.300ns
    Discrete Jitter          (DJ):    0.000ns
    Phase Error              (PE):    0.000ns
  Timing Exception:       False Path

    Location             Delay type                Incr(ns)  Path(ns)    Netlist Resource(s)
  -------------------------------------------------------------------    -------------------
                         (clock clk_fpga_0 rise edge)
                                                      0.000     0.000 r  
    PS7_X0Y0             PS7                          0.000     0.000 r  design_1_i/processing_system7_0/inst/PS7_i/FCLKCLK[0]
                         net (fo=1, routed)           1.193     1.193    design_1_i/processing_system7_0/inst/FCLK_CLK_unbuffered[0]
    BUFGCTRL_X0Y16       BUFG (Prop_bufg_I_O)         0.101     1.294 r  design_1_i/processing_system7_0/inst/buffer_fclk_clk_0.FCLK_CLK_0_BUFG/O
                         net (fo=39223, routed)       1.824     3.118    design_1_i/rst_ps7_0_100M/U0/slowest_sync_clk
    SLICE_X7Y29          FDRE                                         r  design_1_i/rst_ps7_0_100M/U0/ACTIVE_LOW_PR_OUT_DFF[0].FDRE_PER_N/C
  -------------------------------------------------------------------    -------------------
    SLICE_X7Y29          FDRE (Prop_fdre_C_Q)         0.456     3.574 r  design_1_i/rst_ps7_0_100M/U0/ACTIVE_LOW_PR_OUT_DFF[0].FDRE_PER_N/Q
                         net (fo=88, routed)          4.000     7.574    design_1_i/hdmi/axi_mem_intercon/s00_couplers/auto_pc/inst/gen_axi4_axi3.axi3_conv_inst/USE_READ.USE_SPLIT_R.read_addr_inst/USE_R_CHANNEL.cmd_queue/inst/aresetn
    SLICE_X32Y77         LUT1 (Prop_lut1_I0_O)        0.124     7.698 f  design_1_i/hdmi/axi_mem_intercon/s00_couplers/auto_pc/inst/gen_axi4_axi3.axi3_conv_inst/USE_READ.USE_SPLIT_R.read_addr_inst/USE_R_CHANNEL.cmd_queue/inst/S_AXI_ASIZE_Q[2]_i_1/O
                         net (fo=99, routed)          1.710     9.408    design_1_i/hdmi/axi_mem_intercon/s00_couplers/auto_pc/inst/gen_axi4_axi3.axi3_conv_inst/USE_READ.USE_SPLIT_R.read_addr_inst/USE_R_CHANNEL.cmd_queue/inst/fifo_gen_inst/inst_fifo_gen/gconvfifo.rf/grf.rf/rstblk/ngwrdrst.grst.g7serrst.gnsckt_wrst.rst_wr_reg2_inst/src_arst
    SLICE_X27Y72         FDPE                                         f  design_1_i/hdmi/axi_mem_intercon/s00_couplers/auto_pc/inst/gen_axi4_axi3.axi3_conv_inst/USE_READ.USE_SPLIT_R.read_addr_inst/USE_R_CHANNEL.cmd_queue/inst/fifo_gen_inst/inst_fifo_gen/gconvfifo.rf/grf.rf/rstblk/ngwrdrst.grst.g7serrst.gnsckt_wrst.rst_wr_reg2_inst/arststages_ff_reg[0]/PRE
  -------------------------------------------------------------------    -------------------

                         (clock clk_fpga_0 rise edge)
                                                      0.000     0.000 r  
    PS7_X0Y0             PS7                          0.000     0.000 r  design_1_i/processing_system7_0/inst/PS7_i/FCLKCLK[0]
                         net (fo=1, routed)           1.088     1.088    design_1_i/processing_system7_0/inst/FCLK_CLK_unbuffered[0]
    BUFGCTRL_X0Y16       BUFG (Prop_bufg_I_O)         0.091     1.179 r  design_1_i/processing_system7_0/inst/buffer_fclk_clk_0.FCLK_CLK_0_BUFG/O
                         net (fo=39223, routed)       1.507     2.686    design_1_i/hdmi/axi_mem_intercon/s00_couplers/auto_pc/inst/gen_axi4_axi3.axi3_conv_inst/USE_READ.USE_SPLIT_R.read_addr_inst/USE_R_CHANNEL.cmd_queue/inst/fifo_gen_inst/inst_fifo_gen/gconvfifo.rf/grf.rf/rstblk/ngwrdrst.grst.g7serrst.gnsckt_wrst.rst_wr_reg2_inst/dest_clk
    SLICE_X27Y72         FDPE                                         r  design_1_i/hdmi/axi_mem_intercon/s00_couplers/auto_pc/inst/gen_axi4_axi3.axi3_conv_inst/USE_READ.USE_SPLIT_R.read_addr_inst/USE_R_CHANNEL.cmd_queue/inst/fifo_gen_inst/inst_fifo_gen/gconvfifo.rf/grf.rf/rstblk/ngwrdrst.grst.g7serrst.gnsckt_wrst.rst_wr_reg2_inst/arststages_ff_reg[0]/C

Slack:                    inf
  Source:                 design_1_i/rst_ps7_0_100M/U0/ACTIVE_LOW_PR_OUT_DFF[0].FDRE_PER_N/C
                            (rising edge-triggered cell FDRE clocked by clk_fpga_0  {rise@0.000ns fall@5.000ns period=10.000ns})
  Destination:            design_1_i/hdmi/axi_mem_intercon/s00_couplers/auto_pc/inst/gen_axi4_axi3.axi3_conv_inst/USE_READ.USE_SPLIT_R.read_addr_inst/USE_R_CHANNEL.cmd_queue/inst/fifo_gen_inst/inst_fifo_gen/gconvfifo.rf/grf.rf/rstblk/ngwrdrst.grst.g7serrst.gnsckt_wrst.rst_wr_reg2_inst/arststages_ff_reg[1]/PRE
                            (recovery check against rising-edge clock clk_fpga_0  {rise@0.000ns fall@5.000ns period=10.000ns})
  Path Group:             (none)
  Path Type:              Recovery (Max at Slow Process Corner)
  Data Path Delay:        6.290ns  (logic 0.580ns (9.221%)  route 5.710ns (90.779%))
  Logic Levels:           1  (LUT1=1)
  Clock Path Skew:        -0.432ns (DCD - SCD + CPR)
    Destination Clock Delay (DCD):    2.686ns
    Source Clock Delay      (SCD):    3.118ns
    Clock Pessimism Removal (CPR):    0.000ns
  Clock Uncertainty:      0.154ns  ((TSJ^2 + TIJ^2)^1/2 + DJ) / 2 + PE
    Total System Jitter     (TSJ):    0.071ns
    Total Input Jitter      (TIJ):    0.300ns
    Discrete Jitter          (DJ):    0.000ns
    Phase Error              (PE):    0.000ns
  Timing Exception:       False Path

    Location             Delay type                Incr(ns)  Path(ns)    Netlist Resource(s)
  -------------------------------------------------------------------    -------------------
                         (clock clk_fpga_0 rise edge)
                                                      0.000     0.000 r  
    PS7_X0Y0             PS7                          0.000     0.000 r  design_1_i/processing_system7_0/inst/PS7_i/FCLKCLK[0]
                         net (fo=1, routed)           1.193     1.193    design_1_i/processing_system7_0/inst/FCLK_CLK_unbuffered[0]
    BUFGCTRL_X0Y16       BUFG (Prop_bufg_I_O)         0.101     1.294 r  design_1_i/processing_system7_0/inst/buffer_fclk_clk_0.FCLK_CLK_0_BUFG/O
                         net (fo=39223, routed)       1.824     3.118    design_1_i/rst_ps7_0_100M/U0/slowest_sync_clk
    SLICE_X7Y29          FDRE                                         r  design_1_i/rst_ps7_0_100M/U0/ACTIVE_LOW_PR_OUT_DFF[0].FDRE_PER_N/C
  -------------------------------------------------------------------    -------------------
    SLICE_X7Y29          FDRE (Prop_fdre_C_Q)         0.456     3.574 r  design_1_i/rst_ps7_0_100M/U0/ACTIVE_LOW_PR_OUT_DFF[0].FDRE_PER_N/Q
                         net (fo=88, routed)          4.000     7.574    design_1_i/hdmi/axi_mem_intercon/s00_couplers/auto_pc/inst/gen_axi4_axi3.axi3_conv_inst/USE_READ.USE_SPLIT_R.read_addr_inst/USE_R_CHANNEL.cmd_queue/inst/aresetn
    SLICE_X32Y77         LUT1 (Prop_lut1_I0_O)        0.124     7.698 f  design_1_i/hdmi/axi_mem_intercon/s00_couplers/auto_pc/inst/gen_axi4_axi3.axi3_conv_inst/USE_READ.USE_SPLIT_R.read_addr_inst/USE_R_CHANNEL.cmd_queue/inst/S_AXI_ASIZE_Q[2]_i_1/O
                         net (fo=99, routed)          1.710     9.408    design_1_i/hdmi/axi_mem_intercon/s00_couplers/auto_pc/inst/gen_axi4_axi3.axi3_conv_inst/USE_READ.USE_SPLIT_R.read_addr_inst/USE_R_CHANNEL.cmd_queue/inst/fifo_gen_inst/inst_fifo_gen/gconvfifo.rf/grf.rf/rstblk/ngwrdrst.grst.g7serrst.gnsckt_wrst.rst_wr_reg2_inst/src_arst
    SLICE_X27Y72         FDPE                                         f  design_1_i/hdmi/axi_mem_intercon/s00_couplers/auto_pc/inst/gen_axi4_axi3.axi3_conv_inst/USE_READ.USE_SPLIT_R.read_addr_inst/USE_R_CHANNEL.cmd_queue/inst/fifo_gen_inst/inst_fifo_gen/gconvfifo.rf/grf.rf/rstblk/ngwrdrst.grst.g7serrst.gnsckt_wrst.rst_wr_reg2_inst/arststages_ff_reg[1]/PRE
  -------------------------------------------------------------------    -------------------

                         (clock clk_fpga_0 rise edge)
                                                      0.000     0.000 r  
    PS7_X0Y0             PS7                          0.000     0.000 r  design_1_i/processing_system7_0/inst/PS7_i/FCLKCLK[0]
                         net (fo=1, routed)           1.088     1.088    design_1_i/processing_system7_0/inst/FCLK_CLK_unbuffered[0]
    BUFGCTRL_X0Y16       BUFG (Prop_bufg_I_O)         0.091     1.179 r  design_1_i/processing_system7_0/inst/buffer_fclk_clk_0.FCLK_CLK_0_BUFG/O
                         net (fo=39223, routed)       1.507     2.686    design_1_i/hdmi/axi_mem_intercon/s00_couplers/auto_pc/inst/gen_axi4_axi3.axi3_conv_inst/USE_READ.USE_SPLIT_R.read_addr_inst/USE_R_CHANNEL.cmd_queue/inst/fifo_gen_inst/inst_fifo_gen/gconvfifo.rf/grf.rf/rstblk/ngwrdrst.grst.g7serrst.gnsckt_wrst.rst_wr_reg2_inst/dest_clk
    SLICE_X27Y72         FDPE                                         r  design_1_i/hdmi/axi_mem_intercon/s00_couplers/auto_pc/inst/gen_axi4_axi3.axi3_conv_inst/USE_READ.USE_SPLIT_R.read_addr_inst/USE_R_CHANNEL.cmd_queue/inst/fifo_gen_inst/inst_fifo_gen/gconvfifo.rf/grf.rf/rstblk/ngwrdrst.grst.g7serrst.gnsckt_wrst.rst_wr_reg2_inst/arststages_ff_reg[1]/C

Slack:                    inf
  Source:                 design_1_i/rst_ps7_0_100M/U0/ACTIVE_LOW_PR_OUT_DFF[0].FDRE_PER_N/C
                            (rising edge-triggered cell FDRE clocked by clk_fpga_0  {rise@0.000ns fall@5.000ns period=10.000ns})
  Destination:            design_1_i/smartconnect_0/inst/clk_map/psr_aclk/U0/EXT_LPF/ACTIVE_LOW_AUX.ACT_LO_AUX/GENERATE_LEVEL_P_S_CDC.SINGLE_BIT.CROSS_PLEVEL_IN2SCNDRY_IN_cdc_to/D
                            (rising edge-triggered cell FDRE clocked by clk_fpga_0  {rise@0.000ns fall@5.000ns period=10.000ns})
  Path Group:             (none)
  Path Type:              Setup (Max at Slow Process Corner)
  Data Path Delay:        5.573ns  (logic 0.580ns (10.408%)  route 4.993ns (89.592%))
  Logic Levels:           1  (LUT1=1)
  Clock Path Skew:        -0.465ns (DCD - SCD + CPR)
    Destination Clock Delay (DCD):    2.653ns
    Source Clock Delay      (SCD):    3.118ns
    Clock Pessimism Removal (CPR):    0.000ns
  Clock Uncertainty:      0.154ns  ((TSJ^2 + TIJ^2)^1/2 + DJ) / 2 + PE
    Total System Jitter     (TSJ):    0.071ns
    Total Input Jitter      (TIJ):    0.300ns
    Discrete Jitter          (DJ):    0.000ns
    Phase Error              (PE):    0.000ns
  Timing Exception:       False Path

    Location             Delay type                Incr(ns)  Path(ns)    Netlist Resource(s)
  -------------------------------------------------------------------    -------------------
                         (clock clk_fpga_0 rise edge)
                                                      0.000     0.000 r  
    PS7_X0Y0             PS7                          0.000     0.000 r  design_1_i/processing_system7_0/inst/PS7_i/FCLKCLK[0]
                         net (fo=1, routed)           1.193     1.193    design_1_i/processing_system7_0/inst/FCLK_CLK_unbuffered[0]
    BUFGCTRL_X0Y16       BUFG (Prop_bufg_I_O)         0.101     1.294 r  design_1_i/processing_system7_0/inst/buffer_fclk_clk_0.FCLK_CLK_0_BUFG/O
                         net (fo=39223, routed)       1.824     3.118    design_1_i/rst_ps7_0_100M/U0/slowest_sync_clk
    SLICE_X7Y29          FDRE                                         r  design_1_i/rst_ps7_0_100M/U0/ACTIVE_LOW_PR_OUT_DFF[0].FDRE_PER_N/C
  -------------------------------------------------------------------    -------------------
    SLICE_X7Y29          FDRE (Prop_fdre_C_Q)         0.456     3.574 f  design_1_i/rst_ps7_0_100M/U0/ACTIVE_LOW_PR_OUT_DFF[0].FDRE_PER_N/Q
                         net (fo=88, routed)          4.538     8.112    design_1_i/smartconnect_0/inst/clk_map/psr_aclk/U0/EXT_LPF/ACTIVE_LOW_AUX.ACT_LO_AUX/aresetn
    SLICE_X44Y85         LUT1 (Prop_lut1_I0_O)        0.124     8.236 r  design_1_i/smartconnect_0/inst/clk_map/psr_aclk/U0/EXT_LPF/ACTIVE_LOW_AUX.ACT_LO_AUX/GENERATE_LEVEL_P_S_CDC.SINGLE_BIT.CROSS_PLEVEL_IN2SCNDRY_IN_cdc_to_i_1/O
                         net (fo=1, routed)           0.455     8.691    design_1_i/smartconnect_0/inst/clk_map/psr_aclk/U0/EXT_LPF/ACTIVE_LOW_AUX.ACT_LO_AUX/asr_d1
    SLICE_X39Y85         FDRE                                         r  design_1_i/smartconnect_0/inst/clk_map/psr_aclk/U0/EXT_LPF/ACTIVE_LOW_AUX.ACT_LO_AUX/GENERATE_LEVEL_P_S_CDC.SINGLE_BIT.CROSS_PLEVEL_IN2SCNDRY_IN_cdc_to/D
  -------------------------------------------------------------------    -------------------

                         (clock clk_fpga_0 rise edge)
                                                      0.000     0.000 r  
    PS7_X0Y0             PS7                          0.000     0.000 r  design_1_i/processing_system7_0/inst/PS7_i/FCLKCLK[0]
                         net (fo=1, routed)           1.088     1.088    design_1_i/processing_system7_0/inst/FCLK_CLK_unbuffered[0]
    BUFGCTRL_X0Y16       BUFG (Prop_bufg_I_O)         0.091     1.179 r  design_1_i/processing_system7_0/inst/buffer_fclk_clk_0.FCLK_CLK_0_BUFG/O
                         net (fo=39223, routed)       1.474     2.653    design_1_i/smartconnect_0/inst/clk_map/psr_aclk/U0/EXT_LPF/ACTIVE_LOW_AUX.ACT_LO_AUX/aclk
    SLICE_X39Y85         FDRE                                         r  design_1_i/smartconnect_0/inst/clk_map/psr_aclk/U0/EXT_LPF/ACTIVE_LOW_AUX.ACT_LO_AUX/GENERATE_LEVEL_P_S_CDC.SINGLE_BIT.CROSS_PLEVEL_IN2SCNDRY_IN_cdc_to/C

Slack:                    inf
  Source:                 design_1_i/rst_ps7_0_100M/U0/ACTIVE_LOW_PR_OUT_DFF[0].FDRE_PER_N/C
                            (rising edge-triggered cell FDRE clocked by clk_fpga_0  {rise@0.000ns fall@5.000ns period=10.000ns})
  Destination:            design_1_i/finn_design_0/StreamingFIFO_rtl_3/fifo/inst/gen_fifo.xpm_fifo_axis_inst/gaxis_rst_sync.xpm_cdc_sync_rst_inst/syncstages_ff_reg[0]/D
                            (rising edge-triggered cell FDRE clocked by clk_fpga_0  {rise@0.000ns fall@5.000ns period=10.000ns})
  Path Group:             (none)
  Path Type:              Setup (Max at Slow Process Corner)
  Data Path Delay:        4.054ns  (logic 0.608ns (14.999%)  route 3.446ns (85.001%))
  Logic Levels:           1  (LUT1=1)
  Clock Path Skew:        -0.359ns (DCD - SCD + CPR)
    Destination Clock Delay (DCD):    2.760ns
    Source Clock Delay      (SCD):    3.118ns
    Clock Pessimism Removal (CPR):    0.000ns
  Clock Uncertainty:      0.154ns  ((TSJ^2 + TIJ^2)^1/2 + DJ) / 2 + PE
    Total System Jitter     (TSJ):    0.071ns
    Total Input Jitter      (TIJ):    0.300ns
    Discrete Jitter          (DJ):    0.000ns
    Phase Error              (PE):    0.000ns
  Timing Exception:       False Path

    Location             Delay type                Incr(ns)  Path(ns)    Netlist Resource(s)
  -------------------------------------------------------------------    -------------------
                         (clock clk_fpga_0 rise edge)
                                                      0.000     0.000 r  
    PS7_X0Y0             PS7                          0.000     0.000 r  design_1_i/processing_system7_0/inst/PS7_i/FCLKCLK[0]
                         net (fo=1, routed)           1.193     1.193    design_1_i/processing_system7_0/inst/FCLK_CLK_unbuffered[0]
    BUFGCTRL_X0Y16       BUFG (Prop_bufg_I_O)         0.101     1.294 r  design_1_i/processing_system7_0/inst/buffer_fclk_clk_0.FCLK_CLK_0_BUFG/O
                         net (fo=39223, routed)       1.824     3.118    design_1_i/rst_ps7_0_100M/U0/slowest_sync_clk
    SLICE_X7Y29          FDRE                                         r  design_1_i/rst_ps7_0_100M/U0/ACTIVE_LOW_PR_OUT_DFF[0].FDRE_PER_N/C
  -------------------------------------------------------------------    -------------------
    SLICE_X7Y29          FDRE (Prop_fdre_C_Q)         0.456     3.574 f  design_1_i/rst_ps7_0_100M/U0/ACTIVE_LOW_PR_OUT_DFF[0].FDRE_PER_N/Q
                         net (fo=88, routed)          2.852     6.426    design_1_i/finn_design_0/StreamingFIFO_rtl_3/fifo/inst/gen_fifo.xpm_fifo_axis_inst/s_aresetn
    SLICE_X20Y2          LUT1 (Prop_lut1_I0_O)        0.152     6.578 r  design_1_i/finn_design_0/StreamingFIFO_rtl_3/fifo/inst/gen_fifo.xpm_fifo_axis_inst/gaxis_rst_sync.xpm_cdc_sync_rst_inst_i_1/O
                         net (fo=1, routed)           0.594     7.172    design_1_i/finn_design_0/StreamingFIFO_rtl_3/fifo/inst/gen_fifo.xpm_fifo_axis_inst/gaxis_rst_sync.xpm_cdc_sync_rst_inst/src_rst
    SLICE_X20Y0          FDRE                                         r  design_1_i/finn_design_0/StreamingFIFO_rtl_3/fifo/inst/gen_fifo.xpm_fifo_axis_inst/gaxis_rst_sync.xpm_cdc_sync_rst_inst/syncstages_ff_reg[0]/D
  -------------------------------------------------------------------    -------------------

                         (clock clk_fpga_0 rise edge)
                                                      0.000     0.000 r  
    PS7_X0Y0             PS7                          0.000     0.000 r  design_1_i/processing_system7_0/inst/PS7_i/FCLKCLK[0]
                         net (fo=1, routed)           1.088     1.088    design_1_i/processing_system7_0/inst/FCLK_CLK_unbuffered[0]
    BUFGCTRL_X0Y16       BUFG (Prop_bufg_I_O)         0.091     1.179 r  design_1_i/processing_system7_0/inst/buffer_fclk_clk_0.FCLK_CLK_0_BUFG/O
                         net (fo=39223, routed)       1.580     2.760    design_1_i/finn_design_0/StreamingFIFO_rtl_3/fifo/inst/gen_fifo.xpm_fifo_axis_inst/gaxis_rst_sync.xpm_cdc_sync_rst_inst/dest_clk
    SLICE_X20Y0          FDRE                                         r  design_1_i/finn_design_0/StreamingFIFO_rtl_3/fifo/inst/gen_fifo.xpm_fifo_axis_inst/gaxis_rst_sync.xpm_cdc_sync_rst_inst/syncstages_ff_reg[0]/C

Slack:                    inf
  Source:                 design_1_i/smartconnect_0/inst/clk_map/psr_aclk/U0/ACTIVE_LOW_BSR_OUT_DFF[0].FDRE_BSR_N/C
                            (rising edge-triggered cell FDRE clocked by clk_fpga_0  {rise@0.000ns fall@5.000ns period=10.000ns})
  Destination:            design_1_i/smartconnect_0/inst/m00_nodes/m00_r_node/inst/s_sc_xpm_cdc_async_rst_inst/arststages_ff_reg[0]/CLR
                            (recovery check against rising-edge clock clk_fpga_0  {rise@0.000ns fall@5.000ns period=10.000ns})
  Path Group:             (none)
  Path Type:              Recovery (Max at Slow Process Corner)
  Data Path Delay:        4.070ns  (logic 0.671ns (16.487%)  route 3.399ns (83.513%))
  Logic Levels:           1  (LUT1=1)
  Clock Path Skew:        -0.254ns (DCD - SCD + CPR)
    Destination Clock Delay (DCD):    2.692ns
    Source Clock Delay      (SCD):    2.946ns
    Clock Pessimism Removal (CPR):    0.000ns
  Clock Uncertainty:      0.154ns  ((TSJ^2 + TIJ^2)^1/2 + DJ) / 2 + PE
    Total System Jitter     (TSJ):    0.071ns
    Total Input Jitter      (TIJ):    0.300ns
    Discrete Jitter          (DJ):    0.000ns
    Phase Error              (PE):    0.000ns
  Timing Exception:       False Path

    Location             Delay type                Incr(ns)  Path(ns)    Netlist Resource(s)
  -------------------------------------------------------------------    -------------------
                         (clock clk_fpga_0 rise edge)
                                                      0.000     0.000 r  
    PS7_X0Y0             PS7                          0.000     0.000 r  design_1_i/processing_system7_0/inst/PS7_i/FCLKCLK[0]
                         net (fo=1, routed)           1.193     1.193    design_1_i/processing_system7_0/inst/FCLK_CLK_unbuffered[0]
    BUFGCTRL_X0Y16       BUFG (Prop_bufg_I_O)         0.101     1.294 r  design_1_i/processing_system7_0/inst/buffer_fclk_clk_0.FCLK_CLK_0_BUFG/O
                         net (fo=39223, routed)       1.652     2.946    design_1_i/smartconnect_0/inst/clk_map/psr_aclk/U0/aclk
    SLICE_X38Y93         FDRE                                         r  design_1_i/smartconnect_0/inst/clk_map/psr_aclk/U0/ACTIVE_LOW_BSR_OUT_DFF[0].FDRE_BSR_N/C
  -------------------------------------------------------------------    -------------------
    SLICE_X38Y93         FDRE (Prop_fdre_C_Q)         0.518     3.464 r  design_1_i/smartconnect_0/inst/clk_map/psr_aclk/U0/ACTIVE_LOW_BSR_OUT_DFF[0].FDRE_BSR_N/Q
                         net (fo=15, routed)          2.576     6.040    design_1_i/smartconnect_0/inst/m00_nodes/m00_r_node/inst/s_sc_xpm_cdc_async_rst_inst/src_arst
    SLICE_X32Y77         LUT1 (Prop_lut1_I0_O)        0.153     6.193 f  design_1_i/smartconnect_0/inst/m00_nodes/m00_r_node/inst/s_sc_xpm_cdc_async_rst_inst/arststages_ff[2]_i_1/O
                         net (fo=3, routed)           0.822     7.016    design_1_i/smartconnect_0/inst/m00_nodes/m00_r_node/inst/s_sc_xpm_cdc_async_rst_inst/reset_pol
    SLICE_X31Y71         FDCE                                         f  design_1_i/smartconnect_0/inst/m00_nodes/m00_r_node/inst/s_sc_xpm_cdc_async_rst_inst/arststages_ff_reg[0]/CLR
  -------------------------------------------------------------------    -------------------

                         (clock clk_fpga_0 rise edge)
                                                      0.000     0.000 r  
    PS7_X0Y0             PS7                          0.000     0.000 r  design_1_i/processing_system7_0/inst/PS7_i/FCLKCLK[0]
                         net (fo=1, routed)           1.088     1.088    design_1_i/processing_system7_0/inst/FCLK_CLK_unbuffered[0]
    BUFGCTRL_X0Y16       BUFG (Prop_bufg_I_O)         0.091     1.179 r  design_1_i/processing_system7_0/inst/buffer_fclk_clk_0.FCLK_CLK_0_BUFG/O
                         net (fo=39223, routed)       1.513     2.692    design_1_i/smartconnect_0/inst/m00_nodes/m00_r_node/inst/s_sc_xpm_cdc_async_rst_inst/dest_clk
    SLICE_X31Y71         FDCE                                         r  design_1_i/smartconnect_0/inst/m00_nodes/m00_r_node/inst/s_sc_xpm_cdc_async_rst_inst/arststages_ff_reg[0]/C

Slack:                    inf
  Source:                 design_1_i/smartconnect_0/inst/clk_map/psr_aclk/U0/ACTIVE_LOW_BSR_OUT_DFF[0].FDRE_BSR_N/C
                            (rising edge-triggered cell FDRE clocked by clk_fpga_0  {rise@0.000ns fall@5.000ns period=10.000ns})
  Destination:            design_1_i/smartconnect_0/inst/m00_nodes/m00_r_node/inst/s_sc_xpm_cdc_async_rst_inst/arststages_ff_reg[1]/CLR
                            (recovery check against rising-edge clock clk_fpga_0  {rise@0.000ns fall@5.000ns period=10.000ns})
  Path Group:             (none)
  Path Type:              Recovery (Max at Slow Process Corner)
  Data Path Delay:        4.070ns  (logic 0.671ns (16.487%)  route 3.399ns (83.513%))
  Logic Levels:           1  (LUT1=1)
  Clock Path Skew:        -0.254ns (DCD - SCD + CPR)
    Destination Clock Delay (DCD):    2.692ns
    Source Clock Delay      (SCD):    2.946ns
    Clock Pessimism Removal (CPR):    0.000ns
  Clock Uncertainty:      0.154ns  ((TSJ^2 + TIJ^2)^1/2 + DJ) / 2 + PE
    Total System Jitter     (TSJ):    0.071ns
    Total Input Jitter      (TIJ):    0.300ns
    Discrete Jitter          (DJ):    0.000ns
    Phase Error              (PE):    0.000ns
  Timing Exception:       False Path

    Location             Delay type                Incr(ns)  Path(ns)    Netlist Resource(s)
  -------------------------------------------------------------------    -------------------
                         (clock clk_fpga_0 rise edge)
                                                      0.000     0.000 r  
    PS7_X0Y0             PS7                          0.000     0.000 r  design_1_i/processing_system7_0/inst/PS7_i/FCLKCLK[0]
                         net (fo=1, routed)           1.193     1.193    design_1_i/processing_system7_0/inst/FCLK_CLK_unbuffered[0]
    BUFGCTRL_X0Y16       BUFG (Prop_bufg_I_O)         0.101     1.294 r  design_1_i/processing_system7_0/inst/buffer_fclk_clk_0.FCLK_CLK_0_BUFG/O
                         net (fo=39223, routed)       1.652     2.946    design_1_i/smartconnect_0/inst/clk_map/psr_aclk/U0/aclk
    SLICE_X38Y93         FDRE                                         r  design_1_i/smartconnect_0/inst/clk_map/psr_aclk/U0/ACTIVE_LOW_BSR_OUT_DFF[0].FDRE_BSR_N/C
  -------------------------------------------------------------------    -------------------
    SLICE_X38Y93         FDRE (Prop_fdre_C_Q)         0.518     3.464 r  design_1_i/smartconnect_0/inst/clk_map/psr_aclk/U0/ACTIVE_LOW_BSR_OUT_DFF[0].FDRE_BSR_N/Q
                         net (fo=15, routed)          2.576     6.040    design_1_i/smartconnect_0/inst/m00_nodes/m00_r_node/inst/s_sc_xpm_cdc_async_rst_inst/src_arst
    SLICE_X32Y77         LUT1 (Prop_lut1_I0_O)        0.153     6.193 f  design_1_i/smartconnect_0/inst/m00_nodes/m00_r_node/inst/s_sc_xpm_cdc_async_rst_inst/arststages_ff[2]_i_1/O
                         net (fo=3, routed)           0.822     7.016    design_1_i/smartconnect_0/inst/m00_nodes/m00_r_node/inst/s_sc_xpm_cdc_async_rst_inst/reset_pol
    SLICE_X31Y71         FDCE                                         f  design_1_i/smartconnect_0/inst/m00_nodes/m00_r_node/inst/s_sc_xpm_cdc_async_rst_inst/arststages_ff_reg[1]/CLR
  -------------------------------------------------------------------    -------------------

                         (clock clk_fpga_0 rise edge)
                                                      0.000     0.000 r  
    PS7_X0Y0             PS7                          0.000     0.000 r  design_1_i/processing_system7_0/inst/PS7_i/FCLKCLK[0]
                         net (fo=1, routed)           1.088     1.088    design_1_i/processing_system7_0/inst/FCLK_CLK_unbuffered[0]
    BUFGCTRL_X0Y16       BUFG (Prop_bufg_I_O)         0.091     1.179 r  design_1_i/processing_system7_0/inst/buffer_fclk_clk_0.FCLK_CLK_0_BUFG/O
                         net (fo=39223, routed)       1.513     2.692    design_1_i/smartconnect_0/inst/m00_nodes/m00_r_node/inst/s_sc_xpm_cdc_async_rst_inst/dest_clk
    SLICE_X31Y71         FDCE                                         r  design_1_i/smartconnect_0/inst/m00_nodes/m00_r_node/inst/s_sc_xpm_cdc_async_rst_inst/arststages_ff_reg[1]/C

Slack:                    inf
  Source:                 design_1_i/smartconnect_0/inst/clk_map/psr_aclk/U0/ACTIVE_LOW_BSR_OUT_DFF[0].FDRE_BSR_N/C
                            (rising edge-triggered cell FDRE clocked by clk_fpga_0  {rise@0.000ns fall@5.000ns period=10.000ns})
  Destination:            design_1_i/smartconnect_0/inst/m00_nodes/m00_r_node/inst/s_sc_xpm_cdc_async_rst_inst/arststages_ff_reg[2]/CLR
                            (recovery check against rising-edge clock clk_fpga_0  {rise@0.000ns fall@5.000ns period=10.000ns})
  Path Group:             (none)
  Path Type:              Recovery (Max at Slow Process Corner)
  Data Path Delay:        4.070ns  (logic 0.671ns (16.487%)  route 3.399ns (83.513%))
  Logic Levels:           1  (LUT1=1)
  Clock Path Skew:        -0.254ns (DCD - SCD + CPR)
    Destination Clock Delay (DCD):    2.692ns
    Source Clock Delay      (SCD):    2.946ns
    Clock Pessimism Removal (CPR):    0.000ns
  Clock Uncertainty:      0.154ns  ((TSJ^2 + TIJ^2)^1/2 + DJ) / 2 + PE
    Total System Jitter     (TSJ):    0.071ns
    Total Input Jitter      (TIJ):    0.300ns
    Discrete Jitter          (DJ):    0.000ns
    Phase Error              (PE):    0.000ns
  Timing Exception:       False Path

    Location             Delay type                Incr(ns)  Path(ns)    Netlist Resource(s)
  -------------------------------------------------------------------    -------------------
                         (clock clk_fpga_0 rise edge)
                                                      0.000     0.000 r  
    PS7_X0Y0             PS7                          0.000     0.000 r  design_1_i/processing_system7_0/inst/PS7_i/FCLKCLK[0]
                         net (fo=1, routed)           1.193     1.193    design_1_i/processing_system7_0/inst/FCLK_CLK_unbuffered[0]
    BUFGCTRL_X0Y16       BUFG (Prop_bufg_I_O)         0.101     1.294 r  design_1_i/processing_system7_0/inst/buffer_fclk_clk_0.FCLK_CLK_0_BUFG/O
                         net (fo=39223, routed)       1.652     2.946    design_1_i/smartconnect_0/inst/clk_map/psr_aclk/U0/aclk
    SLICE_X38Y93         FDRE                                         r  design_1_i/smartconnect_0/inst/clk_map/psr_aclk/U0/ACTIVE_LOW_BSR_OUT_DFF[0].FDRE_BSR_N/C
  -------------------------------------------------------------------    -------------------
    SLICE_X38Y93         FDRE (Prop_fdre_C_Q)         0.518     3.464 r  design_1_i/smartconnect_0/inst/clk_map/psr_aclk/U0/ACTIVE_LOW_BSR_OUT_DFF[0].FDRE_BSR_N/Q
                         net (fo=15, routed)          2.576     6.040    design_1_i/smartconnect_0/inst/m00_nodes/m00_r_node/inst/s_sc_xpm_cdc_async_rst_inst/src_arst
    SLICE_X32Y77         LUT1 (Prop_lut1_I0_O)        0.153     6.193 f  design_1_i/smartconnect_0/inst/m00_nodes/m00_r_node/inst/s_sc_xpm_cdc_async_rst_inst/arststages_ff[2]_i_1/O
                         net (fo=3, routed)           0.822     7.016    design_1_i/smartconnect_0/inst/m00_nodes/m00_r_node/inst/s_sc_xpm_cdc_async_rst_inst/reset_pol
    SLICE_X31Y71         FDCE                                         f  design_1_i/smartconnect_0/inst/m00_nodes/m00_r_node/inst/s_sc_xpm_cdc_async_rst_inst/arststages_ff_reg[2]/CLR
  -------------------------------------------------------------------    -------------------

                         (clock clk_fpga_0 rise edge)
                                                      0.000     0.000 r  
    PS7_X0Y0             PS7                          0.000     0.000 r  design_1_i/processing_system7_0/inst/PS7_i/FCLKCLK[0]
                         net (fo=1, routed)           1.088     1.088    design_1_i/processing_system7_0/inst/FCLK_CLK_unbuffered[0]
    BUFGCTRL_X0Y16       BUFG (Prop_bufg_I_O)         0.091     1.179 r  design_1_i/processing_system7_0/inst/buffer_fclk_clk_0.FCLK_CLK_0_BUFG/O
                         net (fo=39223, routed)       1.513     2.692    design_1_i/smartconnect_0/inst/m00_nodes/m00_r_node/inst/s_sc_xpm_cdc_async_rst_inst/dest_clk
    SLICE_X31Y71         FDCE                                         r  design_1_i/smartconnect_0/inst/m00_nodes/m00_r_node/inst/s_sc_xpm_cdc_async_rst_inst/arststages_ff_reg[2]/C

Slack:                    inf
  Source:                 design_1_i/smartconnect_0/inst/clk_map/psr_aclk/U0/ACTIVE_LOW_BSR_OUT_DFF[0].FDRE_BSR_N/C
                            (rising edge-triggered cell FDRE clocked by clk_fpga_0  {rise@0.000ns fall@5.000ns period=10.000ns})
  Destination:            design_1_i/smartconnect_0/inst/m00_nodes/m00_ar_node/inst/s_sc_xpm_cdc_async_rst_inst/arststages_ff_reg[0]/CLR
                            (recovery check against rising-edge clock clk_fpga_0  {rise@0.000ns fall@5.000ns period=10.000ns})
  Path Group:             (none)
  Path Type:              Recovery (Max at Slow Process Corner)
  Data Path Delay:        3.997ns  (logic 0.642ns (16.062%)  route 3.355ns (83.938%))
  Logic Levels:           1  (LUT1=1)
  Clock Path Skew:        -0.299ns (DCD - SCD + CPR)
    Destination Clock Delay (DCD):    2.647ns
    Source Clock Delay      (SCD):    2.946ns
    Clock Pessimism Removal (CPR):    0.000ns
  Clock Uncertainty:      0.154ns  ((TSJ^2 + TIJ^2)^1/2 + DJ) / 2 + PE
    Total System Jitter     (TSJ):    0.071ns
    Total Input Jitter      (TIJ):    0.300ns
    Discrete Jitter          (DJ):    0.000ns
    Phase Error              (PE):    0.000ns
  Timing Exception:       False Path

    Location             Delay type                Incr(ns)  Path(ns)    Netlist Resource(s)
  -------------------------------------------------------------------    -------------------
                         (clock clk_fpga_0 rise edge)
                                                      0.000     0.000 r  
    PS7_X0Y0             PS7                          0.000     0.000 r  design_1_i/processing_system7_0/inst/PS7_i/FCLKCLK[0]
                         net (fo=1, routed)           1.193     1.193    design_1_i/processing_system7_0/inst/FCLK_CLK_unbuffered[0]
    BUFGCTRL_X0Y16       BUFG (Prop_bufg_I_O)         0.101     1.294 r  design_1_i/processing_system7_0/inst/buffer_fclk_clk_0.FCLK_CLK_0_BUFG/O
                         net (fo=39223, routed)       1.652     2.946    design_1_i/smartconnect_0/inst/clk_map/psr_aclk/U0/aclk
    SLICE_X38Y93         FDRE                                         r  design_1_i/smartconnect_0/inst/clk_map/psr_aclk/U0/ACTIVE_LOW_BSR_OUT_DFF[0].FDRE_BSR_N/C
  -------------------------------------------------------------------    -------------------
    SLICE_X38Y93         FDRE (Prop_fdre_C_Q)         0.518     3.464 r  design_1_i/smartconnect_0/inst/clk_map/psr_aclk/U0/ACTIVE_LOW_BSR_OUT_DFF[0].FDRE_BSR_N/Q
                         net (fo=15, routed)          2.576     6.040    design_1_i/smartconnect_0/inst/m00_nodes/m00_ar_node/inst/s_sc_xpm_cdc_async_rst_inst/src_arst
    SLICE_X32Y77         LUT1 (Prop_lut1_I0_O)        0.124     6.164 f  design_1_i/smartconnect_0/inst/m00_nodes/m00_ar_node/inst/s_sc_xpm_cdc_async_rst_inst/arststages_ff[2]_i_1/O
                         net (fo=3, routed)           0.778     6.943    design_1_i/smartconnect_0/inst/m00_nodes/m00_ar_node/inst/s_sc_xpm_cdc_async_rst_inst/reset_pol
    SLICE_X39Y70         FDCE                                         f  design_1_i/smartconnect_0/inst/m00_nodes/m00_ar_node/inst/s_sc_xpm_cdc_async_rst_inst/arststages_ff_reg[0]/CLR
  -------------------------------------------------------------------    -------------------

                         (clock clk_fpga_0 rise edge)
                                                      0.000     0.000 r  
    PS7_X0Y0             PS7                          0.000     0.000 r  design_1_i/processing_system7_0/inst/PS7_i/FCLKCLK[0]
                         net (fo=1, routed)           1.088     1.088    design_1_i/processing_system7_0/inst/FCLK_CLK_unbuffered[0]
    BUFGCTRL_X0Y16       BUFG (Prop_bufg_I_O)         0.091     1.179 r  design_1_i/processing_system7_0/inst/buffer_fclk_clk_0.FCLK_CLK_0_BUFG/O
                         net (fo=39223, routed)       1.468     2.647    design_1_i/smartconnect_0/inst/m00_nodes/m00_ar_node/inst/s_sc_xpm_cdc_async_rst_inst/dest_clk
    SLICE_X39Y70         FDCE                                         r  design_1_i/smartconnect_0/inst/m00_nodes/m00_ar_node/inst/s_sc_xpm_cdc_async_rst_inst/arststages_ff_reg[0]/C





Min Delay Paths
--------------------------------------------------------------------------------------
Slack:                    inf
  Source:                 design_1_i/hdmi/axi_vdma_0/U0/AXI_LITE_REG_INTERFACE_I/GEN_AXI_LITE_IF.AXI_LITE_IF_I/GEN_LITE_IS_ASYNC.GEN_MM2S_ONLY_ASYNC_LITE_ACCESS.mm2s_ip2axi_rddata_d1_reg[15]/C
                            (rising edge-triggered cell FDRE clocked by clk_fpga_0  {rise@0.000ns fall@5.000ns period=10.000ns})
  Destination:            design_1_i/hdmi/axi_vdma_0/U0/AXI_LITE_REG_INTERFACE_I/GEN_AXI_LITE_IF.AXI_LITE_IF_I/GEN_LITE_IS_ASYNC.GEN_MM2S_ONLY_ASYNC_LITE_ACCESS.ip2axi_rddata_captured_mm2s_cdc_tig_reg[15]/D
                            (rising edge-triggered cell FDRE clocked by clk_fpga_0  {rise@0.000ns fall@5.000ns period=10.000ns})
  Path Group:             (none)
  Path Type:              Hold (Min at Fast Process Corner)
  Data Path Delay:        0.197ns  (logic 0.141ns (71.611%)  route 0.056ns (28.389%))
  Logic Levels:           0  
  Clock Path Skew:        0.302ns (DCD - SCD - CPR)
    Destination Clock Delay (DCD):    1.274ns
    Source Clock Delay      (SCD):    0.972ns
    Clock Pessimism Removal (CPR):    -0.000ns
  Clock Uncertainty:      0.154ns  ((TSJ^2 + TIJ^2)^1/2 + DJ) / 2 + PE
    Total System Jitter     (TSJ):    0.071ns
    Total Input Jitter      (TIJ):    0.300ns
    Discrete Jitter          (DJ):    0.000ns
    Phase Error              (PE):    0.000ns
  Timing Exception:       False Path

    Location             Delay type                Incr(ns)  Path(ns)    Netlist Resource(s)
  -------------------------------------------------------------------    -------------------
                         (clock clk_fpga_0 rise edge)
                                                      0.000     0.000 r  
    PS7_X0Y0             PS7                          0.000     0.000 r  design_1_i/processing_system7_0/inst/PS7_i/FCLKCLK[0]
                         net (fo=1, routed)           0.310     0.310    design_1_i/processing_system7_0/inst/FCLK_CLK_unbuffered[0]
    BUFGCTRL_X0Y16       BUFG (Prop_bufg_I_O)         0.026     0.336 r  design_1_i/processing_system7_0/inst/buffer_fclk_clk_0.FCLK_CLK_0_BUFG/O
                         net (fo=39223, routed)       0.636     0.972    design_1_i/hdmi/axi_vdma_0/U0/AXI_LITE_REG_INTERFACE_I/GEN_AXI_LITE_IF.AXI_LITE_IF_I/m_axi_mm2s_aclk
    SLICE_X39Y138        FDRE                                         r  design_1_i/hdmi/axi_vdma_0/U0/AXI_LITE_REG_INTERFACE_I/GEN_AXI_LITE_IF.AXI_LITE_IF_I/GEN_LITE_IS_ASYNC.GEN_MM2S_ONLY_ASYNC_LITE_ACCESS.mm2s_ip2axi_rddata_d1_reg[15]/C
  -------------------------------------------------------------------    -------------------
    SLICE_X39Y138        FDRE (Prop_fdre_C_Q)         0.141     1.113 r  design_1_i/hdmi/axi_vdma_0/U0/AXI_LITE_REG_INTERFACE_I/GEN_AXI_LITE_IF.AXI_LITE_IF_I/GEN_LITE_IS_ASYNC.GEN_MM2S_ONLY_ASYNC_LITE_ACCESS.mm2s_ip2axi_rddata_d1_reg[15]/Q
                         net (fo=1, routed)           0.056     1.169    design_1_i/hdmi/axi_vdma_0/U0/AXI_LITE_REG_INTERFACE_I/GEN_AXI_LITE_IF.AXI_LITE_IF_I/mm2s_ip2axi_rddata_d1[15]
    SLICE_X39Y138        FDRE                                         r  design_1_i/hdmi/axi_vdma_0/U0/AXI_LITE_REG_INTERFACE_I/GEN_AXI_LITE_IF.AXI_LITE_IF_I/GEN_LITE_IS_ASYNC.GEN_MM2S_ONLY_ASYNC_LITE_ACCESS.ip2axi_rddata_captured_mm2s_cdc_tig_reg[15]/D
  -------------------------------------------------------------------    -------------------

                         (clock clk_fpga_0 rise edge)
                                                      0.000     0.000 r  
    PS7_X0Y0             PS7                          0.000     0.000 r  design_1_i/processing_system7_0/inst/PS7_i/FCLKCLK[0]
                         net (fo=1, routed)           0.337     0.337    design_1_i/processing_system7_0/inst/FCLK_CLK_unbuffered[0]
    BUFGCTRL_X0Y16       BUFG (Prop_bufg_I_O)         0.029     0.366 r  design_1_i/processing_system7_0/inst/buffer_fclk_clk_0.FCLK_CLK_0_BUFG/O
                         net (fo=39223, routed)       0.908     1.274    design_1_i/hdmi/axi_vdma_0/U0/AXI_LITE_REG_INTERFACE_I/GEN_AXI_LITE_IF.AXI_LITE_IF_I/s_axi_lite_aclk
    SLICE_X39Y138        FDRE                                         r  design_1_i/hdmi/axi_vdma_0/U0/AXI_LITE_REG_INTERFACE_I/GEN_AXI_LITE_IF.AXI_LITE_IF_I/GEN_LITE_IS_ASYNC.GEN_MM2S_ONLY_ASYNC_LITE_ACCESS.ip2axi_rddata_captured_mm2s_cdc_tig_reg[15]/C

Slack:                    inf
  Source:                 design_1_i/hdmi/axi_vdma_0/U0/AXI_LITE_REG_INTERFACE_I/GEN_AXI_LITE_IF.AXI_LITE_IF_I/GEN_LITE_IS_ASYNC.GEN_MM2S_ONLY_ASYNC_LITE_ACCESS.mm2s_ip2axi_rddata_d1_reg[8]/C
                            (rising edge-triggered cell FDRE clocked by clk_fpga_0  {rise@0.000ns fall@5.000ns period=10.000ns})
  Destination:            design_1_i/hdmi/axi_vdma_0/U0/AXI_LITE_REG_INTERFACE_I/GEN_AXI_LITE_IF.AXI_LITE_IF_I/GEN_LITE_IS_ASYNC.GEN_MM2S_ONLY_ASYNC_LITE_ACCESS.ip2axi_rddata_captured_mm2s_cdc_tig_reg[8]/D
                            (rising edge-triggered cell FDRE clocked by clk_fpga_0  {rise@0.000ns fall@5.000ns period=10.000ns})
  Path Group:             (none)
  Path Type:              Hold (Min at Fast Process Corner)
  Data Path Delay:        0.197ns  (logic 0.141ns (71.611%)  route 0.056ns (28.389%))
  Logic Levels:           0  
  Clock Path Skew:        0.302ns (DCD - SCD - CPR)
    Destination Clock Delay (DCD):    1.274ns
    Source Clock Delay      (SCD):    0.972ns
    Clock Pessimism Removal (CPR):    -0.000ns
  Clock Uncertainty:      0.154ns  ((TSJ^2 + TIJ^2)^1/2 + DJ) / 2 + PE
    Total System Jitter     (TSJ):    0.071ns
    Total Input Jitter      (TIJ):    0.300ns
    Discrete Jitter          (DJ):    0.000ns
    Phase Error              (PE):    0.000ns
  Timing Exception:       False Path

    Location             Delay type                Incr(ns)  Path(ns)    Netlist Resource(s)
  -------------------------------------------------------------------    -------------------
                         (clock clk_fpga_0 rise edge)
                                                      0.000     0.000 r  
    PS7_X0Y0             PS7                          0.000     0.000 r  design_1_i/processing_system7_0/inst/PS7_i/FCLKCLK[0]
                         net (fo=1, routed)           0.310     0.310    design_1_i/processing_system7_0/inst/FCLK_CLK_unbuffered[0]
    BUFGCTRL_X0Y16       BUFG (Prop_bufg_I_O)         0.026     0.336 r  design_1_i/processing_system7_0/inst/buffer_fclk_clk_0.FCLK_CLK_0_BUFG/O
                         net (fo=39223, routed)       0.636     0.972    design_1_i/hdmi/axi_vdma_0/U0/AXI_LITE_REG_INTERFACE_I/GEN_AXI_LITE_IF.AXI_LITE_IF_I/m_axi_mm2s_aclk
    SLICE_X37Y139        FDRE                                         r  design_1_i/hdmi/axi_vdma_0/U0/AXI_LITE_REG_INTERFACE_I/GEN_AXI_LITE_IF.AXI_LITE_IF_I/GEN_LITE_IS_ASYNC.GEN_MM2S_ONLY_ASYNC_LITE_ACCESS.mm2s_ip2axi_rddata_d1_reg[8]/C
  -------------------------------------------------------------------    -------------------
    SLICE_X37Y139        FDRE (Prop_fdre_C_Q)         0.141     1.113 r  design_1_i/hdmi/axi_vdma_0/U0/AXI_LITE_REG_INTERFACE_I/GEN_AXI_LITE_IF.AXI_LITE_IF_I/GEN_LITE_IS_ASYNC.GEN_MM2S_ONLY_ASYNC_LITE_ACCESS.mm2s_ip2axi_rddata_d1_reg[8]/Q
                         net (fo=1, routed)           0.056     1.169    design_1_i/hdmi/axi_vdma_0/U0/AXI_LITE_REG_INTERFACE_I/GEN_AXI_LITE_IF.AXI_LITE_IF_I/mm2s_ip2axi_rddata_d1[8]
    SLICE_X37Y139        FDRE                                         r  design_1_i/hdmi/axi_vdma_0/U0/AXI_LITE_REG_INTERFACE_I/GEN_AXI_LITE_IF.AXI_LITE_IF_I/GEN_LITE_IS_ASYNC.GEN_MM2S_ONLY_ASYNC_LITE_ACCESS.ip2axi_rddata_captured_mm2s_cdc_tig_reg[8]/D
  -------------------------------------------------------------------    -------------------

                         (clock clk_fpga_0 rise edge)
                                                      0.000     0.000 r  
    PS7_X0Y0             PS7                          0.000     0.000 r  design_1_i/processing_system7_0/inst/PS7_i/FCLKCLK[0]
                         net (fo=1, routed)           0.337     0.337    design_1_i/processing_system7_0/inst/FCLK_CLK_unbuffered[0]
    BUFGCTRL_X0Y16       BUFG (Prop_bufg_I_O)         0.029     0.366 r  design_1_i/processing_system7_0/inst/buffer_fclk_clk_0.FCLK_CLK_0_BUFG/O
                         net (fo=39223, routed)       0.908     1.274    design_1_i/hdmi/axi_vdma_0/U0/AXI_LITE_REG_INTERFACE_I/GEN_AXI_LITE_IF.AXI_LITE_IF_I/s_axi_lite_aclk
    SLICE_X37Y139        FDRE                                         r  design_1_i/hdmi/axi_vdma_0/U0/AXI_LITE_REG_INTERFACE_I/GEN_AXI_LITE_IF.AXI_LITE_IF_I/GEN_LITE_IS_ASYNC.GEN_MM2S_ONLY_ASYNC_LITE_ACCESS.ip2axi_rddata_captured_mm2s_cdc_tig_reg[8]/C

Slack:                    inf
  Source:                 design_1_i/hdmi/axi_vdma_0/U0/AXI_LITE_REG_INTERFACE_I/GEN_AXI_LITE_IF.AXI_LITE_IF_I/GEN_LITE_IS_ASYNC.GEN_MM2S_ONLY_ASYNC_LITE_ACCESS.mm2s_ip2axi_rddata_d1_reg[13]/C
                            (rising edge-triggered cell FDRE clocked by clk_fpga_0  {rise@0.000ns fall@5.000ns period=10.000ns})
  Destination:            design_1_i/hdmi/axi_vdma_0/U0/AXI_LITE_REG_INTERFACE_I/GEN_AXI_LITE_IF.AXI_LITE_IF_I/GEN_LITE_IS_ASYNC.GEN_MM2S_ONLY_ASYNC_LITE_ACCESS.ip2axi_rddata_captured_mm2s_cdc_tig_reg[13]/D
                            (rising edge-triggered cell FDRE clocked by clk_fpga_0  {rise@0.000ns fall@5.000ns period=10.000ns})
  Path Group:             (none)
  Path Type:              Hold (Min at Fast Process Corner)
  Data Path Delay:        0.220ns  (logic 0.164ns (74.580%)  route 0.056ns (25.420%))
  Logic Levels:           0  
  Clock Path Skew:        0.301ns (DCD - SCD - CPR)
    Destination Clock Delay (DCD):    1.272ns
    Source Clock Delay      (SCD):    0.971ns
    Clock Pessimism Removal (CPR):    -0.000ns
  Clock Uncertainty:      0.154ns  ((TSJ^2 + TIJ^2)^1/2 + DJ) / 2 + PE
    Total System Jitter     (TSJ):    0.071ns
    Total Input Jitter      (TIJ):    0.300ns
    Discrete Jitter          (DJ):    0.000ns
    Phase Error              (PE):    0.000ns
  Timing Exception:       False Path

    Location             Delay type                Incr(ns)  Path(ns)    Netlist Resource(s)
  -------------------------------------------------------------------    -------------------
                         (clock clk_fpga_0 rise edge)
                                                      0.000     0.000 r  
    PS7_X0Y0             PS7                          0.000     0.000 r  design_1_i/processing_system7_0/inst/PS7_i/FCLKCLK[0]
                         net (fo=1, routed)           0.310     0.310    design_1_i/processing_system7_0/inst/FCLK_CLK_unbuffered[0]
    BUFGCTRL_X0Y16       BUFG (Prop_bufg_I_O)         0.026     0.336 r  design_1_i/processing_system7_0/inst/buffer_fclk_clk_0.FCLK_CLK_0_BUFG/O
                         net (fo=39223, routed)       0.635     0.971    design_1_i/hdmi/axi_vdma_0/U0/AXI_LITE_REG_INTERFACE_I/GEN_AXI_LITE_IF.AXI_LITE_IF_I/m_axi_mm2s_aclk
    SLICE_X38Y137        FDRE                                         r  design_1_i/hdmi/axi_vdma_0/U0/AXI_LITE_REG_INTERFACE_I/GEN_AXI_LITE_IF.AXI_LITE_IF_I/GEN_LITE_IS_ASYNC.GEN_MM2S_ONLY_ASYNC_LITE_ACCESS.mm2s_ip2axi_rddata_d1_reg[13]/C
  -------------------------------------------------------------------    -------------------
    SLICE_X38Y137        FDRE (Prop_fdre_C_Q)         0.164     1.135 r  design_1_i/hdmi/axi_vdma_0/U0/AXI_LITE_REG_INTERFACE_I/GEN_AXI_LITE_IF.AXI_LITE_IF_I/GEN_LITE_IS_ASYNC.GEN_MM2S_ONLY_ASYNC_LITE_ACCESS.mm2s_ip2axi_rddata_d1_reg[13]/Q
                         net (fo=1, routed)           0.056     1.191    design_1_i/hdmi/axi_vdma_0/U0/AXI_LITE_REG_INTERFACE_I/GEN_AXI_LITE_IF.AXI_LITE_IF_I/mm2s_ip2axi_rddata_d1[13]
    SLICE_X38Y137        FDRE                                         r  design_1_i/hdmi/axi_vdma_0/U0/AXI_LITE_REG_INTERFACE_I/GEN_AXI_LITE_IF.AXI_LITE_IF_I/GEN_LITE_IS_ASYNC.GEN_MM2S_ONLY_ASYNC_LITE_ACCESS.ip2axi_rddata_captured_mm2s_cdc_tig_reg[13]/D
  -------------------------------------------------------------------    -------------------

                         (clock clk_fpga_0 rise edge)
                                                      0.000     0.000 r  
    PS7_X0Y0             PS7                          0.000     0.000 r  design_1_i/processing_system7_0/inst/PS7_i/FCLKCLK[0]
                         net (fo=1, routed)           0.337     0.337    design_1_i/processing_system7_0/inst/FCLK_CLK_unbuffered[0]
    BUFGCTRL_X0Y16       BUFG (Prop_bufg_I_O)         0.029     0.366 r  design_1_i/processing_system7_0/inst/buffer_fclk_clk_0.FCLK_CLK_0_BUFG/O
                         net (fo=39223, routed)       0.906     1.272    design_1_i/hdmi/axi_vdma_0/U0/AXI_LITE_REG_INTERFACE_I/GEN_AXI_LITE_IF.AXI_LITE_IF_I/s_axi_lite_aclk
    SLICE_X38Y137        FDRE                                         r  design_1_i/hdmi/axi_vdma_0/U0/AXI_LITE_REG_INTERFACE_I/GEN_AXI_LITE_IF.AXI_LITE_IF_I/GEN_LITE_IS_ASYNC.GEN_MM2S_ONLY_ASYNC_LITE_ACCESS.ip2axi_rddata_captured_mm2s_cdc_tig_reg[13]/C

Slack:                    inf
  Source:                 design_1_i/hdmi/axi_vdma_0/U0/AXI_LITE_REG_INTERFACE_I/GEN_AXI_LITE_IF.AXI_LITE_IF_I/GEN_LITE_IS_ASYNC.GEN_MM2S_ONLY_ASYNC_LITE_ACCESS.mm2s_ip2axi_rddata_d1_reg[2]/C
                            (rising edge-triggered cell FDRE clocked by clk_fpga_0  {rise@0.000ns fall@5.000ns period=10.000ns})
  Destination:            design_1_i/hdmi/axi_vdma_0/U0/AXI_LITE_REG_INTERFACE_I/GEN_AXI_LITE_IF.AXI_LITE_IF_I/GEN_LITE_IS_ASYNC.GEN_MM2S_ONLY_ASYNC_LITE_ACCESS.ip2axi_rddata_captured_mm2s_cdc_tig_reg[2]/D
                            (rising edge-triggered cell FDRE clocked by clk_fpga_0  {rise@0.000ns fall@5.000ns period=10.000ns})
  Path Group:             (none)
  Path Type:              Hold (Min at Fast Process Corner)
  Data Path Delay:        0.220ns  (logic 0.164ns (74.580%)  route 0.056ns (25.420%))
  Logic Levels:           0  
  Clock Path Skew:        0.301ns (DCD - SCD - CPR)
    Destination Clock Delay (DCD):    1.272ns
    Source Clock Delay      (SCD):    0.971ns
    Clock Pessimism Removal (CPR):    -0.000ns
  Clock Uncertainty:      0.154ns  ((TSJ^2 + TIJ^2)^1/2 + DJ) / 2 + PE
    Total System Jitter     (TSJ):    0.071ns
    Total Input Jitter      (TIJ):    0.300ns
    Discrete Jitter          (DJ):    0.000ns
    Phase Error              (PE):    0.000ns
  Timing Exception:       False Path

    Location             Delay type                Incr(ns)  Path(ns)    Netlist Resource(s)
  -------------------------------------------------------------------    -------------------
                         (clock clk_fpga_0 rise edge)
                                                      0.000     0.000 r  
    PS7_X0Y0             PS7                          0.000     0.000 r  design_1_i/processing_system7_0/inst/PS7_i/FCLKCLK[0]
                         net (fo=1, routed)           0.310     0.310    design_1_i/processing_system7_0/inst/FCLK_CLK_unbuffered[0]
    BUFGCTRL_X0Y16       BUFG (Prop_bufg_I_O)         0.026     0.336 r  design_1_i/processing_system7_0/inst/buffer_fclk_clk_0.FCLK_CLK_0_BUFG/O
                         net (fo=39223, routed)       0.635     0.971    design_1_i/hdmi/axi_vdma_0/U0/AXI_LITE_REG_INTERFACE_I/GEN_AXI_LITE_IF.AXI_LITE_IF_I/m_axi_mm2s_aclk
    SLICE_X38Y137        FDRE                                         r  design_1_i/hdmi/axi_vdma_0/U0/AXI_LITE_REG_INTERFACE_I/GEN_AXI_LITE_IF.AXI_LITE_IF_I/GEN_LITE_IS_ASYNC.GEN_MM2S_ONLY_ASYNC_LITE_ACCESS.mm2s_ip2axi_rddata_d1_reg[2]/C
  -------------------------------------------------------------------    -------------------
    SLICE_X38Y137        FDRE (Prop_fdre_C_Q)         0.164     1.135 r  design_1_i/hdmi/axi_vdma_0/U0/AXI_LITE_REG_INTERFACE_I/GEN_AXI_LITE_IF.AXI_LITE_IF_I/GEN_LITE_IS_ASYNC.GEN_MM2S_ONLY_ASYNC_LITE_ACCESS.mm2s_ip2axi_rddata_d1_reg[2]/Q
                         net (fo=1, routed)           0.056     1.191    design_1_i/hdmi/axi_vdma_0/U0/AXI_LITE_REG_INTERFACE_I/GEN_AXI_LITE_IF.AXI_LITE_IF_I/mm2s_ip2axi_rddata_d1[2]
    SLICE_X38Y137        FDRE                                         r  design_1_i/hdmi/axi_vdma_0/U0/AXI_LITE_REG_INTERFACE_I/GEN_AXI_LITE_IF.AXI_LITE_IF_I/GEN_LITE_IS_ASYNC.GEN_MM2S_ONLY_ASYNC_LITE_ACCESS.ip2axi_rddata_captured_mm2s_cdc_tig_reg[2]/D
  -------------------------------------------------------------------    -------------------

                         (clock clk_fpga_0 rise edge)
                                                      0.000     0.000 r  
    PS7_X0Y0             PS7                          0.000     0.000 r  design_1_i/processing_system7_0/inst/PS7_i/FCLKCLK[0]
                         net (fo=1, routed)           0.337     0.337    design_1_i/processing_system7_0/inst/FCLK_CLK_unbuffered[0]
    BUFGCTRL_X0Y16       BUFG (Prop_bufg_I_O)         0.029     0.366 r  design_1_i/processing_system7_0/inst/buffer_fclk_clk_0.FCLK_CLK_0_BUFG/O
                         net (fo=39223, routed)       0.906     1.272    design_1_i/hdmi/axi_vdma_0/U0/AXI_LITE_REG_INTERFACE_I/GEN_AXI_LITE_IF.AXI_LITE_IF_I/s_axi_lite_aclk
    SLICE_X38Y137        FDRE                                         r  design_1_i/hdmi/axi_vdma_0/U0/AXI_LITE_REG_INTERFACE_I/GEN_AXI_LITE_IF.AXI_LITE_IF_I/GEN_LITE_IS_ASYNC.GEN_MM2S_ONLY_ASYNC_LITE_ACCESS.ip2axi_rddata_captured_mm2s_cdc_tig_reg[2]/C

Slack:                    inf
  Source:                 design_1_i/hdmi/axi_vdma_0/U0/I_RST_MODULE/GEN_RESET_FOR_MM2S.RESET_I/GEN_MIN_FOR_ASYNC.AXIS_MIN_CDC_I/GENERATE_LEVEL_P_S_CDC.SINGLE_BIT.INPUT_FLOP.REG_PLEVEL_IN_cdc_from/C
                            (rising edge-triggered cell FDRE clocked by clk_fpga_0  {rise@0.000ns fall@5.000ns period=10.000ns})
  Destination:            design_1_i/hdmi/axi_vdma_0/U0/I_RST_MODULE/GEN_RESET_FOR_MM2S.RESET_I/GEN_MIN_FOR_ASYNC.AXIS_MIN_CDC_I/GENERATE_LEVEL_P_S_CDC.SINGLE_BIT.CROSS_PLEVEL_IN2SCNDRY_IN_cdc_to/D
                            (rising edge-triggered cell FDRE clocked by clk_fpga_0  {rise@0.000ns fall@5.000ns period=10.000ns})
  Path Group:             (none)
  Path Type:              Hold (Min at Fast Process Corner)
  Data Path Delay:        0.242ns  (logic 0.141ns (58.165%)  route 0.101ns (41.835%))
  Logic Levels:           0  
  Clock Path Skew:        0.303ns (DCD - SCD - CPR)
    Destination Clock Delay (DCD):    1.270ns
    Source Clock Delay      (SCD):    0.967ns
    Clock Pessimism Removal (CPR):    -0.000ns
  Clock Uncertainty:      0.154ns  ((TSJ^2 + TIJ^2)^1/2 + DJ) / 2 + PE
    Total System Jitter     (TSJ):    0.071ns
    Total Input Jitter      (TIJ):    0.300ns
    Discrete Jitter          (DJ):    0.000ns
    Phase Error              (PE):    0.000ns
  Timing Exception:       False Path

    Location             Delay type                Incr(ns)  Path(ns)    Netlist Resource(s)
  -------------------------------------------------------------------    -------------------
                         (clock clk_fpga_0 rise edge)
                                                      0.000     0.000 r  
    PS7_X0Y0             PS7                          0.000     0.000 r  design_1_i/processing_system7_0/inst/PS7_i/FCLKCLK[0]
                         net (fo=1, routed)           0.310     0.310    design_1_i/processing_system7_0/inst/FCLK_CLK_unbuffered[0]
    BUFGCTRL_X0Y16       BUFG (Prop_bufg_I_O)         0.026     0.336 r  design_1_i/processing_system7_0/inst/buffer_fclk_clk_0.FCLK_CLK_0_BUFG/O
                         net (fo=39223, routed)       0.631     0.967    design_1_i/hdmi/axi_vdma_0/U0/I_RST_MODULE/GEN_RESET_FOR_MM2S.RESET_I/GEN_MIN_FOR_ASYNC.AXIS_MIN_CDC_I/m_axis_mm2s_aclk
    SLICE_X53Y137        FDRE                                         r  design_1_i/hdmi/axi_vdma_0/U0/I_RST_MODULE/GEN_RESET_FOR_MM2S.RESET_I/GEN_MIN_FOR_ASYNC.AXIS_MIN_CDC_I/GENERATE_LEVEL_P_S_CDC.SINGLE_BIT.INPUT_FLOP.REG_PLEVEL_IN_cdc_from/C
  -------------------------------------------------------------------    -------------------
    SLICE_X53Y137        FDRE (Prop_fdre_C_Q)         0.141     1.108 r  design_1_i/hdmi/axi_vdma_0/U0/I_RST_MODULE/GEN_RESET_FOR_MM2S.RESET_I/GEN_MIN_FOR_ASYNC.AXIS_MIN_CDC_I/GENERATE_LEVEL_P_S_CDC.SINGLE_BIT.INPUT_FLOP.REG_PLEVEL_IN_cdc_from/Q
                         net (fo=1, routed)           0.101     1.209    design_1_i/hdmi/axi_vdma_0/U0/I_RST_MODULE/GEN_RESET_FOR_MM2S.RESET_I/GEN_MIN_FOR_ASYNC.AXIS_MIN_CDC_I/Q
    SLICE_X50Y138        FDRE                                         r  design_1_i/hdmi/axi_vdma_0/U0/I_RST_MODULE/GEN_RESET_FOR_MM2S.RESET_I/GEN_MIN_FOR_ASYNC.AXIS_MIN_CDC_I/GENERATE_LEVEL_P_S_CDC.SINGLE_BIT.CROSS_PLEVEL_IN2SCNDRY_IN_cdc_to/D
  -------------------------------------------------------------------    -------------------

                         (clock clk_fpga_0 rise edge)
                                                      0.000     0.000 r  
    PS7_X0Y0             PS7                          0.000     0.000 r  design_1_i/processing_system7_0/inst/PS7_i/FCLKCLK[0]
                         net (fo=1, routed)           0.337     0.337    design_1_i/processing_system7_0/inst/FCLK_CLK_unbuffered[0]
    BUFGCTRL_X0Y16       BUFG (Prop_bufg_I_O)         0.029     0.366 r  design_1_i/processing_system7_0/inst/buffer_fclk_clk_0.FCLK_CLK_0_BUFG/O
                         net (fo=39223, routed)       0.904     1.270    design_1_i/hdmi/axi_vdma_0/U0/I_RST_MODULE/GEN_RESET_FOR_MM2S.RESET_I/GEN_MIN_FOR_ASYNC.AXIS_MIN_CDC_I/m_axi_mm2s_aclk
    SLICE_X50Y138        FDRE                                         r  design_1_i/hdmi/axi_vdma_0/U0/I_RST_MODULE/GEN_RESET_FOR_MM2S.RESET_I/GEN_MIN_FOR_ASYNC.AXIS_MIN_CDC_I/GENERATE_LEVEL_P_S_CDC.SINGLE_BIT.CROSS_PLEVEL_IN2SCNDRY_IN_cdc_to/C

Slack:                    inf
  Source:                 design_1_i/hdmi/axi_vdma_0/U0/AXI_LITE_REG_INTERFACE_I/GEN_AXI_LITE_IF.AXI_LITE_IF_I/GEN_LITE_IS_ASYNC.GEN_MM2S_ONLY_ASYNC_LITE_ACCESS.mm2s_ip2axi_rddata_d1_reg[1]/C
                            (rising edge-triggered cell FDRE clocked by clk_fpga_0  {rise@0.000ns fall@5.000ns period=10.000ns})
  Destination:            design_1_i/hdmi/axi_vdma_0/U0/AXI_LITE_REG_INTERFACE_I/GEN_AXI_LITE_IF.AXI_LITE_IF_I/GEN_LITE_IS_ASYNC.GEN_MM2S_ONLY_ASYNC_LITE_ACCESS.ip2axi_rddata_captured_mm2s_cdc_tig_reg[1]/D
                            (rising edge-triggered cell FDRE clocked by clk_fpga_0  {rise@0.000ns fall@5.000ns period=10.000ns})
  Path Group:             (none)
  Path Type:              Hold (Min at Fast Process Corner)
  Data Path Delay:        0.243ns  (logic 0.141ns (58.024%)  route 0.102ns (41.976%))
  Logic Levels:           0  
  Clock Path Skew:        0.301ns (DCD - SCD - CPR)
    Destination Clock Delay (DCD):    1.271ns
    Source Clock Delay      (SCD):    0.970ns
    Clock Pessimism Removal (CPR):    -0.000ns
  Clock Uncertainty:      0.154ns  ((TSJ^2 + TIJ^2)^1/2 + DJ) / 2 + PE
    Total System Jitter     (TSJ):    0.071ns
    Total Input Jitter      (TIJ):    0.300ns
    Discrete Jitter          (DJ):    0.000ns
    Phase Error              (PE):    0.000ns
  Timing Exception:       False Path

    Location             Delay type                Incr(ns)  Path(ns)    Netlist Resource(s)
  -------------------------------------------------------------------    -------------------
                         (clock clk_fpga_0 rise edge)
                                                      0.000     0.000 r  
    PS7_X0Y0             PS7                          0.000     0.000 r  design_1_i/processing_system7_0/inst/PS7_i/FCLKCLK[0]
                         net (fo=1, routed)           0.310     0.310    design_1_i/processing_system7_0/inst/FCLK_CLK_unbuffered[0]
    BUFGCTRL_X0Y16       BUFG (Prop_bufg_I_O)         0.026     0.336 r  design_1_i/processing_system7_0/inst/buffer_fclk_clk_0.FCLK_CLK_0_BUFG/O
                         net (fo=39223, routed)       0.634     0.970    design_1_i/hdmi/axi_vdma_0/U0/AXI_LITE_REG_INTERFACE_I/GEN_AXI_LITE_IF.AXI_LITE_IF_I/m_axi_mm2s_aclk
    SLICE_X41Y135        FDRE                                         r  design_1_i/hdmi/axi_vdma_0/U0/AXI_LITE_REG_INTERFACE_I/GEN_AXI_LITE_IF.AXI_LITE_IF_I/GEN_LITE_IS_ASYNC.GEN_MM2S_ONLY_ASYNC_LITE_ACCESS.mm2s_ip2axi_rddata_d1_reg[1]/C
  -------------------------------------------------------------------    -------------------
    SLICE_X41Y135        FDRE (Prop_fdre_C_Q)         0.141     1.111 r  design_1_i/hdmi/axi_vdma_0/U0/AXI_LITE_REG_INTERFACE_I/GEN_AXI_LITE_IF.AXI_LITE_IF_I/GEN_LITE_IS_ASYNC.GEN_MM2S_ONLY_ASYNC_LITE_ACCESS.mm2s_ip2axi_rddata_d1_reg[1]/Q
                         net (fo=1, routed)           0.102     1.213    design_1_i/hdmi/axi_vdma_0/U0/AXI_LITE_REG_INTERFACE_I/GEN_AXI_LITE_IF.AXI_LITE_IF_I/mm2s_ip2axi_rddata_d1[1]
    SLICE_X42Y136        FDRE                                         r  design_1_i/hdmi/axi_vdma_0/U0/AXI_LITE_REG_INTERFACE_I/GEN_AXI_LITE_IF.AXI_LITE_IF_I/GEN_LITE_IS_ASYNC.GEN_MM2S_ONLY_ASYNC_LITE_ACCESS.ip2axi_rddata_captured_mm2s_cdc_tig_reg[1]/D
  -------------------------------------------------------------------    -------------------

                         (clock clk_fpga_0 rise edge)
                                                      0.000     0.000 r  
    PS7_X0Y0             PS7                          0.000     0.000 r  design_1_i/processing_system7_0/inst/PS7_i/FCLKCLK[0]
                         net (fo=1, routed)           0.337     0.337    design_1_i/processing_system7_0/inst/FCLK_CLK_unbuffered[0]
    BUFGCTRL_X0Y16       BUFG (Prop_bufg_I_O)         0.029     0.366 r  design_1_i/processing_system7_0/inst/buffer_fclk_clk_0.FCLK_CLK_0_BUFG/O
                         net (fo=39223, routed)       0.905     1.271    design_1_i/hdmi/axi_vdma_0/U0/AXI_LITE_REG_INTERFACE_I/GEN_AXI_LITE_IF.AXI_LITE_IF_I/s_axi_lite_aclk
    SLICE_X42Y136        FDRE                                         r  design_1_i/hdmi/axi_vdma_0/U0/AXI_LITE_REG_INTERFACE_I/GEN_AXI_LITE_IF.AXI_LITE_IF_I/GEN_LITE_IS_ASYNC.GEN_MM2S_ONLY_ASYNC_LITE_ACCESS.ip2axi_rddata_captured_mm2s_cdc_tig_reg[1]/C

Slack:                    inf
  Source:                 design_1_i/hdmi/axi_vdma_0/U0/AXI_LITE_REG_INTERFACE_I/GEN_AXI_LITE_IF.AXI_LITE_IF_I/wdata_reg[29]/C
                            (rising edge-triggered cell FDRE clocked by clk_fpga_0  {rise@0.000ns fall@5.000ns period=10.000ns})
  Destination:            design_1_i/hdmi/axi_vdma_0/U0/AXI_LITE_REG_INTERFACE_I/GEN_AXI_LITE_IF.AXI_LITE_IF_I/GEN_LITE_IS_ASYNC.GEN_MM2S_ONLY_ASYNC_LITE_ACCESS.mm2s_axi2ip_wrdata_cdc_tig_reg[29]/D
                            (rising edge-triggered cell FDRE clocked by clk_fpga_0  {rise@0.000ns fall@5.000ns period=10.000ns})
  Path Group:             (none)
  Path Type:              Hold (Min at Fast Process Corner)
  Data Path Delay:        0.242ns  (logic 0.141ns (58.263%)  route 0.101ns (41.737%))
  Logic Levels:           0  
  Clock Path Skew:        0.302ns (DCD - SCD - CPR)
    Destination Clock Delay (DCD):    1.275ns
    Source Clock Delay      (SCD):    0.973ns
    Clock Pessimism Removal (CPR):    -0.000ns
  Clock Uncertainty:      0.154ns  ((TSJ^2 + TIJ^2)^1/2 + DJ) / 2 + PE
    Total System Jitter     (TSJ):    0.071ns
    Total Input Jitter      (TIJ):    0.300ns
    Discrete Jitter          (DJ):    0.000ns
    Phase Error              (PE):    0.000ns
  Timing Exception:       False Path

    Location             Delay type                Incr(ns)  Path(ns)    Netlist Resource(s)
  -------------------------------------------------------------------    -------------------
                         (clock clk_fpga_0 rise edge)
                                                      0.000     0.000 r  
    PS7_X0Y0             PS7                          0.000     0.000 r  design_1_i/processing_system7_0/inst/PS7_i/FCLKCLK[0]
                         net (fo=1, routed)           0.310     0.310    design_1_i/processing_system7_0/inst/FCLK_CLK_unbuffered[0]
    BUFGCTRL_X0Y16       BUFG (Prop_bufg_I_O)         0.026     0.336 r  design_1_i/processing_system7_0/inst/buffer_fclk_clk_0.FCLK_CLK_0_BUFG/O
                         net (fo=39223, routed)       0.637     0.973    design_1_i/hdmi/axi_vdma_0/U0/AXI_LITE_REG_INTERFACE_I/GEN_AXI_LITE_IF.AXI_LITE_IF_I/s_axi_lite_aclk
    SLICE_X37Y141        FDRE                                         r  design_1_i/hdmi/axi_vdma_0/U0/AXI_LITE_REG_INTERFACE_I/GEN_AXI_LITE_IF.AXI_LITE_IF_I/wdata_reg[29]/C
  -------------------------------------------------------------------    -------------------
    SLICE_X37Y141        FDRE (Prop_fdre_C_Q)         0.141     1.114 r  design_1_i/hdmi/axi_vdma_0/U0/AXI_LITE_REG_INTERFACE_I/GEN_AXI_LITE_IF.AXI_LITE_IF_I/wdata_reg[29]/Q
                         net (fo=1, routed)           0.101     1.215    design_1_i/hdmi/axi_vdma_0/U0/AXI_LITE_REG_INTERFACE_I/GEN_AXI_LITE_IF.AXI_LITE_IF_I/wdata[29]
    SLICE_X39Y140        FDRE                                         r  design_1_i/hdmi/axi_vdma_0/U0/AXI_LITE_REG_INTERFACE_I/GEN_AXI_LITE_IF.AXI_LITE_IF_I/GEN_LITE_IS_ASYNC.GEN_MM2S_ONLY_ASYNC_LITE_ACCESS.mm2s_axi2ip_wrdata_cdc_tig_reg[29]/D
  -------------------------------------------------------------------    -------------------

                         (clock clk_fpga_0 rise edge)
                                                      0.000     0.000 r  
    PS7_X0Y0             PS7                          0.000     0.000 r  design_1_i/processing_system7_0/inst/PS7_i/FCLKCLK[0]
                         net (fo=1, routed)           0.337     0.337    design_1_i/processing_system7_0/inst/FCLK_CLK_unbuffered[0]
    BUFGCTRL_X0Y16       BUFG (Prop_bufg_I_O)         0.029     0.366 r  design_1_i/processing_system7_0/inst/buffer_fclk_clk_0.FCLK_CLK_0_BUFG/O
                         net (fo=39223, routed)       0.909     1.275    design_1_i/hdmi/axi_vdma_0/U0/AXI_LITE_REG_INTERFACE_I/GEN_AXI_LITE_IF.AXI_LITE_IF_I/m_axi_mm2s_aclk
    SLICE_X39Y140        FDRE                                         r  design_1_i/hdmi/axi_vdma_0/U0/AXI_LITE_REG_INTERFACE_I/GEN_AXI_LITE_IF.AXI_LITE_IF_I/GEN_LITE_IS_ASYNC.GEN_MM2S_ONLY_ASYNC_LITE_ACCESS.mm2s_axi2ip_wrdata_cdc_tig_reg[29]/C

Slack:                    inf
  Source:                 design_1_i/hdmi/axi_vdma_0/U0/AXI_LITE_REG_INTERFACE_I/GEN_AXI_LITE_IF.AXI_LITE_IF_I/wdata_reg[20]/C
                            (rising edge-triggered cell FDRE clocked by clk_fpga_0  {rise@0.000ns fall@5.000ns period=10.000ns})
  Destination:            design_1_i/hdmi/axi_vdma_0/U0/AXI_LITE_REG_INTERFACE_I/GEN_AXI_LITE_IF.AXI_LITE_IF_I/GEN_LITE_IS_ASYNC.GEN_MM2S_ONLY_ASYNC_LITE_ACCESS.mm2s_axi2ip_wrdata_cdc_tig_reg[20]/D
                            (rising edge-triggered cell FDRE clocked by clk_fpga_0  {rise@0.000ns fall@5.000ns period=10.000ns})
  Path Group:             (none)
  Path Type:              Hold (Min at Fast Process Corner)
  Data Path Delay:        0.243ns  (logic 0.141ns (58.024%)  route 0.102ns (41.976%))
  Logic Levels:           0  
  Clock Path Skew:        0.302ns (DCD - SCD - CPR)
    Destination Clock Delay (DCD):    1.275ns
    Source Clock Delay      (SCD):    0.973ns
    Clock Pessimism Removal (CPR):    -0.000ns
  Clock Uncertainty:      0.154ns  ((TSJ^2 + TIJ^2)^1/2 + DJ) / 2 + PE
    Total System Jitter     (TSJ):    0.071ns
    Total Input Jitter      (TIJ):    0.300ns
    Discrete Jitter          (DJ):    0.000ns
    Phase Error              (PE):    0.000ns
  Timing Exception:       False Path

    Location             Delay type                Incr(ns)  Path(ns)    Netlist Resource(s)
  -------------------------------------------------------------------    -------------------
                         (clock clk_fpga_0 rise edge)
                                                      0.000     0.000 r  
    PS7_X0Y0             PS7                          0.000     0.000 r  design_1_i/processing_system7_0/inst/PS7_i/FCLKCLK[0]
                         net (fo=1, routed)           0.310     0.310    design_1_i/processing_system7_0/inst/FCLK_CLK_unbuffered[0]
    BUFGCTRL_X0Y16       BUFG (Prop_bufg_I_O)         0.026     0.336 r  design_1_i/processing_system7_0/inst/buffer_fclk_clk_0.FCLK_CLK_0_BUFG/O
                         net (fo=39223, routed)       0.637     0.973    design_1_i/hdmi/axi_vdma_0/U0/AXI_LITE_REG_INTERFACE_I/GEN_AXI_LITE_IF.AXI_LITE_IF_I/s_axi_lite_aclk
    SLICE_X45Y141        FDRE                                         r  design_1_i/hdmi/axi_vdma_0/U0/AXI_LITE_REG_INTERFACE_I/GEN_AXI_LITE_IF.AXI_LITE_IF_I/wdata_reg[20]/C
  -------------------------------------------------------------------    -------------------
    SLICE_X45Y141        FDRE (Prop_fdre_C_Q)         0.141     1.114 r  design_1_i/hdmi/axi_vdma_0/U0/AXI_LITE_REG_INTERFACE_I/GEN_AXI_LITE_IF.AXI_LITE_IF_I/wdata_reg[20]/Q
                         net (fo=1, routed)           0.102     1.216    design_1_i/hdmi/axi_vdma_0/U0/AXI_LITE_REG_INTERFACE_I/GEN_AXI_LITE_IF.AXI_LITE_IF_I/wdata[20]
    SLICE_X46Y141        FDRE                                         r  design_1_i/hdmi/axi_vdma_0/U0/AXI_LITE_REG_INTERFACE_I/GEN_AXI_LITE_IF.AXI_LITE_IF_I/GEN_LITE_IS_ASYNC.GEN_MM2S_ONLY_ASYNC_LITE_ACCESS.mm2s_axi2ip_wrdata_cdc_tig_reg[20]/D
  -------------------------------------------------------------------    -------------------

                         (clock clk_fpga_0 rise edge)
                                                      0.000     0.000 r  
    PS7_X0Y0             PS7                          0.000     0.000 r  design_1_i/processing_system7_0/inst/PS7_i/FCLKCLK[0]
                         net (fo=1, routed)           0.337     0.337    design_1_i/processing_system7_0/inst/FCLK_CLK_unbuffered[0]
    BUFGCTRL_X0Y16       BUFG (Prop_bufg_I_O)         0.029     0.366 r  design_1_i/processing_system7_0/inst/buffer_fclk_clk_0.FCLK_CLK_0_BUFG/O
                         net (fo=39223, routed)       0.909     1.275    design_1_i/hdmi/axi_vdma_0/U0/AXI_LITE_REG_INTERFACE_I/GEN_AXI_LITE_IF.AXI_LITE_IF_I/m_axi_mm2s_aclk
    SLICE_X46Y141        FDRE                                         r  design_1_i/hdmi/axi_vdma_0/U0/AXI_LITE_REG_INTERFACE_I/GEN_AXI_LITE_IF.AXI_LITE_IF_I/GEN_LITE_IS_ASYNC.GEN_MM2S_ONLY_ASYNC_LITE_ACCESS.mm2s_axi2ip_wrdata_cdc_tig_reg[20]/C

Slack:                    inf
  Source:                 design_1_i/hdmi/axi_vdma_0/U0/AXI_LITE_REG_INTERFACE_I/GEN_AXI_LITE_IF.AXI_LITE_IF_I/wdata_reg[24]/C
                            (rising edge-triggered cell FDRE clocked by clk_fpga_0  {rise@0.000ns fall@5.000ns period=10.000ns})
  Destination:            design_1_i/hdmi/axi_vdma_0/U0/AXI_LITE_REG_INTERFACE_I/GEN_AXI_LITE_IF.AXI_LITE_IF_I/GEN_LITE_IS_ASYNC.GEN_MM2S_ONLY_ASYNC_LITE_ACCESS.mm2s_axi2ip_wrdata_cdc_tig_reg[24]/D
                            (rising edge-triggered cell FDRE clocked by clk_fpga_0  {rise@0.000ns fall@5.000ns period=10.000ns})
  Path Group:             (none)
  Path Type:              Hold (Min at Fast Process Corner)
  Data Path Delay:        0.244ns  (logic 0.128ns (52.512%)  route 0.116ns (47.488%))
  Logic Levels:           0  
  Clock Path Skew:        0.302ns (DCD - SCD - CPR)
    Destination Clock Delay (DCD):    1.275ns
    Source Clock Delay      (SCD):    0.973ns
    Clock Pessimism Removal (CPR):    -0.000ns
  Clock Uncertainty:      0.154ns  ((TSJ^2 + TIJ^2)^1/2 + DJ) / 2 + PE
    Total System Jitter     (TSJ):    0.071ns
    Total Input Jitter      (TIJ):    0.300ns
    Discrete Jitter          (DJ):    0.000ns
    Phase Error              (PE):    0.000ns
  Timing Exception:       False Path

    Location             Delay type                Incr(ns)  Path(ns)    Netlist Resource(s)
  -------------------------------------------------------------------    -------------------
                         (clock clk_fpga_0 rise edge)
                                                      0.000     0.000 r  
    PS7_X0Y0             PS7                          0.000     0.000 r  design_1_i/processing_system7_0/inst/PS7_i/FCLKCLK[0]
                         net (fo=1, routed)           0.310     0.310    design_1_i/processing_system7_0/inst/FCLK_CLK_unbuffered[0]
    BUFGCTRL_X0Y16       BUFG (Prop_bufg_I_O)         0.026     0.336 r  design_1_i/processing_system7_0/inst/buffer_fclk_clk_0.FCLK_CLK_0_BUFG/O
                         net (fo=39223, routed)       0.637     0.973    design_1_i/hdmi/axi_vdma_0/U0/AXI_LITE_REG_INTERFACE_I/GEN_AXI_LITE_IF.AXI_LITE_IF_I/s_axi_lite_aclk
    SLICE_X47Y140        FDRE                                         r  design_1_i/hdmi/axi_vdma_0/U0/AXI_LITE_REG_INTERFACE_I/GEN_AXI_LITE_IF.AXI_LITE_IF_I/wdata_reg[24]/C
  -------------------------------------------------------------------    -------------------
    SLICE_X47Y140        FDRE (Prop_fdre_C_Q)         0.128     1.101 r  design_1_i/hdmi/axi_vdma_0/U0/AXI_LITE_REG_INTERFACE_I/GEN_AXI_LITE_IF.AXI_LITE_IF_I/wdata_reg[24]/Q
                         net (fo=1, routed)           0.116     1.217    design_1_i/hdmi/axi_vdma_0/U0/AXI_LITE_REG_INTERFACE_I/GEN_AXI_LITE_IF.AXI_LITE_IF_I/wdata[24]
    SLICE_X46Y141        FDRE                                         r  design_1_i/hdmi/axi_vdma_0/U0/AXI_LITE_REG_INTERFACE_I/GEN_AXI_LITE_IF.AXI_LITE_IF_I/GEN_LITE_IS_ASYNC.GEN_MM2S_ONLY_ASYNC_LITE_ACCESS.mm2s_axi2ip_wrdata_cdc_tig_reg[24]/D
  -------------------------------------------------------------------    -------------------

                         (clock clk_fpga_0 rise edge)
                                                      0.000     0.000 r  
    PS7_X0Y0             PS7                          0.000     0.000 r  design_1_i/processing_system7_0/inst/PS7_i/FCLKCLK[0]
                         net (fo=1, routed)           0.337     0.337    design_1_i/processing_system7_0/inst/FCLK_CLK_unbuffered[0]
    BUFGCTRL_X0Y16       BUFG (Prop_bufg_I_O)         0.029     0.366 r  design_1_i/processing_system7_0/inst/buffer_fclk_clk_0.FCLK_CLK_0_BUFG/O
                         net (fo=39223, routed)       0.909     1.275    design_1_i/hdmi/axi_vdma_0/U0/AXI_LITE_REG_INTERFACE_I/GEN_AXI_LITE_IF.AXI_LITE_IF_I/m_axi_mm2s_aclk
    SLICE_X46Y141        FDRE                                         r  design_1_i/hdmi/axi_vdma_0/U0/AXI_LITE_REG_INTERFACE_I/GEN_AXI_LITE_IF.AXI_LITE_IF_I/GEN_LITE_IS_ASYNC.GEN_MM2S_ONLY_ASYNC_LITE_ACCESS.mm2s_axi2ip_wrdata_cdc_tig_reg[24]/C

Slack:                    inf
  Source:                 design_1_i/hdmi/axi_vdma_0/U0/AXI_LITE_REG_INTERFACE_I/GEN_AXI_LITE_IF.AXI_LITE_IF_I/wdata_reg[28]/C
                            (rising edge-triggered cell FDRE clocked by clk_fpga_0  {rise@0.000ns fall@5.000ns period=10.000ns})
  Destination:            design_1_i/hdmi/axi_vdma_0/U0/AXI_LITE_REG_INTERFACE_I/GEN_AXI_LITE_IF.AXI_LITE_IF_I/GEN_LITE_IS_ASYNC.GEN_MM2S_ONLY_ASYNC_LITE_ACCESS.mm2s_axi2ip_wrdata_cdc_tig_reg[28]/D
                            (rising edge-triggered cell FDRE clocked by clk_fpga_0  {rise@0.000ns fall@5.000ns period=10.000ns})
  Path Group:             (none)
  Path Type:              Hold (Min at Fast Process Corner)
  Data Path Delay:        0.246ns  (logic 0.128ns (51.940%)  route 0.118ns (48.060%))
  Logic Levels:           0  
  Clock Path Skew:        0.302ns (DCD - SCD - CPR)
    Destination Clock Delay (DCD):    1.275ns
    Source Clock Delay      (SCD):    0.973ns
    Clock Pessimism Removal (CPR):    -0.000ns
  Clock Uncertainty:      0.154ns  ((TSJ^2 + TIJ^2)^1/2 + DJ) / 2 + PE
    Total System Jitter     (TSJ):    0.071ns
    Total Input Jitter      (TIJ):    0.300ns
    Discrete Jitter          (DJ):    0.000ns
    Phase Error              (PE):    0.000ns
  Timing Exception:       False Path

    Location             Delay type                Incr(ns)  Path(ns)    Netlist Resource(s)
  -------------------------------------------------------------------    -------------------
                         (clock clk_fpga_0 rise edge)
                                                      0.000     0.000 r  
    PS7_X0Y0             PS7                          0.000     0.000 r  design_1_i/processing_system7_0/inst/PS7_i/FCLKCLK[0]
                         net (fo=1, routed)           0.310     0.310    design_1_i/processing_system7_0/inst/FCLK_CLK_unbuffered[0]
    BUFGCTRL_X0Y16       BUFG (Prop_bufg_I_O)         0.026     0.336 r  design_1_i/processing_system7_0/inst/buffer_fclk_clk_0.FCLK_CLK_0_BUFG/O
                         net (fo=39223, routed)       0.637     0.973    design_1_i/hdmi/axi_vdma_0/U0/AXI_LITE_REG_INTERFACE_I/GEN_AXI_LITE_IF.AXI_LITE_IF_I/s_axi_lite_aclk
    SLICE_X45Y140        FDRE                                         r  design_1_i/hdmi/axi_vdma_0/U0/AXI_LITE_REG_INTERFACE_I/GEN_AXI_LITE_IF.AXI_LITE_IF_I/wdata_reg[28]/C
  -------------------------------------------------------------------    -------------------
    SLICE_X45Y140        FDRE (Prop_fdre_C_Q)         0.128     1.101 r  design_1_i/hdmi/axi_vdma_0/U0/AXI_LITE_REG_INTERFACE_I/GEN_AXI_LITE_IF.AXI_LITE_IF_I/wdata_reg[28]/Q
                         net (fo=1, routed)           0.118     1.219    design_1_i/hdmi/axi_vdma_0/U0/AXI_LITE_REG_INTERFACE_I/GEN_AXI_LITE_IF.AXI_LITE_IF_I/wdata[28]
    SLICE_X43Y140        FDRE                                         r  design_1_i/hdmi/axi_vdma_0/U0/AXI_LITE_REG_INTERFACE_I/GEN_AXI_LITE_IF.AXI_LITE_IF_I/GEN_LITE_IS_ASYNC.GEN_MM2S_ONLY_ASYNC_LITE_ACCESS.mm2s_axi2ip_wrdata_cdc_tig_reg[28]/D
  -------------------------------------------------------------------    -------------------

                         (clock clk_fpga_0 rise edge)
                                                      0.000     0.000 r  
    PS7_X0Y0             PS7                          0.000     0.000 r  design_1_i/processing_system7_0/inst/PS7_i/FCLKCLK[0]
                         net (fo=1, routed)           0.337     0.337    design_1_i/processing_system7_0/inst/FCLK_CLK_unbuffered[0]
    BUFGCTRL_X0Y16       BUFG (Prop_bufg_I_O)         0.029     0.366 r  design_1_i/processing_system7_0/inst/buffer_fclk_clk_0.FCLK_CLK_0_BUFG/O
                         net (fo=39223, routed)       0.909     1.275    design_1_i/hdmi/axi_vdma_0/U0/AXI_LITE_REG_INTERFACE_I/GEN_AXI_LITE_IF.AXI_LITE_IF_I/m_axi_mm2s_aclk
    SLICE_X43Y140        FDRE                                         r  design_1_i/hdmi/axi_vdma_0/U0/AXI_LITE_REG_INTERFACE_I/GEN_AXI_LITE_IF.AXI_LITE_IF_I/GEN_LITE_IS_ASYNC.GEN_MM2S_ONLY_ASYNC_LITE_ACCESS.mm2s_axi2ip_wrdata_cdc_tig_reg[28]/C





--------------------------------------------------------------------------------------
Path Group:  (none)
From Clock:  I
  To Clock:  

Max Delay             8 Endpoints
Min Delay             8 Endpoints
--------------------------------------------------------------------------------------


Max Delay Paths
--------------------------------------------------------------------------------------
Slack:                    inf
  Source:                 design_1_i/hdmi/rgb2dvi_0/U0/DataEncoders[1].DataSerializer/SerializerMaster/CLK
                            (rising edge-triggered cell OSERDESE2 clocked by I  {rise@0.000ns fall@1.000ns period=2.000ns})
  Destination:            hdmi_out_0_data_n[1]
                            (output port)
  Path Group:             (none)
  Path Type:              Max at Slow Process Corner
  Data Path Delay:        2.329ns  (logic 2.328ns (99.957%)  route 0.001ns (0.043%))
  Logic Levels:           1  (OBUFDS=1)
  Clock Uncertainty:      0.160ns  ((TSJ^2 + DJ^2)^1/2) / 2 + PE
    Total System Jitter     (TSJ):    0.050ns
    Discrete Jitter          (DJ):    0.112ns
    Phase Error              (PE):    0.099ns

    Location             Delay type                Incr(ns)  Path(ns)    Netlist Resource(s)
  -------------------------------------------------------------------    -------------------
                         (clock I rise edge)          0.000     0.000 r  
    PS7_X0Y0             PS7                          0.000     0.000 r  design_1_i/processing_system7_0/inst/PS7_i/FCLKCLK[0]
                         net (fo=1, routed)           1.193     1.193    design_1_i/processing_system7_0/inst/FCLK_CLK_unbuffered[0]
    BUFGCTRL_X0Y16       BUFG (Prop_bufg_I_O)         0.101     1.294 r  design_1_i/processing_system7_0/inst/buffer_fclk_clk_0.FCLK_CLK_0_BUFG/O
                         net (fo=39223, routed)       1.980     3.274    design_1_i/hdmi/axi_dynclk_0/U0/Inst_mmcme2_drp/REF_CLK_I
    MMCME2_ADV_X1Y2      MMCME2_ADV (Prop_mmcme2_adv_CLKIN1_CLKOUT0)
                                                      0.088     3.362 r  design_1_i/hdmi/axi_dynclk_0/U0/Inst_mmcme2_drp/mmcm_adv_inst/CLKOUT0
                         net (fo=2, routed)           0.961     4.323    design_1_i/hdmi/axi_dynclk_0/U0/I
    BUFIO_X1Y9           BUFIO (Prop_bufio_I_O)       1.609     5.932 r  design_1_i/hdmi/axi_dynclk_0/U0/BUFIO_inst/O
                         net (fo=8, routed)           0.343     6.275    design_1_i/hdmi/rgb2dvi_0/U0/DataEncoders[1].DataSerializer/SerialClk
    OLOGIC_X1Y148        OSERDESE2                                    r  design_1_i/hdmi/rgb2dvi_0/U0/DataEncoders[1].DataSerializer/SerializerMaster/CLK
  -------------------------------------------------------------------    -------------------
    OLOGIC_X1Y148        OSERDESE2 (Prop_oserdese2_CLK_OQ)
                                                      0.472     6.747 r  design_1_i/hdmi/rgb2dvi_0/U0/DataEncoders[1].DataSerializer/SerializerMaster/OQ
                         net (fo=1, routed)           0.001     6.748    design_1_i/hdmi/rgb2dvi_0/U0/DataEncoders[1].DataSerializer/sDataOut
    C20                  OBUFDS (Prop_obufds_I_OB)    1.856     8.604 r  design_1_i/hdmi/rgb2dvi_0/U0/DataEncoders[1].DataSerializer/OutputBuffer/OB
                         net (fo=0)                   0.000     8.604    hdmi_out_0_data_n[1]
    B20                                                               r  hdmi_out_0_data_n[1] (OUT)
  -------------------------------------------------------------------    -------------------

Slack:                    inf
  Source:                 design_1_i/hdmi/rgb2dvi_0/U0/DataEncoders[1].DataSerializer/SerializerMaster/CLK
                            (rising edge-triggered cell OSERDESE2 clocked by I  {rise@0.000ns fall@1.000ns period=2.000ns})
  Destination:            hdmi_out_0_data_p[1]
                            (output port)
  Path Group:             (none)
  Path Type:              Max at Slow Process Corner
  Data Path Delay:        2.328ns  (logic 2.327ns (99.957%)  route 0.001ns (0.043%))
  Logic Levels:           1  (OBUFDS=1)
  Clock Uncertainty:      0.160ns  ((TSJ^2 + DJ^2)^1/2) / 2 + PE
    Total System Jitter     (TSJ):    0.050ns
    Discrete Jitter          (DJ):    0.112ns
    Phase Error              (PE):    0.099ns

    Location             Delay type                Incr(ns)  Path(ns)    Netlist Resource(s)
  -------------------------------------------------------------------    -------------------
                         (clock I rise edge)          0.000     0.000 r  
    PS7_X0Y0             PS7                          0.000     0.000 r  design_1_i/processing_system7_0/inst/PS7_i/FCLKCLK[0]
                         net (fo=1, routed)           1.193     1.193    design_1_i/processing_system7_0/inst/FCLK_CLK_unbuffered[0]
    BUFGCTRL_X0Y16       BUFG (Prop_bufg_I_O)         0.101     1.294 r  design_1_i/processing_system7_0/inst/buffer_fclk_clk_0.FCLK_CLK_0_BUFG/O
                         net (fo=39223, routed)       1.980     3.274    design_1_i/hdmi/axi_dynclk_0/U0/Inst_mmcme2_drp/REF_CLK_I
    MMCME2_ADV_X1Y2      MMCME2_ADV (Prop_mmcme2_adv_CLKIN1_CLKOUT0)
                                                      0.088     3.362 r  design_1_i/hdmi/axi_dynclk_0/U0/Inst_mmcme2_drp/mmcm_adv_inst/CLKOUT0
                         net (fo=2, routed)           0.961     4.323    design_1_i/hdmi/axi_dynclk_0/U0/I
    BUFIO_X1Y9           BUFIO (Prop_bufio_I_O)       1.609     5.932 r  design_1_i/hdmi/axi_dynclk_0/U0/BUFIO_inst/O
                         net (fo=8, routed)           0.343     6.275    design_1_i/hdmi/rgb2dvi_0/U0/DataEncoders[1].DataSerializer/SerialClk
    OLOGIC_X1Y148        OSERDESE2                                    r  design_1_i/hdmi/rgb2dvi_0/U0/DataEncoders[1].DataSerializer/SerializerMaster/CLK
  -------------------------------------------------------------------    -------------------
    OLOGIC_X1Y148        OSERDESE2 (Prop_oserdese2_CLK_OQ)
                                                      0.472     6.747 r  design_1_i/hdmi/rgb2dvi_0/U0/DataEncoders[1].DataSerializer/SerializerMaster/OQ
                         net (fo=1, routed)           0.001     6.748    design_1_i/hdmi/rgb2dvi_0/U0/DataEncoders[1].DataSerializer/sDataOut
    C20                  OBUFDS (Prop_obufds_I_O)     1.855     8.603 r  design_1_i/hdmi/rgb2dvi_0/U0/DataEncoders[1].DataSerializer/OutputBuffer/O
                         net (fo=0)                   0.000     8.603    hdmi_out_0_data_p[1]
    C20                                                               r  hdmi_out_0_data_p[1] (OUT)
  -------------------------------------------------------------------    -------------------

Slack:                    inf
  Source:                 design_1_i/hdmi/rgb2dvi_0/U0/DataEncoders[2].DataSerializer/SerializerMaster/CLK
                            (rising edge-triggered cell OSERDESE2 clocked by I  {rise@0.000ns fall@1.000ns period=2.000ns})
  Destination:            hdmi_out_0_data_n[2]
                            (output port)
  Path Group:             (none)
  Path Type:              Max at Slow Process Corner
  Data Path Delay:        2.326ns  (logic 2.325ns (99.957%)  route 0.001ns (0.043%))
  Logic Levels:           1  (OBUFDS=1)
  Clock Uncertainty:      0.160ns  ((TSJ^2 + DJ^2)^1/2) / 2 + PE
    Total System Jitter     (TSJ):    0.050ns
    Discrete Jitter          (DJ):    0.112ns
    Phase Error              (PE):    0.099ns

    Location             Delay type                Incr(ns)  Path(ns)    Netlist Resource(s)
  -------------------------------------------------------------------    -------------------
                         (clock I rise edge)          0.000     0.000 r  
    PS7_X0Y0             PS7                          0.000     0.000 r  design_1_i/processing_system7_0/inst/PS7_i/FCLKCLK[0]
                         net (fo=1, routed)           1.193     1.193    design_1_i/processing_system7_0/inst/FCLK_CLK_unbuffered[0]
    BUFGCTRL_X0Y16       BUFG (Prop_bufg_I_O)         0.101     1.294 r  design_1_i/processing_system7_0/inst/buffer_fclk_clk_0.FCLK_CLK_0_BUFG/O
                         net (fo=39223, routed)       1.980     3.274    design_1_i/hdmi/axi_dynclk_0/U0/Inst_mmcme2_drp/REF_CLK_I
    MMCME2_ADV_X1Y2      MMCME2_ADV (Prop_mmcme2_adv_CLKIN1_CLKOUT0)
                                                      0.088     3.362 r  design_1_i/hdmi/axi_dynclk_0/U0/Inst_mmcme2_drp/mmcm_adv_inst/CLKOUT0
                         net (fo=2, routed)           0.961     4.323    design_1_i/hdmi/axi_dynclk_0/U0/I
    BUFIO_X1Y9           BUFIO (Prop_bufio_I_O)       1.609     5.932 r  design_1_i/hdmi/axi_dynclk_0/U0/BUFIO_inst/O
                         net (fo=8, routed)           0.342     6.274    design_1_i/hdmi/rgb2dvi_0/U0/DataEncoders[2].DataSerializer/SerialClk
    OLOGIC_X1Y146        OSERDESE2                                    r  design_1_i/hdmi/rgb2dvi_0/U0/DataEncoders[2].DataSerializer/SerializerMaster/CLK
  -------------------------------------------------------------------    -------------------
    OLOGIC_X1Y146        OSERDESE2 (Prop_oserdese2_CLK_OQ)
                                                      0.472     6.746 r  design_1_i/hdmi/rgb2dvi_0/U0/DataEncoders[2].DataSerializer/SerializerMaster/OQ
                         net (fo=1, routed)           0.001     6.747    design_1_i/hdmi/rgb2dvi_0/U0/DataEncoders[2].DataSerializer/sDataOut
    B19                  OBUFDS (Prop_obufds_I_OB)    1.853     8.600 r  design_1_i/hdmi/rgb2dvi_0/U0/DataEncoders[2].DataSerializer/OutputBuffer/OB
                         net (fo=0)                   0.000     8.600    hdmi_out_0_data_n[2]
    A20                                                               r  hdmi_out_0_data_n[2] (OUT)
  -------------------------------------------------------------------    -------------------

Slack:                    inf
  Source:                 design_1_i/hdmi/rgb2dvi_0/U0/DataEncoders[2].DataSerializer/SerializerMaster/CLK
                            (rising edge-triggered cell OSERDESE2 clocked by I  {rise@0.000ns fall@1.000ns period=2.000ns})
  Destination:            hdmi_out_0_data_p[2]
                            (output port)
  Path Group:             (none)
  Path Type:              Max at Slow Process Corner
  Data Path Delay:        2.325ns  (logic 2.324ns (99.957%)  route 0.001ns (0.043%))
  Logic Levels:           1  (OBUFDS=1)
  Clock Uncertainty:      0.160ns  ((TSJ^2 + DJ^2)^1/2) / 2 + PE
    Total System Jitter     (TSJ):    0.050ns
    Discrete Jitter          (DJ):    0.112ns
    Phase Error              (PE):    0.099ns

    Location             Delay type                Incr(ns)  Path(ns)    Netlist Resource(s)
  -------------------------------------------------------------------    -------------------
                         (clock I rise edge)          0.000     0.000 r  
    PS7_X0Y0             PS7                          0.000     0.000 r  design_1_i/processing_system7_0/inst/PS7_i/FCLKCLK[0]
                         net (fo=1, routed)           1.193     1.193    design_1_i/processing_system7_0/inst/FCLK_CLK_unbuffered[0]
    BUFGCTRL_X0Y16       BUFG (Prop_bufg_I_O)         0.101     1.294 r  design_1_i/processing_system7_0/inst/buffer_fclk_clk_0.FCLK_CLK_0_BUFG/O
                         net (fo=39223, routed)       1.980     3.274    design_1_i/hdmi/axi_dynclk_0/U0/Inst_mmcme2_drp/REF_CLK_I
    MMCME2_ADV_X1Y2      MMCME2_ADV (Prop_mmcme2_adv_CLKIN1_CLKOUT0)
                                                      0.088     3.362 r  design_1_i/hdmi/axi_dynclk_0/U0/Inst_mmcme2_drp/mmcm_adv_inst/CLKOUT0
                         net (fo=2, routed)           0.961     4.323    design_1_i/hdmi/axi_dynclk_0/U0/I
    BUFIO_X1Y9           BUFIO (Prop_bufio_I_O)       1.609     5.932 r  design_1_i/hdmi/axi_dynclk_0/U0/BUFIO_inst/O
                         net (fo=8, routed)           0.342     6.274    design_1_i/hdmi/rgb2dvi_0/U0/DataEncoders[2].DataSerializer/SerialClk
    OLOGIC_X1Y146        OSERDESE2                                    r  design_1_i/hdmi/rgb2dvi_0/U0/DataEncoders[2].DataSerializer/SerializerMaster/CLK
  -------------------------------------------------------------------    -------------------
    OLOGIC_X1Y146        OSERDESE2 (Prop_oserdese2_CLK_OQ)
                                                      0.472     6.746 r  design_1_i/hdmi/rgb2dvi_0/U0/DataEncoders[2].DataSerializer/SerializerMaster/OQ
                         net (fo=1, routed)           0.001     6.747    design_1_i/hdmi/rgb2dvi_0/U0/DataEncoders[2].DataSerializer/sDataOut
    B19                  OBUFDS (Prop_obufds_I_O)     1.852     8.599 r  design_1_i/hdmi/rgb2dvi_0/U0/DataEncoders[2].DataSerializer/OutputBuffer/O
                         net (fo=0)                   0.000     8.599    hdmi_out_0_data_p[2]
    B19                                                               r  hdmi_out_0_data_p[2] (OUT)
  -------------------------------------------------------------------    -------------------

Slack:                    inf
  Source:                 design_1_i/hdmi/rgb2dvi_0/U0/DataEncoders[0].DataSerializer/SerializerMaster/CLK
                            (rising edge-triggered cell OSERDESE2 clocked by I  {rise@0.000ns fall@1.000ns period=2.000ns})
  Destination:            hdmi_out_0_data_n[0]
                            (output port)
  Path Group:             (none)
  Path Type:              Max at Slow Process Corner
  Data Path Delay:        2.320ns  (logic 2.319ns (99.957%)  route 0.001ns (0.043%))
  Logic Levels:           1  (OBUFDS=1)
  Clock Uncertainty:      0.160ns  ((TSJ^2 + DJ^2)^1/2) / 2 + PE
    Total System Jitter     (TSJ):    0.050ns
    Discrete Jitter          (DJ):    0.112ns
    Phase Error              (PE):    0.099ns

    Location             Delay type                Incr(ns)  Path(ns)    Netlist Resource(s)
  -------------------------------------------------------------------    -------------------
                         (clock I rise edge)          0.000     0.000 r  
    PS7_X0Y0             PS7                          0.000     0.000 r  design_1_i/processing_system7_0/inst/PS7_i/FCLKCLK[0]
                         net (fo=1, routed)           1.193     1.193    design_1_i/processing_system7_0/inst/FCLK_CLK_unbuffered[0]
    BUFGCTRL_X0Y16       BUFG (Prop_bufg_I_O)         0.101     1.294 r  design_1_i/processing_system7_0/inst/buffer_fclk_clk_0.FCLK_CLK_0_BUFG/O
                         net (fo=39223, routed)       1.980     3.274    design_1_i/hdmi/axi_dynclk_0/U0/Inst_mmcme2_drp/REF_CLK_I
    MMCME2_ADV_X1Y2      MMCME2_ADV (Prop_mmcme2_adv_CLKIN1_CLKOUT0)
                                                      0.088     3.362 r  design_1_i/hdmi/axi_dynclk_0/U0/Inst_mmcme2_drp/mmcm_adv_inst/CLKOUT0
                         net (fo=2, routed)           0.961     4.323    design_1_i/hdmi/axi_dynclk_0/U0/I
    BUFIO_X1Y9           BUFIO (Prop_bufio_I_O)       1.609     5.932 r  design_1_i/hdmi/axi_dynclk_0/U0/BUFIO_inst/O
                         net (fo=8, routed)           0.341     6.273    design_1_i/hdmi/rgb2dvi_0/U0/DataEncoders[0].DataSerializer/SerialClk
    OLOGIC_X1Y142        OSERDESE2                                    r  design_1_i/hdmi/rgb2dvi_0/U0/DataEncoders[0].DataSerializer/SerializerMaster/CLK
  -------------------------------------------------------------------    -------------------
    OLOGIC_X1Y142        OSERDESE2 (Prop_oserdese2_CLK_OQ)
                                                      0.472     6.745 r  design_1_i/hdmi/rgb2dvi_0/U0/DataEncoders[0].DataSerializer/SerializerMaster/OQ
                         net (fo=1, routed)           0.001     6.746    design_1_i/hdmi/rgb2dvi_0/U0/DataEncoders[0].DataSerializer/sDataOut
    D19                  OBUFDS (Prop_obufds_I_OB)    1.847     8.594 r  design_1_i/hdmi/rgb2dvi_0/U0/DataEncoders[0].DataSerializer/OutputBuffer/OB
                         net (fo=0)                   0.000     8.594    hdmi_out_0_data_n[0]
    D20                                                               r  hdmi_out_0_data_n[0] (OUT)
  -------------------------------------------------------------------    -------------------

Slack:                    inf
  Source:                 design_1_i/hdmi/rgb2dvi_0/U0/DataEncoders[0].DataSerializer/SerializerMaster/CLK
                            (rising edge-triggered cell OSERDESE2 clocked by I  {rise@0.000ns fall@1.000ns period=2.000ns})
  Destination:            hdmi_out_0_data_p[0]
                            (output port)
  Path Group:             (none)
  Path Type:              Max at Slow Process Corner
  Data Path Delay:        2.319ns  (logic 2.318ns (99.957%)  route 0.001ns (0.043%))
  Logic Levels:           1  (OBUFDS=1)
  Clock Uncertainty:      0.160ns  ((TSJ^2 + DJ^2)^1/2) / 2 + PE
    Total System Jitter     (TSJ):    0.050ns
    Discrete Jitter          (DJ):    0.112ns
    Phase Error              (PE):    0.099ns

    Location             Delay type                Incr(ns)  Path(ns)    Netlist Resource(s)
  -------------------------------------------------------------------    -------------------
                         (clock I rise edge)          0.000     0.000 r  
    PS7_X0Y0             PS7                          0.000     0.000 r  design_1_i/processing_system7_0/inst/PS7_i/FCLKCLK[0]
                         net (fo=1, routed)           1.193     1.193    design_1_i/processing_system7_0/inst/FCLK_CLK_unbuffered[0]
    BUFGCTRL_X0Y16       BUFG (Prop_bufg_I_O)         0.101     1.294 r  design_1_i/processing_system7_0/inst/buffer_fclk_clk_0.FCLK_CLK_0_BUFG/O
                         net (fo=39223, routed)       1.980     3.274    design_1_i/hdmi/axi_dynclk_0/U0/Inst_mmcme2_drp/REF_CLK_I
    MMCME2_ADV_X1Y2      MMCME2_ADV (Prop_mmcme2_adv_CLKIN1_CLKOUT0)
                                                      0.088     3.362 r  design_1_i/hdmi/axi_dynclk_0/U0/Inst_mmcme2_drp/mmcm_adv_inst/CLKOUT0
                         net (fo=2, routed)           0.961     4.323    design_1_i/hdmi/axi_dynclk_0/U0/I
    BUFIO_X1Y9           BUFIO (Prop_bufio_I_O)       1.609     5.932 r  design_1_i/hdmi/axi_dynclk_0/U0/BUFIO_inst/O
                         net (fo=8, routed)           0.341     6.273    design_1_i/hdmi/rgb2dvi_0/U0/DataEncoders[0].DataSerializer/SerialClk
    OLOGIC_X1Y142        OSERDESE2                                    r  design_1_i/hdmi/rgb2dvi_0/U0/DataEncoders[0].DataSerializer/SerializerMaster/CLK
  -------------------------------------------------------------------    -------------------
    OLOGIC_X1Y142        OSERDESE2 (Prop_oserdese2_CLK_OQ)
                                                      0.472     6.745 r  design_1_i/hdmi/rgb2dvi_0/U0/DataEncoders[0].DataSerializer/SerializerMaster/OQ
                         net (fo=1, routed)           0.001     6.746    design_1_i/hdmi/rgb2dvi_0/U0/DataEncoders[0].DataSerializer/sDataOut
    D19                  OBUFDS (Prop_obufds_I_O)     1.846     8.593 r  design_1_i/hdmi/rgb2dvi_0/U0/DataEncoders[0].DataSerializer/OutputBuffer/O
                         net (fo=0)                   0.000     8.593    hdmi_out_0_data_p[0]
    D19                                                               r  hdmi_out_0_data_p[0] (OUT)
  -------------------------------------------------------------------    -------------------

Slack:                    inf
  Source:                 design_1_i/hdmi/rgb2dvi_0/U0/ClockSerializer/SerializerMaster/CLK
                            (rising edge-triggered cell OSERDESE2 clocked by I  {rise@0.000ns fall@1.000ns period=2.000ns})
  Destination:            hdmi_out_0_clk_n
                            (output port)
  Path Group:             (none)
  Path Type:              Max at Slow Process Corner
  Data Path Delay:        2.307ns  (logic 2.306ns (99.957%)  route 0.001ns (0.043%))
  Logic Levels:           1  (OBUFDS=1)
  Clock Uncertainty:      0.160ns  ((TSJ^2 + DJ^2)^1/2) / 2 + PE
    Total System Jitter     (TSJ):    0.050ns
    Discrete Jitter          (DJ):    0.112ns
    Phase Error              (PE):    0.099ns

    Location             Delay type                Incr(ns)  Path(ns)    Netlist Resource(s)
  -------------------------------------------------------------------    -------------------
                         (clock I rise edge)          0.000     0.000 r  
    PS7_X0Y0             PS7                          0.000     0.000 r  design_1_i/processing_system7_0/inst/PS7_i/FCLKCLK[0]
                         net (fo=1, routed)           1.193     1.193    design_1_i/processing_system7_0/inst/FCLK_CLK_unbuffered[0]
    BUFGCTRL_X0Y16       BUFG (Prop_bufg_I_O)         0.101     1.294 r  design_1_i/processing_system7_0/inst/buffer_fclk_clk_0.FCLK_CLK_0_BUFG/O
                         net (fo=39223, routed)       1.980     3.274    design_1_i/hdmi/axi_dynclk_0/U0/Inst_mmcme2_drp/REF_CLK_I
    MMCME2_ADV_X1Y2      MMCME2_ADV (Prop_mmcme2_adv_CLKIN1_CLKOUT0)
                                                      0.088     3.362 r  design_1_i/hdmi/axi_dynclk_0/U0/Inst_mmcme2_drp/mmcm_adv_inst/CLKOUT0
                         net (fo=2, routed)           0.961     4.323    design_1_i/hdmi/axi_dynclk_0/U0/I
    BUFIO_X1Y9           BUFIO (Prop_bufio_I_O)       1.609     5.932 r  design_1_i/hdmi/axi_dynclk_0/U0/BUFIO_inst/O
                         net (fo=8, routed)           0.320     6.252    design_1_i/hdmi/rgb2dvi_0/U0/ClockSerializer/SerialClk
    OLOGIC_X1Y124        OSERDESE2                                    r  design_1_i/hdmi/rgb2dvi_0/U0/ClockSerializer/SerializerMaster/CLK
  -------------------------------------------------------------------    -------------------
    OLOGIC_X1Y124        OSERDESE2 (Prop_oserdese2_CLK_OQ)
                                                      0.472     6.724 r  design_1_i/hdmi/rgb2dvi_0/U0/ClockSerializer/SerializerMaster/OQ
                         net (fo=1, routed)           0.001     6.725    design_1_i/hdmi/rgb2dvi_0/U0/ClockSerializer/sDataOut
    H16                  OBUFDS (Prop_obufds_I_OB)    1.834     8.560 r  design_1_i/hdmi/rgb2dvi_0/U0/ClockSerializer/OutputBuffer/OB
                         net (fo=0)                   0.000     8.560    hdmi_out_0_clk_n
    H17                                                               r  hdmi_out_0_clk_n (OUT)
  -------------------------------------------------------------------    -------------------

Slack:                    inf
  Source:                 design_1_i/hdmi/rgb2dvi_0/U0/ClockSerializer/SerializerMaster/CLK
                            (rising edge-triggered cell OSERDESE2 clocked by I  {rise@0.000ns fall@1.000ns period=2.000ns})
  Destination:            hdmi_out_0_clk_p
                            (output port)
  Path Group:             (none)
  Path Type:              Max at Slow Process Corner
  Data Path Delay:        2.306ns  (logic 2.305ns (99.957%)  route 0.001ns (0.043%))
  Logic Levels:           1  (OBUFDS=1)
  Clock Uncertainty:      0.160ns  ((TSJ^2 + DJ^2)^1/2) / 2 + PE
    Total System Jitter     (TSJ):    0.050ns
    Discrete Jitter          (DJ):    0.112ns
    Phase Error              (PE):    0.099ns

    Location             Delay type                Incr(ns)  Path(ns)    Netlist Resource(s)
  -------------------------------------------------------------------    -------------------
                         (clock I rise edge)          0.000     0.000 r  
    PS7_X0Y0             PS7                          0.000     0.000 r  design_1_i/processing_system7_0/inst/PS7_i/FCLKCLK[0]
                         net (fo=1, routed)           1.193     1.193    design_1_i/processing_system7_0/inst/FCLK_CLK_unbuffered[0]
    BUFGCTRL_X0Y16       BUFG (Prop_bufg_I_O)         0.101     1.294 r  design_1_i/processing_system7_0/inst/buffer_fclk_clk_0.FCLK_CLK_0_BUFG/O
                         net (fo=39223, routed)       1.980     3.274    design_1_i/hdmi/axi_dynclk_0/U0/Inst_mmcme2_drp/REF_CLK_I
    MMCME2_ADV_X1Y2      MMCME2_ADV (Prop_mmcme2_adv_CLKIN1_CLKOUT0)
                                                      0.088     3.362 r  design_1_i/hdmi/axi_dynclk_0/U0/Inst_mmcme2_drp/mmcm_adv_inst/CLKOUT0
                         net (fo=2, routed)           0.961     4.323    design_1_i/hdmi/axi_dynclk_0/U0/I
    BUFIO_X1Y9           BUFIO (Prop_bufio_I_O)       1.609     5.932 r  design_1_i/hdmi/axi_dynclk_0/U0/BUFIO_inst/O
                         net (fo=8, routed)           0.320     6.252    design_1_i/hdmi/rgb2dvi_0/U0/ClockSerializer/SerialClk
    OLOGIC_X1Y124        OSERDESE2                                    r  design_1_i/hdmi/rgb2dvi_0/U0/ClockSerializer/SerializerMaster/CLK
  -------------------------------------------------------------------    -------------------
    OLOGIC_X1Y124        OSERDESE2 (Prop_oserdese2_CLK_OQ)
                                                      0.472     6.724 r  design_1_i/hdmi/rgb2dvi_0/U0/ClockSerializer/SerializerMaster/OQ
                         net (fo=1, routed)           0.001     6.725    design_1_i/hdmi/rgb2dvi_0/U0/ClockSerializer/sDataOut
    H16                  OBUFDS (Prop_obufds_I_O)     1.833     8.559 r  design_1_i/hdmi/rgb2dvi_0/U0/ClockSerializer/OutputBuffer/O
                         net (fo=0)                   0.000     8.559    hdmi_out_0_clk_p
    H16                                                               r  hdmi_out_0_clk_p (OUT)
  -------------------------------------------------------------------    -------------------





Min Delay Paths
--------------------------------------------------------------------------------------
Slack:                    inf
  Source:                 design_1_i/hdmi/rgb2dvi_0/U0/ClockSerializer/SerializerMaster/CLK
                            (rising edge-triggered cell OSERDESE2 clocked by I  {rise@0.000ns fall@1.000ns period=2.000ns})
  Destination:            hdmi_out_0_clk_p
                            (output port)
  Path Group:             (none)
  Path Type:              Min at Fast Process Corner
  Data Path Delay:        0.961ns  (logic 0.960ns (99.896%)  route 0.001ns (0.104%))
  Logic Levels:           1  (OBUFDS=1)
  Clock Uncertainty:      0.160ns  ((TSJ^2 + DJ^2)^1/2) / 2 + PE
    Total System Jitter     (TSJ):    0.050ns
    Discrete Jitter          (DJ):    0.112ns
    Phase Error              (PE):    0.099ns

    Location             Delay type                Incr(ns)  Path(ns)    Netlist Resource(s)
  -------------------------------------------------------------------    -------------------
                         (clock I rise edge)          0.000     0.000 r  
    PS7_X0Y0             PS7                          0.000     0.000 r  design_1_i/processing_system7_0/inst/PS7_i/FCLKCLK[0]
                         net (fo=1, routed)           0.310     0.310    design_1_i/processing_system7_0/inst/FCLK_CLK_unbuffered[0]
    BUFGCTRL_X0Y16       BUFG (Prop_bufg_I_O)         0.026     0.336 r  design_1_i/processing_system7_0/inst/buffer_fclk_clk_0.FCLK_CLK_0_BUFG/O
                         net (fo=39223, routed)       0.672     1.008    design_1_i/hdmi/axi_dynclk_0/U0/Inst_mmcme2_drp/REF_CLK_I
    MMCME2_ADV_X1Y2      MMCME2_ADV (Prop_mmcme2_adv_CLKIN1_CLKOUT0)
                                                      0.050     1.058 r  design_1_i/hdmi/axi_dynclk_0/U0/Inst_mmcme2_drp/mmcm_adv_inst/CLKOUT0
                         net (fo=2, routed)           0.336     1.394    design_1_i/hdmi/axi_dynclk_0/U0/I
    BUFIO_X1Y9           BUFIO (Prop_bufio_I_O)       0.483     1.877 r  design_1_i/hdmi/axi_dynclk_0/U0/BUFIO_inst/O
                         net (fo=8, routed)           0.084     1.961    design_1_i/hdmi/rgb2dvi_0/U0/ClockSerializer/SerialClk
    OLOGIC_X1Y124        OSERDESE2                                    r  design_1_i/hdmi/rgb2dvi_0/U0/ClockSerializer/SerializerMaster/CLK
  -------------------------------------------------------------------    -------------------
    OLOGIC_X1Y124        OSERDESE2 (Prop_oserdese2_CLK_OQ)
                                                      0.177     2.138 r  design_1_i/hdmi/rgb2dvi_0/U0/ClockSerializer/SerializerMaster/OQ
                         net (fo=1, routed)           0.001     2.139    design_1_i/hdmi/rgb2dvi_0/U0/ClockSerializer/sDataOut
    H16                  OBUFDS (Prop_obufds_I_O)     0.783     2.922 r  design_1_i/hdmi/rgb2dvi_0/U0/ClockSerializer/OutputBuffer/O
                         net (fo=0)                   0.000     2.922    hdmi_out_0_clk_p
    H16                                                               r  hdmi_out_0_clk_p (OUT)
  -------------------------------------------------------------------    -------------------

Slack:                    inf
  Source:                 design_1_i/hdmi/rgb2dvi_0/U0/ClockSerializer/SerializerMaster/CLK
                            (rising edge-triggered cell OSERDESE2 clocked by I  {rise@0.000ns fall@1.000ns period=2.000ns})
  Destination:            hdmi_out_0_clk_n
                            (output port)
  Path Group:             (none)
  Path Type:              Min at Fast Process Corner
  Data Path Delay:        0.962ns  (logic 0.961ns (99.896%)  route 0.001ns (0.104%))
  Logic Levels:           1  (OBUFDS=1)
  Clock Uncertainty:      0.160ns  ((TSJ^2 + DJ^2)^1/2) / 2 + PE
    Total System Jitter     (TSJ):    0.050ns
    Discrete Jitter          (DJ):    0.112ns
    Phase Error              (PE):    0.099ns

    Location             Delay type                Incr(ns)  Path(ns)    Netlist Resource(s)
  -------------------------------------------------------------------    -------------------
                         (clock I rise edge)          0.000     0.000 r  
    PS7_X0Y0             PS7                          0.000     0.000 r  design_1_i/processing_system7_0/inst/PS7_i/FCLKCLK[0]
                         net (fo=1, routed)           0.310     0.310    design_1_i/processing_system7_0/inst/FCLK_CLK_unbuffered[0]
    BUFGCTRL_X0Y16       BUFG (Prop_bufg_I_O)         0.026     0.336 r  design_1_i/processing_system7_0/inst/buffer_fclk_clk_0.FCLK_CLK_0_BUFG/O
                         net (fo=39223, routed)       0.672     1.008    design_1_i/hdmi/axi_dynclk_0/U0/Inst_mmcme2_drp/REF_CLK_I
    MMCME2_ADV_X1Y2      MMCME2_ADV (Prop_mmcme2_adv_CLKIN1_CLKOUT0)
                                                      0.050     1.058 r  design_1_i/hdmi/axi_dynclk_0/U0/Inst_mmcme2_drp/mmcm_adv_inst/CLKOUT0
                         net (fo=2, routed)           0.336     1.394    design_1_i/hdmi/axi_dynclk_0/U0/I
    BUFIO_X1Y9           BUFIO (Prop_bufio_I_O)       0.483     1.877 r  design_1_i/hdmi/axi_dynclk_0/U0/BUFIO_inst/O
                         net (fo=8, routed)           0.084     1.961    design_1_i/hdmi/rgb2dvi_0/U0/ClockSerializer/SerialClk
    OLOGIC_X1Y124        OSERDESE2                                    r  design_1_i/hdmi/rgb2dvi_0/U0/ClockSerializer/SerializerMaster/CLK
  -------------------------------------------------------------------    -------------------
    OLOGIC_X1Y124        OSERDESE2 (Prop_oserdese2_CLK_OQ)
                                                      0.177     2.138 r  design_1_i/hdmi/rgb2dvi_0/U0/ClockSerializer/SerializerMaster/OQ
                         net (fo=1, routed)           0.001     2.139    design_1_i/hdmi/rgb2dvi_0/U0/ClockSerializer/sDataOut
    H16                  OBUFDS (Prop_obufds_I_OB)    0.784     2.923 r  design_1_i/hdmi/rgb2dvi_0/U0/ClockSerializer/OutputBuffer/OB
                         net (fo=0)                   0.000     2.923    hdmi_out_0_clk_n
    H17                                                               r  hdmi_out_0_clk_n (OUT)
  -------------------------------------------------------------------    -------------------

Slack:                    inf
  Source:                 design_1_i/hdmi/rgb2dvi_0/U0/DataEncoders[0].DataSerializer/SerializerMaster/CLK
                            (rising edge-triggered cell OSERDESE2 clocked by I  {rise@0.000ns fall@1.000ns period=2.000ns})
  Destination:            hdmi_out_0_data_p[0]
                            (output port)
  Path Group:             (none)
  Path Type:              Min at Fast Process Corner
  Data Path Delay:        0.973ns  (logic 0.972ns (99.897%)  route 0.001ns (0.103%))
  Logic Levels:           1  (OBUFDS=1)
  Clock Uncertainty:      0.160ns  ((TSJ^2 + DJ^2)^1/2) / 2 + PE
    Total System Jitter     (TSJ):    0.050ns
    Discrete Jitter          (DJ):    0.112ns
    Phase Error              (PE):    0.099ns

    Location             Delay type                Incr(ns)  Path(ns)    Netlist Resource(s)
  -------------------------------------------------------------------    -------------------
                         (clock I rise edge)          0.000     0.000 r  
    PS7_X0Y0             PS7                          0.000     0.000 r  design_1_i/processing_system7_0/inst/PS7_i/FCLKCLK[0]
                         net (fo=1, routed)           0.310     0.310    design_1_i/processing_system7_0/inst/FCLK_CLK_unbuffered[0]
    BUFGCTRL_X0Y16       BUFG (Prop_bufg_I_O)         0.026     0.336 r  design_1_i/processing_system7_0/inst/buffer_fclk_clk_0.FCLK_CLK_0_BUFG/O
                         net (fo=39223, routed)       0.672     1.008    design_1_i/hdmi/axi_dynclk_0/U0/Inst_mmcme2_drp/REF_CLK_I
    MMCME2_ADV_X1Y2      MMCME2_ADV (Prop_mmcme2_adv_CLKIN1_CLKOUT0)
                                                      0.050     1.058 r  design_1_i/hdmi/axi_dynclk_0/U0/Inst_mmcme2_drp/mmcm_adv_inst/CLKOUT0
                         net (fo=2, routed)           0.336     1.394    design_1_i/hdmi/axi_dynclk_0/U0/I
    BUFIO_X1Y9           BUFIO (Prop_bufio_I_O)       0.483     1.877 r  design_1_i/hdmi/axi_dynclk_0/U0/BUFIO_inst/O
                         net (fo=8, routed)           0.096     1.973    design_1_i/hdmi/rgb2dvi_0/U0/DataEncoders[0].DataSerializer/SerialClk
    OLOGIC_X1Y142        OSERDESE2                                    r  design_1_i/hdmi/rgb2dvi_0/U0/DataEncoders[0].DataSerializer/SerializerMaster/CLK
  -------------------------------------------------------------------    -------------------
    OLOGIC_X1Y142        OSERDESE2 (Prop_oserdese2_CLK_OQ)
                                                      0.177     2.150 r  design_1_i/hdmi/rgb2dvi_0/U0/DataEncoders[0].DataSerializer/SerializerMaster/OQ
                         net (fo=1, routed)           0.001     2.151    design_1_i/hdmi/rgb2dvi_0/U0/DataEncoders[0].DataSerializer/sDataOut
    D19                  OBUFDS (Prop_obufds_I_O)     0.795     2.946 r  design_1_i/hdmi/rgb2dvi_0/U0/DataEncoders[0].DataSerializer/OutputBuffer/O
                         net (fo=0)                   0.000     2.946    hdmi_out_0_data_p[0]
    D19                                                               r  hdmi_out_0_data_p[0] (OUT)
  -------------------------------------------------------------------    -------------------

Slack:                    inf
  Source:                 design_1_i/hdmi/rgb2dvi_0/U0/DataEncoders[0].DataSerializer/SerializerMaster/CLK
                            (rising edge-triggered cell OSERDESE2 clocked by I  {rise@0.000ns fall@1.000ns period=2.000ns})
  Destination:            hdmi_out_0_data_n[0]
                            (output port)
  Path Group:             (none)
  Path Type:              Min at Fast Process Corner
  Data Path Delay:        0.974ns  (logic 0.973ns (99.897%)  route 0.001ns (0.103%))
  Logic Levels:           1  (OBUFDS=1)
  Clock Uncertainty:      0.160ns  ((TSJ^2 + DJ^2)^1/2) / 2 + PE
    Total System Jitter     (TSJ):    0.050ns
    Discrete Jitter          (DJ):    0.112ns
    Phase Error              (PE):    0.099ns

    Location             Delay type                Incr(ns)  Path(ns)    Netlist Resource(s)
  -------------------------------------------------------------------    -------------------
                         (clock I rise edge)          0.000     0.000 r  
    PS7_X0Y0             PS7                          0.000     0.000 r  design_1_i/processing_system7_0/inst/PS7_i/FCLKCLK[0]
                         net (fo=1, routed)           0.310     0.310    design_1_i/processing_system7_0/inst/FCLK_CLK_unbuffered[0]
    BUFGCTRL_X0Y16       BUFG (Prop_bufg_I_O)         0.026     0.336 r  design_1_i/processing_system7_0/inst/buffer_fclk_clk_0.FCLK_CLK_0_BUFG/O
                         net (fo=39223, routed)       0.672     1.008    design_1_i/hdmi/axi_dynclk_0/U0/Inst_mmcme2_drp/REF_CLK_I
    MMCME2_ADV_X1Y2      MMCME2_ADV (Prop_mmcme2_adv_CLKIN1_CLKOUT0)
                                                      0.050     1.058 r  design_1_i/hdmi/axi_dynclk_0/U0/Inst_mmcme2_drp/mmcm_adv_inst/CLKOUT0
                         net (fo=2, routed)           0.336     1.394    design_1_i/hdmi/axi_dynclk_0/U0/I
    BUFIO_X1Y9           BUFIO (Prop_bufio_I_O)       0.483     1.877 r  design_1_i/hdmi/axi_dynclk_0/U0/BUFIO_inst/O
                         net (fo=8, routed)           0.096     1.973    design_1_i/hdmi/rgb2dvi_0/U0/DataEncoders[0].DataSerializer/SerialClk
    OLOGIC_X1Y142        OSERDESE2                                    r  design_1_i/hdmi/rgb2dvi_0/U0/DataEncoders[0].DataSerializer/SerializerMaster/CLK
  -------------------------------------------------------------------    -------------------
    OLOGIC_X1Y142        OSERDESE2 (Prop_oserdese2_CLK_OQ)
                                                      0.177     2.150 r  design_1_i/hdmi/rgb2dvi_0/U0/DataEncoders[0].DataSerializer/SerializerMaster/OQ
                         net (fo=1, routed)           0.001     2.151    design_1_i/hdmi/rgb2dvi_0/U0/DataEncoders[0].DataSerializer/sDataOut
    D19                  OBUFDS (Prop_obufds_I_OB)    0.796     2.947 r  design_1_i/hdmi/rgb2dvi_0/U0/DataEncoders[0].DataSerializer/OutputBuffer/OB
                         net (fo=0)                   0.000     2.947    hdmi_out_0_data_n[0]
    D20                                                               r  hdmi_out_0_data_n[0] (OUT)
  -------------------------------------------------------------------    -------------------

Slack:                    inf
  Source:                 design_1_i/hdmi/rgb2dvi_0/U0/DataEncoders[2].DataSerializer/SerializerMaster/CLK
                            (rising edge-triggered cell OSERDESE2 clocked by I  {rise@0.000ns fall@1.000ns period=2.000ns})
  Destination:            hdmi_out_0_data_p[2]
                            (output port)
  Path Group:             (none)
  Path Type:              Min at Fast Process Corner
  Data Path Delay:        0.979ns  (logic 0.978ns (99.898%)  route 0.001ns (0.102%))
  Logic Levels:           1  (OBUFDS=1)
  Clock Uncertainty:      0.160ns  ((TSJ^2 + DJ^2)^1/2) / 2 + PE
    Total System Jitter     (TSJ):    0.050ns
    Discrete Jitter          (DJ):    0.112ns
    Phase Error              (PE):    0.099ns

    Location             Delay type                Incr(ns)  Path(ns)    Netlist Resource(s)
  -------------------------------------------------------------------    -------------------
                         (clock I rise edge)          0.000     0.000 r  
    PS7_X0Y0             PS7                          0.000     0.000 r  design_1_i/processing_system7_0/inst/PS7_i/FCLKCLK[0]
                         net (fo=1, routed)           0.310     0.310    design_1_i/processing_system7_0/inst/FCLK_CLK_unbuffered[0]
    BUFGCTRL_X0Y16       BUFG (Prop_bufg_I_O)         0.026     0.336 r  design_1_i/processing_system7_0/inst/buffer_fclk_clk_0.FCLK_CLK_0_BUFG/O
                         net (fo=39223, routed)       0.672     1.008    design_1_i/hdmi/axi_dynclk_0/U0/Inst_mmcme2_drp/REF_CLK_I
    MMCME2_ADV_X1Y2      MMCME2_ADV (Prop_mmcme2_adv_CLKIN1_CLKOUT0)
                                                      0.050     1.058 r  design_1_i/hdmi/axi_dynclk_0/U0/Inst_mmcme2_drp/mmcm_adv_inst/CLKOUT0
                         net (fo=2, routed)           0.336     1.394    design_1_i/hdmi/axi_dynclk_0/U0/I
    BUFIO_X1Y9           BUFIO (Prop_bufio_I_O)       0.483     1.877 r  design_1_i/hdmi/axi_dynclk_0/U0/BUFIO_inst/O
                         net (fo=8, routed)           0.097     1.974    design_1_i/hdmi/rgb2dvi_0/U0/DataEncoders[2].DataSerializer/SerialClk
    OLOGIC_X1Y146        OSERDESE2                                    r  design_1_i/hdmi/rgb2dvi_0/U0/DataEncoders[2].DataSerializer/SerializerMaster/CLK
  -------------------------------------------------------------------    -------------------
    OLOGIC_X1Y146        OSERDESE2 (Prop_oserdese2_CLK_OQ)
                                                      0.177     2.151 r  design_1_i/hdmi/rgb2dvi_0/U0/DataEncoders[2].DataSerializer/SerializerMaster/OQ
                         net (fo=1, routed)           0.001     2.152    design_1_i/hdmi/rgb2dvi_0/U0/DataEncoders[2].DataSerializer/sDataOut
    B19                  OBUFDS (Prop_obufds_I_O)     0.801     2.953 r  design_1_i/hdmi/rgb2dvi_0/U0/DataEncoders[2].DataSerializer/OutputBuffer/O
                         net (fo=0)                   0.000     2.953    hdmi_out_0_data_p[2]
    B19                                                               r  hdmi_out_0_data_p[2] (OUT)
  -------------------------------------------------------------------    -------------------

Slack:                    inf
  Source:                 design_1_i/hdmi/rgb2dvi_0/U0/DataEncoders[2].DataSerializer/SerializerMaster/CLK
                            (rising edge-triggered cell OSERDESE2 clocked by I  {rise@0.000ns fall@1.000ns period=2.000ns})
  Destination:            hdmi_out_0_data_n[2]
                            (output port)
  Path Group:             (none)
  Path Type:              Min at Fast Process Corner
  Data Path Delay:        0.980ns  (logic 0.979ns (99.898%)  route 0.001ns (0.102%))
  Logic Levels:           1  (OBUFDS=1)
  Clock Uncertainty:      0.160ns  ((TSJ^2 + DJ^2)^1/2) / 2 + PE
    Total System Jitter     (TSJ):    0.050ns
    Discrete Jitter          (DJ):    0.112ns
    Phase Error              (PE):    0.099ns

    Location             Delay type                Incr(ns)  Path(ns)    Netlist Resource(s)
  -------------------------------------------------------------------    -------------------
                         (clock I rise edge)          0.000     0.000 r  
    PS7_X0Y0             PS7                          0.000     0.000 r  design_1_i/processing_system7_0/inst/PS7_i/FCLKCLK[0]
                         net (fo=1, routed)           0.310     0.310    design_1_i/processing_system7_0/inst/FCLK_CLK_unbuffered[0]
    BUFGCTRL_X0Y16       BUFG (Prop_bufg_I_O)         0.026     0.336 r  design_1_i/processing_system7_0/inst/buffer_fclk_clk_0.FCLK_CLK_0_BUFG/O
                         net (fo=39223, routed)       0.672     1.008    design_1_i/hdmi/axi_dynclk_0/U0/Inst_mmcme2_drp/REF_CLK_I
    MMCME2_ADV_X1Y2      MMCME2_ADV (Prop_mmcme2_adv_CLKIN1_CLKOUT0)
                                                      0.050     1.058 r  design_1_i/hdmi/axi_dynclk_0/U0/Inst_mmcme2_drp/mmcm_adv_inst/CLKOUT0
                         net (fo=2, routed)           0.336     1.394    design_1_i/hdmi/axi_dynclk_0/U0/I
    BUFIO_X1Y9           BUFIO (Prop_bufio_I_O)       0.483     1.877 r  design_1_i/hdmi/axi_dynclk_0/U0/BUFIO_inst/O
                         net (fo=8, routed)           0.097     1.974    design_1_i/hdmi/rgb2dvi_0/U0/DataEncoders[2].DataSerializer/SerialClk
    OLOGIC_X1Y146        OSERDESE2                                    r  design_1_i/hdmi/rgb2dvi_0/U0/DataEncoders[2].DataSerializer/SerializerMaster/CLK
  -------------------------------------------------------------------    -------------------
    OLOGIC_X1Y146        OSERDESE2 (Prop_oserdese2_CLK_OQ)
                                                      0.177     2.151 r  design_1_i/hdmi/rgb2dvi_0/U0/DataEncoders[2].DataSerializer/SerializerMaster/OQ
                         net (fo=1, routed)           0.001     2.152    design_1_i/hdmi/rgb2dvi_0/U0/DataEncoders[2].DataSerializer/sDataOut
    B19                  OBUFDS (Prop_obufds_I_OB)    0.802     2.954 r  design_1_i/hdmi/rgb2dvi_0/U0/DataEncoders[2].DataSerializer/OutputBuffer/OB
                         net (fo=0)                   0.000     2.954    hdmi_out_0_data_n[2]
    A20                                                               r  hdmi_out_0_data_n[2] (OUT)
  -------------------------------------------------------------------    -------------------

Slack:                    inf
  Source:                 design_1_i/hdmi/rgb2dvi_0/U0/DataEncoders[1].DataSerializer/SerializerMaster/CLK
                            (rising edge-triggered cell OSERDESE2 clocked by I  {rise@0.000ns fall@1.000ns period=2.000ns})
  Destination:            hdmi_out_0_data_p[1]
                            (output port)
  Path Group:             (none)
  Path Type:              Min at Fast Process Corner
  Data Path Delay:        0.982ns  (logic 0.981ns (99.898%)  route 0.001ns (0.102%))
  Logic Levels:           1  (OBUFDS=1)
  Clock Uncertainty:      0.160ns  ((TSJ^2 + DJ^2)^1/2) / 2 + PE
    Total System Jitter     (TSJ):    0.050ns
    Discrete Jitter          (DJ):    0.112ns
    Phase Error              (PE):    0.099ns

    Location             Delay type                Incr(ns)  Path(ns)    Netlist Resource(s)
  -------------------------------------------------------------------    -------------------
                         (clock I rise edge)          0.000     0.000 r  
    PS7_X0Y0             PS7                          0.000     0.000 r  design_1_i/processing_system7_0/inst/PS7_i/FCLKCLK[0]
                         net (fo=1, routed)           0.310     0.310    design_1_i/processing_system7_0/inst/FCLK_CLK_unbuffered[0]
    BUFGCTRL_X0Y16       BUFG (Prop_bufg_I_O)         0.026     0.336 r  design_1_i/processing_system7_0/inst/buffer_fclk_clk_0.FCLK_CLK_0_BUFG/O
                         net (fo=39223, routed)       0.672     1.008    design_1_i/hdmi/axi_dynclk_0/U0/Inst_mmcme2_drp/REF_CLK_I
    MMCME2_ADV_X1Y2      MMCME2_ADV (Prop_mmcme2_adv_CLKIN1_CLKOUT0)
                                                      0.050     1.058 r  design_1_i/hdmi/axi_dynclk_0/U0/Inst_mmcme2_drp/mmcm_adv_inst/CLKOUT0
                         net (fo=2, routed)           0.336     1.394    design_1_i/hdmi/axi_dynclk_0/U0/I
    BUFIO_X1Y9           BUFIO (Prop_bufio_I_O)       0.483     1.877 r  design_1_i/hdmi/axi_dynclk_0/U0/BUFIO_inst/O
                         net (fo=8, routed)           0.098     1.975    design_1_i/hdmi/rgb2dvi_0/U0/DataEncoders[1].DataSerializer/SerialClk
    OLOGIC_X1Y148        OSERDESE2                                    r  design_1_i/hdmi/rgb2dvi_0/U0/DataEncoders[1].DataSerializer/SerializerMaster/CLK
  -------------------------------------------------------------------    -------------------
    OLOGIC_X1Y148        OSERDESE2 (Prop_oserdese2_CLK_OQ)
                                                      0.177     2.152 r  design_1_i/hdmi/rgb2dvi_0/U0/DataEncoders[1].DataSerializer/SerializerMaster/OQ
                         net (fo=1, routed)           0.001     2.153    design_1_i/hdmi/rgb2dvi_0/U0/DataEncoders[1].DataSerializer/sDataOut
    C20                  OBUFDS (Prop_obufds_I_O)     0.804     2.957 r  design_1_i/hdmi/rgb2dvi_0/U0/DataEncoders[1].DataSerializer/OutputBuffer/O
                         net (fo=0)                   0.000     2.957    hdmi_out_0_data_p[1]
    C20                                                               r  hdmi_out_0_data_p[1] (OUT)
  -------------------------------------------------------------------    -------------------

Slack:                    inf
  Source:                 design_1_i/hdmi/rgb2dvi_0/U0/DataEncoders[1].DataSerializer/SerializerMaster/CLK
                            (rising edge-triggered cell OSERDESE2 clocked by I  {rise@0.000ns fall@1.000ns period=2.000ns})
  Destination:            hdmi_out_0_data_n[1]
                            (output port)
  Path Group:             (none)
  Path Type:              Min at Fast Process Corner
  Data Path Delay:        0.983ns  (logic 0.982ns (99.898%)  route 0.001ns (0.102%))
  Logic Levels:           1  (OBUFDS=1)
  Clock Uncertainty:      0.160ns  ((TSJ^2 + DJ^2)^1/2) / 2 + PE
    Total System Jitter     (TSJ):    0.050ns
    Discrete Jitter          (DJ):    0.112ns
    Phase Error              (PE):    0.099ns

    Location             Delay type                Incr(ns)  Path(ns)    Netlist Resource(s)
  -------------------------------------------------------------------    -------------------
                         (clock I rise edge)          0.000     0.000 r  
    PS7_X0Y0             PS7                          0.000     0.000 r  design_1_i/processing_system7_0/inst/PS7_i/FCLKCLK[0]
                         net (fo=1, routed)           0.310     0.310    design_1_i/processing_system7_0/inst/FCLK_CLK_unbuffered[0]
    BUFGCTRL_X0Y16       BUFG (Prop_bufg_I_O)         0.026     0.336 r  design_1_i/processing_system7_0/inst/buffer_fclk_clk_0.FCLK_CLK_0_BUFG/O
                         net (fo=39223, routed)       0.672     1.008    design_1_i/hdmi/axi_dynclk_0/U0/Inst_mmcme2_drp/REF_CLK_I
    MMCME2_ADV_X1Y2      MMCME2_ADV (Prop_mmcme2_adv_CLKIN1_CLKOUT0)
                                                      0.050     1.058 r  design_1_i/hdmi/axi_dynclk_0/U0/Inst_mmcme2_drp/mmcm_adv_inst/CLKOUT0
                         net (fo=2, routed)           0.336     1.394    design_1_i/hdmi/axi_dynclk_0/U0/I
    BUFIO_X1Y9           BUFIO (Prop_bufio_I_O)       0.483     1.877 r  design_1_i/hdmi/axi_dynclk_0/U0/BUFIO_inst/O
                         net (fo=8, routed)           0.098     1.975    design_1_i/hdmi/rgb2dvi_0/U0/DataEncoders[1].DataSerializer/SerialClk
    OLOGIC_X1Y148        OSERDESE2                                    r  design_1_i/hdmi/rgb2dvi_0/U0/DataEncoders[1].DataSerializer/SerializerMaster/CLK
  -------------------------------------------------------------------    -------------------
    OLOGIC_X1Y148        OSERDESE2 (Prop_oserdese2_CLK_OQ)
                                                      0.177     2.152 r  design_1_i/hdmi/rgb2dvi_0/U0/DataEncoders[1].DataSerializer/SerializerMaster/OQ
                         net (fo=1, routed)           0.001     2.153    design_1_i/hdmi/rgb2dvi_0/U0/DataEncoders[1].DataSerializer/sDataOut
    C20                  OBUFDS (Prop_obufds_I_OB)    0.805     2.958 r  design_1_i/hdmi/rgb2dvi_0/U0/DataEncoders[1].DataSerializer/OutputBuffer/OB
                         net (fo=0)                   0.000     2.958    hdmi_out_0_data_n[1]
    B20                                                               r  hdmi_out_0_data_n[1] (OUT)
  -------------------------------------------------------------------    -------------------





--------------------------------------------------------------------------------------
Path Group:  (none)
From Clock:  mmcm_fbclk_out
  To Clock:  

Max Delay             1 Endpoint
Min Delay             1 Endpoint
--------------------------------------------------------------------------------------


Max Delay Paths
--------------------------------------------------------------------------------------
Slack:                    inf
  Source:                 design_1_i/hdmi/axi_dynclk_0/U0/Inst_mmcme2_drp/mmcm_adv_inst/CLKFBOUT
                            (clock source 'mmcm_fbclk_out'  {rise@0.000ns fall@5.000ns period=10.000ns})
  Destination:            design_1_i/hdmi/axi_dynclk_0/U0/Inst_mmcme2_drp/mmcm_adv_inst/CLKFBIN
  Path Group:             (none)
  Path Type:              Max at Slow Process Corner
  Data Path Delay:        0.014ns  (logic 0.000ns (0.000%)  route 0.014ns (99.997%))
  Logic Levels:           0  
  Clock Uncertainty:      0.156ns  ((TSJ^2 + DJ^2)^1/2) / 2 + PE
    Total System Jitter     (TSJ):    0.050ns
    Discrete Jitter          (DJ):    0.102ns
    Phase Error              (PE):    0.099ns

    Location             Delay type                Incr(ns)  Path(ns)    Netlist Resource(s)
  -------------------------------------------------------------------    -------------------
                         (clock mmcm_fbclk_out fall edge)
                                                      5.000     5.000 f  
    PS7_X0Y0             PS7                          0.000     5.000 f  design_1_i/processing_system7_0/inst/PS7_i/FCLKCLK[0]
                         net (fo=1, routed)           1.193     6.193    design_1_i/processing_system7_0/inst/FCLK_CLK_unbuffered[0]
    BUFGCTRL_X0Y16       BUFG (Prop_bufg_I_O)         0.101     6.294 f  design_1_i/processing_system7_0/inst/buffer_fclk_clk_0.FCLK_CLK_0_BUFG/O
                         net (fo=39223, routed)       1.980     8.274    design_1_i/hdmi/axi_dynclk_0/U0/Inst_mmcme2_drp/REF_CLK_I
  -------------------------------------------------------------------    -------------------
    MMCME2_ADV_X1Y2      MMCME2_ADV (Prop_mmcme2_adv_CLKIN1_CLKFBOUT)
                                                      0.088     8.362 f  design_1_i/hdmi/axi_dynclk_0/U0/Inst_mmcme2_drp/mmcm_adv_inst/CLKFBOUT
                         net (fo=1, routed)           0.014     8.376    design_1_i/hdmi/axi_dynclk_0/U0/Inst_mmcme2_drp/mmcm_fbclk_out
    MMCME2_ADV_X1Y2      MMCME2_ADV                                   f  design_1_i/hdmi/axi_dynclk_0/U0/Inst_mmcme2_drp/mmcm_adv_inst/CLKFBIN
  -------------------------------------------------------------------    -------------------





Min Delay Paths
--------------------------------------------------------------------------------------
Slack:                    inf
  Source:                 design_1_i/hdmi/axi_dynclk_0/U0/Inst_mmcme2_drp/mmcm_adv_inst/CLKFBOUT
                            (clock source 'mmcm_fbclk_out'  {rise@0.000ns fall@5.000ns period=10.000ns})
  Destination:            design_1_i/hdmi/axi_dynclk_0/U0/Inst_mmcme2_drp/mmcm_adv_inst/CLKFBIN
  Path Group:             (none)
  Path Type:              Min at Fast Process Corner
  Data Path Delay:        0.005ns  (logic 0.000ns (0.000%)  route 0.005ns (100.000%))
  Logic Levels:           0  
  Clock Uncertainty:      0.156ns  ((TSJ^2 + DJ^2)^1/2) / 2 + PE
    Total System Jitter     (TSJ):    0.050ns
    Discrete Jitter          (DJ):    0.102ns
    Phase Error              (PE):    0.099ns

    Location             Delay type                Incr(ns)  Path(ns)    Netlist Resource(s)
  -------------------------------------------------------------------    -------------------
                         (clock mmcm_fbclk_out rise edge)
                                                      0.000     0.000 r  
    PS7_X0Y0             PS7                          0.000     0.000 r  design_1_i/processing_system7_0/inst/PS7_i/FCLKCLK[0]
                         net (fo=1, routed)           0.310     0.310    design_1_i/processing_system7_0/inst/FCLK_CLK_unbuffered[0]
    BUFGCTRL_X0Y16       BUFG (Prop_bufg_I_O)         0.026     0.336 r  design_1_i/processing_system7_0/inst/buffer_fclk_clk_0.FCLK_CLK_0_BUFG/O
                         net (fo=39223, routed)       0.672     1.008    design_1_i/hdmi/axi_dynclk_0/U0/Inst_mmcme2_drp/REF_CLK_I
  -------------------------------------------------------------------    -------------------
    MMCME2_ADV_X1Y2      MMCME2_ADV (Prop_mmcme2_adv_CLKIN1_CLKFBOUT)
                                                      0.050     1.058 r  design_1_i/hdmi/axi_dynclk_0/U0/Inst_mmcme2_drp/mmcm_adv_inst/CLKFBOUT
                         net (fo=1, routed)           0.005     1.063    design_1_i/hdmi/axi_dynclk_0/U0/Inst_mmcme2_drp/mmcm_fbclk_out
    MMCME2_ADV_X1Y2      MMCME2_ADV                                   r  design_1_i/hdmi/axi_dynclk_0/U0/Inst_mmcme2_drp/mmcm_adv_inst/CLKFBIN
  -------------------------------------------------------------------    -------------------





--------------------------------------------------------------------------------------
Path Group:  (none)
From Clock:  
  To Clock:  clk_fpga_0

Max Delay             8 Endpoints
Min Delay             8 Endpoints
--------------------------------------------------------------------------------------


Max Delay Paths
--------------------------------------------------------------------------------------
Slack:                    inf
  Source:                 design_1_i/hdmi/axi_dynclk_0/U0/Inst_mmcme2_drp/mmcm_adv_inst/LOCKED
                            (internal pin)
  Destination:            design_1_i/hdmi/axi_dynclk_0/U0/FSM_onehot_clk_state_reg[0]/CE
                            (rising edge-triggered cell FDSE clocked by clk_fpga_0  {rise@0.000ns fall@5.000ns period=10.000ns})
  Path Group:             (none)
  Path Type:              Setup (Max at Slow Process Corner)
  Data Path Delay:        2.975ns  (logic 0.124ns (4.168%)  route 2.851ns (95.832%))
  Logic Levels:           1  (LUT4=1)
  Clock Uncertainty:      0.152ns  ((TSJ^2 + TIJ^2)^1/2 + DJ) / 2 + PE
    Total System Jitter     (TSJ):    0.050ns
    Total Input Jitter      (TIJ):    0.300ns
    Discrete Jitter          (DJ):    0.000ns
    Phase Error              (PE):    0.000ns

    Location             Delay type                Incr(ns)  Path(ns)    Netlist Resource(s)
  -------------------------------------------------------------------    -------------------
    MMCME2_ADV_X1Y2      MMCME2_ADV                   0.000     0.000 r  design_1_i/hdmi/axi_dynclk_0/U0/Inst_mmcme2_drp/mmcm_adv_inst/LOCKED
                         net (fo=6, routed)           2.091     2.091    design_1_i/hdmi/axi_dynclk_0/U0/axi_dynclk_S00_AXI_inst/LOCKED_O
    SLICE_X111Y128       LUT4 (Prop_lut4_I2_O)        0.124     2.215 r  design_1_i/hdmi/axi_dynclk_0/U0/axi_dynclk_S00_AXI_inst/FSM_onehot_clk_state[4]_i_1/O
                         net (fo=5, routed)           0.759     2.975    design_1_i/hdmi/axi_dynclk_0/U0/axi_dynclk_S00_AXI_inst_n_7
    SLICE_X111Y128       FDSE                                         r  design_1_i/hdmi/axi_dynclk_0/U0/FSM_onehot_clk_state_reg[0]/CE
  -------------------------------------------------------------------    -------------------

                         (clock clk_fpga_0 rise edge)
                                                      0.000     0.000 r  
    PS7_X0Y0             PS7                          0.000     0.000 r  design_1_i/processing_system7_0/inst/PS7_i/FCLKCLK[0]
                         net (fo=1, routed)           1.088     1.088    design_1_i/processing_system7_0/inst/FCLK_CLK_unbuffered[0]
    BUFGCTRL_X0Y16       BUFG (Prop_bufg_I_O)         0.091     1.179 r  design_1_i/processing_system7_0/inst/buffer_fclk_clk_0.FCLK_CLK_0_BUFG/O
                         net (fo=39223, routed)       1.848     3.027    design_1_i/hdmi/axi_dynclk_0/U0/s00_axi_aclk
    SLICE_X111Y128       FDSE                                         r  design_1_i/hdmi/axi_dynclk_0/U0/FSM_onehot_clk_state_reg[0]/C

Slack:                    inf
  Source:                 design_1_i/hdmi/axi_dynclk_0/U0/Inst_mmcme2_drp/mmcm_adv_inst/LOCKED
                            (internal pin)
  Destination:            design_1_i/hdmi/axi_dynclk_0/U0/FSM_onehot_clk_state_reg[1]/CE
                            (rising edge-triggered cell FDRE clocked by clk_fpga_0  {rise@0.000ns fall@5.000ns period=10.000ns})
  Path Group:             (none)
  Path Type:              Setup (Max at Slow Process Corner)
  Data Path Delay:        2.975ns  (logic 0.124ns (4.168%)  route 2.851ns (95.832%))
  Logic Levels:           1  (LUT4=1)
  Clock Uncertainty:      0.152ns  ((TSJ^2 + TIJ^2)^1/2 + DJ) / 2 + PE
    Total System Jitter     (TSJ):    0.050ns
    Total Input Jitter      (TIJ):    0.300ns
    Discrete Jitter          (DJ):    0.000ns
    Phase Error              (PE):    0.000ns

    Location             Delay type                Incr(ns)  Path(ns)    Netlist Resource(s)
  -------------------------------------------------------------------    -------------------
    MMCME2_ADV_X1Y2      MMCME2_ADV                   0.000     0.000 r  design_1_i/hdmi/axi_dynclk_0/U0/Inst_mmcme2_drp/mmcm_adv_inst/LOCKED
                         net (fo=6, routed)           2.091     2.091    design_1_i/hdmi/axi_dynclk_0/U0/axi_dynclk_S00_AXI_inst/LOCKED_O
    SLICE_X111Y128       LUT4 (Prop_lut4_I2_O)        0.124     2.215 r  design_1_i/hdmi/axi_dynclk_0/U0/axi_dynclk_S00_AXI_inst/FSM_onehot_clk_state[4]_i_1/O
                         net (fo=5, routed)           0.759     2.975    design_1_i/hdmi/axi_dynclk_0/U0/axi_dynclk_S00_AXI_inst_n_7
    SLICE_X111Y128       FDRE                                         r  design_1_i/hdmi/axi_dynclk_0/U0/FSM_onehot_clk_state_reg[1]/CE
  -------------------------------------------------------------------    -------------------

                         (clock clk_fpga_0 rise edge)
                                                      0.000     0.000 r  
    PS7_X0Y0             PS7                          0.000     0.000 r  design_1_i/processing_system7_0/inst/PS7_i/FCLKCLK[0]
                         net (fo=1, routed)           1.088     1.088    design_1_i/processing_system7_0/inst/FCLK_CLK_unbuffered[0]
    BUFGCTRL_X0Y16       BUFG (Prop_bufg_I_O)         0.091     1.179 r  design_1_i/processing_system7_0/inst/buffer_fclk_clk_0.FCLK_CLK_0_BUFG/O
                         net (fo=39223, routed)       1.848     3.027    design_1_i/hdmi/axi_dynclk_0/U0/s00_axi_aclk
    SLICE_X111Y128       FDRE                                         r  design_1_i/hdmi/axi_dynclk_0/U0/FSM_onehot_clk_state_reg[1]/C

Slack:                    inf
  Source:                 design_1_i/hdmi/axi_dynclk_0/U0/Inst_mmcme2_drp/mmcm_adv_inst/LOCKED
                            (internal pin)
  Destination:            design_1_i/hdmi/axi_dynclk_0/U0/FSM_onehot_clk_state_reg[2]/CE
                            (rising edge-triggered cell FDRE clocked by clk_fpga_0  {rise@0.000ns fall@5.000ns period=10.000ns})
  Path Group:             (none)
  Path Type:              Setup (Max at Slow Process Corner)
  Data Path Delay:        2.975ns  (logic 0.124ns (4.168%)  route 2.851ns (95.832%))
  Logic Levels:           1  (LUT4=1)
  Clock Uncertainty:      0.152ns  ((TSJ^2 + TIJ^2)^1/2 + DJ) / 2 + PE
    Total System Jitter     (TSJ):    0.050ns
    Total Input Jitter      (TIJ):    0.300ns
    Discrete Jitter          (DJ):    0.000ns
    Phase Error              (PE):    0.000ns

    Location             Delay type                Incr(ns)  Path(ns)    Netlist Resource(s)
  -------------------------------------------------------------------    -------------------
    MMCME2_ADV_X1Y2      MMCME2_ADV                   0.000     0.000 r  design_1_i/hdmi/axi_dynclk_0/U0/Inst_mmcme2_drp/mmcm_adv_inst/LOCKED
                         net (fo=6, routed)           2.091     2.091    design_1_i/hdmi/axi_dynclk_0/U0/axi_dynclk_S00_AXI_inst/LOCKED_O
    SLICE_X111Y128       LUT4 (Prop_lut4_I2_O)        0.124     2.215 r  design_1_i/hdmi/axi_dynclk_0/U0/axi_dynclk_S00_AXI_inst/FSM_onehot_clk_state[4]_i_1/O
                         net (fo=5, routed)           0.759     2.975    design_1_i/hdmi/axi_dynclk_0/U0/axi_dynclk_S00_AXI_inst_n_7
    SLICE_X111Y128       FDRE                                         r  design_1_i/hdmi/axi_dynclk_0/U0/FSM_onehot_clk_state_reg[2]/CE
  -------------------------------------------------------------------    -------------------

                         (clock clk_fpga_0 rise edge)
                                                      0.000     0.000 r  
    PS7_X0Y0             PS7                          0.000     0.000 r  design_1_i/processing_system7_0/inst/PS7_i/FCLKCLK[0]
                         net (fo=1, routed)           1.088     1.088    design_1_i/processing_system7_0/inst/FCLK_CLK_unbuffered[0]
    BUFGCTRL_X0Y16       BUFG (Prop_bufg_I_O)         0.091     1.179 r  design_1_i/processing_system7_0/inst/buffer_fclk_clk_0.FCLK_CLK_0_BUFG/O
                         net (fo=39223, routed)       1.848     3.027    design_1_i/hdmi/axi_dynclk_0/U0/s00_axi_aclk
    SLICE_X111Y128       FDRE                                         r  design_1_i/hdmi/axi_dynclk_0/U0/FSM_onehot_clk_state_reg[2]/C

Slack:                    inf
  Source:                 design_1_i/hdmi/axi_dynclk_0/U0/Inst_mmcme2_drp/mmcm_adv_inst/LOCKED
                            (internal pin)
  Destination:            design_1_i/hdmi/axi_dynclk_0/U0/FSM_onehot_clk_state_reg[3]/CE
                            (rising edge-triggered cell FDRE clocked by clk_fpga_0  {rise@0.000ns fall@5.000ns period=10.000ns})
  Path Group:             (none)
  Path Type:              Setup (Max at Slow Process Corner)
  Data Path Delay:        2.975ns  (logic 0.124ns (4.168%)  route 2.851ns (95.832%))
  Logic Levels:           1  (LUT4=1)
  Clock Uncertainty:      0.152ns  ((TSJ^2 + TIJ^2)^1/2 + DJ) / 2 + PE
    Total System Jitter     (TSJ):    0.050ns
    Total Input Jitter      (TIJ):    0.300ns
    Discrete Jitter          (DJ):    0.000ns
    Phase Error              (PE):    0.000ns

    Location             Delay type                Incr(ns)  Path(ns)    Netlist Resource(s)
  -------------------------------------------------------------------    -------------------
    MMCME2_ADV_X1Y2      MMCME2_ADV                   0.000     0.000 r  design_1_i/hdmi/axi_dynclk_0/U0/Inst_mmcme2_drp/mmcm_adv_inst/LOCKED
                         net (fo=6, routed)           2.091     2.091    design_1_i/hdmi/axi_dynclk_0/U0/axi_dynclk_S00_AXI_inst/LOCKED_O
    SLICE_X111Y128       LUT4 (Prop_lut4_I2_O)        0.124     2.215 r  design_1_i/hdmi/axi_dynclk_0/U0/axi_dynclk_S00_AXI_inst/FSM_onehot_clk_state[4]_i_1/O
                         net (fo=5, routed)           0.759     2.975    design_1_i/hdmi/axi_dynclk_0/U0/axi_dynclk_S00_AXI_inst_n_7
    SLICE_X111Y128       FDRE                                         r  design_1_i/hdmi/axi_dynclk_0/U0/FSM_onehot_clk_state_reg[3]/CE
  -------------------------------------------------------------------    -------------------

                         (clock clk_fpga_0 rise edge)
                                                      0.000     0.000 r  
    PS7_X0Y0             PS7                          0.000     0.000 r  design_1_i/processing_system7_0/inst/PS7_i/FCLKCLK[0]
                         net (fo=1, routed)           1.088     1.088    design_1_i/processing_system7_0/inst/FCLK_CLK_unbuffered[0]
    BUFGCTRL_X0Y16       BUFG (Prop_bufg_I_O)         0.091     1.179 r  design_1_i/processing_system7_0/inst/buffer_fclk_clk_0.FCLK_CLK_0_BUFG/O
                         net (fo=39223, routed)       1.848     3.027    design_1_i/hdmi/axi_dynclk_0/U0/s00_axi_aclk
    SLICE_X111Y128       FDRE                                         r  design_1_i/hdmi/axi_dynclk_0/U0/FSM_onehot_clk_state_reg[3]/C

Slack:                    inf
  Source:                 design_1_i/hdmi/axi_dynclk_0/U0/Inst_mmcme2_drp/mmcm_adv_inst/LOCKED
                            (internal pin)
  Destination:            design_1_i/hdmi/axi_dynclk_0/U0/FSM_onehot_clk_state_reg[4]/CE
                            (rising edge-triggered cell FDRE clocked by clk_fpga_0  {rise@0.000ns fall@5.000ns period=10.000ns})
  Path Group:             (none)
  Path Type:              Setup (Max at Slow Process Corner)
  Data Path Delay:        2.975ns  (logic 0.124ns (4.168%)  route 2.851ns (95.832%))
  Logic Levels:           1  (LUT4=1)
  Clock Uncertainty:      0.152ns  ((TSJ^2 + TIJ^2)^1/2 + DJ) / 2 + PE
    Total System Jitter     (TSJ):    0.050ns
    Total Input Jitter      (TIJ):    0.300ns
    Discrete Jitter          (DJ):    0.000ns
    Phase Error              (PE):    0.000ns

    Location             Delay type                Incr(ns)  Path(ns)    Netlist Resource(s)
  -------------------------------------------------------------------    -------------------
    MMCME2_ADV_X1Y2      MMCME2_ADV                   0.000     0.000 r  design_1_i/hdmi/axi_dynclk_0/U0/Inst_mmcme2_drp/mmcm_adv_inst/LOCKED
                         net (fo=6, routed)           2.091     2.091    design_1_i/hdmi/axi_dynclk_0/U0/axi_dynclk_S00_AXI_inst/LOCKED_O
    SLICE_X111Y128       LUT4 (Prop_lut4_I2_O)        0.124     2.215 r  design_1_i/hdmi/axi_dynclk_0/U0/axi_dynclk_S00_AXI_inst/FSM_onehot_clk_state[4]_i_1/O
                         net (fo=5, routed)           0.759     2.975    design_1_i/hdmi/axi_dynclk_0/U0/axi_dynclk_S00_AXI_inst_n_7
    SLICE_X111Y128       FDRE                                         r  design_1_i/hdmi/axi_dynclk_0/U0/FSM_onehot_clk_state_reg[4]/CE
  -------------------------------------------------------------------    -------------------

                         (clock clk_fpga_0 rise edge)
                                                      0.000     0.000 r  
    PS7_X0Y0             PS7                          0.000     0.000 r  design_1_i/processing_system7_0/inst/PS7_i/FCLKCLK[0]
                         net (fo=1, routed)           1.088     1.088    design_1_i/processing_system7_0/inst/FCLK_CLK_unbuffered[0]
    BUFGCTRL_X0Y16       BUFG (Prop_bufg_I_O)         0.091     1.179 r  design_1_i/processing_system7_0/inst/buffer_fclk_clk_0.FCLK_CLK_0_BUFG/O
                         net (fo=39223, routed)       1.848     3.027    design_1_i/hdmi/axi_dynclk_0/U0/s00_axi_aclk
    SLICE_X111Y128       FDRE                                         r  design_1_i/hdmi/axi_dynclk_0/U0/FSM_onehot_clk_state_reg[4]/C

Slack:                    inf
  Source:                 design_1_i/hdmi/axi_dynclk_0/U0/Inst_mmcme2_drp/mmcm_adv_inst/LOCKED
                            (internal pin)
  Destination:            design_1_i/hdmi/axi_dynclk_0/U0/Inst_mmcme2_drp/FSM_onehot_current_state_reg[2]/D
                            (rising edge-triggered cell FDRE clocked by clk_fpga_0  {rise@0.000ns fall@5.000ns period=10.000ns})
  Path Group:             (none)
  Path Type:              Setup (Max at Slow Process Corner)
  Data Path Delay:        1.715ns  (logic 0.124ns (7.228%)  route 1.591ns (92.772%))
  Logic Levels:           1  (LUT4=1)
  Clock Uncertainty:      0.152ns  ((TSJ^2 + TIJ^2)^1/2 + DJ) / 2 + PE
    Total System Jitter     (TSJ):    0.050ns
    Total Input Jitter      (TIJ):    0.300ns
    Discrete Jitter          (DJ):    0.000ns
    Phase Error              (PE):    0.000ns

    Location             Delay type                Incr(ns)  Path(ns)    Netlist Resource(s)
  -------------------------------------------------------------------    -------------------
    MMCME2_ADV_X1Y2      MMCME2_ADV                   0.000     0.000 r  design_1_i/hdmi/axi_dynclk_0/U0/Inst_mmcme2_drp/mmcm_adv_inst/LOCKED
                         net (fo=6, routed)           1.591     1.591    design_1_i/hdmi/axi_dynclk_0/U0/Inst_mmcme2_drp/mmcm_adv_inst_0
    SLICE_X111Y102       LUT4 (Prop_lut4_I3_O)        0.124     1.715 r  design_1_i/hdmi/axi_dynclk_0/U0/Inst_mmcme2_drp/FSM_onehot_current_state[2]_i_1/O
                         net (fo=1, routed)           0.000     1.715    design_1_i/hdmi/axi_dynclk_0/U0/Inst_mmcme2_drp/FSM_onehot_current_state[2]_i_1_n_0
    SLICE_X111Y102       FDRE                                         r  design_1_i/hdmi/axi_dynclk_0/U0/Inst_mmcme2_drp/FSM_onehot_current_state_reg[2]/D
  -------------------------------------------------------------------    -------------------

                         (clock clk_fpga_0 rise edge)
                                                      0.000     0.000 r  
    PS7_X0Y0             PS7                          0.000     0.000 r  design_1_i/processing_system7_0/inst/PS7_i/FCLKCLK[0]
                         net (fo=1, routed)           1.088     1.088    design_1_i/processing_system7_0/inst/FCLK_CLK_unbuffered[0]
    BUFGCTRL_X0Y16       BUFG (Prop_bufg_I_O)         0.091     1.179 r  design_1_i/processing_system7_0/inst/buffer_fclk_clk_0.FCLK_CLK_0_BUFG/O
                         net (fo=39223, routed)       1.861     3.040    design_1_i/hdmi/axi_dynclk_0/U0/Inst_mmcme2_drp/s00_axi_aclk
    SLICE_X111Y102       FDRE                                         r  design_1_i/hdmi/axi_dynclk_0/U0/Inst_mmcme2_drp/FSM_onehot_current_state_reg[2]/C

Slack:                    inf
  Source:                 design_1_i/hdmi/axi_dynclk_0/U0/Inst_mmcme2_drp/mmcm_adv_inst/LOCKED
                            (internal pin)
  Destination:            design_1_i/hdmi/axi_dynclk_0/U0/Inst_mmcme2_drp/SRDY_reg/D
                            (rising edge-triggered cell FDRE clocked by clk_fpga_0  {rise@0.000ns fall@5.000ns period=10.000ns})
  Path Group:             (none)
  Path Type:              Setup (Max at Slow Process Corner)
  Data Path Delay:        1.177ns  (logic 0.150ns (12.743%)  route 1.027ns (87.257%))
  Logic Levels:           1  (LUT2=1)
  Clock Uncertainty:      0.152ns  ((TSJ^2 + TIJ^2)^1/2 + DJ) / 2 + PE
    Total System Jitter     (TSJ):    0.050ns
    Total Input Jitter      (TIJ):    0.300ns
    Discrete Jitter          (DJ):    0.000ns
    Phase Error              (PE):    0.000ns

    Location             Delay type                Incr(ns)  Path(ns)    Netlist Resource(s)
  -------------------------------------------------------------------    -------------------
    MMCME2_ADV_X1Y2      MMCME2_ADV                   0.000     0.000 r  design_1_i/hdmi/axi_dynclk_0/U0/Inst_mmcme2_drp/mmcm_adv_inst/LOCKED
                         net (fo=6, routed)           1.027     1.027    design_1_i/hdmi/axi_dynclk_0/U0/Inst_mmcme2_drp/mmcm_adv_inst_0
    SLICE_X113Y102       LUT2 (Prop_lut2_I1_O)        0.150     1.177 r  design_1_i/hdmi/axi_dynclk_0/U0/Inst_mmcme2_drp/SRDY_i_1/O
                         net (fo=1, routed)           0.000     1.177    design_1_i/hdmi/axi_dynclk_0/U0/Inst_mmcme2_drp/next_srdy
    SLICE_X113Y102       FDRE                                         r  design_1_i/hdmi/axi_dynclk_0/U0/Inst_mmcme2_drp/SRDY_reg/D
  -------------------------------------------------------------------    -------------------

                         (clock clk_fpga_0 rise edge)
                                                      0.000     0.000 r  
    PS7_X0Y0             PS7                          0.000     0.000 r  design_1_i/processing_system7_0/inst/PS7_i/FCLKCLK[0]
                         net (fo=1, routed)           1.088     1.088    design_1_i/processing_system7_0/inst/FCLK_CLK_unbuffered[0]
    BUFGCTRL_X0Y16       BUFG (Prop_bufg_I_O)         0.091     1.179 r  design_1_i/processing_system7_0/inst/buffer_fclk_clk_0.FCLK_CLK_0_BUFG/O
                         net (fo=39223, routed)       1.861     3.040    design_1_i/hdmi/axi_dynclk_0/U0/Inst_mmcme2_drp/s00_axi_aclk
    SLICE_X113Y102       FDRE                                         r  design_1_i/hdmi/axi_dynclk_0/U0/Inst_mmcme2_drp/SRDY_reg/C

Slack:                    inf
  Source:                 design_1_i/hdmi/axi_dynclk_0/U0/Inst_mmcme2_drp/mmcm_adv_inst/LOCKED
                            (internal pin)
  Destination:            design_1_i/hdmi/axi_dynclk_0/U0/Inst_mmcme2_drp/FSM_onehot_current_state_reg[1]/D
                            (rising edge-triggered cell FDRE clocked by clk_fpga_0  {rise@0.000ns fall@5.000ns period=10.000ns})
  Path Group:             (none)
  Path Type:              Setup (Max at Slow Process Corner)
  Data Path Delay:        1.012ns  (logic 0.124ns (12.253%)  route 0.888ns (87.747%))
  Logic Levels:           1  (LUT4=1)
  Clock Uncertainty:      0.152ns  ((TSJ^2 + TIJ^2)^1/2 + DJ) / 2 + PE
    Total System Jitter     (TSJ):    0.050ns
    Total Input Jitter      (TIJ):    0.300ns
    Discrete Jitter          (DJ):    0.000ns
    Phase Error              (PE):    0.000ns

    Location             Delay type                Incr(ns)  Path(ns)    Netlist Resource(s)
  -------------------------------------------------------------------    -------------------
    MMCME2_ADV_X1Y2      MMCME2_ADV                   0.000     0.000 f  design_1_i/hdmi/axi_dynclk_0/U0/Inst_mmcme2_drp/mmcm_adv_inst/LOCKED
                         net (fo=6, routed)           0.888     0.888    design_1_i/hdmi/axi_dynclk_0/U0/Inst_mmcme2_drp/mmcm_adv_inst_0
    SLICE_X111Y102       LUT4 (Prop_lut4_I2_O)        0.124     1.012 r  design_1_i/hdmi/axi_dynclk_0/U0/Inst_mmcme2_drp/FSM_onehot_current_state[1]_i_1/O
                         net (fo=1, routed)           0.000     1.012    design_1_i/hdmi/axi_dynclk_0/U0/Inst_mmcme2_drp/FSM_onehot_current_state[1]_i_1_n_0
    SLICE_X111Y102       FDRE                                         r  design_1_i/hdmi/axi_dynclk_0/U0/Inst_mmcme2_drp/FSM_onehot_current_state_reg[1]/D
  -------------------------------------------------------------------    -------------------

                         (clock clk_fpga_0 rise edge)
                                                      0.000     0.000 r  
    PS7_X0Y0             PS7                          0.000     0.000 r  design_1_i/processing_system7_0/inst/PS7_i/FCLKCLK[0]
                         net (fo=1, routed)           1.088     1.088    design_1_i/processing_system7_0/inst/FCLK_CLK_unbuffered[0]
    BUFGCTRL_X0Y16       BUFG (Prop_bufg_I_O)         0.091     1.179 r  design_1_i/processing_system7_0/inst/buffer_fclk_clk_0.FCLK_CLK_0_BUFG/O
                         net (fo=39223, routed)       1.861     3.040    design_1_i/hdmi/axi_dynclk_0/U0/Inst_mmcme2_drp/s00_axi_aclk
    SLICE_X111Y102       FDRE                                         r  design_1_i/hdmi/axi_dynclk_0/U0/Inst_mmcme2_drp/FSM_onehot_current_state_reg[1]/C





Min Delay Paths
--------------------------------------------------------------------------------------
Slack:                    inf
  Source:                 design_1_i/hdmi/axi_dynclk_0/U0/Inst_mmcme2_drp/mmcm_adv_inst/LOCKED
                            (internal pin)
  Destination:            design_1_i/hdmi/axi_dynclk_0/U0/Inst_mmcme2_drp/FSM_onehot_current_state_reg[1]/D
                            (rising edge-triggered cell FDRE clocked by clk_fpga_0  {rise@0.000ns fall@5.000ns period=10.000ns})
  Path Group:             (none)
  Path Type:              Hold (Min at Fast Process Corner)
  Data Path Delay:        0.431ns  (logic 0.045ns (10.441%)  route 0.386ns (89.559%))
  Logic Levels:           1  (LUT4=1)
  Clock Uncertainty:      0.152ns  ((TSJ^2 + TIJ^2)^1/2 + DJ) / 2 + PE
    Total System Jitter     (TSJ):    0.050ns
    Total Input Jitter      (TIJ):    0.300ns
    Discrete Jitter          (DJ):    0.000ns
    Phase Error              (PE):    0.000ns

    Location             Delay type                Incr(ns)  Path(ns)    Netlist Resource(s)
  -------------------------------------------------------------------    -------------------
    MMCME2_ADV_X1Y2      MMCME2_ADV                   0.000     0.000 f  design_1_i/hdmi/axi_dynclk_0/U0/Inst_mmcme2_drp/mmcm_adv_inst/LOCKED
                         net (fo=6, routed)           0.386     0.386    design_1_i/hdmi/axi_dynclk_0/U0/Inst_mmcme2_drp/mmcm_adv_inst_0
    SLICE_X111Y102       LUT4 (Prop_lut4_I2_O)        0.045     0.431 r  design_1_i/hdmi/axi_dynclk_0/U0/Inst_mmcme2_drp/FSM_onehot_current_state[1]_i_1/O
                         net (fo=1, routed)           0.000     0.431    design_1_i/hdmi/axi_dynclk_0/U0/Inst_mmcme2_drp/FSM_onehot_current_state[1]_i_1_n_0
    SLICE_X111Y102       FDRE                                         r  design_1_i/hdmi/axi_dynclk_0/U0/Inst_mmcme2_drp/FSM_onehot_current_state_reg[1]/D
  -------------------------------------------------------------------    -------------------

                         (clock clk_fpga_0 rise edge)
                                                      0.000     0.000 r  
    PS7_X0Y0             PS7                          0.000     0.000 r  design_1_i/processing_system7_0/inst/PS7_i/FCLKCLK[0]
                         net (fo=1, routed)           0.337     0.337    design_1_i/processing_system7_0/inst/FCLK_CLK_unbuffered[0]
    BUFGCTRL_X0Y16       BUFG (Prop_bufg_I_O)         0.029     0.366 r  design_1_i/processing_system7_0/inst/buffer_fclk_clk_0.FCLK_CLK_0_BUFG/O
                         net (fo=39223, routed)       0.995     1.361    design_1_i/hdmi/axi_dynclk_0/U0/Inst_mmcme2_drp/s00_axi_aclk
    SLICE_X111Y102       FDRE                                         r  design_1_i/hdmi/axi_dynclk_0/U0/Inst_mmcme2_drp/FSM_onehot_current_state_reg[1]/C

Slack:                    inf
  Source:                 design_1_i/hdmi/axi_dynclk_0/U0/Inst_mmcme2_drp/mmcm_adv_inst/LOCKED
                            (internal pin)
  Destination:            design_1_i/hdmi/axi_dynclk_0/U0/Inst_mmcme2_drp/SRDY_reg/D
                            (rising edge-triggered cell FDRE clocked by clk_fpga_0  {rise@0.000ns fall@5.000ns period=10.000ns})
  Path Group:             (none)
  Path Type:              Hold (Min at Fast Process Corner)
  Data Path Delay:        0.463ns  (logic 0.045ns (9.717%)  route 0.418ns (90.283%))
  Logic Levels:           1  (LUT2=1)
  Clock Uncertainty:      0.152ns  ((TSJ^2 + TIJ^2)^1/2 + DJ) / 2 + PE
    Total System Jitter     (TSJ):    0.050ns
    Total Input Jitter      (TIJ):    0.300ns
    Discrete Jitter          (DJ):    0.000ns
    Phase Error              (PE):    0.000ns

    Location             Delay type                Incr(ns)  Path(ns)    Netlist Resource(s)
  -------------------------------------------------------------------    -------------------
    MMCME2_ADV_X1Y2      MMCME2_ADV                   0.000     0.000 r  design_1_i/hdmi/axi_dynclk_0/U0/Inst_mmcme2_drp/mmcm_adv_inst/LOCKED
                         net (fo=6, routed)           0.418     0.418    design_1_i/hdmi/axi_dynclk_0/U0/Inst_mmcme2_drp/mmcm_adv_inst_0
    SLICE_X113Y102       LUT2 (Prop_lut2_I1_O)        0.045     0.463 r  design_1_i/hdmi/axi_dynclk_0/U0/Inst_mmcme2_drp/SRDY_i_1/O
                         net (fo=1, routed)           0.000     0.463    design_1_i/hdmi/axi_dynclk_0/U0/Inst_mmcme2_drp/next_srdy
    SLICE_X113Y102       FDRE                                         r  design_1_i/hdmi/axi_dynclk_0/U0/Inst_mmcme2_drp/SRDY_reg/D
  -------------------------------------------------------------------    -------------------

                         (clock clk_fpga_0 rise edge)
                                                      0.000     0.000 r  
    PS7_X0Y0             PS7                          0.000     0.000 r  design_1_i/processing_system7_0/inst/PS7_i/FCLKCLK[0]
                         net (fo=1, routed)           0.337     0.337    design_1_i/processing_system7_0/inst/FCLK_CLK_unbuffered[0]
    BUFGCTRL_X0Y16       BUFG (Prop_bufg_I_O)         0.029     0.366 r  design_1_i/processing_system7_0/inst/buffer_fclk_clk_0.FCLK_CLK_0_BUFG/O
                         net (fo=39223, routed)       0.995     1.361    design_1_i/hdmi/axi_dynclk_0/U0/Inst_mmcme2_drp/s00_axi_aclk
    SLICE_X113Y102       FDRE                                         r  design_1_i/hdmi/axi_dynclk_0/U0/Inst_mmcme2_drp/SRDY_reg/C

Slack:                    inf
  Source:                 design_1_i/hdmi/axi_dynclk_0/U0/Inst_mmcme2_drp/mmcm_adv_inst/LOCKED
                            (internal pin)
  Destination:            design_1_i/hdmi/axi_dynclk_0/U0/Inst_mmcme2_drp/FSM_onehot_current_state_reg[2]/D
                            (rising edge-triggered cell FDRE clocked by clk_fpga_0  {rise@0.000ns fall@5.000ns period=10.000ns})
  Path Group:             (none)
  Path Type:              Hold (Min at Fast Process Corner)
  Data Path Delay:        0.662ns  (logic 0.045ns (6.793%)  route 0.617ns (93.207%))
  Logic Levels:           1  (LUT4=1)
  Clock Uncertainty:      0.152ns  ((TSJ^2 + TIJ^2)^1/2 + DJ) / 2 + PE
    Total System Jitter     (TSJ):    0.050ns
    Total Input Jitter      (TIJ):    0.300ns
    Discrete Jitter          (DJ):    0.000ns
    Phase Error              (PE):    0.000ns

    Location             Delay type                Incr(ns)  Path(ns)    Netlist Resource(s)
  -------------------------------------------------------------------    -------------------
    MMCME2_ADV_X1Y2      MMCME2_ADV                   0.000     0.000 r  design_1_i/hdmi/axi_dynclk_0/U0/Inst_mmcme2_drp/mmcm_adv_inst/LOCKED
                         net (fo=6, routed)           0.617     0.617    design_1_i/hdmi/axi_dynclk_0/U0/Inst_mmcme2_drp/mmcm_adv_inst_0
    SLICE_X111Y102       LUT4 (Prop_lut4_I3_O)        0.045     0.662 r  design_1_i/hdmi/axi_dynclk_0/U0/Inst_mmcme2_drp/FSM_onehot_current_state[2]_i_1/O
                         net (fo=1, routed)           0.000     0.662    design_1_i/hdmi/axi_dynclk_0/U0/Inst_mmcme2_drp/FSM_onehot_current_state[2]_i_1_n_0
    SLICE_X111Y102       FDRE                                         r  design_1_i/hdmi/axi_dynclk_0/U0/Inst_mmcme2_drp/FSM_onehot_current_state_reg[2]/D
  -------------------------------------------------------------------    -------------------

                         (clock clk_fpga_0 rise edge)
                                                      0.000     0.000 r  
    PS7_X0Y0             PS7                          0.000     0.000 r  design_1_i/processing_system7_0/inst/PS7_i/FCLKCLK[0]
                         net (fo=1, routed)           0.337     0.337    design_1_i/processing_system7_0/inst/FCLK_CLK_unbuffered[0]
    BUFGCTRL_X0Y16       BUFG (Prop_bufg_I_O)         0.029     0.366 r  design_1_i/processing_system7_0/inst/buffer_fclk_clk_0.FCLK_CLK_0_BUFG/O
                         net (fo=39223, routed)       0.995     1.361    design_1_i/hdmi/axi_dynclk_0/U0/Inst_mmcme2_drp/s00_axi_aclk
    SLICE_X111Y102       FDRE                                         r  design_1_i/hdmi/axi_dynclk_0/U0/Inst_mmcme2_drp/FSM_onehot_current_state_reg[2]/C

Slack:                    inf
  Source:                 design_1_i/hdmi/axi_dynclk_0/U0/Inst_mmcme2_drp/mmcm_adv_inst/LOCKED
                            (internal pin)
  Destination:            design_1_i/hdmi/axi_dynclk_0/U0/FSM_onehot_clk_state_reg[0]/CE
                            (rising edge-triggered cell FDSE clocked by clk_fpga_0  {rise@0.000ns fall@5.000ns period=10.000ns})
  Path Group:             (none)
  Path Type:              Hold (Min at Fast Process Corner)
  Data Path Delay:        1.244ns  (logic 0.045ns (3.618%)  route 1.199ns (96.382%))
  Logic Levels:           1  (LUT4=1)
  Clock Uncertainty:      0.152ns  ((TSJ^2 + TIJ^2)^1/2 + DJ) / 2 + PE
    Total System Jitter     (TSJ):    0.050ns
    Total Input Jitter      (TIJ):    0.300ns
    Discrete Jitter          (DJ):    0.000ns
    Phase Error              (PE):    0.000ns

    Location             Delay type                Incr(ns)  Path(ns)    Netlist Resource(s)
  -------------------------------------------------------------------    -------------------
    MMCME2_ADV_X1Y2      MMCME2_ADV                   0.000     0.000 r  design_1_i/hdmi/axi_dynclk_0/U0/Inst_mmcme2_drp/mmcm_adv_inst/LOCKED
                         net (fo=6, routed)           0.834     0.834    design_1_i/hdmi/axi_dynclk_0/U0/axi_dynclk_S00_AXI_inst/LOCKED_O
    SLICE_X111Y128       LUT4 (Prop_lut4_I2_O)        0.045     0.879 r  design_1_i/hdmi/axi_dynclk_0/U0/axi_dynclk_S00_AXI_inst/FSM_onehot_clk_state[4]_i_1/O
                         net (fo=5, routed)           0.364     1.244    design_1_i/hdmi/axi_dynclk_0/U0/axi_dynclk_S00_AXI_inst_n_7
    SLICE_X111Y128       FDSE                                         r  design_1_i/hdmi/axi_dynclk_0/U0/FSM_onehot_clk_state_reg[0]/CE
  -------------------------------------------------------------------    -------------------

                         (clock clk_fpga_0 rise edge)
                                                      0.000     0.000 r  
    PS7_X0Y0             PS7                          0.000     0.000 r  design_1_i/processing_system7_0/inst/PS7_i/FCLKCLK[0]
                         net (fo=1, routed)           0.337     0.337    design_1_i/processing_system7_0/inst/FCLK_CLK_unbuffered[0]
    BUFGCTRL_X0Y16       BUFG (Prop_bufg_I_O)         0.029     0.366 r  design_1_i/processing_system7_0/inst/buffer_fclk_clk_0.FCLK_CLK_0_BUFG/O
                         net (fo=39223, routed)       0.982     1.348    design_1_i/hdmi/axi_dynclk_0/U0/s00_axi_aclk
    SLICE_X111Y128       FDSE                                         r  design_1_i/hdmi/axi_dynclk_0/U0/FSM_onehot_clk_state_reg[0]/C

Slack:                    inf
  Source:                 design_1_i/hdmi/axi_dynclk_0/U0/Inst_mmcme2_drp/mmcm_adv_inst/LOCKED
                            (internal pin)
  Destination:            design_1_i/hdmi/axi_dynclk_0/U0/FSM_onehot_clk_state_reg[1]/CE
                            (rising edge-triggered cell FDRE clocked by clk_fpga_0  {rise@0.000ns fall@5.000ns period=10.000ns})
  Path Group:             (none)
  Path Type:              Hold (Min at Fast Process Corner)
  Data Path Delay:        1.244ns  (logic 0.045ns (3.618%)  route 1.199ns (96.382%))
  Logic Levels:           1  (LUT4=1)
  Clock Uncertainty:      0.152ns  ((TSJ^2 + TIJ^2)^1/2 + DJ) / 2 + PE
    Total System Jitter     (TSJ):    0.050ns
    Total Input Jitter      (TIJ):    0.300ns
    Discrete Jitter          (DJ):    0.000ns
    Phase Error              (PE):    0.000ns

    Location             Delay type                Incr(ns)  Path(ns)    Netlist Resource(s)
  -------------------------------------------------------------------    -------------------
    MMCME2_ADV_X1Y2      MMCME2_ADV                   0.000     0.000 r  design_1_i/hdmi/axi_dynclk_0/U0/Inst_mmcme2_drp/mmcm_adv_inst/LOCKED
                         net (fo=6, routed)           0.834     0.834    design_1_i/hdmi/axi_dynclk_0/U0/axi_dynclk_S00_AXI_inst/LOCKED_O
    SLICE_X111Y128       LUT4 (Prop_lut4_I2_O)        0.045     0.879 r  design_1_i/hdmi/axi_dynclk_0/U0/axi_dynclk_S00_AXI_inst/FSM_onehot_clk_state[4]_i_1/O
                         net (fo=5, routed)           0.364     1.244    design_1_i/hdmi/axi_dynclk_0/U0/axi_dynclk_S00_AXI_inst_n_7
    SLICE_X111Y128       FDRE                                         r  design_1_i/hdmi/axi_dynclk_0/U0/FSM_onehot_clk_state_reg[1]/CE
  -------------------------------------------------------------------    -------------------

                         (clock clk_fpga_0 rise edge)
                                                      0.000     0.000 r  
    PS7_X0Y0             PS7                          0.000     0.000 r  design_1_i/processing_system7_0/inst/PS7_i/FCLKCLK[0]
                         net (fo=1, routed)           0.337     0.337    design_1_i/processing_system7_0/inst/FCLK_CLK_unbuffered[0]
    BUFGCTRL_X0Y16       BUFG (Prop_bufg_I_O)         0.029     0.366 r  design_1_i/processing_system7_0/inst/buffer_fclk_clk_0.FCLK_CLK_0_BUFG/O
                         net (fo=39223, routed)       0.982     1.348    design_1_i/hdmi/axi_dynclk_0/U0/s00_axi_aclk
    SLICE_X111Y128       FDRE                                         r  design_1_i/hdmi/axi_dynclk_0/U0/FSM_onehot_clk_state_reg[1]/C

Slack:                    inf
  Source:                 design_1_i/hdmi/axi_dynclk_0/U0/Inst_mmcme2_drp/mmcm_adv_inst/LOCKED
                            (internal pin)
  Destination:            design_1_i/hdmi/axi_dynclk_0/U0/FSM_onehot_clk_state_reg[2]/CE
                            (rising edge-triggered cell FDRE clocked by clk_fpga_0  {rise@0.000ns fall@5.000ns period=10.000ns})
  Path Group:             (none)
  Path Type:              Hold (Min at Fast Process Corner)
  Data Path Delay:        1.244ns  (logic 0.045ns (3.618%)  route 1.199ns (96.382%))
  Logic Levels:           1  (LUT4=1)
  Clock Uncertainty:      0.152ns  ((TSJ^2 + TIJ^2)^1/2 + DJ) / 2 + PE
    Total System Jitter     (TSJ):    0.050ns
    Total Input Jitter      (TIJ):    0.300ns
    Discrete Jitter          (DJ):    0.000ns
    Phase Error              (PE):    0.000ns

    Location             Delay type                Incr(ns)  Path(ns)    Netlist Resource(s)
  -------------------------------------------------------------------    -------------------
    MMCME2_ADV_X1Y2      MMCME2_ADV                   0.000     0.000 r  design_1_i/hdmi/axi_dynclk_0/U0/Inst_mmcme2_drp/mmcm_adv_inst/LOCKED
                         net (fo=6, routed)           0.834     0.834    design_1_i/hdmi/axi_dynclk_0/U0/axi_dynclk_S00_AXI_inst/LOCKED_O
    SLICE_X111Y128       LUT4 (Prop_lut4_I2_O)        0.045     0.879 r  design_1_i/hdmi/axi_dynclk_0/U0/axi_dynclk_S00_AXI_inst/FSM_onehot_clk_state[4]_i_1/O
                         net (fo=5, routed)           0.364     1.244    design_1_i/hdmi/axi_dynclk_0/U0/axi_dynclk_S00_AXI_inst_n_7
    SLICE_X111Y128       FDRE                                         r  design_1_i/hdmi/axi_dynclk_0/U0/FSM_onehot_clk_state_reg[2]/CE
  -------------------------------------------------------------------    -------------------

                         (clock clk_fpga_0 rise edge)
                                                      0.000     0.000 r  
    PS7_X0Y0             PS7                          0.000     0.000 r  design_1_i/processing_system7_0/inst/PS7_i/FCLKCLK[0]
                         net (fo=1, routed)           0.337     0.337    design_1_i/processing_system7_0/inst/FCLK_CLK_unbuffered[0]
    BUFGCTRL_X0Y16       BUFG (Prop_bufg_I_O)         0.029     0.366 r  design_1_i/processing_system7_0/inst/buffer_fclk_clk_0.FCLK_CLK_0_BUFG/O
                         net (fo=39223, routed)       0.982     1.348    design_1_i/hdmi/axi_dynclk_0/U0/s00_axi_aclk
    SLICE_X111Y128       FDRE                                         r  design_1_i/hdmi/axi_dynclk_0/U0/FSM_onehot_clk_state_reg[2]/C

Slack:                    inf
  Source:                 design_1_i/hdmi/axi_dynclk_0/U0/Inst_mmcme2_drp/mmcm_adv_inst/LOCKED
                            (internal pin)
  Destination:            design_1_i/hdmi/axi_dynclk_0/U0/FSM_onehot_clk_state_reg[3]/CE
                            (rising edge-triggered cell FDRE clocked by clk_fpga_0  {rise@0.000ns fall@5.000ns period=10.000ns})
  Path Group:             (none)
  Path Type:              Hold (Min at Fast Process Corner)
  Data Path Delay:        1.244ns  (logic 0.045ns (3.618%)  route 1.199ns (96.382%))
  Logic Levels:           1  (LUT4=1)
  Clock Uncertainty:      0.152ns  ((TSJ^2 + TIJ^2)^1/2 + DJ) / 2 + PE
    Total System Jitter     (TSJ):    0.050ns
    Total Input Jitter      (TIJ):    0.300ns
    Discrete Jitter          (DJ):    0.000ns
    Phase Error              (PE):    0.000ns

    Location             Delay type                Incr(ns)  Path(ns)    Netlist Resource(s)
  -------------------------------------------------------------------    -------------------
    MMCME2_ADV_X1Y2      MMCME2_ADV                   0.000     0.000 r  design_1_i/hdmi/axi_dynclk_0/U0/Inst_mmcme2_drp/mmcm_adv_inst/LOCKED
                         net (fo=6, routed)           0.834     0.834    design_1_i/hdmi/axi_dynclk_0/U0/axi_dynclk_S00_AXI_inst/LOCKED_O
    SLICE_X111Y128       LUT4 (Prop_lut4_I2_O)        0.045     0.879 r  design_1_i/hdmi/axi_dynclk_0/U0/axi_dynclk_S00_AXI_inst/FSM_onehot_clk_state[4]_i_1/O
                         net (fo=5, routed)           0.364     1.244    design_1_i/hdmi/axi_dynclk_0/U0/axi_dynclk_S00_AXI_inst_n_7
    SLICE_X111Y128       FDRE                                         r  design_1_i/hdmi/axi_dynclk_0/U0/FSM_onehot_clk_state_reg[3]/CE
  -------------------------------------------------------------------    -------------------

                         (clock clk_fpga_0 rise edge)
                                                      0.000     0.000 r  
    PS7_X0Y0             PS7                          0.000     0.000 r  design_1_i/processing_system7_0/inst/PS7_i/FCLKCLK[0]
                         net (fo=1, routed)           0.337     0.337    design_1_i/processing_system7_0/inst/FCLK_CLK_unbuffered[0]
    BUFGCTRL_X0Y16       BUFG (Prop_bufg_I_O)         0.029     0.366 r  design_1_i/processing_system7_0/inst/buffer_fclk_clk_0.FCLK_CLK_0_BUFG/O
                         net (fo=39223, routed)       0.982     1.348    design_1_i/hdmi/axi_dynclk_0/U0/s00_axi_aclk
    SLICE_X111Y128       FDRE                                         r  design_1_i/hdmi/axi_dynclk_0/U0/FSM_onehot_clk_state_reg[3]/C

Slack:                    inf
  Source:                 design_1_i/hdmi/axi_dynclk_0/U0/Inst_mmcme2_drp/mmcm_adv_inst/LOCKED
                            (internal pin)
  Destination:            design_1_i/hdmi/axi_dynclk_0/U0/FSM_onehot_clk_state_reg[4]/CE
                            (rising edge-triggered cell FDRE clocked by clk_fpga_0  {rise@0.000ns fall@5.000ns period=10.000ns})
  Path Group:             (none)
  Path Type:              Hold (Min at Fast Process Corner)
  Data Path Delay:        1.244ns  (logic 0.045ns (3.618%)  route 1.199ns (96.382%))
  Logic Levels:           1  (LUT4=1)
  Clock Uncertainty:      0.152ns  ((TSJ^2 + TIJ^2)^1/2 + DJ) / 2 + PE
    Total System Jitter     (TSJ):    0.050ns
    Total Input Jitter      (TIJ):    0.300ns
    Discrete Jitter          (DJ):    0.000ns
    Phase Error              (PE):    0.000ns

    Location             Delay type                Incr(ns)  Path(ns)    Netlist Resource(s)
  -------------------------------------------------------------------    -------------------
    MMCME2_ADV_X1Y2      MMCME2_ADV                   0.000     0.000 r  design_1_i/hdmi/axi_dynclk_0/U0/Inst_mmcme2_drp/mmcm_adv_inst/LOCKED
                         net (fo=6, routed)           0.834     0.834    design_1_i/hdmi/axi_dynclk_0/U0/axi_dynclk_S00_AXI_inst/LOCKED_O
    SLICE_X111Y128       LUT4 (Prop_lut4_I2_O)        0.045     0.879 r  design_1_i/hdmi/axi_dynclk_0/U0/axi_dynclk_S00_AXI_inst/FSM_onehot_clk_state[4]_i_1/O
                         net (fo=5, routed)           0.364     1.244    design_1_i/hdmi/axi_dynclk_0/U0/axi_dynclk_S00_AXI_inst_n_7
    SLICE_X111Y128       FDRE                                         r  design_1_i/hdmi/axi_dynclk_0/U0/FSM_onehot_clk_state_reg[4]/CE
  -------------------------------------------------------------------    -------------------

                         (clock clk_fpga_0 rise edge)
                                                      0.000     0.000 r  
    PS7_X0Y0             PS7                          0.000     0.000 r  design_1_i/processing_system7_0/inst/PS7_i/FCLKCLK[0]
                         net (fo=1, routed)           0.337     0.337    design_1_i/processing_system7_0/inst/FCLK_CLK_unbuffered[0]
    BUFGCTRL_X0Y16       BUFG (Prop_bufg_I_O)         0.029     0.366 r  design_1_i/processing_system7_0/inst/buffer_fclk_clk_0.FCLK_CLK_0_BUFG/O
                         net (fo=39223, routed)       0.982     1.348    design_1_i/hdmi/axi_dynclk_0/U0/s00_axi_aclk
    SLICE_X111Y128       FDRE                                         r  design_1_i/hdmi/axi_dynclk_0/U0/FSM_onehot_clk_state_reg[4]/C





