
*** Running vivado
    with args -log design_1_axi_smc_1.vds -m64 -product Vivado -mode batch -messageDb vivado.pb -notrace -source design_1_axi_smc_1.tcl



****** Vivado v2024.1 (64-bit)
  **** SW Build 5076996 on Wed May 22 18:37:14 MDT 2024
  **** IP Build 5075265 on Wed May 22 21:45:21 MDT 2024
  **** SharedData Build 5076995 on Wed May 22 18:29:18 MDT 2024
  **** Start of session at: Wed Apr  1 19:40:22 2026
    ** Copyright 1986-2022 Xilinx, Inc. All Rights Reserved.
    ** Copyright 2022-2024 Advanced Micro Devices, Inc. All Rights Reserved.

source design_1_axi_smc_1.tcl -notrace
create_project: Time (s): cpu = 00:00:12 ; elapsed = 00:00:15 . Memory (MB): peak = 514.770 ; gain = 200.594
INFO: [IP_Flow 19-234] Refreshing IP repositories
INFO: [IP_Flow 19-1700] Loaded user IP repository 'd:/licenta_16_layer_conv_copie/zybo-z7-hdmi-master'.
INFO: [IP_Flow 19-2313] Loaded Vivado IP repository 'D:/Vivado/2024.1/data/ip'.
INFO: [IP_Flow 19-6924] IPCACHE: Running cache check for IP inst: design_1_axi_smc_1
Command: synth_design -top design_1_axi_smc_1 -part xc7z020clg400-1 -incremental_mode off -mode out_of_context
Starting synth_design
Attempting to get a license for feature 'Synthesis' and/or device 'xc7z020'
INFO: [Common 17-349] Got license for feature 'Synthesis' and/or device 'xc7z020'
INFO: [Device 21-403] Loading part xc7z020clg400-1
INFO: [Device 21-9227] Part: xc7z020clg400-1 does not have CEAM library.
INFO: [Synth 8-7079] Multithreading enabled for synth_design using a maximum of 2 processes.
INFO: [Synth 8-7078] Launching helper process for spawning children vivado processes
INFO: [Synth 8-7075] Helper process launched with PID 25740
---------------------------------------------------------------------------------
Starting RTL Elaboration : Time (s): cpu = 00:00:11 ; elapsed = 00:00:12 . Memory (MB): peak = 1439.277 ; gain = 449.254
---------------------------------------------------------------------------------
INFO: [Synth 8-6157] synthesizing module 'design_1_axi_smc_1' [d:/licenta_16_layer_conv_copie/licenta_16_layer_conv.gen/sources_1/bd/design_1/ip/design_1_axi_smc_1/synth/design_1_axi_smc_1.v:53]
INFO: [Synth 8-6157] synthesizing module 'bd_6f02' [d:/licenta_16_layer_conv_copie/licenta_16_layer_conv.gen/sources_1/bd/design_1/ip/design_1_axi_smc_1/bd_0/synth/bd_6f02.v:10]
INFO: [Synth 8-6157] synthesizing module 'clk_map_imp_19UC7HI' [d:/licenta_16_layer_conv_copie/licenta_16_layer_conv.gen/sources_1/bd/design_1/ip/design_1_axi_smc_1/bd_0/synth/bd_6f02.v:3190]
INFO: [Synth 8-6157] synthesizing module 'bd_6f02_one_0' [d:/licenta_16_layer_conv_copie/licenta_16_layer_conv.gen/sources_1/bd/design_1/ip/design_1_axi_smc_1/bd_0/ip/ip_0/synth/bd_6f02_one_0.v:53]
INFO: [Synth 8-6157] synthesizing module 'xlconstant_v1_1_9_xlconstant' [d:/licenta_16_layer_conv_copie/licenta_16_layer_conv.gen/sources_1/bd/design_1/ipshared/e2d2/hdl/xlconstant_v1_1_vl_rfs.v:68]
INFO: [Synth 8-6155] done synthesizing module 'xlconstant_v1_1_9_xlconstant' (0#1) [d:/licenta_16_layer_conv_copie/licenta_16_layer_conv.gen/sources_1/bd/design_1/ipshared/e2d2/hdl/xlconstant_v1_1_vl_rfs.v:68]
INFO: [Synth 8-6155] done synthesizing module 'bd_6f02_one_0' (0#1) [d:/licenta_16_layer_conv_copie/licenta_16_layer_conv.gen/sources_1/bd/design_1/ip/design_1_axi_smc_1/bd_0/ip/ip_0/synth/bd_6f02_one_0.v:53]
INFO: [Synth 8-638] synthesizing module 'bd_6f02_psr0_0' [d:/licenta_16_layer_conv_copie/licenta_16_layer_conv.gen/sources_1/bd/design_1/ip/design_1_axi_smc_1/bd_0/ip/ip_1/synth/bd_6f02_psr0_0.vhd:74]
	Parameter C_FAMILY bound to: zynq - type: string 
	Parameter C_EXT_RST_WIDTH bound to: 4 - type: integer 
	Parameter C_AUX_RST_WIDTH bound to: 1 - type: integer 
	Parameter C_EXT_RESET_HIGH bound to: 1'b0 
	Parameter C_AUX_RESET_HIGH bound to: 1'b0 
	Parameter C_NUM_BUS_RST bound to: 1 - type: integer 
	Parameter C_NUM_PERP_RST bound to: 1 - type: integer 
	Parameter C_NUM_INTERCONNECT_ARESETN bound to: 1 - type: integer 
	Parameter C_NUM_PERP_ARESETN bound to: 1 - type: integer 
INFO: [Synth 8-3491] module 'proc_sys_reset' declared at 'd:/licenta_16_layer_conv_copie/licenta_16_layer_conv.gen/sources_1/bd/design_1/ipshared/3a26/hdl/proc_sys_reset_v5_0_vh_rfs.vhd:1271' bound to instance 'U0' of component 'proc_sys_reset' [d:/licenta_16_layer_conv_copie/licenta_16_layer_conv.gen/sources_1/bd/design_1/ip/design_1_axi_smc_1/bd_0/ip/ip_1/synth/bd_6f02_psr0_0.vhd:129]
INFO: [Synth 8-638] synthesizing module 'proc_sys_reset' [d:/licenta_16_layer_conv_copie/licenta_16_layer_conv.gen/sources_1/bd/design_1/ipshared/3a26/hdl/proc_sys_reset_v5_0_vh_rfs.vhd:1330]
	Parameter INIT bound to: 1'b1 
INFO: [Synth 8-113] binding component instance 'FDRE_inst' to cell 'FDRE' [d:/licenta_16_layer_conv_copie/licenta_16_layer_conv.gen/sources_1/bd/design_1/ipshared/3a26/hdl/proc_sys_reset_v5_0_vh_rfs.vhd:1399]
	Parameter INIT bound to: 1'b1 
INFO: [Synth 8-113] binding component instance 'FDRE_BSR' to cell 'FDRE' [d:/licenta_16_layer_conv_copie/licenta_16_layer_conv.gen/sources_1/bd/design_1/ipshared/3a26/hdl/proc_sys_reset_v5_0_vh_rfs.vhd:1415]
	Parameter INIT bound to: 1'b0 
INFO: [Synth 8-113] binding component instance 'FDRE_BSR_N' to cell 'FDRE' [d:/licenta_16_layer_conv_copie/licenta_16_layer_conv.gen/sources_1/bd/design_1/ipshared/3a26/hdl/proc_sys_reset_v5_0_vh_rfs.vhd:1441]
	Parameter INIT bound to: 1'b1 
INFO: [Synth 8-113] binding component instance 'FDRE_PER' to cell 'FDRE' [d:/licenta_16_layer_conv_copie/licenta_16_layer_conv.gen/sources_1/bd/design_1/ipshared/3a26/hdl/proc_sys_reset_v5_0_vh_rfs.vhd:1464]
	Parameter INIT bound to: 1'b0 
INFO: [Synth 8-113] binding component instance 'FDRE_PER_N' to cell 'FDRE' [d:/licenta_16_layer_conv_copie/licenta_16_layer_conv.gen/sources_1/bd/design_1/ipshared/3a26/hdl/proc_sys_reset_v5_0_vh_rfs.vhd:1488]
INFO: [Synth 8-638] synthesizing module 'lpf' [d:/licenta_16_layer_conv_copie/licenta_16_layer_conv.gen/sources_1/bd/design_1/ipshared/3a26/hdl/proc_sys_reset_v5_0_vh_rfs.vhd:821]
INFO: [Synth 8-3491] module 'SRL16' declared at 'D:/Vivado/2024.1/scripts/rt/data/unisim_comp.v:137246' bound to instance 'POR_SRL_I' of component 'SRL16' [d:/licenta_16_layer_conv_copie/licenta_16_layer_conv.gen/sources_1/bd/design_1/ipshared/3a26/hdl/proc_sys_reset_v5_0_vh_rfs.vhd:873]
INFO: [Synth 8-6157] synthesizing module 'SRL16' [D:/Vivado/2024.1/scripts/rt/data/unisim_comp.v:137246]
INFO: [Synth 8-6155] done synthesizing module 'SRL16' (0#1) [D:/Vivado/2024.1/scripts/rt/data/unisim_comp.v:137246]
INFO: [Synth 8-638] synthesizing module 'cdc_sync' [d:/licenta_16_layer_conv_copie/licenta_16_layer_conv.gen/sources_1/bd/design_1/ipshared/2a4f/hdl/lib_cdc_v1_0_rfs.vhd:106]
	Parameter INIT bound to: 1'b0 
INFO: [Synth 8-113] binding component instance 'CROSS_PLEVEL_IN2SCNDRY_IN_cdc_to' to cell 'FDR' [d:/licenta_16_layer_conv_copie/licenta_16_layer_conv.gen/sources_1/bd/design_1/ipshared/2a4f/hdl/lib_cdc_v1_0_rfs.vhd:514]
	Parameter INIT bound to: 1'b0 
INFO: [Synth 8-113] binding component instance 'CROSS_PLEVEL_IN2SCNDRY_s_level_out_d2' to cell 'FDR' [d:/licenta_16_layer_conv_copie/licenta_16_layer_conv.gen/sources_1/bd/design_1/ipshared/2a4f/hdl/lib_cdc_v1_0_rfs.vhd:545]
	Parameter INIT bound to: 1'b0 
INFO: [Synth 8-113] binding component instance 'CROSS_PLEVEL_IN2SCNDRY_s_level_out_d3' to cell 'FDR' [d:/licenta_16_layer_conv_copie/licenta_16_layer_conv.gen/sources_1/bd/design_1/ipshared/2a4f/hdl/lib_cdc_v1_0_rfs.vhd:554]
	Parameter INIT bound to: 1'b0 
INFO: [Synth 8-113] binding component instance 'CROSS_PLEVEL_IN2SCNDRY_s_level_out_d4' to cell 'FDR' [d:/licenta_16_layer_conv_copie/licenta_16_layer_conv.gen/sources_1/bd/design_1/ipshared/2a4f/hdl/lib_cdc_v1_0_rfs.vhd:564]
	Parameter INIT bound to: 1'b0 
INFO: [Synth 8-113] binding component instance 'CROSS_PLEVEL_IN2SCNDRY_s_level_out_d5' to cell 'FDR' [d:/licenta_16_layer_conv_copie/licenta_16_layer_conv.gen/sources_1/bd/design_1/ipshared/2a4f/hdl/lib_cdc_v1_0_rfs.vhd:574]
	Parameter INIT bound to: 1'b0 
INFO: [Synth 8-113] binding component instance 'CROSS_PLEVEL_IN2SCNDRY_s_level_out_d6' to cell 'FDR' [d:/licenta_16_layer_conv_copie/licenta_16_layer_conv.gen/sources_1/bd/design_1/ipshared/2a4f/hdl/lib_cdc_v1_0_rfs.vhd:584]
INFO: [Synth 8-256] done synthesizing module 'cdc_sync' (0#1) [d:/licenta_16_layer_conv_copie/licenta_16_layer_conv.gen/sources_1/bd/design_1/ipshared/2a4f/hdl/lib_cdc_v1_0_rfs.vhd:106]
INFO: [Synth 8-256] done synthesizing module 'lpf' (0#1) [d:/licenta_16_layer_conv_copie/licenta_16_layer_conv.gen/sources_1/bd/design_1/ipshared/3a26/hdl/proc_sys_reset_v5_0_vh_rfs.vhd:821]
INFO: [Synth 8-638] synthesizing module 'sequence_psr' [d:/licenta_16_layer_conv_copie/licenta_16_layer_conv.gen/sources_1/bd/design_1/ipshared/3a26/hdl/proc_sys_reset_v5_0_vh_rfs.vhd:304]
INFO: [Synth 8-638] synthesizing module 'upcnt_n' [d:/licenta_16_layer_conv_copie/licenta_16_layer_conv.gen/sources_1/bd/design_1/ipshared/3a26/hdl/proc_sys_reset_v5_0_vh_rfs.vhd:126]
INFO: [Synth 8-256] done synthesizing module 'upcnt_n' (0#1) [d:/licenta_16_layer_conv_copie/licenta_16_layer_conv.gen/sources_1/bd/design_1/ipshared/3a26/hdl/proc_sys_reset_v5_0_vh_rfs.vhd:126]
INFO: [Synth 8-256] done synthesizing module 'sequence_psr' (0#1) [d:/licenta_16_layer_conv_copie/licenta_16_layer_conv.gen/sources_1/bd/design_1/ipshared/3a26/hdl/proc_sys_reset_v5_0_vh_rfs.vhd:304]
INFO: [Synth 8-256] done synthesizing module 'proc_sys_reset' (0#1) [d:/licenta_16_layer_conv_copie/licenta_16_layer_conv.gen/sources_1/bd/design_1/ipshared/3a26/hdl/proc_sys_reset_v5_0_vh_rfs.vhd:1330]
INFO: [Synth 8-256] done synthesizing module 'bd_6f02_psr0_0' (0#1) [d:/licenta_16_layer_conv_copie/licenta_16_layer_conv.gen/sources_1/bd/design_1/ip/design_1_axi_smc_1/bd_0/ip/ip_1/synth/bd_6f02_psr0_0.vhd:74]
WARNING: [Synth 8-7071] port 'mb_reset' of module 'bd_6f02_psr0_0' is unconnected for instance 'psr0' [d:/licenta_16_layer_conv_copie/licenta_16_layer_conv.gen/sources_1/bd/design_1/ip/design_1_axi_smc_1/bd_0/synth/bd_6f02.v:3267]
WARNING: [Synth 8-7071] port 'bus_struct_reset' of module 'bd_6f02_psr0_0' is unconnected for instance 'psr0' [d:/licenta_16_layer_conv_copie/licenta_16_layer_conv.gen/sources_1/bd/design_1/ip/design_1_axi_smc_1/bd_0/synth/bd_6f02.v:3267]
WARNING: [Synth 8-7071] port 'peripheral_reset' of module 'bd_6f02_psr0_0' is unconnected for instance 'psr0' [d:/licenta_16_layer_conv_copie/licenta_16_layer_conv.gen/sources_1/bd/design_1/ip/design_1_axi_smc_1/bd_0/synth/bd_6f02.v:3267]
WARNING: [Synth 8-7071] port 'peripheral_aresetn' of module 'bd_6f02_psr0_0' is unconnected for instance 'psr0' [d:/licenta_16_layer_conv_copie/licenta_16_layer_conv.gen/sources_1/bd/design_1/ip/design_1_axi_smc_1/bd_0/synth/bd_6f02.v:3267]
WARNING: [Synth 8-7023] instance 'psr0' of module 'bd_6f02_psr0_0' has 10 connections declared, but only 6 given [d:/licenta_16_layer_conv_copie/licenta_16_layer_conv.gen/sources_1/bd/design_1/ip/design_1_axi_smc_1/bd_0/synth/bd_6f02.v:3267]
INFO: [Synth 8-638] synthesizing module 'bd_6f02_psr_aclk_0' [d:/licenta_16_layer_conv_copie/licenta_16_layer_conv.gen/sources_1/bd/design_1/ip/design_1_axi_smc_1/bd_0/ip/ip_2/synth/bd_6f02_psr_aclk_0.vhd:74]
	Parameter C_FAMILY bound to: zynq - type: string 
	Parameter C_EXT_RST_WIDTH bound to: 4 - type: integer 
	Parameter C_AUX_RST_WIDTH bound to: 1 - type: integer 
	Parameter C_EXT_RESET_HIGH bound to: 1'b0 
	Parameter C_AUX_RESET_HIGH bound to: 1'b0 
	Parameter C_NUM_BUS_RST bound to: 1 - type: integer 
	Parameter C_NUM_PERP_RST bound to: 1 - type: integer 
	Parameter C_NUM_INTERCONNECT_ARESETN bound to: 1 - type: integer 
	Parameter C_NUM_PERP_ARESETN bound to: 1 - type: integer 
INFO: [Synth 8-3491] module 'proc_sys_reset' declared at 'd:/licenta_16_layer_conv_copie/licenta_16_layer_conv.gen/sources_1/bd/design_1/ipshared/3a26/hdl/proc_sys_reset_v5_0_vh_rfs.vhd:1271' bound to instance 'U0' of component 'proc_sys_reset' [d:/licenta_16_layer_conv_copie/licenta_16_layer_conv.gen/sources_1/bd/design_1/ip/design_1_axi_smc_1/bd_0/ip/ip_2/synth/bd_6f02_psr_aclk_0.vhd:129]
INFO: [Synth 8-256] done synthesizing module 'bd_6f02_psr_aclk_0' (0#1) [d:/licenta_16_layer_conv_copie/licenta_16_layer_conv.gen/sources_1/bd/design_1/ip/design_1_axi_smc_1/bd_0/ip/ip_2/synth/bd_6f02_psr_aclk_0.vhd:74]
WARNING: [Synth 8-7071] port 'mb_reset' of module 'bd_6f02_psr_aclk_0' is unconnected for instance 'psr_aclk' [d:/licenta_16_layer_conv_copie/licenta_16_layer_conv.gen/sources_1/bd/design_1/ip/design_1_axi_smc_1/bd_0/synth/bd_6f02.v:3274]
WARNING: [Synth 8-7071] port 'bus_struct_reset' of module 'bd_6f02_psr_aclk_0' is unconnected for instance 'psr_aclk' [d:/licenta_16_layer_conv_copie/licenta_16_layer_conv.gen/sources_1/bd/design_1/ip/design_1_axi_smc_1/bd_0/synth/bd_6f02.v:3274]
WARNING: [Synth 8-7071] port 'peripheral_reset' of module 'bd_6f02_psr_aclk_0' is unconnected for instance 'psr_aclk' [d:/licenta_16_layer_conv_copie/licenta_16_layer_conv.gen/sources_1/bd/design_1/ip/design_1_axi_smc_1/bd_0/synth/bd_6f02.v:3274]
WARNING: [Synth 8-7071] port 'peripheral_aresetn' of module 'bd_6f02_psr_aclk_0' is unconnected for instance 'psr_aclk' [d:/licenta_16_layer_conv_copie/licenta_16_layer_conv.gen/sources_1/bd/design_1/ip/design_1_axi_smc_1/bd_0/synth/bd_6f02.v:3274]
WARNING: [Synth 8-7023] instance 'psr_aclk' of module 'bd_6f02_psr_aclk_0' has 10 connections declared, but only 6 given [d:/licenta_16_layer_conv_copie/licenta_16_layer_conv.gen/sources_1/bd/design_1/ip/design_1_axi_smc_1/bd_0/synth/bd_6f02.v:3274]
INFO: [Synth 8-638] synthesizing module 'bd_6f02_psr_aclk1_0' [d:/licenta_16_layer_conv_copie/licenta_16_layer_conv.gen/sources_1/bd/design_1/ip/design_1_axi_smc_1/bd_0/ip/ip_3/synth/bd_6f02_psr_aclk1_0.vhd:74]
	Parameter C_FAMILY bound to: zynq - type: string 
	Parameter C_EXT_RST_WIDTH bound to: 4 - type: integer 
	Parameter C_AUX_RST_WIDTH bound to: 1 - type: integer 
	Parameter C_EXT_RESET_HIGH bound to: 1'b0 
	Parameter C_AUX_RESET_HIGH bound to: 1'b0 
	Parameter C_NUM_BUS_RST bound to: 1 - type: integer 
	Parameter C_NUM_PERP_RST bound to: 1 - type: integer 
	Parameter C_NUM_INTERCONNECT_ARESETN bound to: 1 - type: integer 
	Parameter C_NUM_PERP_ARESETN bound to: 1 - type: integer 
INFO: [Synth 8-3491] module 'proc_sys_reset' declared at 'd:/licenta_16_layer_conv_copie/licenta_16_layer_conv.gen/sources_1/bd/design_1/ipshared/3a26/hdl/proc_sys_reset_v5_0_vh_rfs.vhd:1271' bound to instance 'U0' of component 'proc_sys_reset' [d:/licenta_16_layer_conv_copie/licenta_16_layer_conv.gen/sources_1/bd/design_1/ip/design_1_axi_smc_1/bd_0/ip/ip_3/synth/bd_6f02_psr_aclk1_0.vhd:129]
INFO: [Synth 8-256] done synthesizing module 'bd_6f02_psr_aclk1_0' (0#1) [d:/licenta_16_layer_conv_copie/licenta_16_layer_conv.gen/sources_1/bd/design_1/ip/design_1_axi_smc_1/bd_0/ip/ip_3/synth/bd_6f02_psr_aclk1_0.vhd:74]
WARNING: [Synth 8-7071] port 'mb_reset' of module 'bd_6f02_psr_aclk1_0' is unconnected for instance 'psr_aclk1' [d:/licenta_16_layer_conv_copie/licenta_16_layer_conv.gen/sources_1/bd/design_1/ip/design_1_axi_smc_1/bd_0/synth/bd_6f02.v:3281]
WARNING: [Synth 8-7071] port 'bus_struct_reset' of module 'bd_6f02_psr_aclk1_0' is unconnected for instance 'psr_aclk1' [d:/licenta_16_layer_conv_copie/licenta_16_layer_conv.gen/sources_1/bd/design_1/ip/design_1_axi_smc_1/bd_0/synth/bd_6f02.v:3281]
WARNING: [Synth 8-7071] port 'peripheral_reset' of module 'bd_6f02_psr_aclk1_0' is unconnected for instance 'psr_aclk1' [d:/licenta_16_layer_conv_copie/licenta_16_layer_conv.gen/sources_1/bd/design_1/ip/design_1_axi_smc_1/bd_0/synth/bd_6f02.v:3281]
WARNING: [Synth 8-7071] port 'peripheral_aresetn' of module 'bd_6f02_psr_aclk1_0' is unconnected for instance 'psr_aclk1' [d:/licenta_16_layer_conv_copie/licenta_16_layer_conv.gen/sources_1/bd/design_1/ip/design_1_axi_smc_1/bd_0/synth/bd_6f02.v:3281]
WARNING: [Synth 8-7023] instance 'psr_aclk1' of module 'bd_6f02_psr_aclk1_0' has 10 connections declared, but only 6 given [d:/licenta_16_layer_conv_copie/licenta_16_layer_conv.gen/sources_1/bd/design_1/ip/design_1_axi_smc_1/bd_0/synth/bd_6f02.v:3281]
INFO: [Synth 8-6155] done synthesizing module 'clk_map_imp_19UC7HI' (0#1) [d:/licenta_16_layer_conv_copie/licenta_16_layer_conv.gen/sources_1/bd/design_1/ip/design_1_axi_smc_1/bd_0/synth/bd_6f02.v:3190]
INFO: [Synth 8-6157] synthesizing module 'm00_exit_pipeline_imp_PYUQT9' [d:/licenta_16_layer_conv_copie/licenta_16_layer_conv.gen/sources_1/bd/design_1/ip/design_1_axi_smc_1/bd_0/synth/bd_6f02.v:3290]
INFO: [Synth 8-6157] synthesizing module 'bd_6f02_m00e_0' [d:/licenta_16_layer_conv_copie/licenta_16_layer_conv.gen/sources_1/bd/design_1/ip/design_1_axi_smc_1/bd_0/ip/ip_24/synth/bd_6f02_m00e_0.sv:53]
INFO: [Synth 8-6157] synthesizing module 'xpm_cdc_async_rst' [D:/Vivado/2024.1/data/ip/xpm/xpm_cdc/hdl/xpm_cdc.sv:1175]
INFO: [Synth 8-6155] done synthesizing module 'xpm_cdc_async_rst' (0#1) [D:/Vivado/2024.1/data/ip/xpm/xpm_cdc/hdl/xpm_cdc.sv:1175]
INFO: [Synth 8-6155] done synthesizing module 'bd_6f02_m00e_0' (0#1) [d:/licenta_16_layer_conv_copie/licenta_16_layer_conv.gen/sources_1/bd/design_1/ip/design_1_axi_smc_1/bd_0/ip/ip_24/synth/bd_6f02_m00e_0.sv:53]
INFO: [Synth 8-6155] done synthesizing module 'm00_exit_pipeline_imp_PYUQT9' (0#1) [d:/licenta_16_layer_conv_copie/licenta_16_layer_conv.gen/sources_1/bd/design_1/ip/design_1_axi_smc_1/bd_0/synth/bd_6f02.v:3290]
INFO: [Synth 8-6157] synthesizing module 'm00_nodes_imp_3S6IOH' [d:/licenta_16_layer_conv_copie/licenta_16_layer_conv.gen/sources_1/bd/design_1/ip/design_1_axi_smc_1/bd_0/synth/bd_6f02.v:3661]
INFO: [Synth 8-6157] synthesizing module 'bd_6f02_m00arn_0' [d:/licenta_16_layer_conv_copie/licenta_16_layer_conv.gen/sources_1/bd/design_1/ip/design_1_axi_smc_1/bd_0/ip/ip_19/synth/bd_6f02_m00arn_0.sv:53]
INFO: [Synth 8-6157] synthesizing module 'xpm_memory_sdpram' [D:/Vivado/2024.1/data/ip/xpm/xpm_memory/hdl/xpm_memory.sv:8556]
INFO: [Synth 8-6157] synthesizing module 'xpm_memory_base' [D:/Vivado/2024.1/data/ip/xpm/xpm_memory/hdl/xpm_memory.sv:54]
INFO: [Synth 8-6155] done synthesizing module 'xpm_memory_base' (0#1) [D:/Vivado/2024.1/data/ip/xpm/xpm_memory/hdl/xpm_memory.sv:54]
INFO: [Synth 8-6155] done synthesizing module 'xpm_memory_sdpram' (0#1) [D:/Vivado/2024.1/data/ip/xpm/xpm_memory/hdl/xpm_memory.sv:8556]
INFO: [Synth 8-6157] synthesizing module 'xpm_cdc_gray' [D:/Vivado/2024.1/data/ip/xpm/xpm_cdc/hdl/xpm_cdc.sv:283]
INFO: [Synth 8-6155] done synthesizing module 'xpm_cdc_gray' (0#1) [D:/Vivado/2024.1/data/ip/xpm/xpm_cdc/hdl/xpm_cdc.sv:283]
INFO: [Synth 8-6155] done synthesizing module 'bd_6f02_m00arn_0' (0#1) [d:/licenta_16_layer_conv_copie/licenta_16_layer_conv.gen/sources_1/bd/design_1/ip/design_1_axi_smc_1/bd_0/ip/ip_19/synth/bd_6f02_m00arn_0.sv:53]
INFO: [Synth 8-6157] synthesizing module 'bd_6f02_m00awn_0' [d:/licenta_16_layer_conv_copie/licenta_16_layer_conv.gen/sources_1/bd/design_1/ip/design_1_axi_smc_1/bd_0/ip/ip_21/synth/bd_6f02_m00awn_0.sv:53]
INFO: [Synth 8-6155] done synthesizing module 'bd_6f02_m00awn_0' (0#1) [d:/licenta_16_layer_conv_copie/licenta_16_layer_conv.gen/sources_1/bd/design_1/ip/design_1_axi_smc_1/bd_0/ip/ip_21/synth/bd_6f02_m00awn_0.sv:53]
INFO: [Synth 8-6157] synthesizing module 'bd_6f02_m00bn_0' [d:/licenta_16_layer_conv_copie/licenta_16_layer_conv.gen/sources_1/bd/design_1/ip/design_1_axi_smc_1/bd_0/ip/ip_23/synth/bd_6f02_m00bn_0.sv:53]
INFO: [Synth 8-6157] synthesizing module 'xpm_memory_sdpram__parameterized0' [D:/Vivado/2024.1/data/ip/xpm/xpm_memory/hdl/xpm_memory.sv:8556]
INFO: [Synth 8-6157] synthesizing module 'xpm_memory_base__parameterized0' [D:/Vivado/2024.1/data/ip/xpm/xpm_memory/hdl/xpm_memory.sv:54]
INFO: [Synth 8-6155] done synthesizing module 'xpm_memory_base__parameterized0' (0#1) [D:/Vivado/2024.1/data/ip/xpm/xpm_memory/hdl/xpm_memory.sv:54]
INFO: [Synth 8-6155] done synthesizing module 'xpm_memory_sdpram__parameterized0' (0#1) [D:/Vivado/2024.1/data/ip/xpm/xpm_memory/hdl/xpm_memory.sv:8556]
INFO: [Synth 8-6157] synthesizing module 'xpm_memory_sdpram__parameterized1' [D:/Vivado/2024.1/data/ip/xpm/xpm_memory/hdl/xpm_memory.sv:8556]
INFO: [Synth 8-6157] synthesizing module 'xpm_memory_base__parameterized1' [D:/Vivado/2024.1/data/ip/xpm/xpm_memory/hdl/xpm_memory.sv:54]
INFO: [Synth 8-6155] done synthesizing module 'xpm_memory_base__parameterized1' (0#1) [D:/Vivado/2024.1/data/ip/xpm/xpm_memory/hdl/xpm_memory.sv:54]
INFO: [Synth 8-6155] done synthesizing module 'xpm_memory_sdpram__parameterized1' (0#1) [D:/Vivado/2024.1/data/ip/xpm/xpm_memory/hdl/xpm_memory.sv:8556]
INFO: [Synth 8-6155] done synthesizing module 'bd_6f02_m00bn_0' (0#1) [d:/licenta_16_layer_conv_copie/licenta_16_layer_conv.gen/sources_1/bd/design_1/ip/design_1_axi_smc_1/bd_0/ip/ip_23/synth/bd_6f02_m00bn_0.sv:53]
INFO: [Synth 8-6157] synthesizing module 'bd_6f02_m00rn_0' [d:/licenta_16_layer_conv_copie/licenta_16_layer_conv.gen/sources_1/bd/design_1/ip/design_1_axi_smc_1/bd_0/ip/ip_20/synth/bd_6f02_m00rn_0.sv:53]
INFO: [Synth 8-6157] synthesizing module 'xpm_memory_sdpram__parameterized2' [D:/Vivado/2024.1/data/ip/xpm/xpm_memory/hdl/xpm_memory.sv:8556]
INFO: [Synth 8-6157] synthesizing module 'xpm_memory_base__parameterized2' [D:/Vivado/2024.1/data/ip/xpm/xpm_memory/hdl/xpm_memory.sv:54]
INFO: [Synth 8-6155] done synthesizing module 'xpm_memory_base__parameterized2' (0#1) [D:/Vivado/2024.1/data/ip/xpm/xpm_memory/hdl/xpm_memory.sv:54]
INFO: [Synth 8-6155] done synthesizing module 'xpm_memory_sdpram__parameterized2' (0#1) [D:/Vivado/2024.1/data/ip/xpm/xpm_memory/hdl/xpm_memory.sv:8556]
INFO: [Synth 8-6155] done synthesizing module 'bd_6f02_m00rn_0' (0#1) [d:/licenta_16_layer_conv_copie/licenta_16_layer_conv.gen/sources_1/bd/design_1/ip/design_1_axi_smc_1/bd_0/ip/ip_20/synth/bd_6f02_m00rn_0.sv:53]
INFO: [Synth 8-6157] synthesizing module 'bd_6f02_m00wn_0' [d:/licenta_16_layer_conv_copie/licenta_16_layer_conv.gen/sources_1/bd/design_1/ip/design_1_axi_smc_1/bd_0/ip/ip_22/synth/bd_6f02_m00wn_0.sv:53]
INFO: [Synth 8-6157] synthesizing module 'xpm_memory_sdpram__parameterized3' [D:/Vivado/2024.1/data/ip/xpm/xpm_memory/hdl/xpm_memory.sv:8556]
INFO: [Synth 8-6157] synthesizing module 'xpm_memory_base__parameterized3' [D:/Vivado/2024.1/data/ip/xpm/xpm_memory/hdl/xpm_memory.sv:54]
INFO: [Synth 8-6155] done synthesizing module 'xpm_memory_base__parameterized3' (0#1) [D:/Vivado/2024.1/data/ip/xpm/xpm_memory/hdl/xpm_memory.sv:54]
INFO: [Synth 8-6155] done synthesizing module 'xpm_memory_sdpram__parameterized3' (0#1) [D:/Vivado/2024.1/data/ip/xpm/xpm_memory/hdl/xpm_memory.sv:8556]
INFO: [Synth 8-6155] done synthesizing module 'bd_6f02_m00wn_0' (0#1) [d:/licenta_16_layer_conv_copie/licenta_16_layer_conv.gen/sources_1/bd/design_1/ip/design_1_axi_smc_1/bd_0/ip/ip_22/synth/bd_6f02_m00wn_0.sv:53]
INFO: [Synth 8-6155] done synthesizing module 'm00_nodes_imp_3S6IOH' (0#1) [d:/licenta_16_layer_conv_copie/licenta_16_layer_conv.gen/sources_1/bd/design_1/ip/design_1_axi_smc_1/bd_0/synth/bd_6f02.v:3661]
INFO: [Synth 8-6157] synthesizing module 'bd_6f02_m00s2a_0' [d:/licenta_16_layer_conv_copie/licenta_16_layer_conv.gen/sources_1/bd/design_1/ip/design_1_axi_smc_1/bd_0/ip/ip_18/synth/bd_6f02_m00s2a_0.sv:53]
INFO: [Synth 8-6155] done synthesizing module 'bd_6f02_m00s2a_0' (0#1) [d:/licenta_16_layer_conv_copie/licenta_16_layer_conv.gen/sources_1/bd/design_1/ip/design_1_axi_smc_1/bd_0/ip/ip_18/synth/bd_6f02_m00s2a_0.sv:53]
INFO: [Synth 8-6157] synthesizing module 'm01_exit_pipeline_imp_KQMHVH' [d:/licenta_16_layer_conv_copie/licenta_16_layer_conv.gen/sources_1/bd/design_1/ip/design_1_axi_smc_1/bd_0/synth/bd_6f02.v:3957]
INFO: [Synth 8-6157] synthesizing module 'bd_6f02_m01e_0' [d:/licenta_16_layer_conv_copie/licenta_16_layer_conv.gen/sources_1/bd/design_1/ip/design_1_axi_smc_1/bd_0/ip/ip_31/synth/bd_6f02_m01e_0.sv:53]
INFO: [Synth 8-6155] done synthesizing module 'bd_6f02_m01e_0' (0#1) [d:/licenta_16_layer_conv_copie/licenta_16_layer_conv.gen/sources_1/bd/design_1/ip/design_1_axi_smc_1/bd_0/ip/ip_31/synth/bd_6f02_m01e_0.sv:53]
INFO: [Synth 8-6155] done synthesizing module 'm01_exit_pipeline_imp_KQMHVH' (0#1) [d:/licenta_16_layer_conv_copie/licenta_16_layer_conv.gen/sources_1/bd/design_1/ip/design_1_axi_smc_1/bd_0/synth/bd_6f02.v:3957]
INFO: [Synth 8-6157] synthesizing module 'm01_nodes_imp_1455NXJ' [d:/licenta_16_layer_conv_copie/licenta_16_layer_conv.gen/sources_1/bd/design_1/ip/design_1_axi_smc_1/bd_0/synth/bd_6f02.v:4258]
INFO: [Synth 8-6157] synthesizing module 'bd_6f02_m01arn_0' [d:/licenta_16_layer_conv_copie/licenta_16_layer_conv.gen/sources_1/bd/design_1/ip/design_1_axi_smc_1/bd_0/ip/ip_26/synth/bd_6f02_m01arn_0.sv:53]
INFO: [Synth 8-6157] synthesizing module 'xpm_memory_sdpram__parameterized4' [D:/Vivado/2024.1/data/ip/xpm/xpm_memory/hdl/xpm_memory.sv:8556]
INFO: [Synth 8-6157] synthesizing module 'xpm_memory_base__parameterized4' [D:/Vivado/2024.1/data/ip/xpm/xpm_memory/hdl/xpm_memory.sv:54]
INFO: [Synth 8-6155] done synthesizing module 'xpm_memory_base__parameterized4' (0#1) [D:/Vivado/2024.1/data/ip/xpm/xpm_memory/hdl/xpm_memory.sv:54]
INFO: [Synth 8-6155] done synthesizing module 'xpm_memory_sdpram__parameterized4' (0#1) [D:/Vivado/2024.1/data/ip/xpm/xpm_memory/hdl/xpm_memory.sv:8556]
INFO: [Synth 8-6157] synthesizing module 'xpm_memory_sdpram__parameterized5' [D:/Vivado/2024.1/data/ip/xpm/xpm_memory/hdl/xpm_memory.sv:8556]
INFO: [Synth 8-6157] synthesizing module 'xpm_memory_base__parameterized5' [D:/Vivado/2024.1/data/ip/xpm/xpm_memory/hdl/xpm_memory.sv:54]
INFO: [Synth 8-6155] done synthesizing module 'xpm_memory_base__parameterized5' (0#1) [D:/Vivado/2024.1/data/ip/xpm/xpm_memory/hdl/xpm_memory.sv:54]
INFO: [Synth 8-6155] done synthesizing module 'xpm_memory_sdpram__parameterized5' (0#1) [D:/Vivado/2024.1/data/ip/xpm/xpm_memory/hdl/xpm_memory.sv:8556]
INFO: [Synth 8-6155] done synthesizing module 'bd_6f02_m01arn_0' (0#1) [d:/licenta_16_layer_conv_copie/licenta_16_layer_conv.gen/sources_1/bd/design_1/ip/design_1_axi_smc_1/bd_0/ip/ip_26/synth/bd_6f02_m01arn_0.sv:53]
INFO: [Synth 8-6157] synthesizing module 'bd_6f02_m01awn_0' [d:/licenta_16_layer_conv_copie/licenta_16_layer_conv.gen/sources_1/bd/design_1/ip/design_1_axi_smc_1/bd_0/ip/ip_28/synth/bd_6f02_m01awn_0.sv:53]
INFO: [Synth 8-6155] done synthesizing module 'bd_6f02_m01awn_0' (0#1) [d:/licenta_16_layer_conv_copie/licenta_16_layer_conv.gen/sources_1/bd/design_1/ip/design_1_axi_smc_1/bd_0/ip/ip_28/synth/bd_6f02_m01awn_0.sv:53]
INFO: [Synth 8-6157] synthesizing module 'bd_6f02_m01bn_0' [d:/licenta_16_layer_conv_copie/licenta_16_layer_conv.gen/sources_1/bd/design_1/ip/design_1_axi_smc_1/bd_0/ip/ip_30/synth/bd_6f02_m01bn_0.sv:53]
INFO: [Synth 8-6157] synthesizing module 'xpm_memory_sdpram__parameterized6' [D:/Vivado/2024.1/data/ip/xpm/xpm_memory/hdl/xpm_memory.sv:8556]
INFO: [Synth 8-6157] synthesizing module 'xpm_memory_base__parameterized6' [D:/Vivado/2024.1/data/ip/xpm/xpm_memory/hdl/xpm_memory.sv:54]
INFO: [Synth 8-6155] done synthesizing module 'xpm_memory_base__parameterized6' (0#1) [D:/Vivado/2024.1/data/ip/xpm/xpm_memory/hdl/xpm_memory.sv:54]
INFO: [Synth 8-6155] done synthesizing module 'xpm_memory_sdpram__parameterized6' (0#1) [D:/Vivado/2024.1/data/ip/xpm/xpm_memory/hdl/xpm_memory.sv:8556]
INFO: [Synth 8-6157] synthesizing module 'xpm_memory_sdpram__parameterized7' [D:/Vivado/2024.1/data/ip/xpm/xpm_memory/hdl/xpm_memory.sv:8556]
INFO: [Synth 8-6157] synthesizing module 'xpm_memory_base__parameterized7' [D:/Vivado/2024.1/data/ip/xpm/xpm_memory/hdl/xpm_memory.sv:54]
INFO: [Synth 8-6155] done synthesizing module 'xpm_memory_base__parameterized7' (0#1) [D:/Vivado/2024.1/data/ip/xpm/xpm_memory/hdl/xpm_memory.sv:54]
INFO: [Synth 8-6155] done synthesizing module 'xpm_memory_sdpram__parameterized7' (0#1) [D:/Vivado/2024.1/data/ip/xpm/xpm_memory/hdl/xpm_memory.sv:8556]
INFO: [Synth 8-6155] done synthesizing module 'bd_6f02_m01bn_0' (0#1) [d:/licenta_16_layer_conv_copie/licenta_16_layer_conv.gen/sources_1/bd/design_1/ip/design_1_axi_smc_1/bd_0/ip/ip_30/synth/bd_6f02_m01bn_0.sv:53]
INFO: [Synth 8-6157] synthesizing module 'bd_6f02_m01rn_0' [d:/licenta_16_layer_conv_copie/licenta_16_layer_conv.gen/sources_1/bd/design_1/ip/design_1_axi_smc_1/bd_0/ip/ip_27/synth/bd_6f02_m01rn_0.sv:53]
INFO: [Synth 8-6157] synthesizing module 'xpm_memory_sdpram__parameterized8' [D:/Vivado/2024.1/data/ip/xpm/xpm_memory/hdl/xpm_memory.sv:8556]
INFO: [Synth 8-6157] synthesizing module 'xpm_memory_base__parameterized8' [D:/Vivado/2024.1/data/ip/xpm/xpm_memory/hdl/xpm_memory.sv:54]
INFO: [Synth 8-6155] done synthesizing module 'xpm_memory_base__parameterized8' (0#1) [D:/Vivado/2024.1/data/ip/xpm/xpm_memory/hdl/xpm_memory.sv:54]
INFO: [Synth 8-6155] done synthesizing module 'xpm_memory_sdpram__parameterized8' (0#1) [D:/Vivado/2024.1/data/ip/xpm/xpm_memory/hdl/xpm_memory.sv:8556]
INFO: [Synth 8-6155] done synthesizing module 'bd_6f02_m01rn_0' (0#1) [d:/licenta_16_layer_conv_copie/licenta_16_layer_conv.gen/sources_1/bd/design_1/ip/design_1_axi_smc_1/bd_0/ip/ip_27/synth/bd_6f02_m01rn_0.sv:53]
INFO: [Synth 8-6157] synthesizing module 'bd_6f02_m01wn_0' [d:/licenta_16_layer_conv_copie/licenta_16_layer_conv.gen/sources_1/bd/design_1/ip/design_1_axi_smc_1/bd_0/ip/ip_29/synth/bd_6f02_m01wn_0.sv:53]
INFO: [Synth 8-6157] synthesizing module 'xpm_memory_sdpram__parameterized9' [D:/Vivado/2024.1/data/ip/xpm/xpm_memory/hdl/xpm_memory.sv:8556]
INFO: [Synth 8-6157] synthesizing module 'xpm_memory_base__parameterized9' [D:/Vivado/2024.1/data/ip/xpm/xpm_memory/hdl/xpm_memory.sv:54]
INFO: [Synth 8-6155] done synthesizing module 'xpm_memory_base__parameterized9' (0#1) [D:/Vivado/2024.1/data/ip/xpm/xpm_memory/hdl/xpm_memory.sv:54]
INFO: [Synth 8-6155] done synthesizing module 'xpm_memory_sdpram__parameterized9' (0#1) [D:/Vivado/2024.1/data/ip/xpm/xpm_memory/hdl/xpm_memory.sv:8556]
INFO: [Synth 8-6155] done synthesizing module 'bd_6f02_m01wn_0' (0#1) [d:/licenta_16_layer_conv_copie/licenta_16_layer_conv.gen/sources_1/bd/design_1/ip/design_1_axi_smc_1/bd_0/ip/ip_29/synth/bd_6f02_m01wn_0.sv:53]
INFO: [Synth 8-6155] done synthesizing module 'm01_nodes_imp_1455NXJ' (0#1) [d:/licenta_16_layer_conv_copie/licenta_16_layer_conv.gen/sources_1/bd/design_1/ip/design_1_axi_smc_1/bd_0/synth/bd_6f02.v:4258]
INFO: [Synth 8-6157] synthesizing module 'bd_6f02_m01s2a_0' [d:/licenta_16_layer_conv_copie/licenta_16_layer_conv.gen/sources_1/bd/design_1/ip/design_1_axi_smc_1/bd_0/ip/ip_25/synth/bd_6f02_m01s2a_0.sv:53]
INFO: [Synth 8-6155] done synthesizing module 'bd_6f02_m01s2a_0' (0#1) [d:/licenta_16_layer_conv_copie/licenta_16_layer_conv.gen/sources_1/bd/design_1/ip/design_1_axi_smc_1/bd_0/ip/ip_25/synth/bd_6f02_m01s2a_0.sv:53]
INFO: [Synth 8-6157] synthesizing module 'm02_exit_pipeline_imp_W4HJGD' [d:/licenta_16_layer_conv_copie/licenta_16_layer_conv.gen/sources_1/bd/design_1/ip/design_1_axi_smc_1/bd_0/synth/bd_6f02.v:4554]
INFO: [Synth 8-6157] synthesizing module 'bd_6f02_m02e_0' [d:/licenta_16_layer_conv_copie/licenta_16_layer_conv.gen/sources_1/bd/design_1/ip/design_1_axi_smc_1/bd_0/ip/ip_38/synth/bd_6f02_m02e_0.sv:53]
INFO: [Synth 8-6155] done synthesizing module 'bd_6f02_m02e_0' (0#1) [d:/licenta_16_layer_conv_copie/licenta_16_layer_conv.gen/sources_1/bd/design_1/ip/design_1_axi_smc_1/bd_0/ip/ip_38/synth/bd_6f02_m02e_0.sv:53]
INFO: [Synth 8-6155] done synthesizing module 'm02_exit_pipeline_imp_W4HJGD' (0#1) [d:/licenta_16_layer_conv_copie/licenta_16_layer_conv.gen/sources_1/bd/design_1/ip/design_1_axi_smc_1/bd_0/synth/bd_6f02.v:4554]
INFO: [Synth 8-6157] synthesizing module 'm02_nodes_imp_1TPC058' [d:/licenta_16_layer_conv_copie/licenta_16_layer_conv.gen/sources_1/bd/design_1/ip/design_1_axi_smc_1/bd_0/synth/bd_6f02.v:4855]
INFO: [Synth 8-6157] synthesizing module 'bd_6f02_m02arn_0' [d:/licenta_16_layer_conv_copie/licenta_16_layer_conv.gen/sources_1/bd/design_1/ip/design_1_axi_smc_1/bd_0/ip/ip_33/synth/bd_6f02_m02arn_0.sv:53]
INFO: [Synth 8-6155] done synthesizing module 'bd_6f02_m02arn_0' (0#1) [d:/licenta_16_layer_conv_copie/licenta_16_layer_conv.gen/sources_1/bd/design_1/ip/design_1_axi_smc_1/bd_0/ip/ip_33/synth/bd_6f02_m02arn_0.sv:53]
INFO: [Synth 8-6157] synthesizing module 'bd_6f02_m02awn_0' [d:/licenta_16_layer_conv_copie/licenta_16_layer_conv.gen/sources_1/bd/design_1/ip/design_1_axi_smc_1/bd_0/ip/ip_35/synth/bd_6f02_m02awn_0.sv:53]
INFO: [Synth 8-6155] done synthesizing module 'bd_6f02_m02awn_0' (0#1) [d:/licenta_16_layer_conv_copie/licenta_16_layer_conv.gen/sources_1/bd/design_1/ip/design_1_axi_smc_1/bd_0/ip/ip_35/synth/bd_6f02_m02awn_0.sv:53]
INFO: [Synth 8-6157] synthesizing module 'bd_6f02_m02bn_0' [d:/licenta_16_layer_conv_copie/licenta_16_layer_conv.gen/sources_1/bd/design_1/ip/design_1_axi_smc_1/bd_0/ip/ip_37/synth/bd_6f02_m02bn_0.sv:53]
INFO: [Synth 8-6155] done synthesizing module 'bd_6f02_m02bn_0' (0#1) [d:/licenta_16_layer_conv_copie/licenta_16_layer_conv.gen/sources_1/bd/design_1/ip/design_1_axi_smc_1/bd_0/ip/ip_37/synth/bd_6f02_m02bn_0.sv:53]
INFO: [Synth 8-6157] synthesizing module 'bd_6f02_m02rn_0' [d:/licenta_16_layer_conv_copie/licenta_16_layer_conv.gen/sources_1/bd/design_1/ip/design_1_axi_smc_1/bd_0/ip/ip_34/synth/bd_6f02_m02rn_0.sv:53]
INFO: [Synth 8-6155] done synthesizing module 'bd_6f02_m02rn_0' (0#1) [d:/licenta_16_layer_conv_copie/licenta_16_layer_conv.gen/sources_1/bd/design_1/ip/design_1_axi_smc_1/bd_0/ip/ip_34/synth/bd_6f02_m02rn_0.sv:53]
INFO: [Synth 8-6157] synthesizing module 'bd_6f02_m02wn_0' [d:/licenta_16_layer_conv_copie/licenta_16_layer_conv.gen/sources_1/bd/design_1/ip/design_1_axi_smc_1/bd_0/ip/ip_36/synth/bd_6f02_m02wn_0.sv:53]
INFO: [Synth 8-6155] done synthesizing module 'bd_6f02_m02wn_0' (0#1) [d:/licenta_16_layer_conv_copie/licenta_16_layer_conv.gen/sources_1/bd/design_1/ip/design_1_axi_smc_1/bd_0/ip/ip_36/synth/bd_6f02_m02wn_0.sv:53]
INFO: [Synth 8-6155] done synthesizing module 'm02_nodes_imp_1TPC058' (0#1) [d:/licenta_16_layer_conv_copie/licenta_16_layer_conv.gen/sources_1/bd/design_1/ip/design_1_axi_smc_1/bd_0/synth/bd_6f02.v:4855]
INFO: [Synth 8-6157] synthesizing module 'bd_6f02_m02s2a_0' [d:/licenta_16_layer_conv_copie/licenta_16_layer_conv.gen/sources_1/bd/design_1/ip/design_1_axi_smc_1/bd_0/ip/ip_32/synth/bd_6f02_m02s2a_0.sv:53]
INFO: [Synth 8-6155] done synthesizing module 'bd_6f02_m02s2a_0' (0#1) [d:/licenta_16_layer_conv_copie/licenta_16_layer_conv.gen/sources_1/bd/design_1/ip/design_1_axi_smc_1/bd_0/ip/ip_32/synth/bd_6f02_m02s2a_0.sv:53]
INFO: [Synth 8-6157] synthesizing module 'm03_exit_pipeline_imp_S08D4T' [d:/licenta_16_layer_conv_copie/licenta_16_layer_conv.gen/sources_1/bd/design_1/ip/design_1_axi_smc_1/bd_0/synth/bd_6f02.v:5151]
INFO: [Synth 8-6157] synthesizing module 'bd_6f02_m03e_0' [d:/licenta_16_layer_conv_copie/licenta_16_layer_conv.gen/sources_1/bd/design_1/ip/design_1_axi_smc_1/bd_0/ip/ip_45/synth/bd_6f02_m03e_0.sv:53]
INFO: [Synth 8-6155] done synthesizing module 'bd_6f02_m03e_0' (0#1) [d:/licenta_16_layer_conv_copie/licenta_16_layer_conv.gen/sources_1/bd/design_1/ip/design_1_axi_smc_1/bd_0/ip/ip_45/synth/bd_6f02_m03e_0.sv:53]
INFO: [Synth 8-6155] done synthesizing module 'm03_exit_pipeline_imp_S08D4T' (0#1) [d:/licenta_16_layer_conv_copie/licenta_16_layer_conv.gen/sources_1/bd/design_1/ip/design_1_axi_smc_1/bd_0/synth/bd_6f02.v:5151]
INFO: [Synth 8-6157] synthesizing module 'm03_nodes_imp_VKC2X6' [d:/licenta_16_layer_conv_copie/licenta_16_layer_conv.gen/sources_1/bd/design_1/ip/design_1_axi_smc_1/bd_0/synth/bd_6f02.v:5452]
INFO: [Synth 8-6157] synthesizing module 'bd_6f02_m03arn_0' [d:/licenta_16_layer_conv_copie/licenta_16_layer_conv.gen/sources_1/bd/design_1/ip/design_1_axi_smc_1/bd_0/ip/ip_40/synth/bd_6f02_m03arn_0.sv:53]
INFO: [Synth 8-6155] done synthesizing module 'bd_6f02_m03arn_0' (0#1) [d:/licenta_16_layer_conv_copie/licenta_16_layer_conv.gen/sources_1/bd/design_1/ip/design_1_axi_smc_1/bd_0/ip/ip_40/synth/bd_6f02_m03arn_0.sv:53]
INFO: [Synth 8-6157] synthesizing module 'bd_6f02_m03awn_0' [d:/licenta_16_layer_conv_copie/licenta_16_layer_conv.gen/sources_1/bd/design_1/ip/design_1_axi_smc_1/bd_0/ip/ip_42/synth/bd_6f02_m03awn_0.sv:53]
INFO: [Synth 8-6155] done synthesizing module 'bd_6f02_m03awn_0' (0#1) [d:/licenta_16_layer_conv_copie/licenta_16_layer_conv.gen/sources_1/bd/design_1/ip/design_1_axi_smc_1/bd_0/ip/ip_42/synth/bd_6f02_m03awn_0.sv:53]
INFO: [Synth 8-6157] synthesizing module 'bd_6f02_m03bn_0' [d:/licenta_16_layer_conv_copie/licenta_16_layer_conv.gen/sources_1/bd/design_1/ip/design_1_axi_smc_1/bd_0/ip/ip_44/synth/bd_6f02_m03bn_0.sv:53]
INFO: [Synth 8-6155] done synthesizing module 'bd_6f02_m03bn_0' (0#1) [d:/licenta_16_layer_conv_copie/licenta_16_layer_conv.gen/sources_1/bd/design_1/ip/design_1_axi_smc_1/bd_0/ip/ip_44/synth/bd_6f02_m03bn_0.sv:53]
INFO: [Synth 8-6157] synthesizing module 'bd_6f02_m03rn_0' [d:/licenta_16_layer_conv_copie/licenta_16_layer_conv.gen/sources_1/bd/design_1/ip/design_1_axi_smc_1/bd_0/ip/ip_41/synth/bd_6f02_m03rn_0.sv:53]
INFO: [Synth 8-6155] done synthesizing module 'bd_6f02_m03rn_0' (0#1) [d:/licenta_16_layer_conv_copie/licenta_16_layer_conv.gen/sources_1/bd/design_1/ip/design_1_axi_smc_1/bd_0/ip/ip_41/synth/bd_6f02_m03rn_0.sv:53]
INFO: [Synth 8-6157] synthesizing module 'bd_6f02_m03wn_0' [d:/licenta_16_layer_conv_copie/licenta_16_layer_conv.gen/sources_1/bd/design_1/ip/design_1_axi_smc_1/bd_0/ip/ip_43/synth/bd_6f02_m03wn_0.sv:53]
INFO: [Synth 8-6155] done synthesizing module 'bd_6f02_m03wn_0' (0#1) [d:/licenta_16_layer_conv_copie/licenta_16_layer_conv.gen/sources_1/bd/design_1/ip/design_1_axi_smc_1/bd_0/ip/ip_43/synth/bd_6f02_m03wn_0.sv:53]
INFO: [Synth 8-6155] done synthesizing module 'm03_nodes_imp_VKC2X6' (0#1) [d:/licenta_16_layer_conv_copie/licenta_16_layer_conv.gen/sources_1/bd/design_1/ip/design_1_axi_smc_1/bd_0/synth/bd_6f02.v:5452]
INFO: [Synth 8-6157] synthesizing module 'bd_6f02_m03s2a_0' [d:/licenta_16_layer_conv_copie/licenta_16_layer_conv.gen/sources_1/bd/design_1/ip/design_1_axi_smc_1/bd_0/ip/ip_39/synth/bd_6f02_m03s2a_0.sv:53]
INFO: [Synth 8-6155] done synthesizing module 'bd_6f02_m03s2a_0' (0#1) [d:/licenta_16_layer_conv_copie/licenta_16_layer_conv.gen/sources_1/bd/design_1/ip/design_1_axi_smc_1/bd_0/ip/ip_39/synth/bd_6f02_m03s2a_0.sv:53]
INFO: [Synth 8-6157] synthesizing module 'm04_exit_pipeline_imp_C4N5P' [d:/licenta_16_layer_conv_copie/licenta_16_layer_conv.gen/sources_1/bd/design_1/ip/design_1_axi_smc_1/bd_0/synth/bd_6f02.v:5748]
INFO: [Synth 8-6157] synthesizing module 'bd_6f02_m04e_0' [d:/licenta_16_layer_conv_copie/licenta_16_layer_conv.gen/sources_1/bd/design_1/ip/design_1_axi_smc_1/bd_0/ip/ip_52/synth/bd_6f02_m04e_0.sv:53]
INFO: [Synth 8-6155] done synthesizing module 'bd_6f02_m04e_0' (0#1) [d:/licenta_16_layer_conv_copie/licenta_16_layer_conv.gen/sources_1/bd/design_1/ip/design_1_axi_smc_1/bd_0/ip/ip_52/synth/bd_6f02_m04e_0.sv:53]
INFO: [Synth 8-6155] done synthesizing module 'm04_exit_pipeline_imp_C4N5P' (0#1) [d:/licenta_16_layer_conv_copie/licenta_16_layer_conv.gen/sources_1/bd/design_1/ip/design_1_axi_smc_1/bd_0/synth/bd_6f02.v:5748]
INFO: [Synth 8-6157] synthesizing module 'm04_nodes_imp_5KCFT6' [d:/licenta_16_layer_conv_copie/licenta_16_layer_conv.gen/sources_1/bd/design_1/ip/design_1_axi_smc_1/bd_0/synth/bd_6f02.v:6049]
INFO: [Synth 8-6157] synthesizing module 'bd_6f02_m04arn_0' [d:/licenta_16_layer_conv_copie/licenta_16_layer_conv.gen/sources_1/bd/design_1/ip/design_1_axi_smc_1/bd_0/ip/ip_47/synth/bd_6f02_m04arn_0.sv:53]
INFO: [Synth 8-6155] done synthesizing module 'bd_6f02_m04arn_0' (0#1) [d:/licenta_16_layer_conv_copie/licenta_16_layer_conv.gen/sources_1/bd/design_1/ip/design_1_axi_smc_1/bd_0/ip/ip_47/synth/bd_6f02_m04arn_0.sv:53]
INFO: [Synth 8-6157] synthesizing module 'bd_6f02_m04awn_0' [d:/licenta_16_layer_conv_copie/licenta_16_layer_conv.gen/sources_1/bd/design_1/ip/design_1_axi_smc_1/bd_0/ip/ip_49/synth/bd_6f02_m04awn_0.sv:53]
INFO: [Synth 8-6155] done synthesizing module 'bd_6f02_m04awn_0' (0#1) [d:/licenta_16_layer_conv_copie/licenta_16_layer_conv.gen/sources_1/bd/design_1/ip/design_1_axi_smc_1/bd_0/ip/ip_49/synth/bd_6f02_m04awn_0.sv:53]
INFO: [Synth 8-6157] synthesizing module 'bd_6f02_m04bn_0' [d:/licenta_16_layer_conv_copie/licenta_16_layer_conv.gen/sources_1/bd/design_1/ip/design_1_axi_smc_1/bd_0/ip/ip_51/synth/bd_6f02_m04bn_0.sv:53]
INFO: [Synth 8-6155] done synthesizing module 'bd_6f02_m04bn_0' (0#1) [d:/licenta_16_layer_conv_copie/licenta_16_layer_conv.gen/sources_1/bd/design_1/ip/design_1_axi_smc_1/bd_0/ip/ip_51/synth/bd_6f02_m04bn_0.sv:53]
INFO: [Synth 8-6157] synthesizing module 'bd_6f02_m04rn_0' [d:/licenta_16_layer_conv_copie/licenta_16_layer_conv.gen/sources_1/bd/design_1/ip/design_1_axi_smc_1/bd_0/ip/ip_48/synth/bd_6f02_m04rn_0.sv:53]
INFO: [Synth 8-6155] done synthesizing module 'bd_6f02_m04rn_0' (0#1) [d:/licenta_16_layer_conv_copie/licenta_16_layer_conv.gen/sources_1/bd/design_1/ip/design_1_axi_smc_1/bd_0/ip/ip_48/synth/bd_6f02_m04rn_0.sv:53]
INFO: [Synth 8-6157] synthesizing module 'bd_6f02_m04wn_0' [d:/licenta_16_layer_conv_copie/licenta_16_layer_conv.gen/sources_1/bd/design_1/ip/design_1_axi_smc_1/bd_0/ip/ip_50/synth/bd_6f02_m04wn_0.sv:53]
INFO: [Synth 8-6155] done synthesizing module 'bd_6f02_m04wn_0' (0#1) [d:/licenta_16_layer_conv_copie/licenta_16_layer_conv.gen/sources_1/bd/design_1/ip/design_1_axi_smc_1/bd_0/ip/ip_50/synth/bd_6f02_m04wn_0.sv:53]
INFO: [Synth 8-6155] done synthesizing module 'm04_nodes_imp_5KCFT6' (0#1) [d:/licenta_16_layer_conv_copie/licenta_16_layer_conv.gen/sources_1/bd/design_1/ip/design_1_axi_smc_1/bd_0/synth/bd_6f02.v:6049]
INFO: [Synth 8-6157] synthesizing module 'bd_6f02_m04s2a_0' [d:/licenta_16_layer_conv_copie/licenta_16_layer_conv.gen/sources_1/bd/design_1/ip/design_1_axi_smc_1/bd_0/ip/ip_46/synth/bd_6f02_m04s2a_0.sv:53]
INFO: [Synth 8-6155] done synthesizing module 'bd_6f02_m04s2a_0' (0#1) [d:/licenta_16_layer_conv_copie/licenta_16_layer_conv.gen/sources_1/bd/design_1/ip/design_1_axi_smc_1/bd_0/ip/ip_46/synth/bd_6f02_m04s2a_0.sv:53]
INFO: [Synth 8-6157] synthesizing module 'm05_exit_pipeline_imp_64Y96L' [d:/licenta_16_layer_conv_copie/licenta_16_layer_conv.gen/sources_1/bd/design_1/ip/design_1_axi_smc_1/bd_0/synth/bd_6f02.v:6345]
INFO: [Synth 8-6157] synthesizing module 'bd_6f02_m05e_0' [d:/licenta_16_layer_conv_copie/licenta_16_layer_conv.gen/sources_1/bd/design_1/ip/design_1_axi_smc_1/bd_0/ip/ip_59/synth/bd_6f02_m05e_0.sv:53]
INFO: [Synth 8-6155] done synthesizing module 'bd_6f02_m05e_0' (0#1) [d:/licenta_16_layer_conv_copie/licenta_16_layer_conv.gen/sources_1/bd/design_1/ip/design_1_axi_smc_1/bd_0/ip/ip_59/synth/bd_6f02_m05e_0.sv:53]
INFO: [Synth 8-6155] done synthesizing module 'm05_exit_pipeline_imp_64Y96L' (0#1) [d:/licenta_16_layer_conv_copie/licenta_16_layer_conv.gen/sources_1/bd/design_1/ip/design_1_axi_smc_1/bd_0/synth/bd_6f02.v:6345]
INFO: [Synth 8-6157] synthesizing module 'm05_nodes_imp_120I54S' [d:/licenta_16_layer_conv_copie/licenta_16_layer_conv.gen/sources_1/bd/design_1/ip/design_1_axi_smc_1/bd_0/synth/bd_6f02.v:6646]
INFO: [Synth 8-6157] synthesizing module 'bd_6f02_m05arn_0' [d:/licenta_16_layer_conv_copie/licenta_16_layer_conv.gen/sources_1/bd/design_1/ip/design_1_axi_smc_1/bd_0/ip/ip_54/synth/bd_6f02_m05arn_0.sv:53]
INFO: [Synth 8-6155] done synthesizing module 'bd_6f02_m05arn_0' (0#1) [d:/licenta_16_layer_conv_copie/licenta_16_layer_conv.gen/sources_1/bd/design_1/ip/design_1_axi_smc_1/bd_0/ip/ip_54/synth/bd_6f02_m05arn_0.sv:53]
INFO: [Synth 8-6157] synthesizing module 'bd_6f02_m05awn_0' [d:/licenta_16_layer_conv_copie/licenta_16_layer_conv.gen/sources_1/bd/design_1/ip/design_1_axi_smc_1/bd_0/ip/ip_56/synth/bd_6f02_m05awn_0.sv:53]
INFO: [Synth 8-6155] done synthesizing module 'bd_6f02_m05awn_0' (0#1) [d:/licenta_16_layer_conv_copie/licenta_16_layer_conv.gen/sources_1/bd/design_1/ip/design_1_axi_smc_1/bd_0/ip/ip_56/synth/bd_6f02_m05awn_0.sv:53]
INFO: [Synth 8-6157] synthesizing module 'bd_6f02_m05bn_0' [d:/licenta_16_layer_conv_copie/licenta_16_layer_conv.gen/sources_1/bd/design_1/ip/design_1_axi_smc_1/bd_0/ip/ip_58/synth/bd_6f02_m05bn_0.sv:53]
INFO: [Synth 8-6155] done synthesizing module 'bd_6f02_m05bn_0' (0#1) [d:/licenta_16_layer_conv_copie/licenta_16_layer_conv.gen/sources_1/bd/design_1/ip/design_1_axi_smc_1/bd_0/ip/ip_58/synth/bd_6f02_m05bn_0.sv:53]
INFO: [Synth 8-6157] synthesizing module 'bd_6f02_m05rn_0' [d:/licenta_16_layer_conv_copie/licenta_16_layer_conv.gen/sources_1/bd/design_1/ip/design_1_axi_smc_1/bd_0/ip/ip_55/synth/bd_6f02_m05rn_0.sv:53]
INFO: [Synth 8-6155] done synthesizing module 'bd_6f02_m05rn_0' (0#1) [d:/licenta_16_layer_conv_copie/licenta_16_layer_conv.gen/sources_1/bd/design_1/ip/design_1_axi_smc_1/bd_0/ip/ip_55/synth/bd_6f02_m05rn_0.sv:53]
INFO: [Synth 8-6157] synthesizing module 'bd_6f02_m05wn_0' [d:/licenta_16_layer_conv_copie/licenta_16_layer_conv.gen/sources_1/bd/design_1/ip/design_1_axi_smc_1/bd_0/ip/ip_57/synth/bd_6f02_m05wn_0.sv:53]
INFO: [Synth 8-6155] done synthesizing module 'bd_6f02_m05wn_0' (0#1) [d:/licenta_16_layer_conv_copie/licenta_16_layer_conv.gen/sources_1/bd/design_1/ip/design_1_axi_smc_1/bd_0/ip/ip_57/synth/bd_6f02_m05wn_0.sv:53]
INFO: [Synth 8-6155] done synthesizing module 'm05_nodes_imp_120I54S' (0#1) [d:/licenta_16_layer_conv_copie/licenta_16_layer_conv.gen/sources_1/bd/design_1/ip/design_1_axi_smc_1/bd_0/synth/bd_6f02.v:6646]
INFO: [Synth 8-6157] synthesizing module 'bd_6f02_m05s2a_0' [d:/licenta_16_layer_conv_copie/licenta_16_layer_conv.gen/sources_1/bd/design_1/ip/design_1_axi_smc_1/bd_0/ip/ip_53/synth/bd_6f02_m05s2a_0.sv:53]
INFO: [Synth 8-6155] done synthesizing module 'bd_6f02_m05s2a_0' (0#1) [d:/licenta_16_layer_conv_copie/licenta_16_layer_conv.gen/sources_1/bd/design_1/ip/design_1_axi_smc_1/bd_0/ip/ip_53/synth/bd_6f02_m05s2a_0.sv:53]
INFO: [Synth 8-6157] synthesizing module 'm06_exit_pipeline_imp_D5GAT9' [d:/licenta_16_layer_conv_copie/licenta_16_layer_conv.gen/sources_1/bd/design_1/ip/design_1_axi_smc_1/bd_0/synth/bd_6f02.v:6942]
INFO: [Synth 8-6157] synthesizing module 'bd_6f02_m06e_0' [d:/licenta_16_layer_conv_copie/licenta_16_layer_conv.gen/sources_1/bd/design_1/ip/design_1_axi_smc_1/bd_0/ip/ip_66/synth/bd_6f02_m06e_0.sv:53]
INFO: [Synth 8-6155] done synthesizing module 'bd_6f02_m06e_0' (0#1) [d:/licenta_16_layer_conv_copie/licenta_16_layer_conv.gen/sources_1/bd/design_1/ip/design_1_axi_smc_1/bd_0/ip/ip_66/synth/bd_6f02_m06e_0.sv:53]
INFO: [Synth 8-6155] done synthesizing module 'm06_exit_pipeline_imp_D5GAT9' (0#1) [d:/licenta_16_layer_conv_copie/licenta_16_layer_conv.gen/sources_1/bd/design_1/ip/design_1_axi_smc_1/bd_0/synth/bd_6f02.v:6942]
INFO: [Synth 8-6157] synthesizing module 'm06_nodes_imp_1W2ZXRB' [d:/licenta_16_layer_conv_copie/licenta_16_layer_conv.gen/sources_1/bd/design_1/ip/design_1_axi_smc_1/bd_0/synth/bd_6f02.v:7243]
INFO: [Synth 8-6157] synthesizing module 'bd_6f02_m06arn_0' [d:/licenta_16_layer_conv_copie/licenta_16_layer_conv.gen/sources_1/bd/design_1/ip/design_1_axi_smc_1/bd_0/ip/ip_61/synth/bd_6f02_m06arn_0.sv:53]
INFO: [Synth 8-6155] done synthesizing module 'bd_6f02_m06arn_0' (0#1) [d:/licenta_16_layer_conv_copie/licenta_16_layer_conv.gen/sources_1/bd/design_1/ip/design_1_axi_smc_1/bd_0/ip/ip_61/synth/bd_6f02_m06arn_0.sv:53]
INFO: [Synth 8-6157] synthesizing module 'bd_6f02_m06awn_0' [d:/licenta_16_layer_conv_copie/licenta_16_layer_conv.gen/sources_1/bd/design_1/ip/design_1_axi_smc_1/bd_0/ip/ip_63/synth/bd_6f02_m06awn_0.sv:53]
INFO: [Synth 8-6155] done synthesizing module 'bd_6f02_m06awn_0' (0#1) [d:/licenta_16_layer_conv_copie/licenta_16_layer_conv.gen/sources_1/bd/design_1/ip/design_1_axi_smc_1/bd_0/ip/ip_63/synth/bd_6f02_m06awn_0.sv:53]
INFO: [Synth 8-6157] synthesizing module 'bd_6f02_m06bn_0' [d:/licenta_16_layer_conv_copie/licenta_16_layer_conv.gen/sources_1/bd/design_1/ip/design_1_axi_smc_1/bd_0/ip/ip_65/synth/bd_6f02_m06bn_0.sv:53]
INFO: [Synth 8-6155] done synthesizing module 'bd_6f02_m06bn_0' (0#1) [d:/licenta_16_layer_conv_copie/licenta_16_layer_conv.gen/sources_1/bd/design_1/ip/design_1_axi_smc_1/bd_0/ip/ip_65/synth/bd_6f02_m06bn_0.sv:53]
INFO: [Synth 8-6157] synthesizing module 'bd_6f02_m06rn_0' [d:/licenta_16_layer_conv_copie/licenta_16_layer_conv.gen/sources_1/bd/design_1/ip/design_1_axi_smc_1/bd_0/ip/ip_62/synth/bd_6f02_m06rn_0.sv:53]
INFO: [Synth 8-6155] done synthesizing module 'bd_6f02_m06rn_0' (0#1) [d:/licenta_16_layer_conv_copie/licenta_16_layer_conv.gen/sources_1/bd/design_1/ip/design_1_axi_smc_1/bd_0/ip/ip_62/synth/bd_6f02_m06rn_0.sv:53]
INFO: [Synth 8-6157] synthesizing module 'bd_6f02_m06wn_0' [d:/licenta_16_layer_conv_copie/licenta_16_layer_conv.gen/sources_1/bd/design_1/ip/design_1_axi_smc_1/bd_0/ip/ip_64/synth/bd_6f02_m06wn_0.sv:53]
INFO: [Synth 8-6155] done synthesizing module 'bd_6f02_m06wn_0' (0#1) [d:/licenta_16_layer_conv_copie/licenta_16_layer_conv.gen/sources_1/bd/design_1/ip/design_1_axi_smc_1/bd_0/ip/ip_64/synth/bd_6f02_m06wn_0.sv:53]
INFO: [Synth 8-6155] done synthesizing module 'm06_nodes_imp_1W2ZXRB' (0#1) [d:/licenta_16_layer_conv_copie/licenta_16_layer_conv.gen/sources_1/bd/design_1/ip/design_1_axi_smc_1/bd_0/synth/bd_6f02.v:7243]
INFO: [Synth 8-6157] synthesizing module 'bd_6f02_m06s2a_0' [d:/licenta_16_layer_conv_copie/licenta_16_layer_conv.gen/sources_1/bd/design_1/ip/design_1_axi_smc_1/bd_0/ip/ip_60/synth/bd_6f02_m06s2a_0.sv:53]
INFO: [Synth 8-6155] done synthesizing module 'bd_6f02_m06s2a_0' (0#1) [d:/licenta_16_layer_conv_copie/licenta_16_layer_conv.gen/sources_1/bd/design_1/ip/design_1_axi_smc_1/bd_0/ip/ip_60/synth/bd_6f02_m06s2a_0.sv:53]
INFO: [Synth 8-6157] synthesizing module 'bd_6f02_s00a2s_0' [d:/licenta_16_layer_conv_copie/licenta_16_layer_conv.gen/sources_1/bd/design_1/ip/design_1_axi_smc_1/bd_0/ip/ip_12/synth/bd_6f02_s00a2s_0.sv:53]
INFO: [Synth 8-6155] done synthesizing module 'bd_6f02_s00a2s_0' (0#1) [d:/licenta_16_layer_conv_copie/licenta_16_layer_conv.gen/sources_1/bd/design_1/ip/design_1_axi_smc_1/bd_0/ip/ip_12/synth/bd_6f02_s00a2s_0.sv:53]
INFO: [Synth 8-6157] synthesizing module 's00_entry_pipeline_imp_1PSXOAM' [d:/licenta_16_layer_conv_copie/licenta_16_layer_conv.gen/sources_1/bd/design_1/ip/design_1_axi_smc_1/bd_0/synth/bd_6f02.v:7539]
INFO: [Synth 8-6157] synthesizing module 'bd_6f02_s00mmu_0' [d:/licenta_16_layer_conv_copie/licenta_16_layer_conv.gen/sources_1/bd/design_1/ip/design_1_axi_smc_1/bd_0/ip/ip_9/synth/bd_6f02_s00mmu_0.sv:53]
INFO: [Synth 8-6155] done synthesizing module 'bd_6f02_s00mmu_0' (0#1) [d:/licenta_16_layer_conv_copie/licenta_16_layer_conv.gen/sources_1/bd/design_1/ip/design_1_axi_smc_1/bd_0/ip/ip_9/synth/bd_6f02_s00mmu_0.sv:53]
INFO: [Synth 8-6157] synthesizing module 'bd_6f02_s00sic_0' [d:/licenta_16_layer_conv_copie/licenta_16_layer_conv.gen/sources_1/bd/design_1/ip/design_1_axi_smc_1/bd_0/ip/ip_11/synth/bd_6f02_s00sic_0.sv:53]
INFO: [Synth 8-6155] done synthesizing module 'bd_6f02_s00sic_0' (0#1) [d:/licenta_16_layer_conv_copie/licenta_16_layer_conv.gen/sources_1/bd/design_1/ip/design_1_axi_smc_1/bd_0/ip/ip_11/synth/bd_6f02_s00sic_0.sv:53]
INFO: [Synth 8-6157] synthesizing module 'bd_6f02_s00tr_0' [d:/licenta_16_layer_conv_copie/licenta_16_layer_conv.gen/sources_1/bd/design_1/ip/design_1_axi_smc_1/bd_0/ip/ip_10/synth/bd_6f02_s00tr_0.sv:53]
INFO: [Synth 8-6155] done synthesizing module 'bd_6f02_s00tr_0' (0#1) [d:/licenta_16_layer_conv_copie/licenta_16_layer_conv.gen/sources_1/bd/design_1/ip/design_1_axi_smc_1/bd_0/ip/ip_10/synth/bd_6f02_s00tr_0.sv:53]
INFO: [Synth 8-6155] done synthesizing module 's00_entry_pipeline_imp_1PSXOAM' (0#1) [d:/licenta_16_layer_conv_copie/licenta_16_layer_conv.gen/sources_1/bd/design_1/ip/design_1_axi_smc_1/bd_0/synth/bd_6f02.v:7539]
INFO: [Synth 8-6157] synthesizing module 's00_nodes_imp_1KC0NQC' [d:/licenta_16_layer_conv_copie/licenta_16_layer_conv.gen/sources_1/bd/design_1/ip/design_1_axi_smc_1/bd_0/synth/bd_6f02.v:8193]
INFO: [Synth 8-6157] synthesizing module 'bd_6f02_sarn_0' [d:/licenta_16_layer_conv_copie/licenta_16_layer_conv.gen/sources_1/bd/design_1/ip/design_1_axi_smc_1/bd_0/ip/ip_13/synth/bd_6f02_sarn_0.sv:53]
INFO: [Common 17-14] Message 'Synth 8-6157' appears 100 times and further instances of the messages will be disabled. Use the Tcl command set_msg_config to change the current settings.
INFO: [Synth 8-6155] done synthesizing module 'xpm_memory_base__parameterized10' (0#1) [D:/Vivado/2024.1/data/ip/xpm/xpm_memory/hdl/xpm_memory.sv:54]
INFO: [Synth 8-6155] done synthesizing module 'xpm_memory_sdpram__parameterized10' (0#1) [D:/Vivado/2024.1/data/ip/xpm/xpm_memory/hdl/xpm_memory.sv:8556]
INFO: [Synth 8-6155] done synthesizing module 'xpm_memory_base__parameterized11' (0#1) [D:/Vivado/2024.1/data/ip/xpm/xpm_memory/hdl/xpm_memory.sv:54]
INFO: [Synth 8-6155] done synthesizing module 'xpm_memory_sdpram__parameterized11' (0#1) [D:/Vivado/2024.1/data/ip/xpm/xpm_memory/hdl/xpm_memory.sv:8556]
INFO: [Common 17-14] Message 'Synth 8-6155' appears 100 times and further instances of the messages will be disabled. Use the Tcl command set_msg_config to change the current settings.
WARNING: [Synth 8-3848] Net aresetn_out in module/entity clk_map_imp_19UC7HI does not have driver. [d:/licenta_16_layer_conv_copie/licenta_16_layer_conv.gen/sources_1/bd/design_1/ip/design_1_axi_smc_1/bd_0/synth/bd_6f02.v:3232]
WARNING: [Synth 8-6014] Unused sequential element dest_out_bin_ff_reg was removed.  [D:/Vivado/2024.1/data/ip/xpm/xpm_cdc/hdl/xpm_cdc.sv:417]
WARNING: [Synth 8-7129] Port aclk in module sc_util_v1_0_4_pipeline__parameterized0 is either unconnected or has no load
WARNING: [Synth 8-7129] Port aclken in module sc_util_v1_0_4_pipeline__parameterized0 is either unconnected or has no load
WARNING: [Synth 8-7129] Port areset in module sc_util_v1_0_4_pipeline__parameterized0 is either unconnected or has no load
WARNING: [Synth 8-7129] Port din[0] in module sc_util_v1_0_4_onehot_to_binary is either unconnected or has no load
WARNING: [Synth 8-7129] Port aclk in module sc_util_v1_0_4_pipeline__parameterized5 is either unconnected or has no load
WARNING: [Synth 8-7129] Port aclken in module sc_util_v1_0_4_pipeline__parameterized5 is either unconnected or has no load
WARNING: [Synth 8-7129] Port areset in module sc_util_v1_0_4_pipeline__parameterized5 is either unconnected or has no load
WARNING: [Synth 8-7129] Port connectivity[6] in module sc_switchboard_v1_0_8_top__parameterized2 is either unconnected or has no load
WARNING: [Synth 8-7129] Port connectivity[5] in module sc_switchboard_v1_0_8_top__parameterized2 is either unconnected or has no load
WARNING: [Synth 8-7129] Port connectivity[4] in module sc_switchboard_v1_0_8_top__parameterized2 is either unconnected or has no load
WARNING: [Synth 8-7129] Port connectivity[3] in module sc_switchboard_v1_0_8_top__parameterized2 is either unconnected or has no load
WARNING: [Synth 8-7129] Port connectivity[2] in module sc_switchboard_v1_0_8_top__parameterized2 is either unconnected or has no load
WARNING: [Synth 8-7129] Port connectivity[1] in module sc_switchboard_v1_0_8_top__parameterized2 is either unconnected or has no load
WARNING: [Synth 8-7129] Port connectivity[0] in module sc_switchboard_v1_0_8_top__parameterized2 is either unconnected or has no load
WARNING: [Synth 8-7129] Port aclk in module sc_util_v1_0_4_pipeline__parameterized8 is either unconnected or has no load
WARNING: [Synth 8-7129] Port aclken in module sc_util_v1_0_4_pipeline__parameterized8 is either unconnected or has no load
WARNING: [Synth 8-7129] Port areset in module sc_util_v1_0_4_pipeline__parameterized8 is either unconnected or has no load
WARNING: [Synth 8-7129] Port din[0] in module sc_util_v1_0_4_onehot_to_binary__parameterized1 is either unconnected or has no load
WARNING: [Synth 8-7129] Port aclk in module sc_util_v1_0_4_pipeline__parameterized4 is either unconnected or has no load
WARNING: [Synth 8-7129] Port aclken in module sc_util_v1_0_4_pipeline__parameterized4 is either unconnected or has no load
WARNING: [Synth 8-7129] Port areset in module sc_util_v1_0_4_pipeline__parameterized4 is either unconnected or has no load
WARNING: [Synth 8-7129] Port connectivity[6] in module sc_switchboard_v1_0_8_top__parameterized1 is either unconnected or has no load
WARNING: [Synth 8-7129] Port connectivity[5] in module sc_switchboard_v1_0_8_top__parameterized1 is either unconnected or has no load
WARNING: [Synth 8-7129] Port connectivity[4] in module sc_switchboard_v1_0_8_top__parameterized1 is either unconnected or has no load
WARNING: [Synth 8-7129] Port connectivity[3] in module sc_switchboard_v1_0_8_top__parameterized1 is either unconnected or has no load
WARNING: [Synth 8-7129] Port connectivity[2] in module sc_switchboard_v1_0_8_top__parameterized1 is either unconnected or has no load
WARNING: [Synth 8-7129] Port connectivity[1] in module sc_switchboard_v1_0_8_top__parameterized1 is either unconnected or has no load
WARNING: [Synth 8-7129] Port connectivity[0] in module sc_switchboard_v1_0_8_top__parameterized1 is either unconnected or has no load
WARNING: [Synth 8-7129] Port aclk in module sc_util_v1_0_4_pipeline__parameterized3 is either unconnected or has no load
WARNING: [Synth 8-7129] Port aclken in module sc_util_v1_0_4_pipeline__parameterized3 is either unconnected or has no load
WARNING: [Synth 8-7129] Port areset in module sc_util_v1_0_4_pipeline__parameterized3 is either unconnected or has no load
WARNING: [Synth 8-7129] Port connectivity[6] in module sc_switchboard_v1_0_8_top__parameterized0 is either unconnected or has no load
WARNING: [Synth 8-7129] Port connectivity[5] in module sc_switchboard_v1_0_8_top__parameterized0 is either unconnected or has no load
WARNING: [Synth 8-7129] Port connectivity[4] in module sc_switchboard_v1_0_8_top__parameterized0 is either unconnected or has no load
WARNING: [Synth 8-7129] Port connectivity[3] in module sc_switchboard_v1_0_8_top__parameterized0 is either unconnected or has no load
WARNING: [Synth 8-7129] Port connectivity[2] in module sc_switchboard_v1_0_8_top__parameterized0 is either unconnected or has no load
WARNING: [Synth 8-7129] Port connectivity[1] in module sc_switchboard_v1_0_8_top__parameterized0 is either unconnected or has no load
WARNING: [Synth 8-7129] Port connectivity[0] in module sc_switchboard_v1_0_8_top__parameterized0 is either unconnected or has no load
WARNING: [Synth 8-7129] Port aclk in module sc_util_v1_0_4_pipeline__parameterized1 is either unconnected or has no load
WARNING: [Synth 8-7129] Port aclken in module sc_util_v1_0_4_pipeline__parameterized1 is either unconnected or has no load
WARNING: [Synth 8-7129] Port areset in module sc_util_v1_0_4_pipeline__parameterized1 is either unconnected or has no load
WARNING: [Synth 8-7129] Port connectivity[6] in module sc_switchboard_v1_0_8_top is either unconnected or has no load
WARNING: [Synth 8-7129] Port connectivity[5] in module sc_switchboard_v1_0_8_top is either unconnected or has no load
WARNING: [Synth 8-7129] Port connectivity[4] in module sc_switchboard_v1_0_8_top is either unconnected or has no load
WARNING: [Synth 8-7129] Port connectivity[3] in module sc_switchboard_v1_0_8_top is either unconnected or has no load
WARNING: [Synth 8-7129] Port connectivity[2] in module sc_switchboard_v1_0_8_top is either unconnected or has no load
WARNING: [Synth 8-7129] Port connectivity[1] in module sc_switchboard_v1_0_8_top is either unconnected or has no load
WARNING: [Synth 8-7129] Port connectivity[0] in module sc_switchboard_v1_0_8_top is either unconnected or has no load
WARNING: [Synth 8-7129] Port aresetn in module switchboards_imp_18NKQB4 is either unconnected or has no load
WARNING: [Synth 8-7129] Port sleep in module xpm_memory_base__parameterized14 is either unconnected or has no load
WARNING: [Synth 8-7129] Port rsta in module xpm_memory_base__parameterized14 is either unconnected or has no load
WARNING: [Synth 8-7129] Port regcea in module xpm_memory_base__parameterized14 is either unconnected or has no load
WARNING: [Synth 8-7129] Port injectsbiterra in module xpm_memory_base__parameterized14 is either unconnected or has no load
WARNING: [Synth 8-7129] Port injectdbiterra in module xpm_memory_base__parameterized14 is either unconnected or has no load
WARNING: [Synth 8-7129] Port clkb in module xpm_memory_base__parameterized14 is either unconnected or has no load
WARNING: [Synth 8-7129] Port regceb in module xpm_memory_base__parameterized14 is either unconnected or has no load
WARNING: [Synth 8-7129] Port web[0] in module xpm_memory_base__parameterized14 is either unconnected or has no load
WARNING: [Synth 8-7129] Port dinb[57] in module xpm_memory_base__parameterized14 is either unconnected or has no load
WARNING: [Synth 8-7129] Port dinb[56] in module xpm_memory_base__parameterized14 is either unconnected or has no load
WARNING: [Synth 8-7129] Port dinb[55] in module xpm_memory_base__parameterized14 is either unconnected or has no load
WARNING: [Synth 8-7129] Port dinb[54] in module xpm_memory_base__parameterized14 is either unconnected or has no load
WARNING: [Synth 8-7129] Port dinb[53] in module xpm_memory_base__parameterized14 is either unconnected or has no load
WARNING: [Synth 8-7129] Port dinb[52] in module xpm_memory_base__parameterized14 is either unconnected or has no load
WARNING: [Synth 8-7129] Port dinb[51] in module xpm_memory_base__parameterized14 is either unconnected or has no load
WARNING: [Synth 8-7129] Port dinb[50] in module xpm_memory_base__parameterized14 is either unconnected or has no load
WARNING: [Synth 8-7129] Port dinb[49] in module xpm_memory_base__parameterized14 is either unconnected or has no load
WARNING: [Synth 8-7129] Port dinb[48] in module xpm_memory_base__parameterized14 is either unconnected or has no load
WARNING: [Synth 8-7129] Port dinb[47] in module xpm_memory_base__parameterized14 is either unconnected or has no load
WARNING: [Synth 8-7129] Port dinb[46] in module xpm_memory_base__parameterized14 is either unconnected or has no load
WARNING: [Synth 8-7129] Port dinb[45] in module xpm_memory_base__parameterized14 is either unconnected or has no load
WARNING: [Synth 8-7129] Port dinb[44] in module xpm_memory_base__parameterized14 is either unconnected or has no load
WARNING: [Synth 8-7129] Port dinb[43] in module xpm_memory_base__parameterized14 is either unconnected or has no load
WARNING: [Synth 8-7129] Port dinb[42] in module xpm_memory_base__parameterized14 is either unconnected or has no load
WARNING: [Synth 8-7129] Port dinb[41] in module xpm_memory_base__parameterized14 is either unconnected or has no load
WARNING: [Synth 8-7129] Port dinb[40] in module xpm_memory_base__parameterized14 is either unconnected or has no load
WARNING: [Synth 8-7129] Port dinb[39] in module xpm_memory_base__parameterized14 is either unconnected or has no load
WARNING: [Synth 8-7129] Port dinb[38] in module xpm_memory_base__parameterized14 is either unconnected or has no load
WARNING: [Synth 8-7129] Port dinb[37] in module xpm_memory_base__parameterized14 is either unconnected or has no load
WARNING: [Synth 8-7129] Port dinb[36] in module xpm_memory_base__parameterized14 is either unconnected or has no load
WARNING: [Synth 8-7129] Port dinb[35] in module xpm_memory_base__parameterized14 is either unconnected or has no load
WARNING: [Synth 8-7129] Port dinb[34] in module xpm_memory_base__parameterized14 is either unconnected or has no load
WARNING: [Synth 8-7129] Port dinb[33] in module xpm_memory_base__parameterized14 is either unconnected or has no load
WARNING: [Synth 8-7129] Port dinb[32] in module xpm_memory_base__parameterized14 is either unconnected or has no load
WARNING: [Synth 8-7129] Port dinb[31] in module xpm_memory_base__parameterized14 is either unconnected or has no load
WARNING: [Synth 8-7129] Port dinb[30] in module xpm_memory_base__parameterized14 is either unconnected or has no load
WARNING: [Synth 8-7129] Port dinb[29] in module xpm_memory_base__parameterized14 is either unconnected or has no load
WARNING: [Synth 8-7129] Port dinb[28] in module xpm_memory_base__parameterized14 is either unconnected or has no load
WARNING: [Synth 8-7129] Port dinb[27] in module xpm_memory_base__parameterized14 is either unconnected or has no load
WARNING: [Synth 8-7129] Port dinb[26] in module xpm_memory_base__parameterized14 is either unconnected or has no load
WARNING: [Synth 8-7129] Port dinb[25] in module xpm_memory_base__parameterized14 is either unconnected or has no load
WARNING: [Synth 8-7129] Port dinb[24] in module xpm_memory_base__parameterized14 is either unconnected or has no load
WARNING: [Synth 8-7129] Port dinb[23] in module xpm_memory_base__parameterized14 is either unconnected or has no load
WARNING: [Synth 8-7129] Port dinb[22] in module xpm_memory_base__parameterized14 is either unconnected or has no load
WARNING: [Synth 8-7129] Port dinb[21] in module xpm_memory_base__parameterized14 is either unconnected or has no load
WARNING: [Synth 8-7129] Port dinb[20] in module xpm_memory_base__parameterized14 is either unconnected or has no load
WARNING: [Synth 8-7129] Port dinb[19] in module xpm_memory_base__parameterized14 is either unconnected or has no load
WARNING: [Synth 8-7129] Port dinb[18] in module xpm_memory_base__parameterized14 is either unconnected or has no load
WARNING: [Synth 8-7129] Port dinb[17] in module xpm_memory_base__parameterized14 is either unconnected or has no load
WARNING: [Synth 8-7129] Port dinb[16] in module xpm_memory_base__parameterized14 is either unconnected or has no load
WARNING: [Synth 8-7129] Port dinb[15] in module xpm_memory_base__parameterized14 is either unconnected or has no load
INFO: [Common 17-14] Message 'Synth 8-7129' appears 100 times and further instances of the messages will be disabled. Use the Tcl command set_msg_config to change the current settings.
---------------------------------------------------------------------------------
Finished RTL Elaboration : Time (s): cpu = 00:00:28 ; elapsed = 00:00:31 . Memory (MB): peak = 1789.199 ; gain = 799.176
---------------------------------------------------------------------------------
---------------------------------------------------------------------------------
Start Handling Custom Attributes
---------------------------------------------------------------------------------
---------------------------------------------------------------------------------
Finished Handling Custom Attributes : Time (s): cpu = 00:00:28 ; elapsed = 00:00:31 . Memory (MB): peak = 1789.199 ; gain = 799.176
---------------------------------------------------------------------------------
---------------------------------------------------------------------------------
Finished RTL Optimization Phase 1 : Time (s): cpu = 00:00:28 ; elapsed = 00:00:31 . Memory (MB): peak = 1789.199 ; gain = 799.176
---------------------------------------------------------------------------------
Netlist sorting complete. Time (s): cpu = 00:00:04 ; elapsed = 00:00:05 . Memory (MB): peak = 2232.188 ; gain = 18.812
INFO: [Netlist 29-17] Analyzing 39 Unisim elements for replacement
INFO: [Netlist 29-28] Unisim Transformation completed in 0 CPU seconds
INFO: [Project 1-570] Preparing netlist for logic optimization

Processing XDC Constraints
Initializing timing engine
Parsing XDC File [d:/licenta_16_layer_conv_copie/licenta_16_layer_conv.gen/sources_1/bd/design_1/ip/design_1_axi_smc_1/ooc.xdc] for cell 'inst'
Finished Parsing XDC File [d:/licenta_16_layer_conv_copie/licenta_16_layer_conv.gen/sources_1/bd/design_1/ip/design_1_axi_smc_1/ooc.xdc] for cell 'inst'
Parsing XDC File [d:/licenta_16_layer_conv_copie/licenta_16_layer_conv.gen/sources_1/bd/design_1/ip/design_1_axi_smc_1/bd_0/ip/ip_1/bd_6f02_psr0_0_board.xdc] for cell 'inst/clk_map/psr0/U0'
Finished Parsing XDC File [d:/licenta_16_layer_conv_copie/licenta_16_layer_conv.gen/sources_1/bd/design_1/ip/design_1_axi_smc_1/bd_0/ip/ip_1/bd_6f02_psr0_0_board.xdc] for cell 'inst/clk_map/psr0/U0'
Parsing XDC File [d:/licenta_16_layer_conv_copie/licenta_16_layer_conv.gen/sources_1/bd/design_1/ip/design_1_axi_smc_1/bd_0/ip/ip_1/bd_6f02_psr0_0.xdc] for cell 'inst/clk_map/psr0/U0'
Finished Parsing XDC File [d:/licenta_16_layer_conv_copie/licenta_16_layer_conv.gen/sources_1/bd/design_1/ip/design_1_axi_smc_1/bd_0/ip/ip_1/bd_6f02_psr0_0.xdc] for cell 'inst/clk_map/psr0/U0'
INFO: [Project 1-236] Implementation specific constraints were found while reading constraint file [d:/licenta_16_layer_conv_copie/licenta_16_layer_conv.gen/sources_1/bd/design_1/ip/design_1_axi_smc_1/bd_0/ip/ip_1/bd_6f02_psr0_0.xdc]. These constraints will be ignored for synthesis but will be used in implementation. Impacted constraints are listed in the file [.Xil/design_1_axi_smc_1_propImpl.xdc].
Resolution: To avoid this warning, move constraints listed in [.Xil/design_1_axi_smc_1_propImpl.xdc] to another XDC file and exclude this new file from synthesis with the used_in_synthesis property (File Properties dialog in GUI) and re-run elaboration/synthesis.
Parsing XDC File [d:/licenta_16_layer_conv_copie/licenta_16_layer_conv.gen/sources_1/bd/design_1/ip/design_1_axi_smc_1/bd_0/ip/ip_2/bd_6f02_psr_aclk_0_board.xdc] for cell 'inst/clk_map/psr_aclk/U0'
Finished Parsing XDC File [d:/licenta_16_layer_conv_copie/licenta_16_layer_conv.gen/sources_1/bd/design_1/ip/design_1_axi_smc_1/bd_0/ip/ip_2/bd_6f02_psr_aclk_0_board.xdc] for cell 'inst/clk_map/psr_aclk/U0'
Parsing XDC File [d:/licenta_16_layer_conv_copie/licenta_16_layer_conv.gen/sources_1/bd/design_1/ip/design_1_axi_smc_1/bd_0/ip/ip_2/bd_6f02_psr_aclk_0.xdc] for cell 'inst/clk_map/psr_aclk/U0'
Finished Parsing XDC File [d:/licenta_16_layer_conv_copie/licenta_16_layer_conv.gen/sources_1/bd/design_1/ip/design_1_axi_smc_1/bd_0/ip/ip_2/bd_6f02_psr_aclk_0.xdc] for cell 'inst/clk_map/psr_aclk/U0'
INFO: [Project 1-236] Implementation specific constraints were found while reading constraint file [d:/licenta_16_layer_conv_copie/licenta_16_layer_conv.gen/sources_1/bd/design_1/ip/design_1_axi_smc_1/bd_0/ip/ip_2/bd_6f02_psr_aclk_0.xdc]. These constraints will be ignored for synthesis but will be used in implementation. Impacted constraints are listed in the file [.Xil/design_1_axi_smc_1_propImpl.xdc].
Resolution: To avoid this warning, move constraints listed in [.Xil/design_1_axi_smc_1_propImpl.xdc] to another XDC file and exclude this new file from synthesis with the used_in_synthesis property (File Properties dialog in GUI) and re-run elaboration/synthesis.
Parsing XDC File [d:/licenta_16_layer_conv_copie/licenta_16_layer_conv.gen/sources_1/bd/design_1/ip/design_1_axi_smc_1/bd_0/ip/ip_3/bd_6f02_psr_aclk1_0_board.xdc] for cell 'inst/clk_map/psr_aclk1/U0'
Finished Parsing XDC File [d:/licenta_16_layer_conv_copie/licenta_16_layer_conv.gen/sources_1/bd/design_1/ip/design_1_axi_smc_1/bd_0/ip/ip_3/bd_6f02_psr_aclk1_0_board.xdc] for cell 'inst/clk_map/psr_aclk1/U0'
Parsing XDC File [d:/licenta_16_layer_conv_copie/licenta_16_layer_conv.gen/sources_1/bd/design_1/ip/design_1_axi_smc_1/bd_0/ip/ip_3/bd_6f02_psr_aclk1_0.xdc] for cell 'inst/clk_map/psr_aclk1/U0'
Finished Parsing XDC File [d:/licenta_16_layer_conv_copie/licenta_16_layer_conv.gen/sources_1/bd/design_1/ip/design_1_axi_smc_1/bd_0/ip/ip_3/bd_6f02_psr_aclk1_0.xdc] for cell 'inst/clk_map/psr_aclk1/U0'
INFO: [Project 1-236] Implementation specific constraints were found while reading constraint file [d:/licenta_16_layer_conv_copie/licenta_16_layer_conv.gen/sources_1/bd/design_1/ip/design_1_axi_smc_1/bd_0/ip/ip_3/bd_6f02_psr_aclk1_0.xdc]. These constraints will be ignored for synthesis but will be used in implementation. Impacted constraints are listed in the file [.Xil/design_1_axi_smc_1_propImpl.xdc].
Resolution: To avoid this warning, move constraints listed in [.Xil/design_1_axi_smc_1_propImpl.xdc] to another XDC file and exclude this new file from synthesis with the used_in_synthesis property (File Properties dialog in GUI) and re-run elaboration/synthesis.
Parsing XDC File [d:/licenta_16_layer_conv_copie/licenta_16_layer_conv.gen/sources_1/bd/design_1/ip/design_1_axi_smc_1/bd_0/ip/ip_13/bd_6f02_sarn_0_clocks.xdc] for cell 'inst/s00_nodes/s00_ar_node/inst'
Finished Parsing XDC File [d:/licenta_16_layer_conv_copie/licenta_16_layer_conv.gen/sources_1/bd/design_1/ip/design_1_axi_smc_1/bd_0/ip/ip_13/bd_6f02_sarn_0_clocks.xdc] for cell 'inst/s00_nodes/s00_ar_node/inst'
INFO: [Project 1-236] Implementation specific constraints were found while reading constraint file [d:/licenta_16_layer_conv_copie/licenta_16_layer_conv.gen/sources_1/bd/design_1/ip/design_1_axi_smc_1/bd_0/ip/ip_13/bd_6f02_sarn_0_clocks.xdc]. These constraints will be ignored for synthesis but will be used in implementation. Impacted constraints are listed in the file [.Xil/design_1_axi_smc_1_propImpl.xdc].
Resolution: To avoid this warning, move constraints listed in [.Xil/design_1_axi_smc_1_propImpl.xdc] to another XDC file and exclude this new file from synthesis with the used_in_synthesis property (File Properties dialog in GUI) and re-run elaboration/synthesis.
Parsing XDC File [d:/licenta_16_layer_conv_copie/licenta_16_layer_conv.gen/sources_1/bd/design_1/ip/design_1_axi_smc_1/bd_0/ip/ip_14/bd_6f02_srn_0_clocks.xdc] for cell 'inst/s00_nodes/s00_r_node/inst'
Finished Parsing XDC File [d:/licenta_16_layer_conv_copie/licenta_16_layer_conv.gen/sources_1/bd/design_1/ip/design_1_axi_smc_1/bd_0/ip/ip_14/bd_6f02_srn_0_clocks.xdc] for cell 'inst/s00_nodes/s00_r_node/inst'
INFO: [Project 1-236] Implementation specific constraints were found while reading constraint file [d:/licenta_16_layer_conv_copie/licenta_16_layer_conv.gen/sources_1/bd/design_1/ip/design_1_axi_smc_1/bd_0/ip/ip_14/bd_6f02_srn_0_clocks.xdc]. These constraints will be ignored for synthesis but will be used in implementation. Impacted constraints are listed in the file [.Xil/design_1_axi_smc_1_propImpl.xdc].
Resolution: To avoid this warning, move constraints listed in [.Xil/design_1_axi_smc_1_propImpl.xdc] to another XDC file and exclude this new file from synthesis with the used_in_synthesis property (File Properties dialog in GUI) and re-run elaboration/synthesis.
Parsing XDC File [d:/licenta_16_layer_conv_copie/licenta_16_layer_conv.gen/sources_1/bd/design_1/ip/design_1_axi_smc_1/bd_0/ip/ip_15/bd_6f02_sawn_0_clocks.xdc] for cell 'inst/s00_nodes/s00_aw_node/inst'
Finished Parsing XDC File [d:/licenta_16_layer_conv_copie/licenta_16_layer_conv.gen/sources_1/bd/design_1/ip/design_1_axi_smc_1/bd_0/ip/ip_15/bd_6f02_sawn_0_clocks.xdc] for cell 'inst/s00_nodes/s00_aw_node/inst'
INFO: [Project 1-236] Implementation specific constraints were found while reading constraint file [d:/licenta_16_layer_conv_copie/licenta_16_layer_conv.gen/sources_1/bd/design_1/ip/design_1_axi_smc_1/bd_0/ip/ip_15/bd_6f02_sawn_0_clocks.xdc]. These constraints will be ignored for synthesis but will be used in implementation. Impacted constraints are listed in the file [.Xil/design_1_axi_smc_1_propImpl.xdc].
Resolution: To avoid this warning, move constraints listed in [.Xil/design_1_axi_smc_1_propImpl.xdc] to another XDC file and exclude this new file from synthesis with the used_in_synthesis property (File Properties dialog in GUI) and re-run elaboration/synthesis.
Parsing XDC File [d:/licenta_16_layer_conv_copie/licenta_16_layer_conv.gen/sources_1/bd/design_1/ip/design_1_axi_smc_1/bd_0/ip/ip_16/bd_6f02_swn_0_clocks.xdc] for cell 'inst/s00_nodes/s00_w_node/inst'
Finished Parsing XDC File [d:/licenta_16_layer_conv_copie/licenta_16_layer_conv.gen/sources_1/bd/design_1/ip/design_1_axi_smc_1/bd_0/ip/ip_16/bd_6f02_swn_0_clocks.xdc] for cell 'inst/s00_nodes/s00_w_node/inst'
INFO: [Project 1-236] Implementation specific constraints were found while reading constraint file [d:/licenta_16_layer_conv_copie/licenta_16_layer_conv.gen/sources_1/bd/design_1/ip/design_1_axi_smc_1/bd_0/ip/ip_16/bd_6f02_swn_0_clocks.xdc]. These constraints will be ignored for synthesis but will be used in implementation. Impacted constraints are listed in the file [.Xil/design_1_axi_smc_1_propImpl.xdc].
Resolution: To avoid this warning, move constraints listed in [.Xil/design_1_axi_smc_1_propImpl.xdc] to another XDC file and exclude this new file from synthesis with the used_in_synthesis property (File Properties dialog in GUI) and re-run elaboration/synthesis.
Parsing XDC File [d:/licenta_16_layer_conv_copie/licenta_16_layer_conv.gen/sources_1/bd/design_1/ip/design_1_axi_smc_1/bd_0/ip/ip_17/bd_6f02_sbn_0_clocks.xdc] for cell 'inst/s00_nodes/s00_b_node/inst'
Finished Parsing XDC File [d:/licenta_16_layer_conv_copie/licenta_16_layer_conv.gen/sources_1/bd/design_1/ip/design_1_axi_smc_1/bd_0/ip/ip_17/bd_6f02_sbn_0_clocks.xdc] for cell 'inst/s00_nodes/s00_b_node/inst'
INFO: [Project 1-236] Implementation specific constraints were found while reading constraint file [d:/licenta_16_layer_conv_copie/licenta_16_layer_conv.gen/sources_1/bd/design_1/ip/design_1_axi_smc_1/bd_0/ip/ip_17/bd_6f02_sbn_0_clocks.xdc]. These constraints will be ignored for synthesis but will be used in implementation. Impacted constraints are listed in the file [.Xil/design_1_axi_smc_1_propImpl.xdc].
Resolution: To avoid this warning, move constraints listed in [.Xil/design_1_axi_smc_1_propImpl.xdc] to another XDC file and exclude this new file from synthesis with the used_in_synthesis property (File Properties dialog in GUI) and re-run elaboration/synthesis.
Parsing XDC File [d:/licenta_16_layer_conv_copie/licenta_16_layer_conv.gen/sources_1/bd/design_1/ip/design_1_axi_smc_1/bd_0/ip/ip_19/bd_6f02_m00arn_0_clocks.xdc] for cell 'inst/m00_nodes/m00_ar_node/inst'
Finished Parsing XDC File [d:/licenta_16_layer_conv_copie/licenta_16_layer_conv.gen/sources_1/bd/design_1/ip/design_1_axi_smc_1/bd_0/ip/ip_19/bd_6f02_m00arn_0_clocks.xdc] for cell 'inst/m00_nodes/m00_ar_node/inst'
INFO: [Project 1-236] Implementation specific constraints were found while reading constraint file [d:/licenta_16_layer_conv_copie/licenta_16_layer_conv.gen/sources_1/bd/design_1/ip/design_1_axi_smc_1/bd_0/ip/ip_19/bd_6f02_m00arn_0_clocks.xdc]. These constraints will be ignored for synthesis but will be used in implementation. Impacted constraints are listed in the file [.Xil/design_1_axi_smc_1_propImpl.xdc].
Resolution: To avoid this warning, move constraints listed in [.Xil/design_1_axi_smc_1_propImpl.xdc] to another XDC file and exclude this new file from synthesis with the used_in_synthesis property (File Properties dialog in GUI) and re-run elaboration/synthesis.
Parsing XDC File [d:/licenta_16_layer_conv_copie/licenta_16_layer_conv.gen/sources_1/bd/design_1/ip/design_1_axi_smc_1/bd_0/ip/ip_20/bd_6f02_m00rn_0_clocks.xdc] for cell 'inst/m00_nodes/m00_r_node/inst'
Finished Parsing XDC File [d:/licenta_16_layer_conv_copie/licenta_16_layer_conv.gen/sources_1/bd/design_1/ip/design_1_axi_smc_1/bd_0/ip/ip_20/bd_6f02_m00rn_0_clocks.xdc] for cell 'inst/m00_nodes/m00_r_node/inst'
INFO: [Project 1-236] Implementation specific constraints were found while reading constraint file [d:/licenta_16_layer_conv_copie/licenta_16_layer_conv.gen/sources_1/bd/design_1/ip/design_1_axi_smc_1/bd_0/ip/ip_20/bd_6f02_m00rn_0_clocks.xdc]. These constraints will be ignored for synthesis but will be used in implementation. Impacted constraints are listed in the file [.Xil/design_1_axi_smc_1_propImpl.xdc].
Resolution: To avoid this warning, move constraints listed in [.Xil/design_1_axi_smc_1_propImpl.xdc] to another XDC file and exclude this new file from synthesis with the used_in_synthesis property (File Properties dialog in GUI) and re-run elaboration/synthesis.
Parsing XDC File [d:/licenta_16_layer_conv_copie/licenta_16_layer_conv.gen/sources_1/bd/design_1/ip/design_1_axi_smc_1/bd_0/ip/ip_21/bd_6f02_m00awn_0_clocks.xdc] for cell 'inst/m00_nodes/m00_aw_node/inst'
Finished Parsing XDC File [d:/licenta_16_layer_conv_copie/licenta_16_layer_conv.gen/sources_1/bd/design_1/ip/design_1_axi_smc_1/bd_0/ip/ip_21/bd_6f02_m00awn_0_clocks.xdc] for cell 'inst/m00_nodes/m00_aw_node/inst'
INFO: [Project 1-236] Implementation specific constraints were found while reading constraint file [d:/licenta_16_layer_conv_copie/licenta_16_layer_conv.gen/sources_1/bd/design_1/ip/design_1_axi_smc_1/bd_0/ip/ip_21/bd_6f02_m00awn_0_clocks.xdc]. These constraints will be ignored for synthesis but will be used in implementation. Impacted constraints are listed in the file [.Xil/design_1_axi_smc_1_propImpl.xdc].
Resolution: To avoid this warning, move constraints listed in [.Xil/design_1_axi_smc_1_propImpl.xdc] to another XDC file and exclude this new file from synthesis with the used_in_synthesis property (File Properties dialog in GUI) and re-run elaboration/synthesis.
Parsing XDC File [d:/licenta_16_layer_conv_copie/licenta_16_layer_conv.gen/sources_1/bd/design_1/ip/design_1_axi_smc_1/bd_0/ip/ip_22/bd_6f02_m00wn_0_clocks.xdc] for cell 'inst/m00_nodes/m00_w_node/inst'
Finished Parsing XDC File [d:/licenta_16_layer_conv_copie/licenta_16_layer_conv.gen/sources_1/bd/design_1/ip/design_1_axi_smc_1/bd_0/ip/ip_22/bd_6f02_m00wn_0_clocks.xdc] for cell 'inst/m00_nodes/m00_w_node/inst'
INFO: [Project 1-236] Implementation specific constraints were found while reading constraint file [d:/licenta_16_layer_conv_copie/licenta_16_layer_conv.gen/sources_1/bd/design_1/ip/design_1_axi_smc_1/bd_0/ip/ip_22/bd_6f02_m00wn_0_clocks.xdc]. These constraints will be ignored for synthesis but will be used in implementation. Impacted constraints are listed in the file [.Xil/design_1_axi_smc_1_propImpl.xdc].
Resolution: To avoid this warning, move constraints listed in [.Xil/design_1_axi_smc_1_propImpl.xdc] to another XDC file and exclude this new file from synthesis with the used_in_synthesis property (File Properties dialog in GUI) and re-run elaboration/synthesis.
Parsing XDC File [d:/licenta_16_layer_conv_copie/licenta_16_layer_conv.gen/sources_1/bd/design_1/ip/design_1_axi_smc_1/bd_0/ip/ip_23/bd_6f02_m00bn_0_clocks.xdc] for cell 'inst/m00_nodes/m00_b_node/inst'
Finished Parsing XDC File [d:/licenta_16_layer_conv_copie/licenta_16_layer_conv.gen/sources_1/bd/design_1/ip/design_1_axi_smc_1/bd_0/ip/ip_23/bd_6f02_m00bn_0_clocks.xdc] for cell 'inst/m00_nodes/m00_b_node/inst'
INFO: [Project 1-236] Implementation specific constraints were found while reading constraint file [d:/licenta_16_layer_conv_copie/licenta_16_layer_conv.gen/sources_1/bd/design_1/ip/design_1_axi_smc_1/bd_0/ip/ip_23/bd_6f02_m00bn_0_clocks.xdc]. These constraints will be ignored for synthesis but will be used in implementation. Impacted constraints are listed in the file [.Xil/design_1_axi_smc_1_propImpl.xdc].
Resolution: To avoid this warning, move constraints listed in [.Xil/design_1_axi_smc_1_propImpl.xdc] to another XDC file and exclude this new file from synthesis with the used_in_synthesis property (File Properties dialog in GUI) and re-run elaboration/synthesis.
Parsing XDC File [d:/licenta_16_layer_conv_copie/licenta_16_layer_conv.gen/sources_1/bd/design_1/ip/design_1_axi_smc_1/bd_0/ip/ip_26/bd_6f02_m01arn_0_clocks.xdc] for cell 'inst/m01_nodes/m01_ar_node/inst'
Finished Parsing XDC File [d:/licenta_16_layer_conv_copie/licenta_16_layer_conv.gen/sources_1/bd/design_1/ip/design_1_axi_smc_1/bd_0/ip/ip_26/bd_6f02_m01arn_0_clocks.xdc] for cell 'inst/m01_nodes/m01_ar_node/inst'
INFO: [Project 1-236] Implementation specific constraints were found while reading constraint file [d:/licenta_16_layer_conv_copie/licenta_16_layer_conv.gen/sources_1/bd/design_1/ip/design_1_axi_smc_1/bd_0/ip/ip_26/bd_6f02_m01arn_0_clocks.xdc]. These constraints will be ignored for synthesis but will be used in implementation. Impacted constraints are listed in the file [.Xil/design_1_axi_smc_1_propImpl.xdc].
Resolution: To avoid this warning, move constraints listed in [.Xil/design_1_axi_smc_1_propImpl.xdc] to another XDC file and exclude this new file from synthesis with the used_in_synthesis property (File Properties dialog in GUI) and re-run elaboration/synthesis.
Parsing XDC File [d:/licenta_16_layer_conv_copie/licenta_16_layer_conv.gen/sources_1/bd/design_1/ip/design_1_axi_smc_1/bd_0/ip/ip_27/bd_6f02_m01rn_0_clocks.xdc] for cell 'inst/m01_nodes/m01_r_node/inst'
Finished Parsing XDC File [d:/licenta_16_layer_conv_copie/licenta_16_layer_conv.gen/sources_1/bd/design_1/ip/design_1_axi_smc_1/bd_0/ip/ip_27/bd_6f02_m01rn_0_clocks.xdc] for cell 'inst/m01_nodes/m01_r_node/inst'
INFO: [Project 1-236] Implementation specific constraints were found while reading constraint file [d:/licenta_16_layer_conv_copie/licenta_16_layer_conv.gen/sources_1/bd/design_1/ip/design_1_axi_smc_1/bd_0/ip/ip_27/bd_6f02_m01rn_0_clocks.xdc]. These constraints will be ignored for synthesis but will be used in implementation. Impacted constraints are listed in the file [.Xil/design_1_axi_smc_1_propImpl.xdc].
Resolution: To avoid this warning, move constraints listed in [.Xil/design_1_axi_smc_1_propImpl.xdc] to another XDC file and exclude this new file from synthesis with the used_in_synthesis property (File Properties dialog in GUI) and re-run elaboration/synthesis.
Parsing XDC File [d:/licenta_16_layer_conv_copie/licenta_16_layer_conv.gen/sources_1/bd/design_1/ip/design_1_axi_smc_1/bd_0/ip/ip_28/bd_6f02_m01awn_0_clocks.xdc] for cell 'inst/m01_nodes/m01_aw_node/inst'
Finished Parsing XDC File [d:/licenta_16_layer_conv_copie/licenta_16_layer_conv.gen/sources_1/bd/design_1/ip/design_1_axi_smc_1/bd_0/ip/ip_28/bd_6f02_m01awn_0_clocks.xdc] for cell 'inst/m01_nodes/m01_aw_node/inst'
INFO: [Project 1-236] Implementation specific constraints were found while reading constraint file [d:/licenta_16_layer_conv_copie/licenta_16_layer_conv.gen/sources_1/bd/design_1/ip/design_1_axi_smc_1/bd_0/ip/ip_28/bd_6f02_m01awn_0_clocks.xdc]. These constraints will be ignored for synthesis but will be used in implementation. Impacted constraints are listed in the file [.Xil/design_1_axi_smc_1_propImpl.xdc].
Resolution: To avoid this warning, move constraints listed in [.Xil/design_1_axi_smc_1_propImpl.xdc] to another XDC file and exclude this new file from synthesis with the used_in_synthesis property (File Properties dialog in GUI) and re-run elaboration/synthesis.
Parsing XDC File [d:/licenta_16_layer_conv_copie/licenta_16_layer_conv.gen/sources_1/bd/design_1/ip/design_1_axi_smc_1/bd_0/ip/ip_29/bd_6f02_m01wn_0_clocks.xdc] for cell 'inst/m01_nodes/m01_w_node/inst'
Finished Parsing XDC File [d:/licenta_16_layer_conv_copie/licenta_16_layer_conv.gen/sources_1/bd/design_1/ip/design_1_axi_smc_1/bd_0/ip/ip_29/bd_6f02_m01wn_0_clocks.xdc] for cell 'inst/m01_nodes/m01_w_node/inst'
INFO: [Project 1-236] Implementation specific constraints were found while reading constraint file [d:/licenta_16_layer_conv_copie/licenta_16_layer_conv.gen/sources_1/bd/design_1/ip/design_1_axi_smc_1/bd_0/ip/ip_29/bd_6f02_m01wn_0_clocks.xdc]. These constraints will be ignored for synthesis but will be used in implementation. Impacted constraints are listed in the file [.Xil/design_1_axi_smc_1_propImpl.xdc].
Resolution: To avoid this warning, move constraints listed in [.Xil/design_1_axi_smc_1_propImpl.xdc] to another XDC file and exclude this new file from synthesis with the used_in_synthesis property (File Properties dialog in GUI) and re-run elaboration/synthesis.
Parsing XDC File [d:/licenta_16_layer_conv_copie/licenta_16_layer_conv.gen/sources_1/bd/design_1/ip/design_1_axi_smc_1/bd_0/ip/ip_30/bd_6f02_m01bn_0_clocks.xdc] for cell 'inst/m01_nodes/m01_b_node/inst'
Finished Parsing XDC File [d:/licenta_16_layer_conv_copie/licenta_16_layer_conv.gen/sources_1/bd/design_1/ip/design_1_axi_smc_1/bd_0/ip/ip_30/bd_6f02_m01bn_0_clocks.xdc] for cell 'inst/m01_nodes/m01_b_node/inst'
INFO: [Project 1-236] Implementation specific constraints were found while reading constraint file [d:/licenta_16_layer_conv_copie/licenta_16_layer_conv.gen/sources_1/bd/design_1/ip/design_1_axi_smc_1/bd_0/ip/ip_30/bd_6f02_m01bn_0_clocks.xdc]. These constraints will be ignored for synthesis but will be used in implementation. Impacted constraints are listed in the file [.Xil/design_1_axi_smc_1_propImpl.xdc].
Resolution: To avoid this warning, move constraints listed in [.Xil/design_1_axi_smc_1_propImpl.xdc] to another XDC file and exclude this new file from synthesis with the used_in_synthesis property (File Properties dialog in GUI) and re-run elaboration/synthesis.
Parsing XDC File [d:/licenta_16_layer_conv_copie/licenta_16_layer_conv.gen/sources_1/bd/design_1/ip/design_1_axi_smc_1/bd_0/ip/ip_33/bd_6f02_m02arn_0_clocks.xdc] for cell 'inst/m02_nodes/m02_ar_node/inst'
Finished Parsing XDC File [d:/licenta_16_layer_conv_copie/licenta_16_layer_conv.gen/sources_1/bd/design_1/ip/design_1_axi_smc_1/bd_0/ip/ip_33/bd_6f02_m02arn_0_clocks.xdc] for cell 'inst/m02_nodes/m02_ar_node/inst'
INFO: [Project 1-236] Implementation specific constraints were found while reading constraint file [d:/licenta_16_layer_conv_copie/licenta_16_layer_conv.gen/sources_1/bd/design_1/ip/design_1_axi_smc_1/bd_0/ip/ip_33/bd_6f02_m02arn_0_clocks.xdc]. These constraints will be ignored for synthesis but will be used in implementation. Impacted constraints are listed in the file [.Xil/design_1_axi_smc_1_propImpl.xdc].
Resolution: To avoid this warning, move constraints listed in [.Xil/design_1_axi_smc_1_propImpl.xdc] to another XDC file and exclude this new file from synthesis with the used_in_synthesis property (File Properties dialog in GUI) and re-run elaboration/synthesis.
Parsing XDC File [d:/licenta_16_layer_conv_copie/licenta_16_layer_conv.gen/sources_1/bd/design_1/ip/design_1_axi_smc_1/bd_0/ip/ip_34/bd_6f02_m02rn_0_clocks.xdc] for cell 'inst/m02_nodes/m02_r_node/inst'
Finished Parsing XDC File [d:/licenta_16_layer_conv_copie/licenta_16_layer_conv.gen/sources_1/bd/design_1/ip/design_1_axi_smc_1/bd_0/ip/ip_34/bd_6f02_m02rn_0_clocks.xdc] for cell 'inst/m02_nodes/m02_r_node/inst'
INFO: [Project 1-236] Implementation specific constraints were found while reading constraint file [d:/licenta_16_layer_conv_copie/licenta_16_layer_conv.gen/sources_1/bd/design_1/ip/design_1_axi_smc_1/bd_0/ip/ip_34/bd_6f02_m02rn_0_clocks.xdc]. These constraints will be ignored for synthesis but will be used in implementation. Impacted constraints are listed in the file [.Xil/design_1_axi_smc_1_propImpl.xdc].
Resolution: To avoid this warning, move constraints listed in [.Xil/design_1_axi_smc_1_propImpl.xdc] to another XDC file and exclude this new file from synthesis with the used_in_synthesis property (File Properties dialog in GUI) and re-run elaboration/synthesis.
Parsing XDC File [d:/licenta_16_layer_conv_copie/licenta_16_layer_conv.gen/sources_1/bd/design_1/ip/design_1_axi_smc_1/bd_0/ip/ip_35/bd_6f02_m02awn_0_clocks.xdc] for cell 'inst/m02_nodes/m02_aw_node/inst'
Finished Parsing XDC File [d:/licenta_16_layer_conv_copie/licenta_16_layer_conv.gen/sources_1/bd/design_1/ip/design_1_axi_smc_1/bd_0/ip/ip_35/bd_6f02_m02awn_0_clocks.xdc] for cell 'inst/m02_nodes/m02_aw_node/inst'
INFO: [Project 1-236] Implementation specific constraints were found while reading constraint file [d:/licenta_16_layer_conv_copie/licenta_16_layer_conv.gen/sources_1/bd/design_1/ip/design_1_axi_smc_1/bd_0/ip/ip_35/bd_6f02_m02awn_0_clocks.xdc]. These constraints will be ignored for synthesis but will be used in implementation. Impacted constraints are listed in the file [.Xil/design_1_axi_smc_1_propImpl.xdc].
Resolution: To avoid this warning, move constraints listed in [.Xil/design_1_axi_smc_1_propImpl.xdc] to another XDC file and exclude this new file from synthesis with the used_in_synthesis property (File Properties dialog in GUI) and re-run elaboration/synthesis.
Parsing XDC File [d:/licenta_16_layer_conv_copie/licenta_16_layer_conv.gen/sources_1/bd/design_1/ip/design_1_axi_smc_1/bd_0/ip/ip_36/bd_6f02_m02wn_0_clocks.xdc] for cell 'inst/m02_nodes/m02_w_node/inst'
Finished Parsing XDC File [d:/licenta_16_layer_conv_copie/licenta_16_layer_conv.gen/sources_1/bd/design_1/ip/design_1_axi_smc_1/bd_0/ip/ip_36/bd_6f02_m02wn_0_clocks.xdc] for cell 'inst/m02_nodes/m02_w_node/inst'
INFO: [Project 1-236] Implementation specific constraints were found while reading constraint file [d:/licenta_16_layer_conv_copie/licenta_16_layer_conv.gen/sources_1/bd/design_1/ip/design_1_axi_smc_1/bd_0/ip/ip_36/bd_6f02_m02wn_0_clocks.xdc]. These constraints will be ignored for synthesis but will be used in implementation. Impacted constraints are listed in the file [.Xil/design_1_axi_smc_1_propImpl.xdc].
Resolution: To avoid this warning, move constraints listed in [.Xil/design_1_axi_smc_1_propImpl.xdc] to another XDC file and exclude this new file from synthesis with the used_in_synthesis property (File Properties dialog in GUI) and re-run elaboration/synthesis.
Parsing XDC File [d:/licenta_16_layer_conv_copie/licenta_16_layer_conv.gen/sources_1/bd/design_1/ip/design_1_axi_smc_1/bd_0/ip/ip_37/bd_6f02_m02bn_0_clocks.xdc] for cell 'inst/m02_nodes/m02_b_node/inst'
Finished Parsing XDC File [d:/licenta_16_layer_conv_copie/licenta_16_layer_conv.gen/sources_1/bd/design_1/ip/design_1_axi_smc_1/bd_0/ip/ip_37/bd_6f02_m02bn_0_clocks.xdc] for cell 'inst/m02_nodes/m02_b_node/inst'
INFO: [Project 1-236] Implementation specific constraints were found while reading constraint file [d:/licenta_16_layer_conv_copie/licenta_16_layer_conv.gen/sources_1/bd/design_1/ip/design_1_axi_smc_1/bd_0/ip/ip_37/bd_6f02_m02bn_0_clocks.xdc]. These constraints will be ignored for synthesis but will be used in implementation. Impacted constraints are listed in the file [.Xil/design_1_axi_smc_1_propImpl.xdc].
Resolution: To avoid this warning, move constraints listed in [.Xil/design_1_axi_smc_1_propImpl.xdc] to another XDC file and exclude this new file from synthesis with the used_in_synthesis property (File Properties dialog in GUI) and re-run elaboration/synthesis.
Parsing XDC File [d:/licenta_16_layer_conv_copie/licenta_16_layer_conv.gen/sources_1/bd/design_1/ip/design_1_axi_smc_1/bd_0/ip/ip_40/bd_6f02_m03arn_0_clocks.xdc] for cell 'inst/m03_nodes/m03_ar_node/inst'
Finished Parsing XDC File [d:/licenta_16_layer_conv_copie/licenta_16_layer_conv.gen/sources_1/bd/design_1/ip/design_1_axi_smc_1/bd_0/ip/ip_40/bd_6f02_m03arn_0_clocks.xdc] for cell 'inst/m03_nodes/m03_ar_node/inst'
INFO: [Project 1-236] Implementation specific constraints were found while reading constraint file [d:/licenta_16_layer_conv_copie/licenta_16_layer_conv.gen/sources_1/bd/design_1/ip/design_1_axi_smc_1/bd_0/ip/ip_40/bd_6f02_m03arn_0_clocks.xdc]. These constraints will be ignored for synthesis but will be used in implementation. Impacted constraints are listed in the file [.Xil/design_1_axi_smc_1_propImpl.xdc].
Resolution: To avoid this warning, move constraints listed in [.Xil/design_1_axi_smc_1_propImpl.xdc] to another XDC file and exclude this new file from synthesis with the used_in_synthesis property (File Properties dialog in GUI) and re-run elaboration/synthesis.
Parsing XDC File [d:/licenta_16_layer_conv_copie/licenta_16_layer_conv.gen/sources_1/bd/design_1/ip/design_1_axi_smc_1/bd_0/ip/ip_41/bd_6f02_m03rn_0_clocks.xdc] for cell 'inst/m03_nodes/m03_r_node/inst'
Finished Parsing XDC File [d:/licenta_16_layer_conv_copie/licenta_16_layer_conv.gen/sources_1/bd/design_1/ip/design_1_axi_smc_1/bd_0/ip/ip_41/bd_6f02_m03rn_0_clocks.xdc] for cell 'inst/m03_nodes/m03_r_node/inst'
INFO: [Project 1-236] Implementation specific constraints were found while reading constraint file [d:/licenta_16_layer_conv_copie/licenta_16_layer_conv.gen/sources_1/bd/design_1/ip/design_1_axi_smc_1/bd_0/ip/ip_41/bd_6f02_m03rn_0_clocks.xdc]. These constraints will be ignored for synthesis but will be used in implementation. Impacted constraints are listed in the file [.Xil/design_1_axi_smc_1_propImpl.xdc].
Resolution: To avoid this warning, move constraints listed in [.Xil/design_1_axi_smc_1_propImpl.xdc] to another XDC file and exclude this new file from synthesis with the used_in_synthesis property (File Properties dialog in GUI) and re-run elaboration/synthesis.
Parsing XDC File [d:/licenta_16_layer_conv_copie/licenta_16_layer_conv.gen/sources_1/bd/design_1/ip/design_1_axi_smc_1/bd_0/ip/ip_42/bd_6f02_m03awn_0_clocks.xdc] for cell 'inst/m03_nodes/m03_aw_node/inst'
Finished Parsing XDC File [d:/licenta_16_layer_conv_copie/licenta_16_layer_conv.gen/sources_1/bd/design_1/ip/design_1_axi_smc_1/bd_0/ip/ip_42/bd_6f02_m03awn_0_clocks.xdc] for cell 'inst/m03_nodes/m03_aw_node/inst'
INFO: [Project 1-236] Implementation specific constraints were found while reading constraint file [d:/licenta_16_layer_conv_copie/licenta_16_layer_conv.gen/sources_1/bd/design_1/ip/design_1_axi_smc_1/bd_0/ip/ip_42/bd_6f02_m03awn_0_clocks.xdc]. These constraints will be ignored for synthesis but will be used in implementation. Impacted constraints are listed in the file [.Xil/design_1_axi_smc_1_propImpl.xdc].
Resolution: To avoid this warning, move constraints listed in [.Xil/design_1_axi_smc_1_propImpl.xdc] to another XDC file and exclude this new file from synthesis with the used_in_synthesis property (File Properties dialog in GUI) and re-run elaboration/synthesis.
Parsing XDC File [d:/licenta_16_layer_conv_copie/licenta_16_layer_conv.gen/sources_1/bd/design_1/ip/design_1_axi_smc_1/bd_0/ip/ip_43/bd_6f02_m03wn_0_clocks.xdc] for cell 'inst/m03_nodes/m03_w_node/inst'
Finished Parsing XDC File [d:/licenta_16_layer_conv_copie/licenta_16_layer_conv.gen/sources_1/bd/design_1/ip/design_1_axi_smc_1/bd_0/ip/ip_43/bd_6f02_m03wn_0_clocks.xdc] for cell 'inst/m03_nodes/m03_w_node/inst'
INFO: [Project 1-236] Implementation specific constraints were found while reading constraint file [d:/licenta_16_layer_conv_copie/licenta_16_layer_conv.gen/sources_1/bd/design_1/ip/design_1_axi_smc_1/bd_0/ip/ip_43/bd_6f02_m03wn_0_clocks.xdc]. These constraints will be ignored for synthesis but will be used in implementation. Impacted constraints are listed in the file [.Xil/design_1_axi_smc_1_propImpl.xdc].
Resolution: To avoid this warning, move constraints listed in [.Xil/design_1_axi_smc_1_propImpl.xdc] to another XDC file and exclude this new file from synthesis with the used_in_synthesis property (File Properties dialog in GUI) and re-run elaboration/synthesis.
Parsing XDC File [d:/licenta_16_layer_conv_copie/licenta_16_layer_conv.gen/sources_1/bd/design_1/ip/design_1_axi_smc_1/bd_0/ip/ip_44/bd_6f02_m03bn_0_clocks.xdc] for cell 'inst/m03_nodes/m03_b_node/inst'
Finished Parsing XDC File [d:/licenta_16_layer_conv_copie/licenta_16_layer_conv.gen/sources_1/bd/design_1/ip/design_1_axi_smc_1/bd_0/ip/ip_44/bd_6f02_m03bn_0_clocks.xdc] for cell 'inst/m03_nodes/m03_b_node/inst'
INFO: [Project 1-236] Implementation specific constraints were found while reading constraint file [d:/licenta_16_layer_conv_copie/licenta_16_layer_conv.gen/sources_1/bd/design_1/ip/design_1_axi_smc_1/bd_0/ip/ip_44/bd_6f02_m03bn_0_clocks.xdc]. These constraints will be ignored for synthesis but will be used in implementation. Impacted constraints are listed in the file [.Xil/design_1_axi_smc_1_propImpl.xdc].
Resolution: To avoid this warning, move constraints listed in [.Xil/design_1_axi_smc_1_propImpl.xdc] to another XDC file and exclude this new file from synthesis with the used_in_synthesis property (File Properties dialog in GUI) and re-run elaboration/synthesis.
Parsing XDC File [d:/licenta_16_layer_conv_copie/licenta_16_layer_conv.gen/sources_1/bd/design_1/ip/design_1_axi_smc_1/bd_0/ip/ip_47/bd_6f02_m04arn_0_clocks.xdc] for cell 'inst/m04_nodes/m04_ar_node/inst'
Finished Parsing XDC File [d:/licenta_16_layer_conv_copie/licenta_16_layer_conv.gen/sources_1/bd/design_1/ip/design_1_axi_smc_1/bd_0/ip/ip_47/bd_6f02_m04arn_0_clocks.xdc] for cell 'inst/m04_nodes/m04_ar_node/inst'
INFO: [Project 1-236] Implementation specific constraints were found while reading constraint file [d:/licenta_16_layer_conv_copie/licenta_16_layer_conv.gen/sources_1/bd/design_1/ip/design_1_axi_smc_1/bd_0/ip/ip_47/bd_6f02_m04arn_0_clocks.xdc]. These constraints will be ignored for synthesis but will be used in implementation. Impacted constraints are listed in the file [.Xil/design_1_axi_smc_1_propImpl.xdc].
Resolution: To avoid this warning, move constraints listed in [.Xil/design_1_axi_smc_1_propImpl.xdc] to another XDC file and exclude this new file from synthesis with the used_in_synthesis property (File Properties dialog in GUI) and re-run elaboration/synthesis.
Parsing XDC File [d:/licenta_16_layer_conv_copie/licenta_16_layer_conv.gen/sources_1/bd/design_1/ip/design_1_axi_smc_1/bd_0/ip/ip_48/bd_6f02_m04rn_0_clocks.xdc] for cell 'inst/m04_nodes/m04_r_node/inst'
Finished Parsing XDC File [d:/licenta_16_layer_conv_copie/licenta_16_layer_conv.gen/sources_1/bd/design_1/ip/design_1_axi_smc_1/bd_0/ip/ip_48/bd_6f02_m04rn_0_clocks.xdc] for cell 'inst/m04_nodes/m04_r_node/inst'
INFO: [Project 1-236] Implementation specific constraints were found while reading constraint file [d:/licenta_16_layer_conv_copie/licenta_16_layer_conv.gen/sources_1/bd/design_1/ip/design_1_axi_smc_1/bd_0/ip/ip_48/bd_6f02_m04rn_0_clocks.xdc]. These constraints will be ignored for synthesis but will be used in implementation. Impacted constraints are listed in the file [.Xil/design_1_axi_smc_1_propImpl.xdc].
Resolution: To avoid this warning, move constraints listed in [.Xil/design_1_axi_smc_1_propImpl.xdc] to another XDC file and exclude this new file from synthesis with the used_in_synthesis property (File Properties dialog in GUI) and re-run elaboration/synthesis.
Parsing XDC File [d:/licenta_16_layer_conv_copie/licenta_16_layer_conv.gen/sources_1/bd/design_1/ip/design_1_axi_smc_1/bd_0/ip/ip_49/bd_6f02_m04awn_0_clocks.xdc] for cell 'inst/m04_nodes/m04_aw_node/inst'
Finished Parsing XDC File [d:/licenta_16_layer_conv_copie/licenta_16_layer_conv.gen/sources_1/bd/design_1/ip/design_1_axi_smc_1/bd_0/ip/ip_49/bd_6f02_m04awn_0_clocks.xdc] for cell 'inst/m04_nodes/m04_aw_node/inst'
INFO: [Project 1-236] Implementation specific constraints were found while reading constraint file [d:/licenta_16_layer_conv_copie/licenta_16_layer_conv.gen/sources_1/bd/design_1/ip/design_1_axi_smc_1/bd_0/ip/ip_49/bd_6f02_m04awn_0_clocks.xdc]. These constraints will be ignored for synthesis but will be used in implementation. Impacted constraints are listed in the file [.Xil/design_1_axi_smc_1_propImpl.xdc].
Resolution: To avoid this warning, move constraints listed in [.Xil/design_1_axi_smc_1_propImpl.xdc] to another XDC file and exclude this new file from synthesis with the used_in_synthesis property (File Properties dialog in GUI) and re-run elaboration/synthesis.
Parsing XDC File [d:/licenta_16_layer_conv_copie/licenta_16_layer_conv.gen/sources_1/bd/design_1/ip/design_1_axi_smc_1/bd_0/ip/ip_50/bd_6f02_m04wn_0_clocks.xdc] for cell 'inst/m04_nodes/m04_w_node/inst'
Finished Parsing XDC File [d:/licenta_16_layer_conv_copie/licenta_16_layer_conv.gen/sources_1/bd/design_1/ip/design_1_axi_smc_1/bd_0/ip/ip_50/bd_6f02_m04wn_0_clocks.xdc] for cell 'inst/m04_nodes/m04_w_node/inst'
INFO: [Project 1-236] Implementation specific constraints were found while reading constraint file [d:/licenta_16_layer_conv_copie/licenta_16_layer_conv.gen/sources_1/bd/design_1/ip/design_1_axi_smc_1/bd_0/ip/ip_50/bd_6f02_m04wn_0_clocks.xdc]. These constraints will be ignored for synthesis but will be used in implementation. Impacted constraints are listed in the file [.Xil/design_1_axi_smc_1_propImpl.xdc].
Resolution: To avoid this warning, move constraints listed in [.Xil/design_1_axi_smc_1_propImpl.xdc] to another XDC file and exclude this new file from synthesis with the used_in_synthesis property (File Properties dialog in GUI) and re-run elaboration/synthesis.
Parsing XDC File [d:/licenta_16_layer_conv_copie/licenta_16_layer_conv.gen/sources_1/bd/design_1/ip/design_1_axi_smc_1/bd_0/ip/ip_51/bd_6f02_m04bn_0_clocks.xdc] for cell 'inst/m04_nodes/m04_b_node/inst'
Finished Parsing XDC File [d:/licenta_16_layer_conv_copie/licenta_16_layer_conv.gen/sources_1/bd/design_1/ip/design_1_axi_smc_1/bd_0/ip/ip_51/bd_6f02_m04bn_0_clocks.xdc] for cell 'inst/m04_nodes/m04_b_node/inst'
INFO: [Project 1-236] Implementation specific constraints were found while reading constraint file [d:/licenta_16_layer_conv_copie/licenta_16_layer_conv.gen/sources_1/bd/design_1/ip/design_1_axi_smc_1/bd_0/ip/ip_51/bd_6f02_m04bn_0_clocks.xdc]. These constraints will be ignored for synthesis but will be used in implementation. Impacted constraints are listed in the file [.Xil/design_1_axi_smc_1_propImpl.xdc].
Resolution: To avoid this warning, move constraints listed in [.Xil/design_1_axi_smc_1_propImpl.xdc] to another XDC file and exclude this new file from synthesis with the used_in_synthesis property (File Properties dialog in GUI) and re-run elaboration/synthesis.
Parsing XDC File [d:/licenta_16_layer_conv_copie/licenta_16_layer_conv.gen/sources_1/bd/design_1/ip/design_1_axi_smc_1/bd_0/ip/ip_54/bd_6f02_m05arn_0_clocks.xdc] for cell 'inst/m05_nodes/m05_ar_node/inst'
Finished Parsing XDC File [d:/licenta_16_layer_conv_copie/licenta_16_layer_conv.gen/sources_1/bd/design_1/ip/design_1_axi_smc_1/bd_0/ip/ip_54/bd_6f02_m05arn_0_clocks.xdc] for cell 'inst/m05_nodes/m05_ar_node/inst'
INFO: [Project 1-236] Implementation specific constraints were found while reading constraint file [d:/licenta_16_layer_conv_copie/licenta_16_layer_conv.gen/sources_1/bd/design_1/ip/design_1_axi_smc_1/bd_0/ip/ip_54/bd_6f02_m05arn_0_clocks.xdc]. These constraints will be ignored for synthesis but will be used in implementation. Impacted constraints are listed in the file [.Xil/design_1_axi_smc_1_propImpl.xdc].
Resolution: To avoid this warning, move constraints listed in [.Xil/design_1_axi_smc_1_propImpl.xdc] to another XDC file and exclude this new file from synthesis with the used_in_synthesis property (File Properties dialog in GUI) and re-run elaboration/synthesis.
Parsing XDC File [d:/licenta_16_layer_conv_copie/licenta_16_layer_conv.gen/sources_1/bd/design_1/ip/design_1_axi_smc_1/bd_0/ip/ip_55/bd_6f02_m05rn_0_clocks.xdc] for cell 'inst/m05_nodes/m05_r_node/inst'
Finished Parsing XDC File [d:/licenta_16_layer_conv_copie/licenta_16_layer_conv.gen/sources_1/bd/design_1/ip/design_1_axi_smc_1/bd_0/ip/ip_55/bd_6f02_m05rn_0_clocks.xdc] for cell 'inst/m05_nodes/m05_r_node/inst'
INFO: [Project 1-236] Implementation specific constraints were found while reading constraint file [d:/licenta_16_layer_conv_copie/licenta_16_layer_conv.gen/sources_1/bd/design_1/ip/design_1_axi_smc_1/bd_0/ip/ip_55/bd_6f02_m05rn_0_clocks.xdc]. These constraints will be ignored for synthesis but will be used in implementation. Impacted constraints are listed in the file [.Xil/design_1_axi_smc_1_propImpl.xdc].
Resolution: To avoid this warning, move constraints listed in [.Xil/design_1_axi_smc_1_propImpl.xdc] to another XDC file and exclude this new file from synthesis with the used_in_synthesis property (File Properties dialog in GUI) and re-run elaboration/synthesis.
Parsing XDC File [d:/licenta_16_layer_conv_copie/licenta_16_layer_conv.gen/sources_1/bd/design_1/ip/design_1_axi_smc_1/bd_0/ip/ip_56/bd_6f02_m05awn_0_clocks.xdc] for cell 'inst/m05_nodes/m05_aw_node/inst'
Finished Parsing XDC File [d:/licenta_16_layer_conv_copie/licenta_16_layer_conv.gen/sources_1/bd/design_1/ip/design_1_axi_smc_1/bd_0/ip/ip_56/bd_6f02_m05awn_0_clocks.xdc] for cell 'inst/m05_nodes/m05_aw_node/inst'
INFO: [Project 1-236] Implementation specific constraints were found while reading constraint file [d:/licenta_16_layer_conv_copie/licenta_16_layer_conv.gen/sources_1/bd/design_1/ip/design_1_axi_smc_1/bd_0/ip/ip_56/bd_6f02_m05awn_0_clocks.xdc]. These constraints will be ignored for synthesis but will be used in implementation. Impacted constraints are listed in the file [.Xil/design_1_axi_smc_1_propImpl.xdc].
Resolution: To avoid this warning, move constraints listed in [.Xil/design_1_axi_smc_1_propImpl.xdc] to another XDC file and exclude this new file from synthesis with the used_in_synthesis property (File Properties dialog in GUI) and re-run elaboration/synthesis.
Parsing XDC File [d:/licenta_16_layer_conv_copie/licenta_16_layer_conv.gen/sources_1/bd/design_1/ip/design_1_axi_smc_1/bd_0/ip/ip_57/bd_6f02_m05wn_0_clocks.xdc] for cell 'inst/m05_nodes/m05_w_node/inst'
Finished Parsing XDC File [d:/licenta_16_layer_conv_copie/licenta_16_layer_conv.gen/sources_1/bd/design_1/ip/design_1_axi_smc_1/bd_0/ip/ip_57/bd_6f02_m05wn_0_clocks.xdc] for cell 'inst/m05_nodes/m05_w_node/inst'
INFO: [Project 1-236] Implementation specific constraints were found while reading constraint file [d:/licenta_16_layer_conv_copie/licenta_16_layer_conv.gen/sources_1/bd/design_1/ip/design_1_axi_smc_1/bd_0/ip/ip_57/bd_6f02_m05wn_0_clocks.xdc]. These constraints will be ignored for synthesis but will be used in implementation. Impacted constraints are listed in the file [.Xil/design_1_axi_smc_1_propImpl.xdc].
Resolution: To avoid this warning, move constraints listed in [.Xil/design_1_axi_smc_1_propImpl.xdc] to another XDC file and exclude this new file from synthesis with the used_in_synthesis property (File Properties dialog in GUI) and re-run elaboration/synthesis.
Parsing XDC File [d:/licenta_16_layer_conv_copie/licenta_16_layer_conv.gen/sources_1/bd/design_1/ip/design_1_axi_smc_1/bd_0/ip/ip_58/bd_6f02_m05bn_0_clocks.xdc] for cell 'inst/m05_nodes/m05_b_node/inst'
Finished Parsing XDC File [d:/licenta_16_layer_conv_copie/licenta_16_layer_conv.gen/sources_1/bd/design_1/ip/design_1_axi_smc_1/bd_0/ip/ip_58/bd_6f02_m05bn_0_clocks.xdc] for cell 'inst/m05_nodes/m05_b_node/inst'
INFO: [Project 1-236] Implementation specific constraints were found while reading constraint file [d:/licenta_16_layer_conv_copie/licenta_16_layer_conv.gen/sources_1/bd/design_1/ip/design_1_axi_smc_1/bd_0/ip/ip_58/bd_6f02_m05bn_0_clocks.xdc]. These constraints will be ignored for synthesis but will be used in implementation. Impacted constraints are listed in the file [.Xil/design_1_axi_smc_1_propImpl.xdc].
Resolution: To avoid this warning, move constraints listed in [.Xil/design_1_axi_smc_1_propImpl.xdc] to another XDC file and exclude this new file from synthesis with the used_in_synthesis property (File Properties dialog in GUI) and re-run elaboration/synthesis.
Parsing XDC File [d:/licenta_16_layer_conv_copie/licenta_16_layer_conv.gen/sources_1/bd/design_1/ip/design_1_axi_smc_1/bd_0/ip/ip_61/bd_6f02_m06arn_0_clocks.xdc] for cell 'inst/m06_nodes/m06_ar_node/inst'
Finished Parsing XDC File [d:/licenta_16_layer_conv_copie/licenta_16_layer_conv.gen/sources_1/bd/design_1/ip/design_1_axi_smc_1/bd_0/ip/ip_61/bd_6f02_m06arn_0_clocks.xdc] for cell 'inst/m06_nodes/m06_ar_node/inst'
INFO: [Project 1-236] Implementation specific constraints were found while reading constraint file [d:/licenta_16_layer_conv_copie/licenta_16_layer_conv.gen/sources_1/bd/design_1/ip/design_1_axi_smc_1/bd_0/ip/ip_61/bd_6f02_m06arn_0_clocks.xdc]. These constraints will be ignored for synthesis but will be used in implementation. Impacted constraints are listed in the file [.Xil/design_1_axi_smc_1_propImpl.xdc].
Resolution: To avoid this warning, move constraints listed in [.Xil/design_1_axi_smc_1_propImpl.xdc] to another XDC file and exclude this new file from synthesis with the used_in_synthesis property (File Properties dialog in GUI) and re-run elaboration/synthesis.
Parsing XDC File [d:/licenta_16_layer_conv_copie/licenta_16_layer_conv.gen/sources_1/bd/design_1/ip/design_1_axi_smc_1/bd_0/ip/ip_62/bd_6f02_m06rn_0_clocks.xdc] for cell 'inst/m06_nodes/m06_r_node/inst'
Finished Parsing XDC File [d:/licenta_16_layer_conv_copie/licenta_16_layer_conv.gen/sources_1/bd/design_1/ip/design_1_axi_smc_1/bd_0/ip/ip_62/bd_6f02_m06rn_0_clocks.xdc] for cell 'inst/m06_nodes/m06_r_node/inst'
INFO: [Project 1-236] Implementation specific constraints were found while reading constraint file [d:/licenta_16_layer_conv_copie/licenta_16_layer_conv.gen/sources_1/bd/design_1/ip/design_1_axi_smc_1/bd_0/ip/ip_62/bd_6f02_m06rn_0_clocks.xdc]. These constraints will be ignored for synthesis but will be used in implementation. Impacted constraints are listed in the file [.Xil/design_1_axi_smc_1_propImpl.xdc].
Resolution: To avoid this warning, move constraints listed in [.Xil/design_1_axi_smc_1_propImpl.xdc] to another XDC file and exclude this new file from synthesis with the used_in_synthesis property (File Properties dialog in GUI) and re-run elaboration/synthesis.
Parsing XDC File [d:/licenta_16_layer_conv_copie/licenta_16_layer_conv.gen/sources_1/bd/design_1/ip/design_1_axi_smc_1/bd_0/ip/ip_63/bd_6f02_m06awn_0_clocks.xdc] for cell 'inst/m06_nodes/m06_aw_node/inst'
Finished Parsing XDC File [d:/licenta_16_layer_conv_copie/licenta_16_layer_conv.gen/sources_1/bd/design_1/ip/design_1_axi_smc_1/bd_0/ip/ip_63/bd_6f02_m06awn_0_clocks.xdc] for cell 'inst/m06_nodes/m06_aw_node/inst'
INFO: [Project 1-236] Implementation specific constraints were found while reading constraint file [d:/licenta_16_layer_conv_copie/licenta_16_layer_conv.gen/sources_1/bd/design_1/ip/design_1_axi_smc_1/bd_0/ip/ip_63/bd_6f02_m06awn_0_clocks.xdc]. These constraints will be ignored for synthesis but will be used in implementation. Impacted constraints are listed in the file [.Xil/design_1_axi_smc_1_propImpl.xdc].
Resolution: To avoid this warning, move constraints listed in [.Xil/design_1_axi_smc_1_propImpl.xdc] to another XDC file and exclude this new file from synthesis with the used_in_synthesis property (File Properties dialog in GUI) and re-run elaboration/synthesis.
Parsing XDC File [d:/licenta_16_layer_conv_copie/licenta_16_layer_conv.gen/sources_1/bd/design_1/ip/design_1_axi_smc_1/bd_0/ip/ip_64/bd_6f02_m06wn_0_clocks.xdc] for cell 'inst/m06_nodes/m06_w_node/inst'
Finished Parsing XDC File [d:/licenta_16_layer_conv_copie/licenta_16_layer_conv.gen/sources_1/bd/design_1/ip/design_1_axi_smc_1/bd_0/ip/ip_64/bd_6f02_m06wn_0_clocks.xdc] for cell 'inst/m06_nodes/m06_w_node/inst'
INFO: [Project 1-236] Implementation specific constraints were found while reading constraint file [d:/licenta_16_layer_conv_copie/licenta_16_layer_conv.gen/sources_1/bd/design_1/ip/design_1_axi_smc_1/bd_0/ip/ip_64/bd_6f02_m06wn_0_clocks.xdc]. These constraints will be ignored for synthesis but will be used in implementation. Impacted constraints are listed in the file [.Xil/design_1_axi_smc_1_propImpl.xdc].
Resolution: To avoid this warning, move constraints listed in [.Xil/design_1_axi_smc_1_propImpl.xdc] to another XDC file and exclude this new file from synthesis with the used_in_synthesis property (File Properties dialog in GUI) and re-run elaboration/synthesis.
Parsing XDC File [d:/licenta_16_layer_conv_copie/licenta_16_layer_conv.gen/sources_1/bd/design_1/ip/design_1_axi_smc_1/bd_0/ip/ip_65/bd_6f02_m06bn_0_clocks.xdc] for cell 'inst/m06_nodes/m06_b_node/inst'
Finished Parsing XDC File [d:/licenta_16_layer_conv_copie/licenta_16_layer_conv.gen/sources_1/bd/design_1/ip/design_1_axi_smc_1/bd_0/ip/ip_65/bd_6f02_m06bn_0_clocks.xdc] for cell 'inst/m06_nodes/m06_b_node/inst'
INFO: [Project 1-236] Implementation specific constraints were found while reading constraint file [d:/licenta_16_layer_conv_copie/licenta_16_layer_conv.gen/sources_1/bd/design_1/ip/design_1_axi_smc_1/bd_0/ip/ip_65/bd_6f02_m06bn_0_clocks.xdc]. These constraints will be ignored for synthesis but will be used in implementation. Impacted constraints are listed in the file [.Xil/design_1_axi_smc_1_propImpl.xdc].
Resolution: To avoid this warning, move constraints listed in [.Xil/design_1_axi_smc_1_propImpl.xdc] to another XDC file and exclude this new file from synthesis with the used_in_synthesis property (File Properties dialog in GUI) and re-run elaboration/synthesis.
Parsing XDC File [d:/licenta_16_layer_conv_copie/licenta_16_layer_conv.gen/sources_1/bd/design_1/ip/design_1_axi_smc_1/smartconnect.xdc] for cell 'inst'
Finished Parsing XDC File [d:/licenta_16_layer_conv_copie/licenta_16_layer_conv.gen/sources_1/bd/design_1/ip/design_1_axi_smc_1/smartconnect.xdc] for cell 'inst'
INFO: [Project 1-236] Implementation specific constraints were found while reading constraint file [d:/licenta_16_layer_conv_copie/licenta_16_layer_conv.gen/sources_1/bd/design_1/ip/design_1_axi_smc_1/smartconnect.xdc]. These constraints will be ignored for synthesis but will be used in implementation. Impacted constraints are listed in the file [.Xil/design_1_axi_smc_1_propImpl.xdc].
Resolution: To avoid this warning, move constraints listed in [.Xil/design_1_axi_smc_1_propImpl.xdc] to another XDC file and exclude this new file from synthesis with the used_in_synthesis property (File Properties dialog in GUI) and re-run elaboration/synthesis.
Parsing XDC File [D:/licenta_16_layer_conv_copie/licenta_16_layer_conv.runs/design_1_axi_smc_1_synth_1/dont_touch.xdc]
Finished Parsing XDC File [D:/licenta_16_layer_conv_copie/licenta_16_layer_conv.runs/design_1_axi_smc_1_synth_1/dont_touch.xdc]
INFO: [Project 1-236] Implementation specific constraints were found while reading constraint file [D:/Vivado/2024.1/data/ip/xpm/xpm_cdc/tcl/xpm_cdc_gray.tcl]. These constraints will be ignored for synthesis but will be used in implementation. Impacted constraints are listed in the file [.Xil/design_1_axi_smc_1_propImpl.xdc].
Resolution: To avoid this warning, move constraints listed in [.Xil/design_1_axi_smc_1_propImpl.xdc] to another XDC file and exclude this new file from synthesis with the used_in_synthesis property (File Properties dialog in GUI) and re-run elaboration/synthesis.
INFO: [Project 1-236] Implementation specific constraints were found while reading constraint file [D:/Vivado/2024.1/data/ip/xpm/xpm_memory/tcl/xpm_memory_xdc.tcl]. These constraints will be ignored for synthesis but will be used in implementation. Impacted constraints are listed in the file [.Xil/design_1_axi_smc_1_propImpl.xdc].
Resolution: To avoid this warning, move constraints listed in [.Xil/design_1_axi_smc_1_propImpl.xdc] to another XDC file and exclude this new file from synthesis with the used_in_synthesis property (File Properties dialog in GUI) and re-run elaboration/synthesis.
INFO: [Project 1-1714] 181 XPM XDC files have been applied to the design.
Completed Processing XDC Constraints

Netlist sorting complete. Time (s): cpu = 00:00:00 ; elapsed = 00:00:00.056 . Memory (MB): peak = 3050.449 ; gain = 0.000
INFO: [Project 1-111] Unisim Transformation Summary:
  A total of 39 instances were transformed.
  FDR => FDRE: 36 instances
  SRL16 => SRL16E: 3 instances

Constraint Validation Runtime : Time (s): cpu = 00:00:04 ; elapsed = 00:00:03 . Memory (MB): peak = 3194.688 ; gain = 144.238
INFO: [Designutils 20-5008] Incremental synthesis strategy off
---------------------------------------------------------------------------------
Finished Constraint Validation : Time (s): cpu = 00:01:34 ; elapsed = 00:01:40 . Memory (MB): peak = 3194.688 ; gain = 2204.664
---------------------------------------------------------------------------------
---------------------------------------------------------------------------------
Start Loading Part and Timing Information
---------------------------------------------------------------------------------
Loading part: xc7z020clg400-1
---------------------------------------------------------------------------------
Finished Loading Part and Timing Information : Time (s): cpu = 00:01:34 ; elapsed = 00:01:40 . Memory (MB): peak = 3194.688 ; gain = 2204.664
---------------------------------------------------------------------------------
---------------------------------------------------------------------------------
Start Applying 'set_property' XDC Constraints
---------------------------------------------------------------------------------
Applied set_property KEEP_HIERARCHY = SOFT for inst. (constraint file  D:/licenta_16_layer_conv_copie/licenta_16_layer_conv.runs/design_1_axi_smc_1_synth_1/dont_touch.xdc, line 457).
Applied set_property KEEP_HIERARCHY = SOFT for inst/m00_nodes/m00_ar_node/inst/m_sc_xpm_cdc_async_rst_inst. (constraint file  auto generated constraint).
Applied set_property KEEP_HIERARCHY = SOFT for inst/m00_nodes/m00_aw_node/inst/m_sc_xpm_cdc_async_rst_inst. (constraint file  auto generated constraint).
Applied set_property KEEP_HIERARCHY = SOFT for inst/m00_nodes/m00_b_node/inst/m_sc_xpm_cdc_async_rst_inst. (constraint file  auto generated constraint).
Applied set_property KEEP_HIERARCHY = SOFT for inst/m00_nodes/m00_r_node/inst/m_sc_xpm_cdc_async_rst_inst. (constraint file  auto generated constraint).
Applied set_property KEEP_HIERARCHY = SOFT for inst/m00_nodes/m00_w_node/inst/m_sc_xpm_cdc_async_rst_inst. (constraint file  auto generated constraint).
Applied set_property KEEP_HIERARCHY = SOFT for inst/m01_nodes/m01_ar_node/inst/m_sc_xpm_cdc_async_rst_inst. (constraint file  auto generated constraint).
Applied set_property KEEP_HIERARCHY = SOFT for inst/m01_nodes/m01_aw_node/inst/m_sc_xpm_cdc_async_rst_inst. (constraint file  auto generated constraint).
Applied set_property KEEP_HIERARCHY = SOFT for inst/m01_nodes/m01_b_node/inst/m_sc_xpm_cdc_async_rst_inst. (constraint file  auto generated constraint).
Applied set_property KEEP_HIERARCHY = SOFT for inst/m01_nodes/m01_r_node/inst/m_sc_xpm_cdc_async_rst_inst. (constraint file  auto generated constraint).
Applied set_property KEEP_HIERARCHY = SOFT for inst/m01_nodes/m01_w_node/inst/m_sc_xpm_cdc_async_rst_inst. (constraint file  auto generated constraint).
Applied set_property KEEP_HIERARCHY = SOFT for inst/m02_nodes/m02_ar_node/inst/m_sc_xpm_cdc_async_rst_inst. (constraint file  auto generated constraint).
Applied set_property KEEP_HIERARCHY = SOFT for inst/m02_nodes/m02_aw_node/inst/m_sc_xpm_cdc_async_rst_inst. (constraint file  auto generated constraint).
Applied set_property KEEP_HIERARCHY = SOFT for inst/m02_nodes/m02_b_node/inst/m_sc_xpm_cdc_async_rst_inst. (constraint file  auto generated constraint).
Applied set_property KEEP_HIERARCHY = SOFT for inst/m02_nodes/m02_r_node/inst/m_sc_xpm_cdc_async_rst_inst. (constraint file  auto generated constraint).
Applied set_property KEEP_HIERARCHY = SOFT for inst/m02_nodes/m02_w_node/inst/m_sc_xpm_cdc_async_rst_inst. (constraint file  auto generated constraint).
Applied set_property KEEP_HIERARCHY = SOFT for inst/m03_nodes/m03_ar_node/inst/m_sc_xpm_cdc_async_rst_inst. (constraint file  auto generated constraint).
Applied set_property KEEP_HIERARCHY = SOFT for inst/m03_nodes/m03_aw_node/inst/m_sc_xpm_cdc_async_rst_inst. (constraint file  auto generated constraint).
Applied set_property KEEP_HIERARCHY = SOFT for inst/m03_nodes/m03_b_node/inst/m_sc_xpm_cdc_async_rst_inst. (constraint file  auto generated constraint).
Applied set_property KEEP_HIERARCHY = SOFT for inst/m03_nodes/m03_r_node/inst/m_sc_xpm_cdc_async_rst_inst. (constraint file  auto generated constraint).
Applied set_property KEEP_HIERARCHY = SOFT for inst/m03_nodes/m03_w_node/inst/m_sc_xpm_cdc_async_rst_inst. (constraint file  auto generated constraint).
Applied set_property KEEP_HIERARCHY = SOFT for inst/m04_nodes/m04_ar_node/inst/m_sc_xpm_cdc_async_rst_inst. (constraint file  auto generated constraint).
Applied set_property KEEP_HIERARCHY = SOFT for inst/m04_nodes/m04_aw_node/inst/m_sc_xpm_cdc_async_rst_inst. (constraint file  auto generated constraint).
Applied set_property KEEP_HIERARCHY = SOFT for inst/m04_nodes/m04_b_node/inst/m_sc_xpm_cdc_async_rst_inst. (constraint file  auto generated constraint).
Applied set_property KEEP_HIERARCHY = SOFT for inst/m04_nodes/m04_r_node/inst/m_sc_xpm_cdc_async_rst_inst. (constraint file  auto generated constraint).
Applied set_property KEEP_HIERARCHY = SOFT for inst/m04_nodes/m04_w_node/inst/m_sc_xpm_cdc_async_rst_inst. (constraint file  auto generated constraint).
Applied set_property KEEP_HIERARCHY = SOFT for inst/m05_nodes/m05_ar_node/inst/m_sc_xpm_cdc_async_rst_inst. (constraint file  auto generated constraint).
Applied set_property KEEP_HIERARCHY = SOFT for inst/m05_nodes/m05_aw_node/inst/m_sc_xpm_cdc_async_rst_inst. (constraint file  auto generated constraint).
Applied set_property KEEP_HIERARCHY = SOFT for inst/m05_nodes/m05_b_node/inst/m_sc_xpm_cdc_async_rst_inst. (constraint file  auto generated constraint).
Applied set_property KEEP_HIERARCHY = SOFT for inst/m05_nodes/m05_r_node/inst/m_sc_xpm_cdc_async_rst_inst. (constraint file  auto generated constraint).
Applied set_property KEEP_HIERARCHY = SOFT for inst/m05_nodes/m05_w_node/inst/m_sc_xpm_cdc_async_rst_inst. (constraint file  auto generated constraint).
Applied set_property KEEP_HIERARCHY = SOFT for inst/m06_nodes/m06_ar_node/inst/m_sc_xpm_cdc_async_rst_inst. (constraint file  auto generated constraint).
Applied set_property KEEP_HIERARCHY = SOFT for inst/m06_nodes/m06_aw_node/inst/m_sc_xpm_cdc_async_rst_inst. (constraint file  auto generated constraint).
Applied set_property KEEP_HIERARCHY = SOFT for inst/m06_nodes/m06_b_node/inst/m_sc_xpm_cdc_async_rst_inst. (constraint file  auto generated constraint).
Applied set_property KEEP_HIERARCHY = SOFT for inst/m06_nodes/m06_r_node/inst/m_sc_xpm_cdc_async_rst_inst. (constraint file  auto generated constraint).
Applied set_property KEEP_HIERARCHY = SOFT for inst/m06_nodes/m06_w_node/inst/m_sc_xpm_cdc_async_rst_inst. (constraint file  auto generated constraint).
Applied set_property KEEP_HIERARCHY = SOFT for inst/s00_nodes/s00_ar_node/inst/m_sc_xpm_cdc_async_rst_inst. (constraint file  auto generated constraint).
Applied set_property KEEP_HIERARCHY = SOFT for inst/s00_nodes/s00_aw_node/inst/m_sc_xpm_cdc_async_rst_inst. (constraint file  auto generated constraint).
Applied set_property KEEP_HIERARCHY = SOFT for inst/s00_nodes/s00_b_node/inst/m_sc_xpm_cdc_async_rst_inst. (constraint file  auto generated constraint).
Applied set_property KEEP_HIERARCHY = SOFT for inst/s00_nodes/s00_r_node/inst/m_sc_xpm_cdc_async_rst_inst. (constraint file  auto generated constraint).
Applied set_property KEEP_HIERARCHY = SOFT for inst/s00_nodes/s00_w_node/inst/m_sc_xpm_cdc_async_rst_inst. (constraint file  auto generated constraint).
Applied set_property KEEP_HIERARCHY = SOFT for inst/m00_nodes/m00_ar_node/inst/s_sc_xpm_cdc_async_rst_inst. (constraint file  auto generated constraint).
Applied set_property KEEP_HIERARCHY = SOFT for inst/m00_nodes/m00_aw_node/inst/s_sc_xpm_cdc_async_rst_inst. (constraint file  auto generated constraint).
Applied set_property KEEP_HIERARCHY = SOFT for inst/m00_nodes/m00_b_node/inst/s_sc_xpm_cdc_async_rst_inst. (constraint file  auto generated constraint).
Applied set_property KEEP_HIERARCHY = SOFT for inst/m00_nodes/m00_r_node/inst/s_sc_xpm_cdc_async_rst_inst. (constraint file  auto generated constraint).
Applied set_property KEEP_HIERARCHY = SOFT for inst/m00_nodes/m00_w_node/inst/s_sc_xpm_cdc_async_rst_inst. (constraint file  auto generated constraint).
Applied set_property KEEP_HIERARCHY = SOFT for inst/m01_nodes/m01_ar_node/inst/s_sc_xpm_cdc_async_rst_inst. (constraint file  auto generated constraint).
Applied set_property KEEP_HIERARCHY = SOFT for inst/m01_nodes/m01_aw_node/inst/s_sc_xpm_cdc_async_rst_inst. (constraint file  auto generated constraint).
Applied set_property KEEP_HIERARCHY = SOFT for inst/m01_nodes/m01_b_node/inst/s_sc_xpm_cdc_async_rst_inst. (constraint file  auto generated constraint).
Applied set_property KEEP_HIERARCHY = SOFT for inst/m01_nodes/m01_r_node/inst/s_sc_xpm_cdc_async_rst_inst. (constraint file  auto generated constraint).
Applied set_property KEEP_HIERARCHY = SOFT for inst/m01_nodes/m01_w_node/inst/s_sc_xpm_cdc_async_rst_inst. (constraint file  auto generated constraint).
Applied set_property KEEP_HIERARCHY = SOFT for inst/m02_nodes/m02_ar_node/inst/s_sc_xpm_cdc_async_rst_inst. (constraint file  auto generated constraint).
Applied set_property KEEP_HIERARCHY = SOFT for inst/m02_nodes/m02_aw_node/inst/s_sc_xpm_cdc_async_rst_inst. (constraint file  auto generated constraint).
Applied set_property KEEP_HIERARCHY = SOFT for inst/m02_nodes/m02_b_node/inst/s_sc_xpm_cdc_async_rst_inst. (constraint file  auto generated constraint).
Applied set_property KEEP_HIERARCHY = SOFT for inst/m02_nodes/m02_r_node/inst/s_sc_xpm_cdc_async_rst_inst. (constraint file  auto generated constraint).
Applied set_property KEEP_HIERARCHY = SOFT for inst/m02_nodes/m02_w_node/inst/s_sc_xpm_cdc_async_rst_inst. (constraint file  auto generated constraint).
Applied set_property KEEP_HIERARCHY = SOFT for inst/m03_nodes/m03_ar_node/inst/s_sc_xpm_cdc_async_rst_inst. (constraint file  auto generated constraint).
Applied set_property KEEP_HIERARCHY = SOFT for inst/m03_nodes/m03_aw_node/inst/s_sc_xpm_cdc_async_rst_inst. (constraint file  auto generated constraint).
Applied set_property KEEP_HIERARCHY = SOFT for inst/m03_nodes/m03_b_node/inst/s_sc_xpm_cdc_async_rst_inst. (constraint file  auto generated constraint).
Applied set_property KEEP_HIERARCHY = SOFT for inst/m03_nodes/m03_r_node/inst/s_sc_xpm_cdc_async_rst_inst. (constraint file  auto generated constraint).
Applied set_property KEEP_HIERARCHY = SOFT for inst/m03_nodes/m03_w_node/inst/s_sc_xpm_cdc_async_rst_inst. (constraint file  auto generated constraint).
Applied set_property KEEP_HIERARCHY = SOFT for inst/m04_nodes/m04_ar_node/inst/s_sc_xpm_cdc_async_rst_inst. (constraint file  auto generated constraint).
Applied set_property KEEP_HIERARCHY = SOFT for inst/m04_nodes/m04_aw_node/inst/s_sc_xpm_cdc_async_rst_inst. (constraint file  auto generated constraint).
Applied set_property KEEP_HIERARCHY = SOFT for inst/m04_nodes/m04_b_node/inst/s_sc_xpm_cdc_async_rst_inst. (constraint file  auto generated constraint).
Applied set_property KEEP_HIERARCHY = SOFT for inst/m04_nodes/m04_r_node/inst/s_sc_xpm_cdc_async_rst_inst. (constraint file  auto generated constraint).
Applied set_property KEEP_HIERARCHY = SOFT for inst/m04_nodes/m04_w_node/inst/s_sc_xpm_cdc_async_rst_inst. (constraint file  auto generated constraint).
Applied set_property KEEP_HIERARCHY = SOFT for inst/m05_nodes/m05_ar_node/inst/s_sc_xpm_cdc_async_rst_inst. (constraint file  auto generated constraint).
Applied set_property KEEP_HIERARCHY = SOFT for inst/m05_nodes/m05_aw_node/inst/s_sc_xpm_cdc_async_rst_inst. (constraint file  auto generated constraint).
Applied set_property KEEP_HIERARCHY = SOFT for inst/m05_nodes/m05_b_node/inst/s_sc_xpm_cdc_async_rst_inst. (constraint file  auto generated constraint).
Applied set_property KEEP_HIERARCHY = SOFT for inst/m05_nodes/m05_r_node/inst/s_sc_xpm_cdc_async_rst_inst. (constraint file  auto generated constraint).
Applied set_property KEEP_HIERARCHY = SOFT for inst/m05_nodes/m05_w_node/inst/s_sc_xpm_cdc_async_rst_inst. (constraint file  auto generated constraint).
Applied set_property KEEP_HIERARCHY = SOFT for inst/m06_nodes/m06_ar_node/inst/s_sc_xpm_cdc_async_rst_inst. (constraint file  auto generated constraint).
Applied set_property KEEP_HIERARCHY = SOFT for inst/m06_nodes/m06_aw_node/inst/s_sc_xpm_cdc_async_rst_inst. (constraint file  auto generated constraint).
Applied set_property KEEP_HIERARCHY = SOFT for inst/m06_nodes/m06_b_node/inst/s_sc_xpm_cdc_async_rst_inst. (constraint file  auto generated constraint).
Applied set_property KEEP_HIERARCHY = SOFT for inst/m06_nodes/m06_r_node/inst/s_sc_xpm_cdc_async_rst_inst. (constraint file  auto generated constraint).
Applied set_property KEEP_HIERARCHY = SOFT for inst/m06_nodes/m06_w_node/inst/s_sc_xpm_cdc_async_rst_inst. (constraint file  auto generated constraint).
Applied set_property KEEP_HIERARCHY = SOFT for inst/s00_nodes/s00_ar_node/inst/s_sc_xpm_cdc_async_rst_inst. (constraint file  auto generated constraint).
Applied set_property KEEP_HIERARCHY = SOFT for inst/s00_nodes/s00_aw_node/inst/s_sc_xpm_cdc_async_rst_inst. (constraint file  auto generated constraint).
Applied set_property KEEP_HIERARCHY = SOFT for inst/s00_nodes/s00_b_node/inst/s_sc_xpm_cdc_async_rst_inst. (constraint file  auto generated constraint).
Applied set_property KEEP_HIERARCHY = SOFT for inst/s00_nodes/s00_r_node/inst/s_sc_xpm_cdc_async_rst_inst. (constraint file  auto generated constraint).
Applied set_property KEEP_HIERARCHY = SOFT for inst/s00_nodes/s00_w_node/inst/s_sc_xpm_cdc_async_rst_inst. (constraint file  auto generated constraint).
Applied set_property KEEP_HIERARCHY = SOFT for inst/m00_exit_pipeline/m00_exit/inst/xpm_cdc_async_rst_inst. (constraint file  auto generated constraint).
Applied set_property KEEP_HIERARCHY = SOFT for inst/m01_exit_pipeline/m01_exit/inst/xpm_cdc_async_rst_inst. (constraint file  auto generated constraint).
Applied set_property KEEP_HIERARCHY = SOFT for inst/m02_exit_pipeline/m02_exit/inst/xpm_cdc_async_rst_inst. (constraint file  auto generated constraint).
Applied set_property KEEP_HIERARCHY = SOFT for inst/m03_exit_pipeline/m03_exit/inst/xpm_cdc_async_rst_inst. (constraint file  auto generated constraint).
Applied set_property KEEP_HIERARCHY = SOFT for inst/m04_exit_pipeline/m04_exit/inst/xpm_cdc_async_rst_inst. (constraint file  auto generated constraint).
Applied set_property KEEP_HIERARCHY = SOFT for inst/m05_exit_pipeline/m05_exit/inst/xpm_cdc_async_rst_inst. (constraint file  auto generated constraint).
Applied set_property KEEP_HIERARCHY = SOFT for inst/m06_exit_pipeline/m06_exit/inst/xpm_cdc_async_rst_inst. (constraint file  auto generated constraint).
Applied set_property KEEP_HIERARCHY = SOFT for inst/s00_entry_pipeline/s00_mmu/inst/xpm_cdc_async_rst_inst. (constraint file  auto generated constraint).
Applied set_property KEEP_HIERARCHY = SOFT for inst/s00_entry_pipeline/s00_si_converter/inst/xpm_cdc_async_rst_inst. (constraint file  auto generated constraint).
Applied set_property KEEP_HIERARCHY = SOFT for inst/s00_entry_pipeline/s00_transaction_regulator/inst/xpm_cdc_async_rst_inst. (constraint file  auto generated constraint).
Applied set_property KEEP_HIERARCHY = SOFT for inst/m00_nodes/m00_ar_node/inst/inst_mi_handler/\gen_normal_area.inst_fifo_node_payld /\gen_xpm_memory_fifo.inst_fifo /\gen_async_clocks.inst_cdc_addra_to_rd_clk . (constraint file  auto generated constraint).
Applied set_property KEEP_HIERARCHY = SOFT for inst/m00_nodes/m00_aw_node/inst/inst_mi_handler/\gen_normal_area.inst_fifo_node_payld /\gen_xpm_memory_fifo.inst_fifo /\gen_async_clocks.inst_cdc_addra_to_rd_clk . (constraint file  auto generated constraint).
Applied set_property KEEP_HIERARCHY = SOFT for inst/m00_nodes/m00_b_node/inst/inst_mi_handler/\gen_normal_area.gen_fifo_req.inst_fifo_req /\gen_xpm_memory_fifo.inst_fifo /\gen_async_clocks.inst_cdc_addra_to_rd_clk . (constraint file  auto generated constraint).
Applied set_property KEEP_HIERARCHY = SOFT for inst/m00_nodes/m00_b_node/inst/inst_mi_handler/\gen_normal_area.inst_fifo_node_payld /\gen_xpm_memory_fifo.inst_fifo /\gen_async_clocks.inst_cdc_addra_to_rd_clk . (constraint file  auto generated constraint).
Applied set_property KEEP_HIERARCHY = SOFT for inst/m00_nodes/m00_r_node/inst/inst_mi_handler/\gen_normal_area.gen_fifo_req.inst_fifo_req /\gen_xpm_memory_fifo.inst_fifo /\gen_async_clocks.inst_cdc_addra_to_rd_clk . (constraint file  auto generated constraint).
Applied set_property KEEP_HIERARCHY = SOFT for inst/m00_nodes/m00_r_node/inst/inst_mi_handler/\gen_normal_area.inst_fifo_node_payld /\gen_xpm_memory_fifo.inst_fifo /\gen_async_clocks.inst_cdc_addra_to_rd_clk . (constraint file  auto generated constraint).
Applied set_property KEEP_HIERARCHY = SOFT for inst/m00_nodes/m00_w_node/inst/inst_mi_handler/\gen_normal_area.inst_fifo_node_payld /\gen_xpm_memory_fifo.inst_fifo /\gen_async_clocks.inst_cdc_addra_to_rd_clk . (constraint file  auto generated constraint).
Applied set_property KEEP_HIERARCHY = SOFT for inst/m00_nodes/m00_ar_node/inst/inst_mi_handler/\gen_normal_area.inst_fifo_node_payld /\gen_xpm_memory_fifo.inst_fifo /\gen_async_clocks.inst_cdc_addrb_to_wr_clk . (constraint file  auto generated constraint).
Applied set_property KEEP_HIERARCHY = SOFT for inst/m00_nodes/m00_aw_node/inst/inst_mi_handler/\gen_normal_area.inst_fifo_node_payld /\gen_xpm_memory_fifo.inst_fifo /\gen_async_clocks.inst_cdc_addrb_to_wr_clk . (constraint file  auto generated constraint).
Applied set_property KEEP_HIERARCHY = SOFT for inst/m00_nodes/m00_b_node/inst/inst_mi_handler/\gen_normal_area.gen_fifo_req.inst_fifo_req /\gen_xpm_memory_fifo.inst_fifo /\gen_async_clocks.inst_cdc_addrb_to_wr_clk . (constraint file  auto generated constraint).
Applied set_property KEEP_HIERARCHY = SOFT for inst/m00_nodes/m00_b_node/inst/inst_mi_handler/\gen_normal_area.inst_fifo_node_payld /\gen_xpm_memory_fifo.inst_fifo /\gen_async_clocks.inst_cdc_addrb_to_wr_clk . (constraint file  auto generated constraint).
Applied set_property KEEP_HIERARCHY = SOFT for inst/m00_nodes/m00_r_node/inst/inst_mi_handler/\gen_normal_area.gen_fifo_req.inst_fifo_req /\gen_xpm_memory_fifo.inst_fifo /\gen_async_clocks.inst_cdc_addrb_to_wr_clk . (constraint file  auto generated constraint).
Applied set_property KEEP_HIERARCHY = SOFT for inst/m00_nodes/m00_r_node/inst/inst_mi_handler/\gen_normal_area.inst_fifo_node_payld /\gen_xpm_memory_fifo.inst_fifo /\gen_async_clocks.inst_cdc_addrb_to_wr_clk . (constraint file  auto generated constraint).
Applied set_property KEEP_HIERARCHY = SOFT for inst/m00_nodes/m00_w_node/inst/inst_mi_handler/\gen_normal_area.inst_fifo_node_payld /\gen_xpm_memory_fifo.inst_fifo /\gen_async_clocks.inst_cdc_addrb_to_wr_clk . (constraint file  auto generated constraint).
Applied set_property KEEP_HIERARCHY = SOFT for inst/m00_nodes/m00_ar_node/inst/inst_mi_handler/\gen_normal_area.inst_fifo_node_payld /\gen_xpm_memory_fifo.inst_fifo /\gen_mem_rep[0].inst_xpm_memory . (constraint file  auto generated constraint).
Applied set_property KEEP_HIERARCHY = SOFT for inst/m00_nodes/m00_aw_node/inst/inst_mi_handler/\gen_normal_area.inst_fifo_node_payld /\gen_xpm_memory_fifo.inst_fifo /\gen_mem_rep[0].inst_xpm_memory . (constraint file  auto generated constraint).
Applied set_property KEEP_HIERARCHY = SOFT for inst/m00_nodes/m00_b_node/inst/inst_mi_handler/\gen_normal_area.gen_fifo_req.inst_fifo_req /\gen_xpm_memory_fifo.inst_fifo /\gen_mem_rep[0].inst_xpm_memory . (constraint file  auto generated constraint).
Applied set_property KEEP_HIERARCHY = SOFT for inst/m00_nodes/m00_r_node/inst/inst_mi_handler/\gen_normal_area.gen_fifo_req.inst_fifo_req /\gen_xpm_memory_fifo.inst_fifo /\gen_mem_rep[0].inst_xpm_memory . (constraint file  auto generated constraint).
Applied set_property KEEP_HIERARCHY = SOFT for inst/m00_nodes/m00_b_node/inst/inst_mi_handler/\gen_normal_area.inst_fifo_node_payld /\gen_xpm_memory_fifo.inst_fifo /\gen_mem_rep[0].inst_xpm_memory . (constraint file  auto generated constraint).
Applied set_property KEEP_HIERARCHY = SOFT for inst/m00_nodes/m00_r_node/inst/inst_mi_handler/\gen_normal_area.inst_fifo_node_payld /\gen_xpm_memory_fifo.inst_fifo /\gen_mem_rep[0].inst_xpm_memory . (constraint file  auto generated constraint).
Applied set_property KEEP_HIERARCHY = SOFT for inst/m00_nodes/m00_w_node/inst/inst_mi_handler/\gen_normal_area.inst_fifo_node_payld /\gen_xpm_memory_fifo.inst_fifo /\gen_mem_rep[0].inst_xpm_memory . (constraint file  auto generated constraint).
Applied set_property KEEP_HIERARCHY = SOFT for inst/m01_nodes/m01_ar_node/inst/inst_mi_handler/\gen_normal_area.gen_node_prog_full.inst_node_prog_full /\gen_xpm_memory_fifo.inst_fifo /\gen_mem_rep[0].inst_xpm_memory . (constraint file  auto generated constraint).
Applied set_property KEEP_HIERARCHY = SOFT for inst/m01_nodes/m01_aw_node/inst/inst_mi_handler/\gen_normal_area.gen_node_prog_full.inst_node_prog_full /\gen_xpm_memory_fifo.inst_fifo /\gen_mem_rep[0].inst_xpm_memory . (constraint file  auto generated constraint).
Applied set_property KEEP_HIERARCHY = SOFT for inst/m01_nodes/m01_w_node/inst/inst_mi_handler/\gen_normal_area.gen_node_prog_full.inst_node_prog_full /\gen_xpm_memory_fifo.inst_fifo /\gen_mem_rep[0].inst_xpm_memory . (constraint file  auto generated constraint).
Applied set_property KEEP_HIERARCHY = SOFT for inst/m02_nodes/m02_ar_node/inst/inst_mi_handler/\gen_normal_area.gen_node_prog_full.inst_node_prog_full /\gen_xpm_memory_fifo.inst_fifo /\gen_mem_rep[0].inst_xpm_memory . (constraint file  auto generated constraint).
Applied set_property KEEP_HIERARCHY = SOFT for inst/m02_nodes/m02_aw_node/inst/inst_mi_handler/\gen_normal_area.gen_node_prog_full.inst_node_prog_full /\gen_xpm_memory_fifo.inst_fifo /\gen_mem_rep[0].inst_xpm_memory . (constraint file  auto generated constraint).
Applied set_property KEEP_HIERARCHY = SOFT for inst/m02_nodes/m02_w_node/inst/inst_mi_handler/\gen_normal_area.gen_node_prog_full.inst_node_prog_full /\gen_xpm_memory_fifo.inst_fifo /\gen_mem_rep[0].inst_xpm_memory . (constraint file  auto generated constraint).
Applied set_property KEEP_HIERARCHY = SOFT for inst/m03_nodes/m03_ar_node/inst/inst_mi_handler/\gen_normal_area.gen_node_prog_full.inst_node_prog_full /\gen_xpm_memory_fifo.inst_fifo /\gen_mem_rep[0].inst_xpm_memory . (constraint file  auto generated constraint).
Applied set_property KEEP_HIERARCHY = SOFT for inst/m03_nodes/m03_aw_node/inst/inst_mi_handler/\gen_normal_area.gen_node_prog_full.inst_node_prog_full /\gen_xpm_memory_fifo.inst_fifo /\gen_mem_rep[0].inst_xpm_memory . (constraint file  auto generated constraint).
Applied set_property KEEP_HIERARCHY = SOFT for inst/m03_nodes/m03_w_node/inst/inst_mi_handler/\gen_normal_area.gen_node_prog_full.inst_node_prog_full /\gen_xpm_memory_fifo.inst_fifo /\gen_mem_rep[0].inst_xpm_memory . (constraint file  auto generated constraint).
Applied set_property KEEP_HIERARCHY = SOFT for inst/m04_nodes/m04_ar_node/inst/inst_mi_handler/\gen_normal_area.gen_node_prog_full.inst_node_prog_full /\gen_xpm_memory_fifo.inst_fifo /\gen_mem_rep[0].inst_xpm_memory . (constraint file  auto generated constraint).
Applied set_property KEEP_HIERARCHY = SOFT for inst/m04_nodes/m04_aw_node/inst/inst_mi_handler/\gen_normal_area.gen_node_prog_full.inst_node_prog_full /\gen_xpm_memory_fifo.inst_fifo /\gen_mem_rep[0].inst_xpm_memory . (constraint file  auto generated constraint).
Applied set_property KEEP_HIERARCHY = SOFT for inst/m04_nodes/m04_w_node/inst/inst_mi_handler/\gen_normal_area.gen_node_prog_full.inst_node_prog_full /\gen_xpm_memory_fifo.inst_fifo /\gen_mem_rep[0].inst_xpm_memory . (constraint file  auto generated constraint).
Applied set_property KEEP_HIERARCHY = SOFT for inst/m05_nodes/m05_ar_node/inst/inst_mi_handler/\gen_normal_area.gen_node_prog_full.inst_node_prog_full /\gen_xpm_memory_fifo.inst_fifo /\gen_mem_rep[0].inst_xpm_memory . (constraint file  auto generated constraint).
Applied set_property KEEP_HIERARCHY = SOFT for inst/m05_nodes/m05_aw_node/inst/inst_mi_handler/\gen_normal_area.gen_node_prog_full.inst_node_prog_full /\gen_xpm_memory_fifo.inst_fifo /\gen_mem_rep[0].inst_xpm_memory . (constraint file  auto generated constraint).
Applied set_property KEEP_HIERARCHY = SOFT for inst/m05_nodes/m05_w_node/inst/inst_mi_handler/\gen_normal_area.gen_node_prog_full.inst_node_prog_full /\gen_xpm_memory_fifo.inst_fifo /\gen_mem_rep[0].inst_xpm_memory . (constraint file  auto generated constraint).
Applied set_property KEEP_HIERARCHY = SOFT for inst/m06_nodes/m06_ar_node/inst/inst_mi_handler/\gen_normal_area.gen_node_prog_full.inst_node_prog_full /\gen_xpm_memory_fifo.inst_fifo /\gen_mem_rep[0].inst_xpm_memory . (constraint file  auto generated constraint).
Applied set_property KEEP_HIERARCHY = SOFT for inst/m06_nodes/m06_aw_node/inst/inst_mi_handler/\gen_normal_area.gen_node_prog_full.inst_node_prog_full /\gen_xpm_memory_fifo.inst_fifo /\gen_mem_rep[0].inst_xpm_memory . (constraint file  auto generated constraint).
Applied set_property KEEP_HIERARCHY = SOFT for inst/m06_nodes/m06_w_node/inst/inst_mi_handler/\gen_normal_area.gen_node_prog_full.inst_node_prog_full /\gen_xpm_memory_fifo.inst_fifo /\gen_mem_rep[0].inst_xpm_memory . (constraint file  auto generated constraint).
Applied set_property KEEP_HIERARCHY = SOFT for inst/s00_nodes/s00_b_node/inst/inst_mi_handler/\gen_normal_area.gen_node_prog_full.inst_node_prog_full /\gen_xpm_memory_fifo.inst_fifo /\gen_mem_rep[0].inst_xpm_memory . (constraint file  auto generated constraint).
Applied set_property KEEP_HIERARCHY = SOFT for inst/s00_nodes/s00_r_node/inst/inst_mi_handler/\gen_normal_area.gen_node_prog_full.inst_node_prog_full /\gen_xpm_memory_fifo.inst_fifo /\gen_mem_rep[0].inst_xpm_memory . (constraint file  auto generated constraint).
Applied set_property KEEP_HIERARCHY = SOFT for inst/m01_nodes/m01_ar_node/inst/inst_mi_handler/\gen_normal_area.inst_fifo_node_payld /\gen_xpm_memory_fifo.inst_fifo /\gen_mem_rep[0].inst_xpm_memory . (constraint file  auto generated constraint).
Applied set_property KEEP_HIERARCHY = SOFT for inst/m01_nodes/m01_aw_node/inst/inst_mi_handler/\gen_normal_area.inst_fifo_node_payld /\gen_xpm_memory_fifo.inst_fifo /\gen_mem_rep[0].inst_xpm_memory . (constraint file  auto generated constraint).
Applied set_property KEEP_HIERARCHY = SOFT for inst/m02_nodes/m02_ar_node/inst/inst_mi_handler/\gen_normal_area.inst_fifo_node_payld /\gen_xpm_memory_fifo.inst_fifo /\gen_mem_rep[0].inst_xpm_memory . (constraint file  auto generated constraint).
Applied set_property KEEP_HIERARCHY = SOFT for inst/m02_nodes/m02_aw_node/inst/inst_mi_handler/\gen_normal_area.inst_fifo_node_payld /\gen_xpm_memory_fifo.inst_fifo /\gen_mem_rep[0].inst_xpm_memory . (constraint file  auto generated constraint).
Applied set_property KEEP_HIERARCHY = SOFT for inst/m03_nodes/m03_ar_node/inst/inst_mi_handler/\gen_normal_area.inst_fifo_node_payld /\gen_xpm_memory_fifo.inst_fifo /\gen_mem_rep[0].inst_xpm_memory . (constraint file  auto generated constraint).
Applied set_property KEEP_HIERARCHY = SOFT for inst/m03_nodes/m03_aw_node/inst/inst_mi_handler/\gen_normal_area.inst_fifo_node_payld /\gen_xpm_memory_fifo.inst_fifo /\gen_mem_rep[0].inst_xpm_memory . (constraint file  auto generated constraint).
Applied set_property KEEP_HIERARCHY = SOFT for inst/m04_nodes/m04_ar_node/inst/inst_mi_handler/\gen_normal_area.inst_fifo_node_payld /\gen_xpm_memory_fifo.inst_fifo /\gen_mem_rep[0].inst_xpm_memory . (constraint file  auto generated constraint).
Applied set_property KEEP_HIERARCHY = SOFT for inst/m04_nodes/m04_aw_node/inst/inst_mi_handler/\gen_normal_area.inst_fifo_node_payld /\gen_xpm_memory_fifo.inst_fifo /\gen_mem_rep[0].inst_xpm_memory . (constraint file  auto generated constraint).
Applied set_property KEEP_HIERARCHY = SOFT for inst/m05_nodes/m05_ar_node/inst/inst_mi_handler/\gen_normal_area.inst_fifo_node_payld /\gen_xpm_memory_fifo.inst_fifo /\gen_mem_rep[0].inst_xpm_memory . (constraint file  auto generated constraint).
Applied set_property KEEP_HIERARCHY = SOFT for inst/m05_nodes/m05_aw_node/inst/inst_mi_handler/\gen_normal_area.inst_fifo_node_payld /\gen_xpm_memory_fifo.inst_fifo /\gen_mem_rep[0].inst_xpm_memory . (constraint file  auto generated constraint).
Applied set_property KEEP_HIERARCHY = SOFT for inst/m06_nodes/m06_ar_node/inst/inst_mi_handler/\gen_normal_area.inst_fifo_node_payld /\gen_xpm_memory_fifo.inst_fifo /\gen_mem_rep[0].inst_xpm_memory . (constraint file  auto generated constraint).
Applied set_property KEEP_HIERARCHY = SOFT for inst/m06_nodes/m06_aw_node/inst/inst_mi_handler/\gen_normal_area.inst_fifo_node_payld /\gen_xpm_memory_fifo.inst_fifo /\gen_mem_rep[0].inst_xpm_memory . (constraint file  auto generated constraint).
Applied set_property KEEP_HIERARCHY = SOFT for inst/m01_nodes/m01_b_node/inst/inst_mi_handler/\gen_normal_area.gen_fifo_req.inst_fifo_req /\gen_xpm_memory_fifo.inst_fifo /\gen_mem_rep[0].inst_xpm_memory . (constraint file  auto generated constraint).
Applied set_property KEEP_HIERARCHY = SOFT for inst/m01_nodes/m01_r_node/inst/inst_mi_handler/\gen_normal_area.gen_fifo_req.inst_fifo_req /\gen_xpm_memory_fifo.inst_fifo /\gen_mem_rep[0].inst_xpm_memory . (constraint file  auto generated constraint).
Applied set_property KEEP_HIERARCHY = SOFT for inst/m02_nodes/m02_b_node/inst/inst_mi_handler/\gen_normal_area.gen_fifo_req.inst_fifo_req /\gen_xpm_memory_fifo.inst_fifo /\gen_mem_rep[0].inst_xpm_memory . (constraint file  auto generated constraint).
Applied set_property KEEP_HIERARCHY = SOFT for inst/m02_nodes/m02_r_node/inst/inst_mi_handler/\gen_normal_area.gen_fifo_req.inst_fifo_req /\gen_xpm_memory_fifo.inst_fifo /\gen_mem_rep[0].inst_xpm_memory . (constraint file  auto generated constraint).
Applied set_property KEEP_HIERARCHY = SOFT for inst/m03_nodes/m03_b_node/inst/inst_mi_handler/\gen_normal_area.gen_fifo_req.inst_fifo_req /\gen_xpm_memory_fifo.inst_fifo /\gen_mem_rep[0].inst_xpm_memory . (constraint file  auto generated constraint).
Applied set_property KEEP_HIERARCHY = SOFT for inst/m03_nodes/m03_r_node/inst/inst_mi_handler/\gen_normal_area.gen_fifo_req.inst_fifo_req /\gen_xpm_memory_fifo.inst_fifo /\gen_mem_rep[0].inst_xpm_memory . (constraint file  auto generated constraint).
Applied set_property KEEP_HIERARCHY = SOFT for inst/m04_nodes/m04_b_node/inst/inst_mi_handler/\gen_normal_area.gen_fifo_req.inst_fifo_req /\gen_xpm_memory_fifo.inst_fifo /\gen_mem_rep[0].inst_xpm_memory . (constraint file  auto generated constraint).
Applied set_property KEEP_HIERARCHY = SOFT for inst/m04_nodes/m04_r_node/inst/inst_mi_handler/\gen_normal_area.gen_fifo_req.inst_fifo_req /\gen_xpm_memory_fifo.inst_fifo /\gen_mem_rep[0].inst_xpm_memory . (constraint file  auto generated constraint).
Applied set_property KEEP_HIERARCHY = SOFT for inst/m05_nodes/m05_b_node/inst/inst_mi_handler/\gen_normal_area.gen_fifo_req.inst_fifo_req /\gen_xpm_memory_fifo.inst_fifo /\gen_mem_rep[0].inst_xpm_memory . (constraint file  auto generated constraint).
Applied set_property KEEP_HIERARCHY = SOFT for inst/m05_nodes/m05_r_node/inst/inst_mi_handler/\gen_normal_area.gen_fifo_req.inst_fifo_req /\gen_xpm_memory_fifo.inst_fifo /\gen_mem_rep[0].inst_xpm_memory . (constraint file  auto generated constraint).
Applied set_property KEEP_HIERARCHY = SOFT for inst/m06_nodes/m06_b_node/inst/inst_mi_handler/\gen_normal_area.gen_fifo_req.inst_fifo_req /\gen_xpm_memory_fifo.inst_fifo /\gen_mem_rep[0].inst_xpm_memory . (constraint file  auto generated constraint).
Applied set_property KEEP_HIERARCHY = SOFT for inst/m06_nodes/m06_r_node/inst/inst_mi_handler/\gen_normal_area.gen_fifo_req.inst_fifo_req /\gen_xpm_memory_fifo.inst_fifo /\gen_mem_rep[0].inst_xpm_memory . (constraint file  auto generated constraint).
Applied set_property KEEP_HIERARCHY = SOFT for inst/m01_nodes/m01_b_node/inst/inst_mi_handler/\gen_normal_area.inst_fifo_node_payld /\gen_xpm_memory_fifo.inst_fifo /\gen_mem_rep[0].inst_xpm_memory . (constraint file  auto generated constraint).
Applied set_property KEEP_HIERARCHY = SOFT for inst/m02_nodes/m02_b_node/inst/inst_mi_handler/\gen_normal_area.inst_fifo_node_payld /\gen_xpm_memory_fifo.inst_fifo /\gen_mem_rep[0].inst_xpm_memory . (constraint file  auto generated constraint).
Applied set_property KEEP_HIERARCHY = SOFT for inst/m03_nodes/m03_b_node/inst/inst_mi_handler/\gen_normal_area.inst_fifo_node_payld /\gen_xpm_memory_fifo.inst_fifo /\gen_mem_rep[0].inst_xpm_memory . (constraint file  auto generated constraint).
Applied set_property KEEP_HIERARCHY = SOFT for inst/m04_nodes/m04_b_node/inst/inst_mi_handler/\gen_normal_area.inst_fifo_node_payld /\gen_xpm_memory_fifo.inst_fifo /\gen_mem_rep[0].inst_xpm_memory . (constraint file  auto generated constraint).
Applied set_property KEEP_HIERARCHY = SOFT for inst/m05_nodes/m05_b_node/inst/inst_mi_handler/\gen_normal_area.inst_fifo_node_payld /\gen_xpm_memory_fifo.inst_fifo /\gen_mem_rep[0].inst_xpm_memory . (constraint file  auto generated constraint).
Applied set_property KEEP_HIERARCHY = SOFT for inst/m06_nodes/m06_b_node/inst/inst_mi_handler/\gen_normal_area.inst_fifo_node_payld /\gen_xpm_memory_fifo.inst_fifo /\gen_mem_rep[0].inst_xpm_memory . (constraint file  auto generated constraint).
Applied set_property KEEP_HIERARCHY = SOFT for inst/m01_nodes/m01_r_node/inst/inst_mi_handler/\gen_normal_area.inst_fifo_node_payld /\gen_xpm_memory_fifo.inst_fifo /\gen_mem_rep[0].inst_xpm_memory . (constraint file  auto generated constraint).
Applied set_property KEEP_HIERARCHY = SOFT for inst/m02_nodes/m02_r_node/inst/inst_mi_handler/\gen_normal_area.inst_fifo_node_payld /\gen_xpm_memory_fifo.inst_fifo /\gen_mem_rep[0].inst_xpm_memory . (constraint file  auto generated constraint).
Applied set_property KEEP_HIERARCHY = SOFT for inst/m03_nodes/m03_r_node/inst/inst_mi_handler/\gen_normal_area.inst_fifo_node_payld /\gen_xpm_memory_fifo.inst_fifo /\gen_mem_rep[0].inst_xpm_memory . (constraint file  auto generated constraint).
Applied set_property KEEP_HIERARCHY = SOFT for inst/m04_nodes/m04_r_node/inst/inst_mi_handler/\gen_normal_area.inst_fifo_node_payld /\gen_xpm_memory_fifo.inst_fifo /\gen_mem_rep[0].inst_xpm_memory . (constraint file  auto generated constraint).
Applied set_property KEEP_HIERARCHY = SOFT for inst/m05_nodes/m05_r_node/inst/inst_mi_handler/\gen_normal_area.inst_fifo_node_payld /\gen_xpm_memory_fifo.inst_fifo /\gen_mem_rep[0].inst_xpm_memory . (constraint file  auto generated constraint).
Applied set_property KEEP_HIERARCHY = SOFT for inst/m06_nodes/m06_r_node/inst/inst_mi_handler/\gen_normal_area.inst_fifo_node_payld /\gen_xpm_memory_fifo.inst_fifo /\gen_mem_rep[0].inst_xpm_memory . (constraint file  auto generated constraint).
Applied set_property KEEP_HIERARCHY = SOFT for inst/m01_nodes/m01_w_node/inst/inst_mi_handler/\gen_normal_area.inst_fifo_node_payld /\gen_xpm_memory_fifo.inst_fifo /\gen_mem_rep[0].inst_xpm_memory . (constraint file  auto generated constraint).
Applied set_property KEEP_HIERARCHY = SOFT for inst/m02_nodes/m02_w_node/inst/inst_mi_handler/\gen_normal_area.inst_fifo_node_payld /\gen_xpm_memory_fifo.inst_fifo /\gen_mem_rep[0].inst_xpm_memory . (constraint file  auto generated constraint).
Applied set_property KEEP_HIERARCHY = SOFT for inst/m03_nodes/m03_w_node/inst/inst_mi_handler/\gen_normal_area.inst_fifo_node_payld /\gen_xpm_memory_fifo.inst_fifo /\gen_mem_rep[0].inst_xpm_memory . (constraint file  auto generated constraint).
Applied set_property KEEP_HIERARCHY = SOFT for inst/m04_nodes/m04_w_node/inst/inst_mi_handler/\gen_normal_area.inst_fifo_node_payld /\gen_xpm_memory_fifo.inst_fifo /\gen_mem_rep[0].inst_xpm_memory . (constraint file  auto generated constraint).
Applied set_property KEEP_HIERARCHY = SOFT for inst/m05_nodes/m05_w_node/inst/inst_mi_handler/\gen_normal_area.inst_fifo_node_payld /\gen_xpm_memory_fifo.inst_fifo /\gen_mem_rep[0].inst_xpm_memory . (constraint file  auto generated constraint).
Applied set_property KEEP_HIERARCHY = SOFT for inst/m06_nodes/m06_w_node/inst/inst_mi_handler/\gen_normal_area.inst_fifo_node_payld /\gen_xpm_memory_fifo.inst_fifo /\gen_mem_rep[0].inst_xpm_memory . (constraint file  auto generated constraint).
Applied set_property KEEP_HIERARCHY = SOFT for inst/s00_nodes/s00_ar_node/inst/inst_mi_handler/\gen_normal_area.gen_fifo_req.inst_fifo_req /\gen_xpm_memory_fifo.inst_fifo /\gen_mem_rep[0].inst_xpm_memory . (constraint file  auto generated constraint).
Applied set_property KEEP_HIERARCHY = SOFT for inst/s00_nodes/s00_aw_node/inst/inst_mi_handler/\gen_normal_area.gen_fifo_req.inst_fifo_req /\gen_xpm_memory_fifo.inst_fifo /\gen_mem_rep[0].inst_xpm_memory . (constraint file  auto generated constraint).
Applied set_property KEEP_HIERARCHY = SOFT for inst/s00_nodes/s00_w_node/inst/inst_mi_handler/\gen_normal_area.gen_fifo_req.inst_fifo_req /\gen_xpm_memory_fifo.inst_fifo /\gen_mem_rep[0].inst_xpm_memory . (constraint file  auto generated constraint).
Applied set_property KEEP_HIERARCHY = SOFT for inst/s00_nodes/s00_ar_node/inst/inst_mi_handler/\gen_normal_area.inst_fifo_node_payld /\gen_xpm_memory_fifo.inst_fifo /\gen_mem_rep[0].inst_xpm_memory . (constraint file  auto generated constraint).
Applied set_property KEEP_HIERARCHY = SOFT for inst/s00_nodes/s00_aw_node/inst/inst_mi_handler/\gen_normal_area.inst_fifo_node_payld /\gen_xpm_memory_fifo.inst_fifo /\gen_mem_rep[0].inst_xpm_memory . (constraint file  auto generated constraint).
Applied set_property KEEP_HIERARCHY = SOFT for inst/s00_nodes/s00_b_node/inst/inst_mi_handler/\gen_normal_area.inst_fifo_node_payld /\gen_xpm_memory_fifo.inst_fifo /\gen_mem_rep[0].inst_xpm_memory . (constraint file  auto generated constraint).
Applied set_property KEEP_HIERARCHY = SOFT for inst/s00_nodes/s00_r_node/inst/inst_mi_handler/\gen_normal_area.inst_fifo_node_payld /\gen_xpm_memory_fifo.inst_fifo /\gen_mem_rep[0].inst_xpm_memory . (constraint file  auto generated constraint).
Applied set_property KEEP_HIERARCHY = SOFT for inst/s00_nodes/s00_w_node/inst/inst_mi_handler/\gen_normal_area.inst_fifo_node_payld /\gen_xpm_memory_fifo.inst_fifo /\gen_mem_rep[0].inst_xpm_memory . (constraint file  auto generated constraint).
---------------------------------------------------------------------------------
Finished applying 'set_property' XDC Constraints : Time (s): cpu = 00:01:35 ; elapsed = 00:01:41 . Memory (MB): peak = 3194.688 ; gain = 2204.664
---------------------------------------------------------------------------------
INFO: [Synth 8-4490] FSM extraction disabled for register 'gen_pipelined.state_reg' through user attribute
INFO: [Synth 8-4490] FSM extraction disabled for register 'gen_pipelined.state_reg' through user attribute
INFO: [Synth 8-4490] FSM extraction disabled for register 'gen_AB_reg_slice.state_reg' through user attribute
INFO: [Synth 8-802] inferred FSM for state register 'w_state_reg' in module 'sc_exit_v1_0_15_axilite_conv'
INFO: [Synth 8-802] inferred FSM for state register 'r_state_reg' in module 'sc_exit_v1_0_15_axilite_conv'
INFO: [Synth 8-4490] FSM extraction disabled for register 'gen_pipelined.state_reg' through user attribute
INFO: [Synth 8-802] inferred FSM for state register 'gen_axi.gen_write.write_cs_reg' in module 'sc_mmu_v1_0_13_decerr_slave'
INFO: [Synth 8-4490] FSM extraction disabled for register 'gen_pipelined.state_reg' through user attribute
INFO: [Synth 8-4490] FSM extraction disabled for register 'gen_pipelined.state_reg' through user attribute
INFO: [Synth 8-4490] FSM extraction disabled for register 'gen_pipelined.state_reg' through user attribute
INFO: [Synth 8-4490] FSM extraction disabled for register 'gen_pipelined.state_reg' through user attribute
INFO: [Synth 8-4490] FSM extraction disabled for register 'gen_pipelined.state_reg' through user attribute
INFO: [Synth 8-802] inferred FSM for state register 'state_reg' in module 'sc_transaction_regulator_v1_0_11_multithread'
INFO: [Synth 8-4490] FSM extraction disabled for register 'gen_AB_reg_slice.state_reg' through user attribute
---------------------------------------------------------------------------------------------------
                   State |                     New Encoding |                Previous Encoding 
---------------------------------------------------------------------------------------------------
                  W_IDLE |                              000 | 00000000000000000000000000000000
                    W_RX |                              001 | 00000000000000000000000000000001
                    W_TX |                              010 | 00000000000000000000000000000010
              W_COMPLETE |                              011 | 00000000000000000000000000000100
               W_RECOVER |                              100 | 00000000000000000000000000000011
---------------------------------------------------------------------------------------------------
INFO: [Synth 8-3354] encoded FSM with state register 'w_state_reg' using encoding 'sequential' in module 'sc_exit_v1_0_15_axilite_conv'
---------------------------------------------------------------------------------------------------
                   State |                     New Encoding |                Previous Encoding 
---------------------------------------------------------------------------------------------------
                  R_IDLE |                               00 | 00000000000000000000000000000000
                    R_RX |                               01 | 00000000000000000000000000000001
                    R_TX |                               10 | 00000000000000000000000000000010
---------------------------------------------------------------------------------------------------
INFO: [Synth 8-3354] encoded FSM with state register 'r_state_reg' using encoding 'sequential' in module 'sc_exit_v1_0_15_axilite_conv'
---------------------------------------------------------------------------------------------------
                   State |                     New Encoding |                Previous Encoding 
---------------------------------------------------------------------------------------------------
            P_WRITE_IDLE |                              001 |                               00
            P_WRITE_DATA |                              010 |                               01
            P_WRITE_RESP |                              100 |                               10
---------------------------------------------------------------------------------------------------
INFO: [Synth 8-3354] encoded FSM with state register 'gen_axi.gen_write.write_cs_reg' using encoding 'one-hot' in module 'sc_mmu_v1_0_13_decerr_slave'
---------------------------------------------------------------------------------------------------
                   State |                     New Encoding |                Previous Encoding 
---------------------------------------------------------------------------------------------------
                    INIT |                              000 | 00000000000000000000000000000000
                    IDLE |                              001 | 00000000000000000000000000000001
                DEADLOCK |                              010 | 00000000000000000000000000000010
                OVERFLOW |                              011 | 00000000000000000000000000000100
                ALLOCATE |                              100 | 00000000000000000000000000000011
                 REFRESH |                              101 | 00000000000000000000000000000101
---------------------------------------------------------------------------------------------------
INFO: [Synth 8-3354] encoded FSM with state register 'state_reg' using encoding 'sequential' in module 'sc_transaction_regulator_v1_0_11_multithread'
---------------------------------------------------------------------------------
Finished RTL Optimization Phase 2 : Time (s): cpu = 00:01:45 ; elapsed = 00:01:53 . Memory (MB): peak = 3194.688 ; gain = 2204.664
---------------------------------------------------------------------------------
---------------------------------------------------------------------------------
Start RTL Component Statistics 
---------------------------------------------------------------------------------
Detailed RTL Component Info : 
+---Adders : 
	   2 Input   12 Bit       Adders := 12    
	   2 Input    9 Bit       Adders := 18    
	   2 Input    8 Bit       Adders := 23    
	   2 Input    7 Bit       Adders := 4     
	   3 Input    6 Bit       Adders := 5     
	   2 Input    6 Bit       Adders := 465   
	   2 Input    5 Bit       Adders := 11    
	   3 Input    5 Bit       Adders := 5     
	   4 Input    5 Bit       Adders := 5     
	   2 Input    4 Bit       Adders := 73    
	   3 Input    4 Bit       Adders := 2     
	   2 Input    3 Bit       Adders := 1     
	   2 Input    2 Bit       Adders := 22    
	   3 Input    1 Bit       Adders := 16    
+---XORs : 
	   2 Input      6 Bit         XORs := 14    
	   2 Input      1 Bit         XORs := 680   
+---Registers : 
	             2178 Bit    Registers := 94    
	              512 Bit    Registers := 6     
	              166 Bit    Registers := 14    
	              148 Bit    Registers := 16    
	              104 Bit    Registers := 1     
	               76 Bit    Registers := 7     
	               73 Bit    Registers := 1     
	               64 Bit    Registers := 25    
	               58 Bit    Registers := 8     
	               53 Bit    Registers := 8     
	               47 Bit    Registers := 7     
	               42 Bit    Registers := 4     
	               41 Bit    Registers := 5     
	               33 Bit    Registers := 7     
	               32 Bit    Registers := 20    
	               27 Bit    Registers := 1     
	               24 Bit    Registers := 3     
	               21 Bit    Registers := 4     
	               18 Bit    Registers := 14    
	               16 Bit    Registers := 1     
	               14 Bit    Registers := 1     
	               13 Bit    Registers := 6     
	               12 Bit    Registers := 21    
	                9 Bit    Registers := 18    
	                8 Bit    Registers := 32    
	                7 Bit    Registers := 42    
	                6 Bit    Registers := 290   
	                5 Bit    Registers := 21    
	                4 Bit    Registers := 99    
	                3 Bit    Registers := 163   
	                2 Bit    Registers := 58    
	                1 Bit    Registers := 1705  
+---Muxes : 
	   2 Input 2178 Bit        Muxes := 46    
	   2 Input  148 Bit        Muxes := 14    
	   2 Input   58 Bit        Muxes := 7     
	   2 Input   47 Bit        Muxes := 7     
	   2 Input   42 Bit        Muxes := 4     
	   2 Input   41 Bit        Muxes := 4     
	   2 Input   33 Bit        Muxes := 7     
	   3 Input   32 Bit        Muxes := 6     
	   2 Input   32 Bit        Muxes := 14    
	   2 Input   21 Bit        Muxes := 4     
	   2 Input   16 Bit        Muxes := 1     
	   2 Input   14 Bit        Muxes := 1     
	   3 Input   13 Bit        Muxes := 6     
	   2 Input   13 Bit        Muxes := 6     
	   2 Input   12 Bit        Muxes := 43    
	   5 Input   12 Bit        Muxes := 6     
	   5 Input    9 Bit        Muxes := 6     
	   2 Input    9 Bit        Muxes := 12    
	   3 Input    8 Bit        Muxes := 6     
	   2 Input    8 Bit        Muxes := 64    
	   7 Input    8 Bit        Muxes := 2     
	   2 Input    7 Bit        Muxes := 45    
	   2 Input    6 Bit        Muxes := 80    
	   2 Input    5 Bit        Muxes := 15    
	   4 Input    5 Bit        Muxes := 8     
	   2 Input    4 Bit        Muxes := 60    
	   3 Input    4 Bit        Muxes := 2     
	   4 Input    3 Bit        Muxes := 28    
	   2 Input    3 Bit        Muxes := 44    
	   5 Input    3 Bit        Muxes := 8     
	   6 Input    3 Bit        Muxes := 2     
	   2 Input    2 Bit        Muxes := 349   
	   4 Input    2 Bit        Muxes := 7     
	   3 Input    2 Bit        Muxes := 12    
	   5 Input    2 Bit        Muxes := 1     
	   7 Input    2 Bit        Muxes := 17    
	   6 Input    1 Bit        Muxes := 346   
	   4 Input    1 Bit        Muxes := 97    
	   7 Input    1 Bit        Muxes := 92    
	  12 Input    1 Bit        Muxes := 28    
	   2 Input    1 Bit        Muxes := 764   
	   5 Input    1 Bit        Muxes := 84    
	   3 Input    1 Bit        Muxes := 99    
---------------------------------------------------------------------------------
Finished RTL Component Statistics 
---------------------------------------------------------------------------------
---------------------------------------------------------------------------------
Start Part Resource Summary
---------------------------------------------------------------------------------
Part Resources:
DSPs: 220 (col length:60)
BRAMs: 280 (col length: RAMB18 60 RAMB36 30)
---------------------------------------------------------------------------------
Finished Part Resource Summary
---------------------------------------------------------------------------------
---------------------------------------------------------------------------------
Start Cross Boundary and Area Optimization
---------------------------------------------------------------------------------
WARNING: [Synth 8-7080] Parallel synthesis criteria is not met
---------------------------------------------------------------------------------
Finished Cross Boundary and Area Optimization : Time (s): cpu = 00:04:18 ; elapsed = 00:04:47 . Memory (MB): peak = 3194.688 ; gain = 2204.664
---------------------------------------------------------------------------------
---------------------------------------------------------------------------------
Start ROM, RAM, DSP, Shift Register and Retiming Reporting
---------------------------------------------------------------------------------

Distributed RAM: Preliminary Mapping Report (see note below)
+-------------------------------------------------------------------------------------------------------------------------------------------------------------------------------------+----------------------------------+----------------+----------------------+--------------+
|Module Name                                                                                                                                                                          | RTL Object                       | Inference      | Size (Depth x Width) | Primitives   | 
+-------------------------------------------------------------------------------------------------------------------------------------------------------------------------------------+----------------------------------+----------------+----------------------+--------------+
|inst/i_0/\s00_nodes/s00_ar_node/inst /\inst_mi_handler/gen_normal_area.gen_fifo_req.inst_fifo_req/gen_xpm_memory_fifo.inst_fifo/gen_mem_rep[0].inst_xpm_memory /xpm_memory_base_inst | gen_wr_a.gen_word_narrow.mem_reg | User Attribute | 32 x 24              | RAM32M x 4   | 
|inst/i_0/\s00_nodes/s00_ar_node/inst /\inst_mi_handler/gen_normal_area.inst_fifo_node_payld/gen_xpm_memory_fifo.inst_fifo/gen_mem_rep[0].inst_xpm_memory /xpm_memory_base_inst       | gen_wr_a.gen_word_narrow.mem_reg | User Attribute | 32 x 148             | RAM32M x 25  | 
|inst/i_0/\s00_nodes/s00_aw_node/inst /\inst_mi_handler/gen_normal_area.gen_fifo_req.inst_fifo_req/gen_xpm_memory_fifo.inst_fifo/gen_mem_rep[0].inst_xpm_memory /xpm_memory_base_inst | gen_wr_a.gen_word_narrow.mem_reg | User Attribute | 32 x 24              | RAM32M x 4   | 
|inst/i_0/\s00_nodes/s00_aw_node/inst /\inst_mi_handler/gen_normal_area.inst_fifo_node_payld/gen_xpm_memory_fifo.inst_fifo/gen_mem_rep[0].inst_xpm_memory /xpm_memory_base_inst       | gen_wr_a.gen_word_narrow.mem_reg | User Attribute | 32 x 148             | RAM32M x 25  | 
|inst/i_0/\s00_nodes/s00_b_node/inst /\inst_mi_handler/gen_normal_area.inst_fifo_node_payld/gen_xpm_memory_fifo.inst_fifo/gen_mem_rep[0].inst_xpm_memory /xpm_memory_base_inst        | gen_wr_a.gen_word_narrow.mem_reg | User Attribute | 32 x 27              | RAM32M x 5   | 
|inst/i_0/\s00_nodes/s00_r_node/inst /\inst_mi_handler/gen_normal_area.inst_fifo_node_payld/gen_xpm_memory_fifo.inst_fifo/gen_mem_rep[0].inst_xpm_memory /xpm_memory_base_inst        | gen_wr_a.gen_word_narrow.mem_reg | User Attribute | 32 x 73              | RAM32M x 13  | 
|inst/i_0/\s00_nodes/s00_w_node/inst /\inst_mi_handler/gen_normal_area.gen_fifo_req.inst_fifo_req/gen_xpm_memory_fifo.inst_fifo/gen_mem_rep[0].inst_xpm_memory /xpm_memory_base_inst  | gen_wr_a.gen_word_narrow.mem_reg | User Attribute | 32 x 24              | RAM32M x 4   | 
|inst/i_0/\s00_nodes/s00_w_node/inst /\inst_mi_handler/gen_normal_area.inst_fifo_node_payld/gen_xpm_memory_fifo.inst_fifo/gen_mem_rep[0].inst_xpm_memory /xpm_memory_base_inst        | gen_wr_a.gen_word_narrow.mem_reg | User Attribute | 32 x 58              | RAM32M x 10  | 
|inst/i_0/\m06_nodes/m06_ar_node/inst /\inst_mi_handler/gen_normal_area.inst_fifo_node_payld/gen_xpm_memory_fifo.inst_fifo/gen_mem_rep[0].inst_xpm_memory /xpm_memory_base_inst       | gen_wr_a.gen_word_narrow.mem_reg | User Attribute | 32 x 166             | RAM32M x 28  | 
|inst/i_0/\m06_nodes/m06_aw_node/inst /\inst_mi_handler/gen_normal_area.inst_fifo_node_payld/gen_xpm_memory_fifo.inst_fifo/gen_mem_rep[0].inst_xpm_memory /xpm_memory_base_inst       | gen_wr_a.gen_word_narrow.mem_reg | User Attribute | 32 x 166             | RAM32M x 28  | 
|inst/i_0/\m06_nodes/m06_b_node/inst /\inst_mi_handler/gen_normal_area.inst_fifo_node_payld/gen_xpm_memory_fifo.inst_fifo/gen_mem_rep[0].inst_xpm_memory /xpm_memory_base_inst        | gen_wr_a.gen_word_narrow.mem_reg | User Attribute | 32 x 7               | RAM32M x 2   | 
|inst/i_0/\m06_nodes/m06_r_node/inst /\inst_mi_handler/gen_normal_area.inst_fifo_node_payld/gen_xpm_memory_fifo.inst_fifo/gen_mem_rep[0].inst_xpm_memory /xpm_memory_base_inst        | gen_wr_a.gen_word_narrow.mem_reg | User Attribute | 32 x 53              | RAM32M x 9   | 
|inst/i_0/\m06_nodes/m06_w_node/inst /\inst_mi_handler/gen_normal_area.inst_fifo_node_payld/gen_xpm_memory_fifo.inst_fifo/gen_mem_rep[0].inst_xpm_memory /xpm_memory_base_inst        | gen_wr_a.gen_word_narrow.mem_reg | User Attribute | 32 x 76              | RAM32M x 13  | 
|inst/i_0/\m02_nodes/m02_ar_node/inst /\inst_mi_handler/gen_normal_area.inst_fifo_node_payld/gen_xpm_memory_fifo.inst_fifo/gen_mem_rep[0].inst_xpm_memory /xpm_memory_base_inst       | gen_wr_a.gen_word_narrow.mem_reg | User Attribute | 32 x 166             | RAM32M x 28  | 
|inst/i_0/\m02_nodes/m02_aw_node/inst /\inst_mi_handler/gen_normal_area.inst_fifo_node_payld/gen_xpm_memory_fifo.inst_fifo/gen_mem_rep[0].inst_xpm_memory /xpm_memory_base_inst       | gen_wr_a.gen_word_narrow.mem_reg | User Attribute | 32 x 166             | RAM32M x 28  | 
|inst/i_0/\m02_nodes/m02_b_node/inst /\inst_mi_handler/gen_normal_area.inst_fifo_node_payld/gen_xpm_memory_fifo.inst_fifo/gen_mem_rep[0].inst_xpm_memory /xpm_memory_base_inst        | gen_wr_a.gen_word_narrow.mem_reg | User Attribute | 32 x 7               | RAM32M x 2   | 
|inst/i_0/\m02_nodes/m02_r_node/inst /\inst_mi_handler/gen_normal_area.inst_fifo_node_payld/gen_xpm_memory_fifo.inst_fifo/gen_mem_rep[0].inst_xpm_memory /xpm_memory_base_inst        | gen_wr_a.gen_word_narrow.mem_reg | User Attribute | 32 x 53              | RAM32M x 9   | 
|inst/i_0/\m02_nodes/m02_w_node/inst /\inst_mi_handler/gen_normal_area.inst_fifo_node_payld/gen_xpm_memory_fifo.inst_fifo/gen_mem_rep[0].inst_xpm_memory /xpm_memory_base_inst        | gen_wr_a.gen_word_narrow.mem_reg | User Attribute | 32 x 76              | RAM32M x 13  | 
|inst/i_0/\m03_nodes/m03_ar_node/inst /\inst_mi_handler/gen_normal_area.inst_fifo_node_payld/gen_xpm_memory_fifo.inst_fifo/gen_mem_rep[0].inst_xpm_memory /xpm_memory_base_inst       | gen_wr_a.gen_word_narrow.mem_reg | User Attribute | 32 x 166             | RAM32M x 28  | 
|inst/i_0/\m03_nodes/m03_aw_node/inst /\inst_mi_handler/gen_normal_area.inst_fifo_node_payld/gen_xpm_memory_fifo.inst_fifo/gen_mem_rep[0].inst_xpm_memory /xpm_memory_base_inst       | gen_wr_a.gen_word_narrow.mem_reg | User Attribute | 32 x 166             | RAM32M x 28  | 
|inst/i_0/\m03_nodes/m03_b_node/inst /\inst_mi_handler/gen_normal_area.inst_fifo_node_payld/gen_xpm_memory_fifo.inst_fifo/gen_mem_rep[0].inst_xpm_memory /xpm_memory_base_inst        | gen_wr_a.gen_word_narrow.mem_reg | User Attribute | 32 x 7               | RAM32M x 2   | 
|inst/i_0/\m03_nodes/m03_r_node/inst /\inst_mi_handler/gen_normal_area.inst_fifo_node_payld/gen_xpm_memory_fifo.inst_fifo/gen_mem_rep[0].inst_xpm_memory /xpm_memory_base_inst        | gen_wr_a.gen_word_narrow.mem_reg | User Attribute | 32 x 53              | RAM32M x 9   | 
|inst/i_0/\m03_nodes/m03_w_node/inst /\inst_mi_handler/gen_normal_area.inst_fifo_node_payld/gen_xpm_memory_fifo.inst_fifo/gen_mem_rep[0].inst_xpm_memory /xpm_memory_base_inst        | gen_wr_a.gen_word_narrow.mem_reg | User Attribute | 32 x 76              | RAM32M x 13  | 
|inst/i_0/\m04_nodes/m04_ar_node/inst /\inst_mi_handler/gen_normal_area.inst_fifo_node_payld/gen_xpm_memory_fifo.inst_fifo/gen_mem_rep[0].inst_xpm_memory /xpm_memory_base_inst       | gen_wr_a.gen_word_narrow.mem_reg | User Attribute | 32 x 166             | RAM32M x 28  | 
|inst/i_0/\m04_nodes/m04_aw_node/inst /\inst_mi_handler/gen_normal_area.inst_fifo_node_payld/gen_xpm_memory_fifo.inst_fifo/gen_mem_rep[0].inst_xpm_memory /xpm_memory_base_inst       | gen_wr_a.gen_word_narrow.mem_reg | User Attribute | 32 x 166             | RAM32M x 28  | 
|inst/i_0/\m04_nodes/m04_b_node/inst /\inst_mi_handler/gen_normal_area.inst_fifo_node_payld/gen_xpm_memory_fifo.inst_fifo/gen_mem_rep[0].inst_xpm_memory /xpm_memory_base_inst        | gen_wr_a.gen_word_narrow.mem_reg | User Attribute | 32 x 7               | RAM32M x 2   | 
|inst/i_0/\m04_nodes/m04_r_node/inst /\inst_mi_handler/gen_normal_area.inst_fifo_node_payld/gen_xpm_memory_fifo.inst_fifo/gen_mem_rep[0].inst_xpm_memory /xpm_memory_base_inst        | gen_wr_a.gen_word_narrow.mem_reg | User Attribute | 32 x 53              | RAM32M x 9   | 
|inst/i_0/\m04_nodes/m04_w_node/inst /\inst_mi_handler/gen_normal_area.inst_fifo_node_payld/gen_xpm_memory_fifo.inst_fifo/gen_mem_rep[0].inst_xpm_memory /xpm_memory_base_inst        | gen_wr_a.gen_word_narrow.mem_reg | User Attribute | 32 x 76              | RAM32M x 13  | 
|inst/i_0/\m05_nodes/m05_ar_node/inst /\inst_mi_handler/gen_normal_area.inst_fifo_node_payld/gen_xpm_memory_fifo.inst_fifo/gen_mem_rep[0].inst_xpm_memory /xpm_memory_base_inst       | gen_wr_a.gen_word_narrow.mem_reg | User Attribute | 32 x 166             | RAM32M x 28  | 
|inst/i_0/\m05_nodes/m05_aw_node/inst /\inst_mi_handler/gen_normal_area.inst_fifo_node_payld/gen_xpm_memory_fifo.inst_fifo/gen_mem_rep[0].inst_xpm_memory /xpm_memory_base_inst       | gen_wr_a.gen_word_narrow.mem_reg | User Attribute | 32 x 166             | RAM32M x 28  | 
|inst/i_0/\m05_nodes/m05_b_node/inst /\inst_mi_handler/gen_normal_area.inst_fifo_node_payld/gen_xpm_memory_fifo.inst_fifo/gen_mem_rep[0].inst_xpm_memory /xpm_memory_base_inst        | gen_wr_a.gen_word_narrow.mem_reg | User Attribute | 32 x 7               | RAM32M x 2   | 
|inst/i_0/\m05_nodes/m05_r_node/inst /\inst_mi_handler/gen_normal_area.inst_fifo_node_payld/gen_xpm_memory_fifo.inst_fifo/gen_mem_rep[0].inst_xpm_memory /xpm_memory_base_inst        | gen_wr_a.gen_word_narrow.mem_reg | User Attribute | 32 x 53              | RAM32M x 9   | 
|inst/i_0/\m05_nodes/m05_w_node/inst /\inst_mi_handler/gen_normal_area.inst_fifo_node_payld/gen_xpm_memory_fifo.inst_fifo/gen_mem_rep[0].inst_xpm_memory /xpm_memory_base_inst        | gen_wr_a.gen_word_narrow.mem_reg | User Attribute | 32 x 76              | RAM32M x 13  | 
|inst/i_1/\m01_nodes/m01_ar_node/inst /\inst_mi_handler/gen_normal_area.inst_fifo_node_payld/gen_xpm_memory_fifo.inst_fifo/gen_mem_rep[0].inst_xpm_memory /xpm_memory_base_inst       | gen_wr_a.gen_word_narrow.mem_reg | User Attribute | 32 x 166             | RAM32M x 28  | 
|inst/i_1/\m01_nodes/m01_aw_node/inst /\inst_mi_handler/gen_normal_area.inst_fifo_node_payld/gen_xpm_memory_fifo.inst_fifo/gen_mem_rep[0].inst_xpm_memory /xpm_memory_base_inst       | gen_wr_a.gen_word_narrow.mem_reg | User Attribute | 32 x 166             | RAM32M x 28  | 
|inst/i_1/\m01_nodes/m01_b_node/inst /\inst_mi_handler/gen_normal_area.inst_fifo_node_payld/gen_xpm_memory_fifo.inst_fifo/gen_mem_rep[0].inst_xpm_memory /xpm_memory_base_inst        | gen_wr_a.gen_word_narrow.mem_reg | User Attribute | 32 x 7               | RAM32M x 2   | 
|inst/i_1/\m01_nodes/m01_r_node/inst /\inst_mi_handler/gen_normal_area.inst_fifo_node_payld/gen_xpm_memory_fifo.inst_fifo/gen_mem_rep[0].inst_xpm_memory /xpm_memory_base_inst        | gen_wr_a.gen_word_narrow.mem_reg | User Attribute | 32 x 53              | RAM32M x 9   | 
|inst/i_1/\m01_nodes/m01_w_node/inst /\inst_mi_handler/gen_normal_area.inst_fifo_node_payld/gen_xpm_memory_fifo.inst_fifo/gen_mem_rep[0].inst_xpm_memory /xpm_memory_base_inst        | gen_wr_a.gen_word_narrow.mem_reg | User Attribute | 32 x 76              | RAM32M x 13  | 
|inst/i_1/\m00_nodes/m00_ar_node/inst /\inst_mi_handler/gen_normal_area.inst_fifo_node_payld/gen_xpm_memory_fifo.inst_fifo/gen_mem_rep[0].inst_xpm_memory /xpm_memory_base_inst       | gen_wr_a.gen_word_narrow.mem_reg | User Attribute | 32 x 166             | RAM32M x 28  | 
|inst/i_1/\m00_nodes/m00_aw_node/inst /\inst_mi_handler/gen_normal_area.inst_fifo_node_payld/gen_xpm_memory_fifo.inst_fifo/gen_mem_rep[0].inst_xpm_memory /xpm_memory_base_inst       | gen_wr_a.gen_word_narrow.mem_reg | User Attribute | 32 x 166             | RAM32M x 28  | 
|inst/i_1/\m00_nodes/m00_b_node/inst /\inst_mi_handler/gen_normal_area.inst_fifo_node_payld/gen_xpm_memory_fifo.inst_fifo/gen_mem_rep[0].inst_xpm_memory /xpm_memory_base_inst        | gen_wr_a.gen_word_narrow.mem_reg | User Attribute | 32 x 7               | RAM32M x 2   | 
|inst/i_1/\m00_nodes/m00_r_node/inst /\inst_mi_handler/gen_normal_area.inst_fifo_node_payld/gen_xpm_memory_fifo.inst_fifo/gen_mem_rep[0].inst_xpm_memory /xpm_memory_base_inst        | gen_wr_a.gen_word_narrow.mem_reg | User Attribute | 32 x 53              | RAM32M x 9   | 
|inst/i_1/\m00_nodes/m00_w_node/inst /\inst_mi_handler/gen_normal_area.inst_fifo_node_payld/gen_xpm_memory_fifo.inst_fifo/gen_mem_rep[0].inst_xpm_memory /xpm_memory_base_inst        | gen_wr_a.gen_word_narrow.mem_reg | User Attribute | 32 x 76              | RAM32M x 13  | 
+-------------------------------------------------------------------------------------------------------------------------------------------------------------------------------------+----------------------------------+----------------+----------------------+--------------+

Note: The table above is a preliminary report that shows the Distributed RAMs at the current stage of the synthesis flow. Some Distributed RAMs may be reimplemented as non Distributed RAM primitives later in the synthesis flow. Multiple instantiated RAMs are reported only once.
---------------------------------------------------------------------------------
Finished ROM, RAM, DSP, Shift Register and Retiming Reporting
---------------------------------------------------------------------------------
---------------------------------------------------------------------------------
Start Applying XDC Timing Constraints
---------------------------------------------------------------------------------
---------------------------------------------------------------------------------
Finished Applying XDC Timing Constraints : Time (s): cpu = 00:04:29 ; elapsed = 00:04:59 . Memory (MB): peak = 3194.688 ; gain = 2204.664
---------------------------------------------------------------------------------
---------------------------------------------------------------------------------
Start Timing Optimization
---------------------------------------------------------------------------------
---------------------------------------------------------------------------------
Finished Timing Optimization : Time (s): cpu = 00:04:41 ; elapsed = 00:05:12 . Memory (MB): peak = 3194.688 ; gain = 2204.664
---------------------------------------------------------------------------------
---------------------------------------------------------------------------------
Start ROM, RAM, DSP, Shift Register and Retiming Reporting
---------------------------------------------------------------------------------

Distributed RAM: Final Mapping Report
+-------------------------------------------------------------------------------------------------------------------------------------------------------------------------------------+----------------------------------+----------------+----------------------+--------------+
|Module Name                                                                                                                                                                          | RTL Object                       | Inference      | Size (Depth x Width) | Primitives   | 
+-------------------------------------------------------------------------------------------------------------------------------------------------------------------------------------+----------------------------------+----------------+----------------------+--------------+
|inst/i_0/\s00_nodes/s00_ar_node/inst /\inst_mi_handler/gen_normal_area.gen_fifo_req.inst_fifo_req/gen_xpm_memory_fifo.inst_fifo/gen_mem_rep[0].inst_xpm_memory /xpm_memory_base_inst | gen_wr_a.gen_word_narrow.mem_reg | User Attribute | 32 x 24              | RAM32M x 4   | 
|inst/i_0/\s00_nodes/s00_ar_node/inst /\inst_mi_handler/gen_normal_area.inst_fifo_node_payld/gen_xpm_memory_fifo.inst_fifo/gen_mem_rep[0].inst_xpm_memory /xpm_memory_base_inst       | gen_wr_a.gen_word_narrow.mem_reg | User Attribute | 32 x 148             | RAM32M x 25  | 
|inst/i_0/\s00_nodes/s00_aw_node/inst /\inst_mi_handler/gen_normal_area.gen_fifo_req.inst_fifo_req/gen_xpm_memory_fifo.inst_fifo/gen_mem_rep[0].inst_xpm_memory /xpm_memory_base_inst | gen_wr_a.gen_word_narrow.mem_reg | User Attribute | 32 x 24              | RAM32M x 4   | 
|inst/i_0/\s00_nodes/s00_aw_node/inst /\inst_mi_handler/gen_normal_area.inst_fifo_node_payld/gen_xpm_memory_fifo.inst_fifo/gen_mem_rep[0].inst_xpm_memory /xpm_memory_base_inst       | gen_wr_a.gen_word_narrow.mem_reg | User Attribute | 32 x 148             | RAM32M x 25  | 
|inst/i_0/\s00_nodes/s00_b_node/inst /\inst_mi_handler/gen_normal_area.inst_fifo_node_payld/gen_xpm_memory_fifo.inst_fifo/gen_mem_rep[0].inst_xpm_memory /xpm_memory_base_inst        | gen_wr_a.gen_word_narrow.mem_reg | User Attribute | 32 x 27              | RAM32M x 5   | 
|inst/i_0/\s00_nodes/s00_r_node/inst /\inst_mi_handler/gen_normal_area.inst_fifo_node_payld/gen_xpm_memory_fifo.inst_fifo/gen_mem_rep[0].inst_xpm_memory /xpm_memory_base_inst        | gen_wr_a.gen_word_narrow.mem_reg | User Attribute | 32 x 73              | RAM32M x 13  | 
|inst/i_0/\s00_nodes/s00_w_node/inst /\inst_mi_handler/gen_normal_area.gen_fifo_req.inst_fifo_req/gen_xpm_memory_fifo.inst_fifo/gen_mem_rep[0].inst_xpm_memory /xpm_memory_base_inst  | gen_wr_a.gen_word_narrow.mem_reg | User Attribute | 32 x 24              | RAM32M x 4   | 
|inst/i_0/\s00_nodes/s00_w_node/inst /\inst_mi_handler/gen_normal_area.inst_fifo_node_payld/gen_xpm_memory_fifo.inst_fifo/gen_mem_rep[0].inst_xpm_memory /xpm_memory_base_inst        | gen_wr_a.gen_word_narrow.mem_reg | User Attribute | 32 x 58              | RAM32M x 10  | 
|inst/i_0/\m06_nodes/m06_ar_node/inst /\inst_mi_handler/gen_normal_area.inst_fifo_node_payld/gen_xpm_memory_fifo.inst_fifo/gen_mem_rep[0].inst_xpm_memory /xpm_memory_base_inst       | gen_wr_a.gen_word_narrow.mem_reg | User Attribute | 32 x 166             | RAM32M x 28  | 
|inst/i_0/\m06_nodes/m06_aw_node/inst /\inst_mi_handler/gen_normal_area.inst_fifo_node_payld/gen_xpm_memory_fifo.inst_fifo/gen_mem_rep[0].inst_xpm_memory /xpm_memory_base_inst       | gen_wr_a.gen_word_narrow.mem_reg | User Attribute | 32 x 166             | RAM32M x 28  | 
|inst/i_0/\m06_nodes/m06_b_node/inst /\inst_mi_handler/gen_normal_area.inst_fifo_node_payld/gen_xpm_memory_fifo.inst_fifo/gen_mem_rep[0].inst_xpm_memory /xpm_memory_base_inst        | gen_wr_a.gen_word_narrow.mem_reg | User Attribute | 32 x 7               | RAM32M x 2   | 
|inst/i_0/\m06_nodes/m06_r_node/inst /\inst_mi_handler/gen_normal_area.inst_fifo_node_payld/gen_xpm_memory_fifo.inst_fifo/gen_mem_rep[0].inst_xpm_memory /xpm_memory_base_inst        | gen_wr_a.gen_word_narrow.mem_reg | User Attribute | 32 x 53              | RAM32M x 9   | 
|inst/i_0/\m06_nodes/m06_w_node/inst /\inst_mi_handler/gen_normal_area.inst_fifo_node_payld/gen_xpm_memory_fifo.inst_fifo/gen_mem_rep[0].inst_xpm_memory /xpm_memory_base_inst        | gen_wr_a.gen_word_narrow.mem_reg | User Attribute | 32 x 76              | RAM32M x 13  | 
|inst/i_0/\m02_nodes/m02_ar_node/inst /\inst_mi_handler/gen_normal_area.inst_fifo_node_payld/gen_xpm_memory_fifo.inst_fifo/gen_mem_rep[0].inst_xpm_memory /xpm_memory_base_inst       | gen_wr_a.gen_word_narrow.mem_reg | User Attribute | 32 x 166             | RAM32M x 28  | 
|inst/i_0/\m02_nodes/m02_aw_node/inst /\inst_mi_handler/gen_normal_area.inst_fifo_node_payld/gen_xpm_memory_fifo.inst_fifo/gen_mem_rep[0].inst_xpm_memory /xpm_memory_base_inst       | gen_wr_a.gen_word_narrow.mem_reg | User Attribute | 32 x 166             | RAM32M x 28  | 
|inst/i_0/\m02_nodes/m02_b_node/inst /\inst_mi_handler/gen_normal_area.inst_fifo_node_payld/gen_xpm_memory_fifo.inst_fifo/gen_mem_rep[0].inst_xpm_memory /xpm_memory_base_inst        | gen_wr_a.gen_word_narrow.mem_reg | User Attribute | 32 x 7               | RAM32M x 2   | 
|inst/i_0/\m02_nodes/m02_r_node/inst /\inst_mi_handler/gen_normal_area.inst_fifo_node_payld/gen_xpm_memory_fifo.inst_fifo/gen_mem_rep[0].inst_xpm_memory /xpm_memory_base_inst        | gen_wr_a.gen_word_narrow.mem_reg | User Attribute | 32 x 53              | RAM32M x 9   | 
|inst/i_0/\m02_nodes/m02_w_node/inst /\inst_mi_handler/gen_normal_area.inst_fifo_node_payld/gen_xpm_memory_fifo.inst_fifo/gen_mem_rep[0].inst_xpm_memory /xpm_memory_base_inst        | gen_wr_a.gen_word_narrow.mem_reg | User Attribute | 32 x 76              | RAM32M x 13  | 
|inst/i_0/\m03_nodes/m03_ar_node/inst /\inst_mi_handler/gen_normal_area.inst_fifo_node_payld/gen_xpm_memory_fifo.inst_fifo/gen_mem_rep[0].inst_xpm_memory /xpm_memory_base_inst       | gen_wr_a.gen_word_narrow.mem_reg | User Attribute | 32 x 166             | RAM32M x 28  | 
|inst/i_0/\m03_nodes/m03_aw_node/inst /\inst_mi_handler/gen_normal_area.inst_fifo_node_payld/gen_xpm_memory_fifo.inst_fifo/gen_mem_rep[0].inst_xpm_memory /xpm_memory_base_inst       | gen_wr_a.gen_word_narrow.mem_reg | User Attribute | 32 x 166             | RAM32M x 28  | 
|inst/i_0/\m03_nodes/m03_b_node/inst /\inst_mi_handler/gen_normal_area.inst_fifo_node_payld/gen_xpm_memory_fifo.inst_fifo/gen_mem_rep[0].inst_xpm_memory /xpm_memory_base_inst        | gen_wr_a.gen_word_narrow.mem_reg | User Attribute | 32 x 7               | RAM32M x 2   | 
|inst/i_0/\m03_nodes/m03_r_node/inst /\inst_mi_handler/gen_normal_area.inst_fifo_node_payld/gen_xpm_memory_fifo.inst_fifo/gen_mem_rep[0].inst_xpm_memory /xpm_memory_base_inst        | gen_wr_a.gen_word_narrow.mem_reg | User Attribute | 32 x 53              | RAM32M x 9   | 
|inst/i_0/\m03_nodes/m03_w_node/inst /\inst_mi_handler/gen_normal_area.inst_fifo_node_payld/gen_xpm_memory_fifo.inst_fifo/gen_mem_rep[0].inst_xpm_memory /xpm_memory_base_inst        | gen_wr_a.gen_word_narrow.mem_reg | User Attribute | 32 x 76              | RAM32M x 13  | 
|inst/i_0/\m04_nodes/m04_ar_node/inst /\inst_mi_handler/gen_normal_area.inst_fifo_node_payld/gen_xpm_memory_fifo.inst_fifo/gen_mem_rep[0].inst_xpm_memory /xpm_memory_base_inst       | gen_wr_a.gen_word_narrow.mem_reg | User Attribute | 32 x 166             | RAM32M x 28  | 
|inst/i_0/\m04_nodes/m04_aw_node/inst /\inst_mi_handler/gen_normal_area.inst_fifo_node_payld/gen_xpm_memory_fifo.inst_fifo/gen_mem_rep[0].inst_xpm_memory /xpm_memory_base_inst       | gen_wr_a.gen_word_narrow.mem_reg | User Attribute | 32 x 166             | RAM32M x 28  | 
|inst/i_0/\m04_nodes/m04_b_node/inst /\inst_mi_handler/gen_normal_area.inst_fifo_node_payld/gen_xpm_memory_fifo.inst_fifo/gen_mem_rep[0].inst_xpm_memory /xpm_memory_base_inst        | gen_wr_a.gen_word_narrow.mem_reg | User Attribute | 32 x 7               | RAM32M x 2   | 
|inst/i_0/\m04_nodes/m04_r_node/inst /\inst_mi_handler/gen_normal_area.inst_fifo_node_payld/gen_xpm_memory_fifo.inst_fifo/gen_mem_rep[0].inst_xpm_memory /xpm_memory_base_inst        | gen_wr_a.gen_word_narrow.mem_reg | User Attribute | 32 x 53              | RAM32M x 9   | 
|inst/i_0/\m04_nodes/m04_w_node/inst /\inst_mi_handler/gen_normal_area.inst_fifo_node_payld/gen_xpm_memory_fifo.inst_fifo/gen_mem_rep[0].inst_xpm_memory /xpm_memory_base_inst        | gen_wr_a.gen_word_narrow.mem_reg | User Attribute | 32 x 76              | RAM32M x 13  | 
|inst/i_0/\m05_nodes/m05_ar_node/inst /\inst_mi_handler/gen_normal_area.inst_fifo_node_payld/gen_xpm_memory_fifo.inst_fifo/gen_mem_rep[0].inst_xpm_memory /xpm_memory_base_inst       | gen_wr_a.gen_word_narrow.mem_reg | User Attribute | 32 x 166             | RAM32M x 28  | 
|inst/i_0/\m05_nodes/m05_aw_node/inst /\inst_mi_handler/gen_normal_area.inst_fifo_node_payld/gen_xpm_memory_fifo.inst_fifo/gen_mem_rep[0].inst_xpm_memory /xpm_memory_base_inst       | gen_wr_a.gen_word_narrow.mem_reg | User Attribute | 32 x 166             | RAM32M x 28  | 
|inst/i_0/\m05_nodes/m05_b_node/inst /\inst_mi_handler/gen_normal_area.inst_fifo_node_payld/gen_xpm_memory_fifo.inst_fifo/gen_mem_rep[0].inst_xpm_memory /xpm_memory_base_inst        | gen_wr_a.gen_word_narrow.mem_reg | User Attribute | 32 x 7               | RAM32M x 2   | 
|inst/i_0/\m05_nodes/m05_r_node/inst /\inst_mi_handler/gen_normal_area.inst_fifo_node_payld/gen_xpm_memory_fifo.inst_fifo/gen_mem_rep[0].inst_xpm_memory /xpm_memory_base_inst        | gen_wr_a.gen_word_narrow.mem_reg | User Attribute | 32 x 53              | RAM32M x 9   | 
|inst/i_0/\m05_nodes/m05_w_node/inst /\inst_mi_handler/gen_normal_area.inst_fifo_node_payld/gen_xpm_memory_fifo.inst_fifo/gen_mem_rep[0].inst_xpm_memory /xpm_memory_base_inst        | gen_wr_a.gen_word_narrow.mem_reg | User Attribute | 32 x 76              | RAM32M x 13  | 
|inst/i_1/\m01_nodes/m01_ar_node/inst /\inst_mi_handler/gen_normal_area.inst_fifo_node_payld/gen_xpm_memory_fifo.inst_fifo/gen_mem_rep[0].inst_xpm_memory /xpm_memory_base_inst       | gen_wr_a.gen_word_narrow.mem_reg | User Attribute | 32 x 166             | RAM32M x 28  | 
|inst/i_1/\m01_nodes/m01_aw_node/inst /\inst_mi_handler/gen_normal_area.inst_fifo_node_payld/gen_xpm_memory_fifo.inst_fifo/gen_mem_rep[0].inst_xpm_memory /xpm_memory_base_inst       | gen_wr_a.gen_word_narrow.mem_reg | User Attribute | 32 x 166             | RAM32M x 28  | 
|inst/i_1/\m01_nodes/m01_b_node/inst /\inst_mi_handler/gen_normal_area.inst_fifo_node_payld/gen_xpm_memory_fifo.inst_fifo/gen_mem_rep[0].inst_xpm_memory /xpm_memory_base_inst        | gen_wr_a.gen_word_narrow.mem_reg | User Attribute | 32 x 7               | RAM32M x 2   | 
|inst/i_1/\m01_nodes/m01_r_node/inst /\inst_mi_handler/gen_normal_area.inst_fifo_node_payld/gen_xpm_memory_fifo.inst_fifo/gen_mem_rep[0].inst_xpm_memory /xpm_memory_base_inst        | gen_wr_a.gen_word_narrow.mem_reg | User Attribute | 32 x 53              | RAM32M x 9   | 
|inst/i_1/\m01_nodes/m01_w_node/inst /\inst_mi_handler/gen_normal_area.inst_fifo_node_payld/gen_xpm_memory_fifo.inst_fifo/gen_mem_rep[0].inst_xpm_memory /xpm_memory_base_inst        | gen_wr_a.gen_word_narrow.mem_reg | User Attribute | 32 x 76              | RAM32M x 13  | 
|inst/i_1/\m00_nodes/m00_ar_node/inst /\inst_mi_handler/gen_normal_area.inst_fifo_node_payld/gen_xpm_memory_fifo.inst_fifo/gen_mem_rep[0].inst_xpm_memory /xpm_memory_base_inst       | gen_wr_a.gen_word_narrow.mem_reg | User Attribute | 32 x 166             | RAM32M x 28  | 
|inst/i_1/\m00_nodes/m00_aw_node/inst /\inst_mi_handler/gen_normal_area.inst_fifo_node_payld/gen_xpm_memory_fifo.inst_fifo/gen_mem_rep[0].inst_xpm_memory /xpm_memory_base_inst       | gen_wr_a.gen_word_narrow.mem_reg | User Attribute | 32 x 166             | RAM32M x 28  | 
|inst/i_1/\m00_nodes/m00_b_node/inst /\inst_mi_handler/gen_normal_area.inst_fifo_node_payld/gen_xpm_memory_fifo.inst_fifo/gen_mem_rep[0].inst_xpm_memory /xpm_memory_base_inst        | gen_wr_a.gen_word_narrow.mem_reg | User Attribute | 32 x 7               | RAM32M x 2   | 
|inst/i_1/\m00_nodes/m00_r_node/inst /\inst_mi_handler/gen_normal_area.inst_fifo_node_payld/gen_xpm_memory_fifo.inst_fifo/gen_mem_rep[0].inst_xpm_memory /xpm_memory_base_inst        | gen_wr_a.gen_word_narrow.mem_reg | User Attribute | 32 x 53              | RAM32M x 9   | 
|inst/i_1/\m00_nodes/m00_w_node/inst /\inst_mi_handler/gen_normal_area.inst_fifo_node_payld/gen_xpm_memory_fifo.inst_fifo/gen_mem_rep[0].inst_xpm_memory /xpm_memory_base_inst        | gen_wr_a.gen_word_narrow.mem_reg | User Attribute | 32 x 76              | RAM32M x 13  | 
+-------------------------------------------------------------------------------------------------------------------------------------------------------------------------------------+----------------------------------+----------------+----------------------+--------------+

---------------------------------------------------------------------------------
Finished ROM, RAM, DSP, Shift Register and Retiming Reporting
---------------------------------------------------------------------------------
---------------------------------------------------------------------------------
Start Technology Mapping
---------------------------------------------------------------------------------
---------------------------------------------------------------------------------
Finished Technology Mapping : Time (s): cpu = 00:04:53 ; elapsed = 00:05:28 . Memory (MB): peak = 3194.688 ; gain = 2204.664
---------------------------------------------------------------------------------
---------------------------------------------------------------------------------
Start IO Insertion
---------------------------------------------------------------------------------
---------------------------------------------------------------------------------
Start Flattening Before IO Insertion
---------------------------------------------------------------------------------
---------------------------------------------------------------------------------
Finished Flattening Before IO Insertion
---------------------------------------------------------------------------------
---------------------------------------------------------------------------------
Start Final Netlist Cleanup
---------------------------------------------------------------------------------
---------------------------------------------------------------------------------
Finished Final Netlist Cleanup
---------------------------------------------------------------------------------
---------------------------------------------------------------------------------
Finished IO Insertion : Time (s): cpu = 00:04:59 ; elapsed = 00:05:35 . Memory (MB): peak = 3194.688 ; gain = 2204.664
---------------------------------------------------------------------------------
---------------------------------------------------------------------------------
Start Renaming Generated Instances
---------------------------------------------------------------------------------
---------------------------------------------------------------------------------
Finished Renaming Generated Instances : Time (s): cpu = 00:04:59 ; elapsed = 00:05:35 . Memory (MB): peak = 3194.688 ; gain = 2204.664
---------------------------------------------------------------------------------
---------------------------------------------------------------------------------
Start Rebuilding User Hierarchy
---------------------------------------------------------------------------------
---------------------------------------------------------------------------------
Finished Rebuilding User Hierarchy : Time (s): cpu = 00:05:02 ; elapsed = 00:05:38 . Memory (MB): peak = 3194.688 ; gain = 2204.664
---------------------------------------------------------------------------------
---------------------------------------------------------------------------------
Start Renaming Generated Ports
---------------------------------------------------------------------------------
---------------------------------------------------------------------------------
Finished Renaming Generated Ports : Time (s): cpu = 00:05:02 ; elapsed = 00:05:38 . Memory (MB): peak = 3194.688 ; gain = 2204.664
---------------------------------------------------------------------------------
---------------------------------------------------------------------------------
Start Handling Custom Attributes
---------------------------------------------------------------------------------
---------------------------------------------------------------------------------
Finished Handling Custom Attributes : Time (s): cpu = 00:05:03 ; elapsed = 00:05:39 . Memory (MB): peak = 3194.688 ; gain = 2204.664
---------------------------------------------------------------------------------
---------------------------------------------------------------------------------
Start Renaming Generated Nets
---------------------------------------------------------------------------------
---------------------------------------------------------------------------------
Finished Renaming Generated Nets : Time (s): cpu = 00:05:03 ; elapsed = 00:05:39 . Memory (MB): peak = 3194.688 ; gain = 2204.664
---------------------------------------------------------------------------------
---------------------------------------------------------------------------------
Start ROM, RAM, DSP, Shift Register and Retiming Reporting
---------------------------------------------------------------------------------

Dynamic Shift Register Report:
+------------+---------------+--------+------------+--------+---------+--------+--------+--------+
|Module Name | RTL Name      | Length | Data Width | SRL16E | SRLC32E | Mux F7 | Mux F8 | Mux F9 | 
+------------+---------------+--------+------------+--------+---------+--------+--------+--------+
|dsrl        | shift_reg_reg | 16     | 1          | 1      | 0       | 0      | 0      | 0      | 
|dsrl__1     | shift_reg_reg | 32     | 1          | 0      | 1       | 0      | 0      | 0      | 
|dsrl__2     | shift_reg_reg | 4      | 1          | 1      | 0       | 0      | 0      | 0      | 
+------------+---------------+--------+------------+--------+---------+--------+--------+--------+

---------------------------------------------------------------------------------
Finished ROM, RAM, DSP, Shift Register and Retiming Reporting
---------------------------------------------------------------------------------
---------------------------------------------------------------------------------
Start Writing Synthesis Report
---------------------------------------------------------------------------------

Report BlackBoxes: 
+-+--------------+----------+
| |BlackBox name |Instances |
+-+--------------+----------+
+-+--------------+----------+

Report Cell Usage: 
+------+---------+------+
|      |Cell     |Count |
+------+---------+------+
|1     |CARRY4   |    26|
|2     |LUT1     |   577|
|3     |LUT2     |   829|
|4     |LUT3     |  2068|
|5     |LUT4     |  1395|
|6     |LUT5     |  1452|
|7     |LUT6     |  2678|
|8     |MUXF7    |    55|
|9     |RAM32M   |   247|
|10    |RAM32X1D |     7|
|11    |SRL16    |     3|
|12    |SRL16E   |   207|
|13    |SRLC32E  |   187|
|14    |FDCE     |   270|
|15    |FDR      |    20|
|16    |FDRE     |  8877|
|17    |FDSE     |   475|
+------+---------+------+
---------------------------------------------------------------------------------
Finished Writing Synthesis Report : Time (s): cpu = 00:05:03 ; elapsed = 00:05:39 . Memory (MB): peak = 3194.688 ; gain = 2204.664
---------------------------------------------------------------------------------
Synthesis finished with 0 errors, 0 critical warnings and 4649 warnings.
Synthesis Optimization Runtime : Time (s): cpu = 00:03:36 ; elapsed = 00:04:38 . Memory (MB): peak = 3194.688 ; gain = 799.176
Synthesis Optimization Complete : Time (s): cpu = 00:05:03 ; elapsed = 00:05:39 . Memory (MB): peak = 3194.688 ; gain = 2204.664
INFO: [Project 1-571] Translating synthesized netlist
Netlist sorting complete. Time (s): cpu = 00:00:00 ; elapsed = 00:00:00.766 . Memory (MB): peak = 3194.688 ; gain = 0.000
INFO: [Netlist 29-17] Analyzing 358 Unisim elements for replacement
INFO: [Netlist 29-28] Unisim Transformation completed in 1 CPU seconds
INFO: [Project 1-570] Preparing netlist for logic optimization
INFO: [Opt 31-138] Pushed 0 inverter(s) to 0 load pin(s).
Netlist sorting complete. Time (s): cpu = 00:00:00 ; elapsed = 00:00:00.009 . Memory (MB): peak = 3194.688 ; gain = 0.000
INFO: [Project 1-111] Unisim Transformation Summary:
  A total of 277 instances were transformed.
  FDR => FDRE: 20 instances
  RAM32M => RAM32M (RAMD32(x6), RAMS32(x2)): 247 instances
  RAM32X1D => RAM32X1D (RAMD32(x2)): 7 instances
  SRL16 => SRL16E: 3 instances

Synth Design complete | Checksum: b353af15
INFO: [Common 17-83] Releasing license: Synthesis
321 Infos, 118 Warnings, 0 Critical Warnings and 0 Errors encountered.
synth_design completed successfully
synth_design: Time (s): cpu = 00:05:17 ; elapsed = 00:05:57 . Memory (MB): peak = 3194.688 ; gain = 2635.777
Write ShapeDB Complete: Time (s): cpu = 00:00:00 ; elapsed = 00:00:00.047 . Memory (MB): peak = 3194.688 ; gain = 0.000
INFO: [Common 17-1381] The checkpoint 'D:/licenta_16_layer_conv_copie/licenta_16_layer_conv.runs/design_1_axi_smc_1_synth_1/design_1_axi_smc_1.dcp' has been generated.
INFO: [Coretcl 2-1648] Added synthesis output to IP cache for IP design_1_axi_smc_1, cache-ID = 203624884b0be6f6
INFO: [Coretcl 2-1174] Renamed 1411 cell refs.
Write ShapeDB Complete: Time (s): cpu = 00:00:00 ; elapsed = 00:00:00.043 . Memory (MB): peak = 3194.688 ; gain = 0.000
INFO: [Common 17-1381] The checkpoint 'D:/licenta_16_layer_conv_copie/licenta_16_layer_conv.runs/design_1_axi_smc_1_synth_1/design_1_axi_smc_1.dcp' has been generated.
INFO: [Vivado 12-24828] Executing command : report_utilization -file design_1_axi_smc_1_utilization_synth.rpt -pb design_1_axi_smc_1_utilization_synth.pb
INFO: [Common 17-206] Exiting Vivado at Wed Apr  1 19:47:11 2026...
