
*** Running vivado
    with args -log design_1_wrapper.vdi -applog -m64 -product Vivado -messageDb vivado.pb -mode batch -source design_1_wrapper.tcl -notrace



****** Vivado v2024.1 (64-bit)
  **** SW Build 5076996 on Wed May 22 18:37:14 MDT 2024
  **** IP Build 5075265 on Wed May 22 21:45:21 MDT 2024
  **** SharedData Build 5076995 on Wed May 22 18:29:18 MDT 2024
  **** Start of session at: Wed Apr  1 19:48:34 2026
    ** Copyright 1986-2022 Xilinx, Inc. All Rights Reserved.
    ** Copyright 2022-2024 Advanced Micro Devices, Inc. All Rights Reserved.

source design_1_wrapper.tcl -notrace
create_project: Time (s): cpu = 00:00:10 ; elapsed = 00:00:12 . Memory (MB): peak = 514.766 ; gain = 201.902
INFO: [IP_Flow 19-234] Refreshing IP repositories
INFO: [IP_Flow 19-1700] Loaded user IP repository 'd:/licenta_16_layer_conv_copie/zybo-z7-hdmi-master'.
INFO: [IP_Flow 19-2313] Loaded Vivado IP repository 'D:/Vivado/2024.1/data/ip'.
add_files: Time (s): cpu = 00:00:04 ; elapsed = 00:00:05 . Memory (MB): peak = 573.125 ; gain = 49.406
Command: link_design -top design_1_wrapper -part xc7z020clg400-1
Design is defaulting to srcset: sources_1
Design is defaulting to constrset: constrs_1
INFO: [Device 21-403] Loading part xc7z020clg400-1
INFO: [Device 21-9227] Part: xc7z020clg400-1 does not have CEAM library.
INFO: [Project 1-454] Reading design checkpoint 'd:/licenta_16_layer_conv_copie/licenta_16_layer_conv.gen/sources_1/bd/design_1/ip/design_1_axi_bram_ctrl_0_1/design_1_axi_bram_ctrl_0_1.dcp' for cell 'design_1_i/axi_bram_ctrl_0'
INFO: [Project 1-454] Reading design checkpoint 'd:/licenta_16_layer_conv_copie/licenta_16_layer_conv.gen/sources_1/bd/design_1/ip/design_1_axi_bram_ctrl_0_bram_1/design_1_axi_bram_ctrl_0_bram_1.dcp' for cell 'design_1_i/axi_bram_ctrl_0_bram'
INFO: [Project 1-454] Reading design checkpoint 'd:/licenta_16_layer_conv_copie/licenta_16_layer_conv.gen/sources_1/bd/design_1/ip/design_1_axi_cnn_ac_0_2/design_1_axi_cnn_ac_0_2.dcp' for cell 'design_1_i/axi_cnn_ac_0'
INFO: [Project 1-454] Reading design checkpoint 'd:/licenta_16_layer_conv_copie/licenta_16_layer_conv.gen/sources_1/bd/design_1/ip/design_1_axi_gpio_0_2/design_1_axi_gpio_0_2.dcp' for cell 'design_1_i/axi_gpio_0'
INFO: [Project 1-454] Reading design checkpoint 'd:/licenta_16_layer_conv_copie/licenta_16_layer_conv.gen/sources_1/bd/design_1/ip/design_1_axi_gpio_1_1/design_1_axi_gpio_1_1.dcp' for cell 'design_1_i/axi_gpio_1'
INFO: [Project 1-454] Reading design checkpoint 'd:/licenta_16_layer_conv_copie/licenta_16_layer_conv.gen/sources_1/bd/design_1/ip/design_1_axi_gpio_2_0/design_1_axi_gpio_2_0.dcp' for cell 'design_1_i/axi_gpio_btn_and_sw'
INFO: [Project 1-454] Reading design checkpoint 'd:/licenta_16_layer_conv_copie/licenta_16_layer_conv.gen/sources_1/bd/design_1/ip/design_1_axi_smc_1/design_1_axi_smc_1.dcp' for cell 'design_1_i/axi_smc'
INFO: [Project 1-454] Reading design checkpoint 'd:/licenta_16_layer_conv_copie/licenta_16_layer_conv.gen/sources_1/bd/design_1/ip/design_1_processing_system7_0_2/design_1_processing_system7_0_2.dcp' for cell 'design_1_i/processing_system7_0'
INFO: [Project 1-454] Reading design checkpoint 'd:/licenta_16_layer_conv_copie/licenta_16_layer_conv.gen/sources_1/bd/design_1/ip/design_1_rst_ps7_0_50M_1/design_1_rst_ps7_0_50M_1.dcp' for cell 'design_1_i/rst_ps7_0_50M'
INFO: [Project 1-454] Reading design checkpoint 'd:/licenta_16_layer_conv_copie/licenta_16_layer_conv.gen/sources_1/bd/design_1/ip/design_1_util_vector_logic_0_2/design_1_util_vector_logic_0_2.dcp' for cell 'design_1_i/util_vector_logic_0'
INFO: [Project 1-454] Reading design checkpoint 'd:/licenta_16_layer_conv_copie/licenta_16_layer_conv.gen/sources_1/bd/design_1/ip/design_1_axi_dynclk_0_0/design_1_axi_dynclk_0_0.dcp' for cell 'design_1_i/hdmi/axi_dynclk_0'
INFO: [Project 1-454] Reading design checkpoint 'd:/licenta_16_layer_conv_copie/licenta_16_layer_conv.gen/sources_1/bd/design_1/ip/design_1_axi_vdma_0_0/design_1_axi_vdma_0_0.dcp' for cell 'design_1_i/hdmi/axi_vdma_0'
INFO: [Project 1-454] Reading design checkpoint 'd:/licenta_16_layer_conv_copie/licenta_16_layer_conv.gen/sources_1/bd/design_1/ip/design_1_axis_subset_converter_0_0/design_1_axis_subset_converter_0_0.dcp' for cell 'design_1_i/hdmi/axis_subset_converter_0'
INFO: [Project 1-454] Reading design checkpoint 'd:/licenta_16_layer_conv_copie/licenta_16_layer_conv.gen/sources_1/bd/design_1/ip/design_1_rgb2dvi_0_0/design_1_rgb2dvi_0_0.dcp' for cell 'design_1_i/hdmi/rgb2dvi_0'
INFO: [Project 1-454] Reading design checkpoint 'd:/licenta_16_layer_conv_copie/licenta_16_layer_conv.gen/sources_1/bd/design_1/ip/design_1_v_axi4s_vid_out_0_0/design_1_v_axi4s_vid_out_0_0.dcp' for cell 'design_1_i/hdmi/v_axi4s_vid_out_0'
INFO: [Project 1-454] Reading design checkpoint 'd:/licenta_16_layer_conv_copie/licenta_16_layer_conv.gen/sources_1/bd/design_1/ip/design_1_v_tc_0_0/design_1_v_tc_0_0.dcp' for cell 'design_1_i/hdmi/v_tc_0'
INFO: [Project 1-454] Reading design checkpoint 'd:/licenta_16_layer_conv_copie/licenta_16_layer_conv.gen/sources_1/bd/design_1/ip/design_1_auto_pc_0/design_1_auto_pc_0.dcp' for cell 'design_1_i/hdmi/axi_mem_intercon/s00_couplers/auto_pc'
Netlist sorting complete. Time (s): cpu = 00:00:00 ; elapsed = 00:00:00.737 . Memory (MB): peak = 1157.625 ; gain = 0.000
INFO: [Netlist 29-17] Analyzing 1387 Unisim elements for replacement
INFO: [Netlist 29-28] Unisim Transformation completed in 1 CPU seconds
INFO: [Project 1-479] Netlist was created with Vivado 2024.1
INFO: [Project 1-570] Preparing netlist for logic optimization
Parsing XDC File [d:/licenta_16_layer_conv_copie/licenta_16_layer_conv.gen/sources_1/bd/design_1/ip/design_1_axi_smc_1/bd_0/ip/ip_1/bd_6f02_psr0_0_board.xdc] for cell 'design_1_i/axi_smc/inst/clk_map/psr0/U0'
Finished Parsing XDC File [d:/licenta_16_layer_conv_copie/licenta_16_layer_conv.gen/sources_1/bd/design_1/ip/design_1_axi_smc_1/bd_0/ip/ip_1/bd_6f02_psr0_0_board.xdc] for cell 'design_1_i/axi_smc/inst/clk_map/psr0/U0'
Parsing XDC File [d:/licenta_16_layer_conv_copie/licenta_16_layer_conv.gen/sources_1/bd/design_1/ip/design_1_axi_smc_1/bd_0/ip/ip_1/bd_6f02_psr0_0.xdc] for cell 'design_1_i/axi_smc/inst/clk_map/psr0/U0'
Finished Parsing XDC File [d:/licenta_16_layer_conv_copie/licenta_16_layer_conv.gen/sources_1/bd/design_1/ip/design_1_axi_smc_1/bd_0/ip/ip_1/bd_6f02_psr0_0.xdc] for cell 'design_1_i/axi_smc/inst/clk_map/psr0/U0'
Parsing XDC File [d:/licenta_16_layer_conv_copie/licenta_16_layer_conv.gen/sources_1/bd/design_1/ip/design_1_axi_smc_1/bd_0/ip/ip_2/bd_6f02_psr_aclk_0_board.xdc] for cell 'design_1_i/axi_smc/inst/clk_map/psr_aclk/U0'
Finished Parsing XDC File [d:/licenta_16_layer_conv_copie/licenta_16_layer_conv.gen/sources_1/bd/design_1/ip/design_1_axi_smc_1/bd_0/ip/ip_2/bd_6f02_psr_aclk_0_board.xdc] for cell 'design_1_i/axi_smc/inst/clk_map/psr_aclk/U0'
Parsing XDC File [d:/licenta_16_layer_conv_copie/licenta_16_layer_conv.gen/sources_1/bd/design_1/ip/design_1_axi_smc_1/bd_0/ip/ip_2/bd_6f02_psr_aclk_0.xdc] for cell 'design_1_i/axi_smc/inst/clk_map/psr_aclk/U0'
Finished Parsing XDC File [d:/licenta_16_layer_conv_copie/licenta_16_layer_conv.gen/sources_1/bd/design_1/ip/design_1_axi_smc_1/bd_0/ip/ip_2/bd_6f02_psr_aclk_0.xdc] for cell 'design_1_i/axi_smc/inst/clk_map/psr_aclk/U0'
Parsing XDC File [d:/licenta_16_layer_conv_copie/licenta_16_layer_conv.gen/sources_1/bd/design_1/ip/design_1_axi_smc_1/bd_0/ip/ip_3/bd_6f02_psr_aclk1_0_board.xdc] for cell 'design_1_i/axi_smc/inst/clk_map/psr_aclk1/U0'
Finished Parsing XDC File [d:/licenta_16_layer_conv_copie/licenta_16_layer_conv.gen/sources_1/bd/design_1/ip/design_1_axi_smc_1/bd_0/ip/ip_3/bd_6f02_psr_aclk1_0_board.xdc] for cell 'design_1_i/axi_smc/inst/clk_map/psr_aclk1/U0'
Parsing XDC File [d:/licenta_16_layer_conv_copie/licenta_16_layer_conv.gen/sources_1/bd/design_1/ip/design_1_axi_smc_1/bd_0/ip/ip_3/bd_6f02_psr_aclk1_0.xdc] for cell 'design_1_i/axi_smc/inst/clk_map/psr_aclk1/U0'
Finished Parsing XDC File [d:/licenta_16_layer_conv_copie/licenta_16_layer_conv.gen/sources_1/bd/design_1/ip/design_1_axi_smc_1/bd_0/ip/ip_3/bd_6f02_psr_aclk1_0.xdc] for cell 'design_1_i/axi_smc/inst/clk_map/psr_aclk1/U0'
Parsing XDC File [d:/licenta_16_layer_conv_copie/licenta_16_layer_conv.gen/sources_1/bd/design_1/ip/design_1_axi_smc_1/bd_0/ip/ip_13/bd_6f02_sarn_0_clocks.xdc] for cell 'design_1_i/axi_smc/inst/s00_nodes/s00_ar_node/inst'
WARNING: [Vivado_Tcl 4-921] Waiver ID 'CDC-1' -to list should not be empty. [d:/licenta_16_layer_conv_copie/licenta_16_layer_conv.gen/sources_1/bd/design_1/ip/design_1_axi_smc_1/bd_0/ip/ip_13/bd_6f02_sarn_0_clocks.xdc:49]
WARNING: [Vivado_Tcl 4-921] Waiver ID 'CDC-1' -to list should not be empty. [d:/licenta_16_layer_conv_copie/licenta_16_layer_conv.gen/sources_1/bd/design_1/ip/design_1_axi_smc_1/bd_0/ip/ip_13/bd_6f02_sarn_0_clocks.xdc:52]
WARNING: [Vivado_Tcl 4-921] Waiver ID 'CDC-1' -to list should not be empty. [d:/licenta_16_layer_conv_copie/licenta_16_layer_conv.gen/sources_1/bd/design_1/ip/design_1_axi_smc_1/bd_0/ip/ip_13/bd_6f02_sarn_0_clocks.xdc:55]
WARNING: [Vivado_Tcl 4-921] Waiver ID 'CDC-1' -to list should not be empty. [d:/licenta_16_layer_conv_copie/licenta_16_layer_conv.gen/sources_1/bd/design_1/ip/design_1_axi_smc_1/bd_0/ip/ip_13/bd_6f02_sarn_0_clocks.xdc:59]
WARNING: [Vivado_Tcl 4-921] Waiver ID 'CDC-1' -to list should not be empty. [d:/licenta_16_layer_conv_copie/licenta_16_layer_conv.gen/sources_1/bd/design_1/ip/design_1_axi_smc_1/bd_0/ip/ip_13/bd_6f02_sarn_0_clocks.xdc:63]
WARNING: [Vivado_Tcl 4-921] Waiver ID 'CDC-1' -to list should not be empty. [d:/licenta_16_layer_conv_copie/licenta_16_layer_conv.gen/sources_1/bd/design_1/ip/design_1_axi_smc_1/bd_0/ip/ip_13/bd_6f02_sarn_0_clocks.xdc:66]
WARNING: [Vivado_Tcl 4-921] Waiver ID 'CDC-1' -to list should not be empty. [d:/licenta_16_layer_conv_copie/licenta_16_layer_conv.gen/sources_1/bd/design_1/ip/design_1_axi_smc_1/bd_0/ip/ip_13/bd_6f02_sarn_0_clocks.xdc:70]
WARNING: [Vivado_Tcl 4-921] Waiver ID 'CDC-1' -to list should not be empty. [d:/licenta_16_layer_conv_copie/licenta_16_layer_conv.gen/sources_1/bd/design_1/ip/design_1_axi_smc_1/bd_0/ip/ip_13/bd_6f02_sarn_0_clocks.xdc:73]
WARNING: [Vivado_Tcl 4-921] Waiver ID 'CDC-1' -to list should not be empty. [d:/licenta_16_layer_conv_copie/licenta_16_layer_conv.gen/sources_1/bd/design_1/ip/design_1_axi_smc_1/bd_0/ip/ip_13/bd_6f02_sarn_0_clocks.xdc:76]
WARNING: [Vivado_Tcl 4-921] Waiver ID 'CDC-1' -to list should not be empty. [d:/licenta_16_layer_conv_copie/licenta_16_layer_conv.gen/sources_1/bd/design_1/ip/design_1_axi_smc_1/bd_0/ip/ip_13/bd_6f02_sarn_0_clocks.xdc:79]
WARNING: [Vivado_Tcl 4-921] Waiver ID 'CDC-4' -to list should not be empty. [d:/licenta_16_layer_conv_copie/licenta_16_layer_conv.gen/sources_1/bd/design_1/ip/design_1_axi_smc_1/bd_0/ip/ip_13/bd_6f02_sarn_0_clocks.xdc:85]
WARNING: [Vivado_Tcl 4-921] Waiver ID 'CDC-4' -to list should not be empty. [d:/licenta_16_layer_conv_copie/licenta_16_layer_conv.gen/sources_1/bd/design_1/ip/design_1_axi_smc_1/bd_0/ip/ip_13/bd_6f02_sarn_0_clocks.xdc:88]
WARNING: [Vivado_Tcl 4-921] Waiver ID 'CDC-2' -to list should not be empty. [d:/licenta_16_layer_conv_copie/licenta_16_layer_conv.gen/sources_1/bd/design_1/ip/design_1_axi_smc_1/bd_0/ip/ip_13/bd_6f02_sarn_0_clocks.xdc:91]
WARNING: [Vivado_Tcl 4-921] Waiver ID 'CDC-2' -to list should not be empty. [d:/licenta_16_layer_conv_copie/licenta_16_layer_conv.gen/sources_1/bd/design_1/ip/design_1_axi_smc_1/bd_0/ip/ip_13/bd_6f02_sarn_0_clocks.xdc:94]
WARNING: [Vivado_Tcl 4-921] Waiver ID 'CDC-2' -to list should not be empty. [d:/licenta_16_layer_conv_copie/licenta_16_layer_conv.gen/sources_1/bd/design_1/ip/design_1_axi_smc_1/bd_0/ip/ip_13/bd_6f02_sarn_0_clocks.xdc:97]
WARNING: [Vivado_Tcl 4-921] Waiver ID 'CDC-2' -to list should not be empty. [d:/licenta_16_layer_conv_copie/licenta_16_layer_conv.gen/sources_1/bd/design_1/ip/design_1_axi_smc_1/bd_0/ip/ip_13/bd_6f02_sarn_0_clocks.xdc:100]
WARNING: [Vivado_Tcl 4-921] Waiver ID 'CDC-1' -to list should not be empty. [d:/licenta_16_layer_conv_copie/licenta_16_layer_conv.gen/sources_1/bd/design_1/ip/design_1_axi_smc_1/bd_0/ip/ip_13/bd_6f02_sarn_0_clocks.xdc:104]
WARNING: [Vivado_Tcl 4-921] Waiver ID 'CDC-10' -to list should not be empty. [d:/licenta_16_layer_conv_copie/licenta_16_layer_conv.gen/sources_1/bd/design_1/ip/design_1_axi_smc_1/bd_0/ip/ip_13/bd_6f02_sarn_0_clocks.xdc:107]
WARNING: [Vivado_Tcl 4-921] Waiver ID 'CDC-10' -to list should not be empty. [d:/licenta_16_layer_conv_copie/licenta_16_layer_conv.gen/sources_1/bd/design_1/ip/design_1_axi_smc_1/bd_0/ip/ip_13/bd_6f02_sarn_0_clocks.xdc:110]
WARNING: [Vivado_Tcl 4-921] Waiver ID 'CDC-1' -to list should not be empty. [d:/licenta_16_layer_conv_copie/licenta_16_layer_conv.gen/sources_1/bd/design_1/ip/design_1_axi_smc_1/bd_0/ip/ip_13/bd_6f02_sarn_0_clocks.xdc:113]
WARNING: [Vivado_Tcl 4-921] Waiver ID 'CDC-1' -to list should not be empty. [d:/licenta_16_layer_conv_copie/licenta_16_layer_conv.gen/sources_1/bd/design_1/ip/design_1_axi_smc_1/bd_0/ip/ip_13/bd_6f02_sarn_0_clocks.xdc:116]
WARNING: [Vivado_Tcl 4-921] Waiver ID 'CDC-1' -to list should not be empty. [d:/licenta_16_layer_conv_copie/licenta_16_layer_conv.gen/sources_1/bd/design_1/ip/design_1_axi_smc_1/bd_0/ip/ip_13/bd_6f02_sarn_0_clocks.xdc:119]
WARNING: [Vivado_Tcl 4-921] Waiver ID 'CDC-13' -to list should not be empty. [d:/licenta_16_layer_conv_copie/licenta_16_layer_conv.gen/sources_1/bd/design_1/ip/design_1_axi_smc_1/bd_0/ip/ip_13/bd_6f02_sarn_0_clocks.xdc:122]
WARNING: [Vivado_Tcl 4-921] Waiver ID 'CDC-1' -to list should not be empty. [d:/licenta_16_layer_conv_copie/licenta_16_layer_conv.gen/sources_1/bd/design_1/ip/design_1_axi_smc_1/bd_0/ip/ip_13/bd_6f02_sarn_0_clocks.xdc:125]
WARNING: [Vivado_Tcl 4-921] Waiver ID 'CDC-1' -to list should not be empty. [d:/licenta_16_layer_conv_copie/licenta_16_layer_conv.gen/sources_1/bd/design_1/ip/design_1_axi_smc_1/bd_0/ip/ip_13/bd_6f02_sarn_0_clocks.xdc:128]
WARNING: [Vivado_Tcl 4-921] Waiver ID 'CDC-13' -to list should not be empty. [d:/licenta_16_layer_conv_copie/licenta_16_layer_conv.gen/sources_1/bd/design_1/ip/design_1_axi_smc_1/bd_0/ip/ip_13/bd_6f02_sarn_0_clocks.xdc:131]
WARNING: [Vivado_Tcl 4-921] Waiver ID 'CDC-1' -to list should not be empty. [d:/licenta_16_layer_conv_copie/licenta_16_layer_conv.gen/sources_1/bd/design_1/ip/design_1_axi_smc_1/bd_0/ip/ip_13/bd_6f02_sarn_0_clocks.xdc:134]
WARNING: [Vivado_Tcl 4-921] Waiver ID 'CDC-10' -to list should not be empty. [d:/licenta_16_layer_conv_copie/licenta_16_layer_conv.gen/sources_1/bd/design_1/ip/design_1_axi_smc_1/bd_0/ip/ip_13/bd_6f02_sarn_0_clocks.xdc:137]
WARNING: [Vivado_Tcl 4-921] Waiver ID 'CDC-1' -to list should not be empty. [d:/licenta_16_layer_conv_copie/licenta_16_layer_conv.gen/sources_1/bd/design_1/ip/design_1_axi_smc_1/bd_0/ip/ip_13/bd_6f02_sarn_0_clocks.xdc:140]
WARNING: [Vivado_Tcl 4-921] Waiver ID 'CDC-1' -to list should not be empty. [d:/licenta_16_layer_conv_copie/licenta_16_layer_conv.gen/sources_1/bd/design_1/ip/design_1_axi_smc_1/bd_0/ip/ip_13/bd_6f02_sarn_0_clocks.xdc:143]
WARNING: [Vivado_Tcl 4-921] Waiver ID 'CDC-1' -to list should not be empty. [d:/licenta_16_layer_conv_copie/licenta_16_layer_conv.gen/sources_1/bd/design_1/ip/design_1_axi_smc_1/bd_0/ip/ip_13/bd_6f02_sarn_0_clocks.xdc:146]
WARNING: [Vivado_Tcl 4-921] Waiver ID 'CDC-2' -to list should not be empty. [d:/licenta_16_layer_conv_copie/licenta_16_layer_conv.gen/sources_1/bd/design_1/ip/design_1_axi_smc_1/bd_0/ip/ip_13/bd_6f02_sarn_0_clocks.xdc:149]
WARNING: [Vivado_Tcl 4-921] Waiver ID 'CDC-1' -to list should not be empty. [d:/licenta_16_layer_conv_copie/licenta_16_layer_conv.gen/sources_1/bd/design_1/ip/design_1_axi_smc_1/bd_0/ip/ip_13/bd_6f02_sarn_0_clocks.xdc:152]
WARNING: [Vivado_Tcl 4-921] Waiver ID 'CDC-1' -to list should not be empty. [d:/licenta_16_layer_conv_copie/licenta_16_layer_conv.gen/sources_1/bd/design_1/ip/design_1_axi_smc_1/bd_0/ip/ip_13/bd_6f02_sarn_0_clocks.xdc:155]
WARNING: [Vivado_Tcl 4-921] Waiver ID 'CDC-10' -to list should not be empty. [d:/licenta_16_layer_conv_copie/licenta_16_layer_conv.gen/sources_1/bd/design_1/ip/design_1_axi_smc_1/bd_0/ip/ip_13/bd_6f02_sarn_0_clocks.xdc:161]
WARNING: [Vivado_Tcl 4-921] Waiver ID 'CDC-4' -to list should not be empty. [d:/licenta_16_layer_conv_copie/licenta_16_layer_conv.gen/sources_1/bd/design_1/ip/design_1_axi_smc_1/bd_0/ip/ip_13/bd_6f02_sarn_0_clocks.xdc:164]
WARNING: [Vivado_Tcl 4-921] Waiver ID 'CDC-4' -to list should not be empty. [d:/licenta_16_layer_conv_copie/licenta_16_layer_conv.gen/sources_1/bd/design_1/ip/design_1_axi_smc_1/bd_0/ip/ip_13/bd_6f02_sarn_0_clocks.xdc:167]
WARNING: [Vivado_Tcl 4-921] Waiver ID 'CDC-4' -to list should not be empty. [d:/licenta_16_layer_conv_copie/licenta_16_layer_conv.gen/sources_1/bd/design_1/ip/design_1_axi_smc_1/bd_0/ip/ip_13/bd_6f02_sarn_0_clocks.xdc:171]
WARNING: [Vivado_Tcl 4-921] Waiver ID 'CDC-4' -to list should not be empty. [d:/licenta_16_layer_conv_copie/licenta_16_layer_conv.gen/sources_1/bd/design_1/ip/design_1_axi_smc_1/bd_0/ip/ip_13/bd_6f02_sarn_0_clocks.xdc:174]
WARNING: [Vivado_Tcl 4-921] Waiver ID 'CDC-1' -to list should not be empty. [d:/licenta_16_layer_conv_copie/licenta_16_layer_conv.gen/sources_1/bd/design_1/ip/design_1_axi_smc_1/bd_0/ip/ip_13/bd_6f02_sarn_0_clocks.xdc:178]
WARNING: [Vivado_Tcl 4-921] Waiver ID 'CDC-1' -to list should not be empty. [d:/licenta_16_layer_conv_copie/licenta_16_layer_conv.gen/sources_1/bd/design_1/ip/design_1_axi_smc_1/bd_0/ip/ip_13/bd_6f02_sarn_0_clocks.xdc:181]
WARNING: [Vivado_Tcl 4-921] Waiver ID 'CDC-13' -to list should not be empty. [d:/licenta_16_layer_conv_copie/licenta_16_layer_conv.gen/sources_1/bd/design_1/ip/design_1_axi_smc_1/bd_0/ip/ip_13/bd_6f02_sarn_0_clocks.xdc:184]
Finished Parsing XDC File [d:/licenta_16_layer_conv_copie/licenta_16_layer_conv.gen/sources_1/bd/design_1/ip/design_1_axi_smc_1/bd_0/ip/ip_13/bd_6f02_sarn_0_clocks.xdc] for cell 'design_1_i/axi_smc/inst/s00_nodes/s00_ar_node/inst'
Parsing XDC File [d:/licenta_16_layer_conv_copie/licenta_16_layer_conv.gen/sources_1/bd/design_1/ip/design_1_axi_smc_1/bd_0/ip/ip_14/bd_6f02_srn_0_clocks.xdc] for cell 'design_1_i/axi_smc/inst/s00_nodes/s00_r_node/inst'
WARNING: [Vivado_Tcl 4-921] Waiver ID 'CDC-1' -to list should not be empty. [d:/licenta_16_layer_conv_copie/licenta_16_layer_conv.gen/sources_1/bd/design_1/ip/design_1_axi_smc_1/bd_0/ip/ip_14/bd_6f02_srn_0_clocks.xdc:49]
WARNING: [Vivado_Tcl 4-921] Waiver ID 'CDC-1' -to list should not be empty. [d:/licenta_16_layer_conv_copie/licenta_16_layer_conv.gen/sources_1/bd/design_1/ip/design_1_axi_smc_1/bd_0/ip/ip_14/bd_6f02_srn_0_clocks.xdc:52]
WARNING: [Vivado_Tcl 4-921] Waiver ID 'CDC-1' -to list should not be empty. [d:/licenta_16_layer_conv_copie/licenta_16_layer_conv.gen/sources_1/bd/design_1/ip/design_1_axi_smc_1/bd_0/ip/ip_14/bd_6f02_srn_0_clocks.xdc:55]
WARNING: [Vivado_Tcl 4-921] Waiver ID 'CDC-1' -to list should not be empty. [d:/licenta_16_layer_conv_copie/licenta_16_layer_conv.gen/sources_1/bd/design_1/ip/design_1_axi_smc_1/bd_0/ip/ip_14/bd_6f02_srn_0_clocks.xdc:59]
WARNING: [Vivado_Tcl 4-921] Waiver ID 'CDC-1' -to list should not be empty. [d:/licenta_16_layer_conv_copie/licenta_16_layer_conv.gen/sources_1/bd/design_1/ip/design_1_axi_smc_1/bd_0/ip/ip_14/bd_6f02_srn_0_clocks.xdc:63]
WARNING: [Vivado_Tcl 4-921] Waiver ID 'CDC-1' -to list should not be empty. [d:/licenta_16_layer_conv_copie/licenta_16_layer_conv.gen/sources_1/bd/design_1/ip/design_1_axi_smc_1/bd_0/ip/ip_14/bd_6f02_srn_0_clocks.xdc:66]
WARNING: [Vivado_Tcl 4-921] Waiver ID 'CDC-1' -to list should not be empty. [d:/licenta_16_layer_conv_copie/licenta_16_layer_conv.gen/sources_1/bd/design_1/ip/design_1_axi_smc_1/bd_0/ip/ip_14/bd_6f02_srn_0_clocks.xdc:70]
WARNING: [Vivado_Tcl 4-921] Waiver ID 'CDC-1' -to list should not be empty. [d:/licenta_16_layer_conv_copie/licenta_16_layer_conv.gen/sources_1/bd/design_1/ip/design_1_axi_smc_1/bd_0/ip/ip_14/bd_6f02_srn_0_clocks.xdc:73]
WARNING: [Vivado_Tcl 4-921] Waiver ID 'CDC-1' -to list should not be empty. [d:/licenta_16_layer_conv_copie/licenta_16_layer_conv.gen/sources_1/bd/design_1/ip/design_1_axi_smc_1/bd_0/ip/ip_14/bd_6f02_srn_0_clocks.xdc:76]
WARNING: [Vivado_Tcl 4-921] Waiver ID 'CDC-1' -to list should not be empty. [d:/licenta_16_layer_conv_copie/licenta_16_layer_conv.gen/sources_1/bd/design_1/ip/design_1_axi_smc_1/bd_0/ip/ip_14/bd_6f02_srn_0_clocks.xdc:79]
WARNING: [Vivado_Tcl 4-921] Waiver ID 'CDC-1' -to list should not be empty. [d:/licenta_16_layer_conv_copie/licenta_16_layer_conv.gen/sources_1/bd/design_1/ip/design_1_axi_smc_1/bd_0/ip/ip_14/bd_6f02_srn_0_clocks.xdc:82]
WARNING: [Vivado_Tcl 4-921] Waiver ID 'CDC-4' -to list should not be empty. [d:/licenta_16_layer_conv_copie/licenta_16_layer_conv.gen/sources_1/bd/design_1/ip/design_1_axi_smc_1/bd_0/ip/ip_14/bd_6f02_srn_0_clocks.xdc:85]
WARNING: [Vivado_Tcl 4-921] Waiver ID 'CDC-4' -to list should not be empty. [d:/licenta_16_layer_conv_copie/licenta_16_layer_conv.gen/sources_1/bd/design_1/ip/design_1_axi_smc_1/bd_0/ip/ip_14/bd_6f02_srn_0_clocks.xdc:88]
WARNING: [Vivado_Tcl 4-921] Waiver ID 'CDC-2' -to list should not be empty. [d:/licenta_16_layer_conv_copie/licenta_16_layer_conv.gen/sources_1/bd/design_1/ip/design_1_axi_smc_1/bd_0/ip/ip_14/bd_6f02_srn_0_clocks.xdc:91]
WARNING: [Vivado_Tcl 4-921] Waiver ID 'CDC-2' -to list should not be empty. [d:/licenta_16_layer_conv_copie/licenta_16_layer_conv.gen/sources_1/bd/design_1/ip/design_1_axi_smc_1/bd_0/ip/ip_14/bd_6f02_srn_0_clocks.xdc:94]
WARNING: [Vivado_Tcl 4-921] Waiver ID 'CDC-2' -to list should not be empty. [d:/licenta_16_layer_conv_copie/licenta_16_layer_conv.gen/sources_1/bd/design_1/ip/design_1_axi_smc_1/bd_0/ip/ip_14/bd_6f02_srn_0_clocks.xdc:97]
WARNING: [Vivado_Tcl 4-921] Waiver ID 'CDC-2' -to list should not be empty. [d:/licenta_16_layer_conv_copie/licenta_16_layer_conv.gen/sources_1/bd/design_1/ip/design_1_axi_smc_1/bd_0/ip/ip_14/bd_6f02_srn_0_clocks.xdc:100]
WARNING: [Vivado_Tcl 4-921] Waiver ID 'CDC-1' -to list should not be empty. [d:/licenta_16_layer_conv_copie/licenta_16_layer_conv.gen/sources_1/bd/design_1/ip/design_1_axi_smc_1/bd_0/ip/ip_14/bd_6f02_srn_0_clocks.xdc:104]
WARNING: [Vivado_Tcl 4-921] Waiver ID 'CDC-10' -to list should not be empty. [d:/licenta_16_layer_conv_copie/licenta_16_layer_conv.gen/sources_1/bd/design_1/ip/design_1_axi_smc_1/bd_0/ip/ip_14/bd_6f02_srn_0_clocks.xdc:107]
WARNING: [Vivado_Tcl 4-921] Waiver ID 'CDC-10' -to list should not be empty. [d:/licenta_16_layer_conv_copie/licenta_16_layer_conv.gen/sources_1/bd/design_1/ip/design_1_axi_smc_1/bd_0/ip/ip_14/bd_6f02_srn_0_clocks.xdc:110]
WARNING: [Vivado_Tcl 4-921] Waiver ID 'CDC-1' -to list should not be empty. [d:/licenta_16_layer_conv_copie/licenta_16_layer_conv.gen/sources_1/bd/design_1/ip/design_1_axi_smc_1/bd_0/ip/ip_14/bd_6f02_srn_0_clocks.xdc:113]
WARNING: [Vivado_Tcl 4-921] Waiver ID 'CDC-1' -to list should not be empty. [d:/licenta_16_layer_conv_copie/licenta_16_layer_conv.gen/sources_1/bd/design_1/ip/design_1_axi_smc_1/bd_0/ip/ip_14/bd_6f02_srn_0_clocks.xdc:116]
WARNING: [Vivado_Tcl 4-921] Waiver ID 'CDC-1' -to list should not be empty. [d:/licenta_16_layer_conv_copie/licenta_16_layer_conv.gen/sources_1/bd/design_1/ip/design_1_axi_smc_1/bd_0/ip/ip_14/bd_6f02_srn_0_clocks.xdc:119]
WARNING: [Vivado_Tcl 4-921] Waiver ID 'CDC-13' -to list should not be empty. [d:/licenta_16_layer_conv_copie/licenta_16_layer_conv.gen/sources_1/bd/design_1/ip/design_1_axi_smc_1/bd_0/ip/ip_14/bd_6f02_srn_0_clocks.xdc:122]
WARNING: [Vivado_Tcl 4-921] Waiver ID 'CDC-1' -to list should not be empty. [d:/licenta_16_layer_conv_copie/licenta_16_layer_conv.gen/sources_1/bd/design_1/ip/design_1_axi_smc_1/bd_0/ip/ip_14/bd_6f02_srn_0_clocks.xdc:125]
WARNING: [Vivado_Tcl 4-921] Waiver ID 'CDC-1' -to list should not be empty. [d:/licenta_16_layer_conv_copie/licenta_16_layer_conv.gen/sources_1/bd/design_1/ip/design_1_axi_smc_1/bd_0/ip/ip_14/bd_6f02_srn_0_clocks.xdc:128]
WARNING: [Vivado_Tcl 4-921] Waiver ID 'CDC-13' -to list should not be empty. [d:/licenta_16_layer_conv_copie/licenta_16_layer_conv.gen/sources_1/bd/design_1/ip/design_1_axi_smc_1/bd_0/ip/ip_14/bd_6f02_srn_0_clocks.xdc:131]
WARNING: [Vivado_Tcl 4-921] Waiver ID 'CDC-1' -to list should not be empty. [d:/licenta_16_layer_conv_copie/licenta_16_layer_conv.gen/sources_1/bd/design_1/ip/design_1_axi_smc_1/bd_0/ip/ip_14/bd_6f02_srn_0_clocks.xdc:134]
WARNING: [Vivado_Tcl 4-921] Waiver ID 'CDC-10' -to list should not be empty. [d:/licenta_16_layer_conv_copie/licenta_16_layer_conv.gen/sources_1/bd/design_1/ip/design_1_axi_smc_1/bd_0/ip/ip_14/bd_6f02_srn_0_clocks.xdc:137]
WARNING: [Vivado_Tcl 4-921] Waiver ID 'CDC-1' -to list should not be empty. [d:/licenta_16_layer_conv_copie/licenta_16_layer_conv.gen/sources_1/bd/design_1/ip/design_1_axi_smc_1/bd_0/ip/ip_14/bd_6f02_srn_0_clocks.xdc:140]
WARNING: [Vivado_Tcl 4-921] Waiver ID 'CDC-1' -to list should not be empty. [d:/licenta_16_layer_conv_copie/licenta_16_layer_conv.gen/sources_1/bd/design_1/ip/design_1_axi_smc_1/bd_0/ip/ip_14/bd_6f02_srn_0_clocks.xdc:143]
WARNING: [Vivado_Tcl 4-921] Waiver ID 'CDC-1' -to list should not be empty. [d:/licenta_16_layer_conv_copie/licenta_16_layer_conv.gen/sources_1/bd/design_1/ip/design_1_axi_smc_1/bd_0/ip/ip_14/bd_6f02_srn_0_clocks.xdc:146]
WARNING: [Vivado_Tcl 4-921] Waiver ID 'CDC-2' -to list should not be empty. [d:/licenta_16_layer_conv_copie/licenta_16_layer_conv.gen/sources_1/bd/design_1/ip/design_1_axi_smc_1/bd_0/ip/ip_14/bd_6f02_srn_0_clocks.xdc:149]
WARNING: [Vivado_Tcl 4-921] Waiver ID 'CDC-1' -to list should not be empty. [d:/licenta_16_layer_conv_copie/licenta_16_layer_conv.gen/sources_1/bd/design_1/ip/design_1_axi_smc_1/bd_0/ip/ip_14/bd_6f02_srn_0_clocks.xdc:152]
WARNING: [Vivado_Tcl 4-921] Waiver ID 'CDC-1' -to list should not be empty. [d:/licenta_16_layer_conv_copie/licenta_16_layer_conv.gen/sources_1/bd/design_1/ip/design_1_axi_smc_1/bd_0/ip/ip_14/bd_6f02_srn_0_clocks.xdc:155]
WARNING: [Vivado_Tcl 4-921] Waiver ID 'CDC-1' -to list should not be empty. [d:/licenta_16_layer_conv_copie/licenta_16_layer_conv.gen/sources_1/bd/design_1/ip/design_1_axi_smc_1/bd_0/ip/ip_14/bd_6f02_srn_0_clocks.xdc:158]
WARNING: [Vivado_Tcl 4-921] Waiver ID 'CDC-10' -to list should not be empty. [d:/licenta_16_layer_conv_copie/licenta_16_layer_conv.gen/sources_1/bd/design_1/ip/design_1_axi_smc_1/bd_0/ip/ip_14/bd_6f02_srn_0_clocks.xdc:161]
WARNING: [Vivado_Tcl 4-921] Waiver ID 'CDC-4' -to list should not be empty. [d:/licenta_16_layer_conv_copie/licenta_16_layer_conv.gen/sources_1/bd/design_1/ip/design_1_axi_smc_1/bd_0/ip/ip_14/bd_6f02_srn_0_clocks.xdc:164]
WARNING: [Vivado_Tcl 4-921] Waiver ID 'CDC-4' -to list should not be empty. [d:/licenta_16_layer_conv_copie/licenta_16_layer_conv.gen/sources_1/bd/design_1/ip/design_1_axi_smc_1/bd_0/ip/ip_14/bd_6f02_srn_0_clocks.xdc:167]
WARNING: [Vivado_Tcl 4-921] Waiver ID 'CDC-4' -to list should not be empty. [d:/licenta_16_layer_conv_copie/licenta_16_layer_conv.gen/sources_1/bd/design_1/ip/design_1_axi_smc_1/bd_0/ip/ip_14/bd_6f02_srn_0_clocks.xdc:171]
WARNING: [Vivado_Tcl 4-921] Waiver ID 'CDC-4' -to list should not be empty. [d:/licenta_16_layer_conv_copie/licenta_16_layer_conv.gen/sources_1/bd/design_1/ip/design_1_axi_smc_1/bd_0/ip/ip_14/bd_6f02_srn_0_clocks.xdc:174]
WARNING: [Vivado_Tcl 4-921] Waiver ID 'CDC-1' -to list should not be empty. [d:/licenta_16_layer_conv_copie/licenta_16_layer_conv.gen/sources_1/bd/design_1/ip/design_1_axi_smc_1/bd_0/ip/ip_14/bd_6f02_srn_0_clocks.xdc:178]
WARNING: [Vivado_Tcl 4-921] Waiver ID 'CDC-1' -to list should not be empty. [d:/licenta_16_layer_conv_copie/licenta_16_layer_conv.gen/sources_1/bd/design_1/ip/design_1_axi_smc_1/bd_0/ip/ip_14/bd_6f02_srn_0_clocks.xdc:181]
WARNING: [Vivado_Tcl 4-921] Waiver ID 'CDC-13' -to list should not be empty. [d:/licenta_16_layer_conv_copie/licenta_16_layer_conv.gen/sources_1/bd/design_1/ip/design_1_axi_smc_1/bd_0/ip/ip_14/bd_6f02_srn_0_clocks.xdc:184]
Finished Parsing XDC File [d:/licenta_16_layer_conv_copie/licenta_16_layer_conv.gen/sources_1/bd/design_1/ip/design_1_axi_smc_1/bd_0/ip/ip_14/bd_6f02_srn_0_clocks.xdc] for cell 'design_1_i/axi_smc/inst/s00_nodes/s00_r_node/inst'
Parsing XDC File [d:/licenta_16_layer_conv_copie/licenta_16_layer_conv.gen/sources_1/bd/design_1/ip/design_1_axi_smc_1/bd_0/ip/ip_15/bd_6f02_sawn_0_clocks.xdc] for cell 'design_1_i/axi_smc/inst/s00_nodes/s00_aw_node/inst'
WARNING: [Vivado_Tcl 4-921] Waiver ID 'CDC-1' -to list should not be empty. [d:/licenta_16_layer_conv_copie/licenta_16_layer_conv.gen/sources_1/bd/design_1/ip/design_1_axi_smc_1/bd_0/ip/ip_15/bd_6f02_sawn_0_clocks.xdc:49]
WARNING: [Vivado_Tcl 4-921] Waiver ID 'CDC-1' -to list should not be empty. [d:/licenta_16_layer_conv_copie/licenta_16_layer_conv.gen/sources_1/bd/design_1/ip/design_1_axi_smc_1/bd_0/ip/ip_15/bd_6f02_sawn_0_clocks.xdc:52]
WARNING: [Vivado_Tcl 4-921] Waiver ID 'CDC-1' -to list should not be empty. [d:/licenta_16_layer_conv_copie/licenta_16_layer_conv.gen/sources_1/bd/design_1/ip/design_1_axi_smc_1/bd_0/ip/ip_15/bd_6f02_sawn_0_clocks.xdc:55]
WARNING: [Vivado_Tcl 4-921] Waiver ID 'CDC-1' -to list should not be empty. [d:/licenta_16_layer_conv_copie/licenta_16_layer_conv.gen/sources_1/bd/design_1/ip/design_1_axi_smc_1/bd_0/ip/ip_15/bd_6f02_sawn_0_clocks.xdc:59]
WARNING: [Vivado_Tcl 4-921] Waiver ID 'CDC-1' -to list should not be empty. [d:/licenta_16_layer_conv_copie/licenta_16_layer_conv.gen/sources_1/bd/design_1/ip/design_1_axi_smc_1/bd_0/ip/ip_15/bd_6f02_sawn_0_clocks.xdc:63]
WARNING: [Vivado_Tcl 4-921] Waiver ID 'CDC-1' -to list should not be empty. [d:/licenta_16_layer_conv_copie/licenta_16_layer_conv.gen/sources_1/bd/design_1/ip/design_1_axi_smc_1/bd_0/ip/ip_15/bd_6f02_sawn_0_clocks.xdc:66]
WARNING: [Vivado_Tcl 4-921] Waiver ID 'CDC-1' -to list should not be empty. [d:/licenta_16_layer_conv_copie/licenta_16_layer_conv.gen/sources_1/bd/design_1/ip/design_1_axi_smc_1/bd_0/ip/ip_15/bd_6f02_sawn_0_clocks.xdc:70]
INFO: [Common 17-14] Message 'Vivado 12-180' appears 100 times and further instances of the messages will be disabled. Use the Tcl command set_msg_config to change the current settings. [d:/licenta_16_layer_conv_copie/licenta_16_layer_conv.gen/sources_1/bd/design_1/ip/design_1_axi_smc_1/bd_0/ip/ip_15/bd_6f02_sawn_0_clocks.xdc:73]
WARNING: [Vivado_Tcl 4-921] Waiver ID 'CDC-1' -to list should not be empty. [d:/licenta_16_layer_conv_copie/licenta_16_layer_conv.gen/sources_1/bd/design_1/ip/design_1_axi_smc_1/bd_0/ip/ip_15/bd_6f02_sawn_0_clocks.xdc:73]
WARNING: [Vivado_Tcl 4-921] Waiver ID 'CDC-1' -to list should not be empty. [d:/licenta_16_layer_conv_copie/licenta_16_layer_conv.gen/sources_1/bd/design_1/ip/design_1_axi_smc_1/bd_0/ip/ip_15/bd_6f02_sawn_0_clocks.xdc:76]
WARNING: [Vivado_Tcl 4-921] Waiver ID 'CDC-1' -to list should not be empty. [d:/licenta_16_layer_conv_copie/licenta_16_layer_conv.gen/sources_1/bd/design_1/ip/design_1_axi_smc_1/bd_0/ip/ip_15/bd_6f02_sawn_0_clocks.xdc:79]
WARNING: [Vivado_Tcl 4-921] Waiver ID 'CDC-4' -to list should not be empty. [d:/licenta_16_layer_conv_copie/licenta_16_layer_conv.gen/sources_1/bd/design_1/ip/design_1_axi_smc_1/bd_0/ip/ip_15/bd_6f02_sawn_0_clocks.xdc:85]
WARNING: [Vivado_Tcl 4-921] Waiver ID 'CDC-4' -to list should not be empty. [d:/licenta_16_layer_conv_copie/licenta_16_layer_conv.gen/sources_1/bd/design_1/ip/design_1_axi_smc_1/bd_0/ip/ip_15/bd_6f02_sawn_0_clocks.xdc:88]
WARNING: [Vivado_Tcl 4-921] Waiver ID 'CDC-2' -to list should not be empty. [d:/licenta_16_layer_conv_copie/licenta_16_layer_conv.gen/sources_1/bd/design_1/ip/design_1_axi_smc_1/bd_0/ip/ip_15/bd_6f02_sawn_0_clocks.xdc:91]
WARNING: [Vivado_Tcl 4-921] Waiver ID 'CDC-2' -to list should not be empty. [d:/licenta_16_layer_conv_copie/licenta_16_layer_conv.gen/sources_1/bd/design_1/ip/design_1_axi_smc_1/bd_0/ip/ip_15/bd_6f02_sawn_0_clocks.xdc:94]
INFO: [Common 17-14] Message 'Vivado_Tcl 4-921' appears 100 times and further instances of the messages will be disabled. Use the Tcl command set_msg_config to change the current settings. [d:/licenta_16_layer_conv_copie/licenta_16_layer_conv.gen/sources_1/bd/design_1/ip/design_1_axi_smc_1/bd_0/ip/ip_15/bd_6f02_sawn_0_clocks.xdc:94]
Finished Parsing XDC File [d:/licenta_16_layer_conv_copie/licenta_16_layer_conv.gen/sources_1/bd/design_1/ip/design_1_axi_smc_1/bd_0/ip/ip_15/bd_6f02_sawn_0_clocks.xdc] for cell 'design_1_i/axi_smc/inst/s00_nodes/s00_aw_node/inst'
Parsing XDC File [d:/licenta_16_layer_conv_copie/licenta_16_layer_conv.gen/sources_1/bd/design_1/ip/design_1_axi_smc_1/bd_0/ip/ip_16/bd_6f02_swn_0_clocks.xdc] for cell 'design_1_i/axi_smc/inst/s00_nodes/s00_w_node/inst'
Finished Parsing XDC File [d:/licenta_16_layer_conv_copie/licenta_16_layer_conv.gen/sources_1/bd/design_1/ip/design_1_axi_smc_1/bd_0/ip/ip_16/bd_6f02_swn_0_clocks.xdc] for cell 'design_1_i/axi_smc/inst/s00_nodes/s00_w_node/inst'
Parsing XDC File [d:/licenta_16_layer_conv_copie/licenta_16_layer_conv.gen/sources_1/bd/design_1/ip/design_1_axi_smc_1/bd_0/ip/ip_17/bd_6f02_sbn_0_clocks.xdc] for cell 'design_1_i/axi_smc/inst/s00_nodes/s00_b_node/inst'
Finished Parsing XDC File [d:/licenta_16_layer_conv_copie/licenta_16_layer_conv.gen/sources_1/bd/design_1/ip/design_1_axi_smc_1/bd_0/ip/ip_17/bd_6f02_sbn_0_clocks.xdc] for cell 'design_1_i/axi_smc/inst/s00_nodes/s00_b_node/inst'
Parsing XDC File [d:/licenta_16_layer_conv_copie/licenta_16_layer_conv.gen/sources_1/bd/design_1/ip/design_1_axi_smc_1/bd_0/ip/ip_19/bd_6f02_m00arn_0_clocks.xdc] for cell 'design_1_i/axi_smc/inst/m00_nodes/m00_ar_node/inst'
Finished Parsing XDC File [d:/licenta_16_layer_conv_copie/licenta_16_layer_conv.gen/sources_1/bd/design_1/ip/design_1_axi_smc_1/bd_0/ip/ip_19/bd_6f02_m00arn_0_clocks.xdc] for cell 'design_1_i/axi_smc/inst/m00_nodes/m00_ar_node/inst'
Parsing XDC File [d:/licenta_16_layer_conv_copie/licenta_16_layer_conv.gen/sources_1/bd/design_1/ip/design_1_axi_smc_1/bd_0/ip/ip_20/bd_6f02_m00rn_0_clocks.xdc] for cell 'design_1_i/axi_smc/inst/m00_nodes/m00_r_node/inst'
Finished Parsing XDC File [d:/licenta_16_layer_conv_copie/licenta_16_layer_conv.gen/sources_1/bd/design_1/ip/design_1_axi_smc_1/bd_0/ip/ip_20/bd_6f02_m00rn_0_clocks.xdc] for cell 'design_1_i/axi_smc/inst/m00_nodes/m00_r_node/inst'
Parsing XDC File [d:/licenta_16_layer_conv_copie/licenta_16_layer_conv.gen/sources_1/bd/design_1/ip/design_1_axi_smc_1/bd_0/ip/ip_21/bd_6f02_m00awn_0_clocks.xdc] for cell 'design_1_i/axi_smc/inst/m00_nodes/m00_aw_node/inst'
Finished Parsing XDC File [d:/licenta_16_layer_conv_copie/licenta_16_layer_conv.gen/sources_1/bd/design_1/ip/design_1_axi_smc_1/bd_0/ip/ip_21/bd_6f02_m00awn_0_clocks.xdc] for cell 'design_1_i/axi_smc/inst/m00_nodes/m00_aw_node/inst'
Parsing XDC File [d:/licenta_16_layer_conv_copie/licenta_16_layer_conv.gen/sources_1/bd/design_1/ip/design_1_axi_smc_1/bd_0/ip/ip_22/bd_6f02_m00wn_0_clocks.xdc] for cell 'design_1_i/axi_smc/inst/m00_nodes/m00_w_node/inst'
Finished Parsing XDC File [d:/licenta_16_layer_conv_copie/licenta_16_layer_conv.gen/sources_1/bd/design_1/ip/design_1_axi_smc_1/bd_0/ip/ip_22/bd_6f02_m00wn_0_clocks.xdc] for cell 'design_1_i/axi_smc/inst/m00_nodes/m00_w_node/inst'
Parsing XDC File [d:/licenta_16_layer_conv_copie/licenta_16_layer_conv.gen/sources_1/bd/design_1/ip/design_1_axi_smc_1/bd_0/ip/ip_23/bd_6f02_m00bn_0_clocks.xdc] for cell 'design_1_i/axi_smc/inst/m00_nodes/m00_b_node/inst'
Finished Parsing XDC File [d:/licenta_16_layer_conv_copie/licenta_16_layer_conv.gen/sources_1/bd/design_1/ip/design_1_axi_smc_1/bd_0/ip/ip_23/bd_6f02_m00bn_0_clocks.xdc] for cell 'design_1_i/axi_smc/inst/m00_nodes/m00_b_node/inst'
Parsing XDC File [d:/licenta_16_layer_conv_copie/licenta_16_layer_conv.gen/sources_1/bd/design_1/ip/design_1_axi_smc_1/bd_0/ip/ip_26/bd_6f02_m01arn_0_clocks.xdc] for cell 'design_1_i/axi_smc/inst/m01_nodes/m01_ar_node/inst'
Finished Parsing XDC File [d:/licenta_16_layer_conv_copie/licenta_16_layer_conv.gen/sources_1/bd/design_1/ip/design_1_axi_smc_1/bd_0/ip/ip_26/bd_6f02_m01arn_0_clocks.xdc] for cell 'design_1_i/axi_smc/inst/m01_nodes/m01_ar_node/inst'
Parsing XDC File [d:/licenta_16_layer_conv_copie/licenta_16_layer_conv.gen/sources_1/bd/design_1/ip/design_1_axi_smc_1/bd_0/ip/ip_27/bd_6f02_m01rn_0_clocks.xdc] for cell 'design_1_i/axi_smc/inst/m01_nodes/m01_r_node/inst'
Finished Parsing XDC File [d:/licenta_16_layer_conv_copie/licenta_16_layer_conv.gen/sources_1/bd/design_1/ip/design_1_axi_smc_1/bd_0/ip/ip_27/bd_6f02_m01rn_0_clocks.xdc] for cell 'design_1_i/axi_smc/inst/m01_nodes/m01_r_node/inst'
Parsing XDC File [d:/licenta_16_layer_conv_copie/licenta_16_layer_conv.gen/sources_1/bd/design_1/ip/design_1_axi_smc_1/bd_0/ip/ip_28/bd_6f02_m01awn_0_clocks.xdc] for cell 'design_1_i/axi_smc/inst/m01_nodes/m01_aw_node/inst'
Finished Parsing XDC File [d:/licenta_16_layer_conv_copie/licenta_16_layer_conv.gen/sources_1/bd/design_1/ip/design_1_axi_smc_1/bd_0/ip/ip_28/bd_6f02_m01awn_0_clocks.xdc] for cell 'design_1_i/axi_smc/inst/m01_nodes/m01_aw_node/inst'
Parsing XDC File [d:/licenta_16_layer_conv_copie/licenta_16_layer_conv.gen/sources_1/bd/design_1/ip/design_1_axi_smc_1/bd_0/ip/ip_29/bd_6f02_m01wn_0_clocks.xdc] for cell 'design_1_i/axi_smc/inst/m01_nodes/m01_w_node/inst'
Finished Parsing XDC File [d:/licenta_16_layer_conv_copie/licenta_16_layer_conv.gen/sources_1/bd/design_1/ip/design_1_axi_smc_1/bd_0/ip/ip_29/bd_6f02_m01wn_0_clocks.xdc] for cell 'design_1_i/axi_smc/inst/m01_nodes/m01_w_node/inst'
Parsing XDC File [d:/licenta_16_layer_conv_copie/licenta_16_layer_conv.gen/sources_1/bd/design_1/ip/design_1_axi_smc_1/bd_0/ip/ip_30/bd_6f02_m01bn_0_clocks.xdc] for cell 'design_1_i/axi_smc/inst/m01_nodes/m01_b_node/inst'
Finished Parsing XDC File [d:/licenta_16_layer_conv_copie/licenta_16_layer_conv.gen/sources_1/bd/design_1/ip/design_1_axi_smc_1/bd_0/ip/ip_30/bd_6f02_m01bn_0_clocks.xdc] for cell 'design_1_i/axi_smc/inst/m01_nodes/m01_b_node/inst'
Parsing XDC File [d:/licenta_16_layer_conv_copie/licenta_16_layer_conv.gen/sources_1/bd/design_1/ip/design_1_axi_smc_1/bd_0/ip/ip_33/bd_6f02_m02arn_0_clocks.xdc] for cell 'design_1_i/axi_smc/inst/m02_nodes/m02_ar_node/inst'
Finished Parsing XDC File [d:/licenta_16_layer_conv_copie/licenta_16_layer_conv.gen/sources_1/bd/design_1/ip/design_1_axi_smc_1/bd_0/ip/ip_33/bd_6f02_m02arn_0_clocks.xdc] for cell 'design_1_i/axi_smc/inst/m02_nodes/m02_ar_node/inst'
Parsing XDC File [d:/licenta_16_layer_conv_copie/licenta_16_layer_conv.gen/sources_1/bd/design_1/ip/design_1_axi_smc_1/bd_0/ip/ip_34/bd_6f02_m02rn_0_clocks.xdc] for cell 'design_1_i/axi_smc/inst/m02_nodes/m02_r_node/inst'
Finished Parsing XDC File [d:/licenta_16_layer_conv_copie/licenta_16_layer_conv.gen/sources_1/bd/design_1/ip/design_1_axi_smc_1/bd_0/ip/ip_34/bd_6f02_m02rn_0_clocks.xdc] for cell 'design_1_i/axi_smc/inst/m02_nodes/m02_r_node/inst'
Parsing XDC File [d:/licenta_16_layer_conv_copie/licenta_16_layer_conv.gen/sources_1/bd/design_1/ip/design_1_axi_smc_1/bd_0/ip/ip_35/bd_6f02_m02awn_0_clocks.xdc] for cell 'design_1_i/axi_smc/inst/m02_nodes/m02_aw_node/inst'
Finished Parsing XDC File [d:/licenta_16_layer_conv_copie/licenta_16_layer_conv.gen/sources_1/bd/design_1/ip/design_1_axi_smc_1/bd_0/ip/ip_35/bd_6f02_m02awn_0_clocks.xdc] for cell 'design_1_i/axi_smc/inst/m02_nodes/m02_aw_node/inst'
Parsing XDC File [d:/licenta_16_layer_conv_copie/licenta_16_layer_conv.gen/sources_1/bd/design_1/ip/design_1_axi_smc_1/bd_0/ip/ip_36/bd_6f02_m02wn_0_clocks.xdc] for cell 'design_1_i/axi_smc/inst/m02_nodes/m02_w_node/inst'
Finished Parsing XDC File [d:/licenta_16_layer_conv_copie/licenta_16_layer_conv.gen/sources_1/bd/design_1/ip/design_1_axi_smc_1/bd_0/ip/ip_36/bd_6f02_m02wn_0_clocks.xdc] for cell 'design_1_i/axi_smc/inst/m02_nodes/m02_w_node/inst'
Parsing XDC File [d:/licenta_16_layer_conv_copie/licenta_16_layer_conv.gen/sources_1/bd/design_1/ip/design_1_axi_smc_1/bd_0/ip/ip_37/bd_6f02_m02bn_0_clocks.xdc] for cell 'design_1_i/axi_smc/inst/m02_nodes/m02_b_node/inst'
Finished Parsing XDC File [d:/licenta_16_layer_conv_copie/licenta_16_layer_conv.gen/sources_1/bd/design_1/ip/design_1_axi_smc_1/bd_0/ip/ip_37/bd_6f02_m02bn_0_clocks.xdc] for cell 'design_1_i/axi_smc/inst/m02_nodes/m02_b_node/inst'
Parsing XDC File [d:/licenta_16_layer_conv_copie/licenta_16_layer_conv.gen/sources_1/bd/design_1/ip/design_1_axi_smc_1/bd_0/ip/ip_40/bd_6f02_m03arn_0_clocks.xdc] for cell 'design_1_i/axi_smc/inst/m03_nodes/m03_ar_node/inst'
Finished Parsing XDC File [d:/licenta_16_layer_conv_copie/licenta_16_layer_conv.gen/sources_1/bd/design_1/ip/design_1_axi_smc_1/bd_0/ip/ip_40/bd_6f02_m03arn_0_clocks.xdc] for cell 'design_1_i/axi_smc/inst/m03_nodes/m03_ar_node/inst'
Parsing XDC File [d:/licenta_16_layer_conv_copie/licenta_16_layer_conv.gen/sources_1/bd/design_1/ip/design_1_axi_smc_1/bd_0/ip/ip_41/bd_6f02_m03rn_0_clocks.xdc] for cell 'design_1_i/axi_smc/inst/m03_nodes/m03_r_node/inst'
Finished Parsing XDC File [d:/licenta_16_layer_conv_copie/licenta_16_layer_conv.gen/sources_1/bd/design_1/ip/design_1_axi_smc_1/bd_0/ip/ip_41/bd_6f02_m03rn_0_clocks.xdc] for cell 'design_1_i/axi_smc/inst/m03_nodes/m03_r_node/inst'
Parsing XDC File [d:/licenta_16_layer_conv_copie/licenta_16_layer_conv.gen/sources_1/bd/design_1/ip/design_1_axi_smc_1/bd_0/ip/ip_42/bd_6f02_m03awn_0_clocks.xdc] for cell 'design_1_i/axi_smc/inst/m03_nodes/m03_aw_node/inst'
Finished Parsing XDC File [d:/licenta_16_layer_conv_copie/licenta_16_layer_conv.gen/sources_1/bd/design_1/ip/design_1_axi_smc_1/bd_0/ip/ip_42/bd_6f02_m03awn_0_clocks.xdc] for cell 'design_1_i/axi_smc/inst/m03_nodes/m03_aw_node/inst'
Parsing XDC File [d:/licenta_16_layer_conv_copie/licenta_16_layer_conv.gen/sources_1/bd/design_1/ip/design_1_axi_smc_1/bd_0/ip/ip_43/bd_6f02_m03wn_0_clocks.xdc] for cell 'design_1_i/axi_smc/inst/m03_nodes/m03_w_node/inst'
Finished Parsing XDC File [d:/licenta_16_layer_conv_copie/licenta_16_layer_conv.gen/sources_1/bd/design_1/ip/design_1_axi_smc_1/bd_0/ip/ip_43/bd_6f02_m03wn_0_clocks.xdc] for cell 'design_1_i/axi_smc/inst/m03_nodes/m03_w_node/inst'
Parsing XDC File [d:/licenta_16_layer_conv_copie/licenta_16_layer_conv.gen/sources_1/bd/design_1/ip/design_1_axi_smc_1/bd_0/ip/ip_44/bd_6f02_m03bn_0_clocks.xdc] for cell 'design_1_i/axi_smc/inst/m03_nodes/m03_b_node/inst'
Finished Parsing XDC File [d:/licenta_16_layer_conv_copie/licenta_16_layer_conv.gen/sources_1/bd/design_1/ip/design_1_axi_smc_1/bd_0/ip/ip_44/bd_6f02_m03bn_0_clocks.xdc] for cell 'design_1_i/axi_smc/inst/m03_nodes/m03_b_node/inst'
Parsing XDC File [d:/licenta_16_layer_conv_copie/licenta_16_layer_conv.gen/sources_1/bd/design_1/ip/design_1_axi_smc_1/bd_0/ip/ip_47/bd_6f02_m04arn_0_clocks.xdc] for cell 'design_1_i/axi_smc/inst/m04_nodes/m04_ar_node/inst'
Finished Parsing XDC File [d:/licenta_16_layer_conv_copie/licenta_16_layer_conv.gen/sources_1/bd/design_1/ip/design_1_axi_smc_1/bd_0/ip/ip_47/bd_6f02_m04arn_0_clocks.xdc] for cell 'design_1_i/axi_smc/inst/m04_nodes/m04_ar_node/inst'
Parsing XDC File [d:/licenta_16_layer_conv_copie/licenta_16_layer_conv.gen/sources_1/bd/design_1/ip/design_1_axi_smc_1/bd_0/ip/ip_48/bd_6f02_m04rn_0_clocks.xdc] for cell 'design_1_i/axi_smc/inst/m04_nodes/m04_r_node/inst'
Finished Parsing XDC File [d:/licenta_16_layer_conv_copie/licenta_16_layer_conv.gen/sources_1/bd/design_1/ip/design_1_axi_smc_1/bd_0/ip/ip_48/bd_6f02_m04rn_0_clocks.xdc] for cell 'design_1_i/axi_smc/inst/m04_nodes/m04_r_node/inst'
Parsing XDC File [d:/licenta_16_layer_conv_copie/licenta_16_layer_conv.gen/sources_1/bd/design_1/ip/design_1_axi_smc_1/bd_0/ip/ip_49/bd_6f02_m04awn_0_clocks.xdc] for cell 'design_1_i/axi_smc/inst/m04_nodes/m04_aw_node/inst'
Finished Parsing XDC File [d:/licenta_16_layer_conv_copie/licenta_16_layer_conv.gen/sources_1/bd/design_1/ip/design_1_axi_smc_1/bd_0/ip/ip_49/bd_6f02_m04awn_0_clocks.xdc] for cell 'design_1_i/axi_smc/inst/m04_nodes/m04_aw_node/inst'
Parsing XDC File [d:/licenta_16_layer_conv_copie/licenta_16_layer_conv.gen/sources_1/bd/design_1/ip/design_1_axi_smc_1/bd_0/ip/ip_50/bd_6f02_m04wn_0_clocks.xdc] for cell 'design_1_i/axi_smc/inst/m04_nodes/m04_w_node/inst'
Finished Parsing XDC File [d:/licenta_16_layer_conv_copie/licenta_16_layer_conv.gen/sources_1/bd/design_1/ip/design_1_axi_smc_1/bd_0/ip/ip_50/bd_6f02_m04wn_0_clocks.xdc] for cell 'design_1_i/axi_smc/inst/m04_nodes/m04_w_node/inst'
Parsing XDC File [d:/licenta_16_layer_conv_copie/licenta_16_layer_conv.gen/sources_1/bd/design_1/ip/design_1_axi_smc_1/bd_0/ip/ip_51/bd_6f02_m04bn_0_clocks.xdc] for cell 'design_1_i/axi_smc/inst/m04_nodes/m04_b_node/inst'
Finished Parsing XDC File [d:/licenta_16_layer_conv_copie/licenta_16_layer_conv.gen/sources_1/bd/design_1/ip/design_1_axi_smc_1/bd_0/ip/ip_51/bd_6f02_m04bn_0_clocks.xdc] for cell 'design_1_i/axi_smc/inst/m04_nodes/m04_b_node/inst'
Parsing XDC File [d:/licenta_16_layer_conv_copie/licenta_16_layer_conv.gen/sources_1/bd/design_1/ip/design_1_axi_smc_1/bd_0/ip/ip_54/bd_6f02_m05arn_0_clocks.xdc] for cell 'design_1_i/axi_smc/inst/m05_nodes/m05_ar_node/inst'
Finished Parsing XDC File [d:/licenta_16_layer_conv_copie/licenta_16_layer_conv.gen/sources_1/bd/design_1/ip/design_1_axi_smc_1/bd_0/ip/ip_54/bd_6f02_m05arn_0_clocks.xdc] for cell 'design_1_i/axi_smc/inst/m05_nodes/m05_ar_node/inst'
Parsing XDC File [d:/licenta_16_layer_conv_copie/licenta_16_layer_conv.gen/sources_1/bd/design_1/ip/design_1_axi_smc_1/bd_0/ip/ip_55/bd_6f02_m05rn_0_clocks.xdc] for cell 'design_1_i/axi_smc/inst/m05_nodes/m05_r_node/inst'
Finished Parsing XDC File [d:/licenta_16_layer_conv_copie/licenta_16_layer_conv.gen/sources_1/bd/design_1/ip/design_1_axi_smc_1/bd_0/ip/ip_55/bd_6f02_m05rn_0_clocks.xdc] for cell 'design_1_i/axi_smc/inst/m05_nodes/m05_r_node/inst'
Parsing XDC File [d:/licenta_16_layer_conv_copie/licenta_16_layer_conv.gen/sources_1/bd/design_1/ip/design_1_axi_smc_1/bd_0/ip/ip_56/bd_6f02_m05awn_0_clocks.xdc] for cell 'design_1_i/axi_smc/inst/m05_nodes/m05_aw_node/inst'
Finished Parsing XDC File [d:/licenta_16_layer_conv_copie/licenta_16_layer_conv.gen/sources_1/bd/design_1/ip/design_1_axi_smc_1/bd_0/ip/ip_56/bd_6f02_m05awn_0_clocks.xdc] for cell 'design_1_i/axi_smc/inst/m05_nodes/m05_aw_node/inst'
Parsing XDC File [d:/licenta_16_layer_conv_copie/licenta_16_layer_conv.gen/sources_1/bd/design_1/ip/design_1_axi_smc_1/bd_0/ip/ip_57/bd_6f02_m05wn_0_clocks.xdc] for cell 'design_1_i/axi_smc/inst/m05_nodes/m05_w_node/inst'
Finished Parsing XDC File [d:/licenta_16_layer_conv_copie/licenta_16_layer_conv.gen/sources_1/bd/design_1/ip/design_1_axi_smc_1/bd_0/ip/ip_57/bd_6f02_m05wn_0_clocks.xdc] for cell 'design_1_i/axi_smc/inst/m05_nodes/m05_w_node/inst'
Parsing XDC File [d:/licenta_16_layer_conv_copie/licenta_16_layer_conv.gen/sources_1/bd/design_1/ip/design_1_axi_smc_1/bd_0/ip/ip_58/bd_6f02_m05bn_0_clocks.xdc] for cell 'design_1_i/axi_smc/inst/m05_nodes/m05_b_node/inst'
Finished Parsing XDC File [d:/licenta_16_layer_conv_copie/licenta_16_layer_conv.gen/sources_1/bd/design_1/ip/design_1_axi_smc_1/bd_0/ip/ip_58/bd_6f02_m05bn_0_clocks.xdc] for cell 'design_1_i/axi_smc/inst/m05_nodes/m05_b_node/inst'
Parsing XDC File [d:/licenta_16_layer_conv_copie/licenta_16_layer_conv.gen/sources_1/bd/design_1/ip/design_1_axi_smc_1/bd_0/ip/ip_61/bd_6f02_m06arn_0_clocks.xdc] for cell 'design_1_i/axi_smc/inst/m06_nodes/m06_ar_node/inst'
Finished Parsing XDC File [d:/licenta_16_layer_conv_copie/licenta_16_layer_conv.gen/sources_1/bd/design_1/ip/design_1_axi_smc_1/bd_0/ip/ip_61/bd_6f02_m06arn_0_clocks.xdc] for cell 'design_1_i/axi_smc/inst/m06_nodes/m06_ar_node/inst'
Parsing XDC File [d:/licenta_16_layer_conv_copie/licenta_16_layer_conv.gen/sources_1/bd/design_1/ip/design_1_axi_smc_1/bd_0/ip/ip_62/bd_6f02_m06rn_0_clocks.xdc] for cell 'design_1_i/axi_smc/inst/m06_nodes/m06_r_node/inst'
Finished Parsing XDC File [d:/licenta_16_layer_conv_copie/licenta_16_layer_conv.gen/sources_1/bd/design_1/ip/design_1_axi_smc_1/bd_0/ip/ip_62/bd_6f02_m06rn_0_clocks.xdc] for cell 'design_1_i/axi_smc/inst/m06_nodes/m06_r_node/inst'
Parsing XDC File [d:/licenta_16_layer_conv_copie/licenta_16_layer_conv.gen/sources_1/bd/design_1/ip/design_1_axi_smc_1/bd_0/ip/ip_63/bd_6f02_m06awn_0_clocks.xdc] for cell 'design_1_i/axi_smc/inst/m06_nodes/m06_aw_node/inst'
Finished Parsing XDC File [d:/licenta_16_layer_conv_copie/licenta_16_layer_conv.gen/sources_1/bd/design_1/ip/design_1_axi_smc_1/bd_0/ip/ip_63/bd_6f02_m06awn_0_clocks.xdc] for cell 'design_1_i/axi_smc/inst/m06_nodes/m06_aw_node/inst'
Parsing XDC File [d:/licenta_16_layer_conv_copie/licenta_16_layer_conv.gen/sources_1/bd/design_1/ip/design_1_axi_smc_1/bd_0/ip/ip_64/bd_6f02_m06wn_0_clocks.xdc] for cell 'design_1_i/axi_smc/inst/m06_nodes/m06_w_node/inst'
Finished Parsing XDC File [d:/licenta_16_layer_conv_copie/licenta_16_layer_conv.gen/sources_1/bd/design_1/ip/design_1_axi_smc_1/bd_0/ip/ip_64/bd_6f02_m06wn_0_clocks.xdc] for cell 'design_1_i/axi_smc/inst/m06_nodes/m06_w_node/inst'
Parsing XDC File [d:/licenta_16_layer_conv_copie/licenta_16_layer_conv.gen/sources_1/bd/design_1/ip/design_1_axi_smc_1/bd_0/ip/ip_65/bd_6f02_m06bn_0_clocks.xdc] for cell 'design_1_i/axi_smc/inst/m06_nodes/m06_b_node/inst'
Finished Parsing XDC File [d:/licenta_16_layer_conv_copie/licenta_16_layer_conv.gen/sources_1/bd/design_1/ip/design_1_axi_smc_1/bd_0/ip/ip_65/bd_6f02_m06bn_0_clocks.xdc] for cell 'design_1_i/axi_smc/inst/m06_nodes/m06_b_node/inst'
Parsing XDC File [d:/licenta_16_layer_conv_copie/licenta_16_layer_conv.gen/sources_1/bd/design_1/ip/design_1_axi_smc_1/smartconnect.xdc] for cell 'design_1_i/axi_smc/inst'
WARNING: [Vivado_Tcl 4-919] Waiver ID 'CDC-1' -from list should not be empty. [d:/licenta_16_layer_conv_copie/licenta_16_layer_conv.gen/sources_1/bd/design_1/ip/design_1_axi_smc_1/smartconnect.xdc:1]
Finished Parsing XDC File [d:/licenta_16_layer_conv_copie/licenta_16_layer_conv.gen/sources_1/bd/design_1/ip/design_1_axi_smc_1/smartconnect.xdc] for cell 'design_1_i/axi_smc/inst'
Parsing XDC File [d:/licenta_16_layer_conv_copie/licenta_16_layer_conv.gen/sources_1/bd/design_1/ip/design_1_rst_ps7_0_50M_1/design_1_rst_ps7_0_50M_1_board.xdc] for cell 'design_1_i/rst_ps7_0_50M/U0'
Finished Parsing XDC File [d:/licenta_16_layer_conv_copie/licenta_16_layer_conv.gen/sources_1/bd/design_1/ip/design_1_rst_ps7_0_50M_1/design_1_rst_ps7_0_50M_1_board.xdc] for cell 'design_1_i/rst_ps7_0_50M/U0'
Parsing XDC File [d:/licenta_16_layer_conv_copie/licenta_16_layer_conv.gen/sources_1/bd/design_1/ip/design_1_rst_ps7_0_50M_1/design_1_rst_ps7_0_50M_1.xdc] for cell 'design_1_i/rst_ps7_0_50M/U0'
Finished Parsing XDC File [d:/licenta_16_layer_conv_copie/licenta_16_layer_conv.gen/sources_1/bd/design_1/ip/design_1_rst_ps7_0_50M_1/design_1_rst_ps7_0_50M_1.xdc] for cell 'design_1_i/rst_ps7_0_50M/U0'
Parsing XDC File [d:/licenta_16_layer_conv_copie/licenta_16_layer_conv.gen/sources_1/bd/design_1/ip/design_1_axi_gpio_0_2/design_1_axi_gpio_0_2_board.xdc] for cell 'design_1_i/axi_gpio_0/U0'
Finished Parsing XDC File [d:/licenta_16_layer_conv_copie/licenta_16_layer_conv.gen/sources_1/bd/design_1/ip/design_1_axi_gpio_0_2/design_1_axi_gpio_0_2_board.xdc] for cell 'design_1_i/axi_gpio_0/U0'
Parsing XDC File [d:/licenta_16_layer_conv_copie/licenta_16_layer_conv.gen/sources_1/bd/design_1/ip/design_1_axi_gpio_0_2/design_1_axi_gpio_0_2.xdc] for cell 'design_1_i/axi_gpio_0/U0'
Finished Parsing XDC File [d:/licenta_16_layer_conv_copie/licenta_16_layer_conv.gen/sources_1/bd/design_1/ip/design_1_axi_gpio_0_2/design_1_axi_gpio_0_2.xdc] for cell 'design_1_i/axi_gpio_0/U0'
Parsing XDC File [d:/licenta_16_layer_conv_copie/licenta_16_layer_conv.gen/sources_1/bd/design_1/ip/design_1_axi_gpio_1_1/design_1_axi_gpio_1_1_board.xdc] for cell 'design_1_i/axi_gpio_1/U0'
Finished Parsing XDC File [d:/licenta_16_layer_conv_copie/licenta_16_layer_conv.gen/sources_1/bd/design_1/ip/design_1_axi_gpio_1_1/design_1_axi_gpio_1_1_board.xdc] for cell 'design_1_i/axi_gpio_1/U0'
Parsing XDC File [d:/licenta_16_layer_conv_copie/licenta_16_layer_conv.gen/sources_1/bd/design_1/ip/design_1_axi_gpio_1_1/design_1_axi_gpio_1_1.xdc] for cell 'design_1_i/axi_gpio_1/U0'
Finished Parsing XDC File [d:/licenta_16_layer_conv_copie/licenta_16_layer_conv.gen/sources_1/bd/design_1/ip/design_1_axi_gpio_1_1/design_1_axi_gpio_1_1.xdc] for cell 'design_1_i/axi_gpio_1/U0'
Parsing XDC File [d:/licenta_16_layer_conv_copie/licenta_16_layer_conv.gen/sources_1/bd/design_1/ip/design_1_processing_system7_0_2/design_1_processing_system7_0_2.xdc] for cell 'design_1_i/processing_system7_0/inst'
Finished Parsing XDC File [d:/licenta_16_layer_conv_copie/licenta_16_layer_conv.gen/sources_1/bd/design_1/ip/design_1_processing_system7_0_2/design_1_processing_system7_0_2.xdc] for cell 'design_1_i/processing_system7_0/inst'
Parsing XDC File [d:/licenta_16_layer_conv_copie/licenta_16_layer_conv.gen/sources_1/bd/design_1/ip/design_1_axi_vdma_0_0/design_1_axi_vdma_0_0.xdc] for cell 'design_1_i/hdmi/axi_vdma_0/U0'
Finished Parsing XDC File [d:/licenta_16_layer_conv_copie/licenta_16_layer_conv.gen/sources_1/bd/design_1/ip/design_1_axi_vdma_0_0/design_1_axi_vdma_0_0.xdc] for cell 'design_1_i/hdmi/axi_vdma_0/U0'
Parsing XDC File [d:/licenta_16_layer_conv_copie/licenta_16_layer_conv.gen/sources_1/bd/design_1/ip/design_1_rgb2dvi_0_0/src/rgb2dvi.xdc] for cell 'design_1_i/hdmi/rgb2dvi_0/U0'
Finished Parsing XDC File [d:/licenta_16_layer_conv_copie/licenta_16_layer_conv.gen/sources_1/bd/design_1/ip/design_1_rgb2dvi_0_0/src/rgb2dvi.xdc] for cell 'design_1_i/hdmi/rgb2dvi_0/U0'
Parsing XDC File [d:/licenta_16_layer_conv_copie/licenta_16_layer_conv.gen/sources_1/bd/design_1/ip/design_1_axi_gpio_2_0/design_1_axi_gpio_2_0_board.xdc] for cell 'design_1_i/axi_gpio_btn_and_sw/U0'
Finished Parsing XDC File [d:/licenta_16_layer_conv_copie/licenta_16_layer_conv.gen/sources_1/bd/design_1/ip/design_1_axi_gpio_2_0/design_1_axi_gpio_2_0_board.xdc] for cell 'design_1_i/axi_gpio_btn_and_sw/U0'
Parsing XDC File [d:/licenta_16_layer_conv_copie/licenta_16_layer_conv.gen/sources_1/bd/design_1/ip/design_1_axi_gpio_2_0/design_1_axi_gpio_2_0.xdc] for cell 'design_1_i/axi_gpio_btn_and_sw/U0'
Finished Parsing XDC File [d:/licenta_16_layer_conv_copie/licenta_16_layer_conv.gen/sources_1/bd/design_1/ip/design_1_axi_gpio_2_0/design_1_axi_gpio_2_0.xdc] for cell 'design_1_i/axi_gpio_btn_and_sw/U0'
Parsing XDC File [D:/licenta_16_layer_conv_copie/design_1_wrapper.xdc]
Finished Parsing XDC File [D:/licenta_16_layer_conv_copie/design_1_wrapper.xdc]
Parsing XDC File [d:/licenta_16_layer_conv_copie/licenta_16_layer_conv.gen/sources_1/bd/design_1/ip/design_1_axi_vdma_0_0/design_1_axi_vdma_0_0_clocks.xdc] for cell 'design_1_i/hdmi/axi_vdma_0/U0'
Finished Parsing XDC File [d:/licenta_16_layer_conv_copie/licenta_16_layer_conv.gen/sources_1/bd/design_1/ip/design_1_axi_vdma_0_0/design_1_axi_vdma_0_0_clocks.xdc] for cell 'design_1_i/hdmi/axi_vdma_0/U0'
Parsing XDC File [d:/licenta_16_layer_conv_copie/licenta_16_layer_conv.gen/sources_1/bd/design_1/ip/design_1_v_tc_0_0/design_1_v_tc_0_0_clocks.xdc] for cell 'design_1_i/hdmi/v_tc_0/U0'
INFO: [Timing 38-35] Done setting XDC timing constraints. [d:/licenta_16_layer_conv_copie/licenta_16_layer_conv.gen/sources_1/bd/design_1/ip/design_1_v_tc_0_0/design_1_v_tc_0_0_clocks.xdc:2]
INFO: [Timing 38-2] Deriving generated clocks [d:/licenta_16_layer_conv_copie/licenta_16_layer_conv.gen/sources_1/bd/design_1/ip/design_1_v_tc_0_0/design_1_v_tc_0_0_clocks.xdc:2]
get_clocks: Time (s): cpu = 00:00:14 ; elapsed = 00:00:14 . Memory (MB): peak = 1952.531 ; gain = 605.996
Finished Parsing XDC File [d:/licenta_16_layer_conv_copie/licenta_16_layer_conv.gen/sources_1/bd/design_1/ip/design_1_v_tc_0_0/design_1_v_tc_0_0_clocks.xdc] for cell 'design_1_i/hdmi/v_tc_0/U0'
Parsing XDC File [d:/licenta_16_layer_conv_copie/licenta_16_layer_conv.gen/sources_1/bd/design_1/ip/design_1_v_axi4s_vid_out_0_0/design_1_v_axi4s_vid_out_0_0_clocks.xdc] for cell 'design_1_i/hdmi/v_axi4s_vid_out_0/inst'
Finished Parsing XDC File [d:/licenta_16_layer_conv_copie/licenta_16_layer_conv.gen/sources_1/bd/design_1/ip/design_1_v_axi4s_vid_out_0_0/design_1_v_axi4s_vid_out_0_0_clocks.xdc] for cell 'design_1_i/hdmi/v_axi4s_vid_out_0/inst'
Parsing XDC File [d:/licenta_16_layer_conv_copie/licenta_16_layer_conv.gen/sources_1/bd/design_1/ip/design_1_rgb2dvi_0_0/src/rgb2dvi_clocks.xdc] for cell 'design_1_i/hdmi/rgb2dvi_0/U0'
Finished Parsing XDC File [d:/licenta_16_layer_conv_copie/licenta_16_layer_conv.gen/sources_1/bd/design_1/ip/design_1_rgb2dvi_0_0/src/rgb2dvi_clocks.xdc] for cell 'design_1_i/hdmi/rgb2dvi_0/U0'
INFO: [Project 1-1714] 160 XPM XDC files have been applied to the design.
INFO: [Opt 31-138] Pushed 0 inverter(s) to 0 load pin(s).
Generating merged BMM file for the design top 'design_1_wrapper'...
INFO: [Project 1-1687] 1833 scoped IP constraints or related sub-commands were skipped due to synthesis logic optimizations usually triggered by constant connectivity or unconnected output pins. To review the skipped constraints and messages, run the command 'set_param netlist.IPMsgFiltering false' before opening the design.
Netlist sorting complete. Time (s): cpu = 00:00:00 ; elapsed = 00:00:00.021 . Memory (MB): peak = 1952.531 ; gain = 0.000
INFO: [Project 1-111] Unisim Transformation Summary:
  A total of 255 instances were transformed.
  RAM32M => RAM32M (RAMD32(x6), RAMS32(x2)): 247 instances
  RAM32X1D => RAM32X1D (RAMD32(x2)): 8 instances

34 Infos, 101 Warnings, 0 Critical Warnings and 0 Errors encountered.
link_design completed successfully
link_design: Time (s): cpu = 00:00:38 ; elapsed = 00:00:47 . Memory (MB): peak = 1952.531 ; gain = 1379.406
Command: opt_design
Attempting to get a license for feature 'Implementation' and/or device 'xc7z020'
INFO: [Common 17-349] Got license for feature 'Implementation' and/or device 'xc7z020'
Running DRC as a precondition to command opt_design

Starting DRC Task
INFO: [DRC 23-27] Running DRC with 2 threads
INFO: [Project 1-461] DRC finished with 0 Errors
INFO: [Project 1-462] Please refer to the DRC report (report_drc) for more information.

Time (s): cpu = 00:00:02 ; elapsed = 00:00:02 . Memory (MB): peak = 1952.531 ; gain = 0.000

Starting Cache Timing Information Task
INFO: [Timing 38-35] Done setting XDC timing constraints.
Ending Cache Timing Information Task | Checksum: 246986531

Time (s): cpu = 00:00:03 ; elapsed = 00:00:02 . Memory (MB): peak = 1952.531 ; gain = 0.000

Starting Logic Optimization Task

Phase 1 Initialization

Phase 1.1 Core Generation And Design Setup
Phase 1.1 Core Generation And Design Setup | Checksum: 246986531

Time (s): cpu = 00:00:00 ; elapsed = 00:00:00.010 . Memory (MB): peak = 2326.148 ; gain = 0.000

Phase 1.2 Setup Constraints And Sort Netlist
Phase 1.2 Setup Constraints And Sort Netlist | Checksum: 246986531

Time (s): cpu = 00:00:00 ; elapsed = 00:00:00.046 . Memory (MB): peak = 2326.148 ; gain = 0.000
Phase 1 Initialization | Checksum: 246986531

Time (s): cpu = 00:00:00 ; elapsed = 00:00:00.052 . Memory (MB): peak = 2326.148 ; gain = 0.000

Phase 2 Timer Update And Timing Data Collection

Phase 2.1 Timer Update
Phase 2.1 Timer Update | Checksum: 246986531

Time (s): cpu = 00:00:02 ; elapsed = 00:00:01 . Memory (MB): peak = 2378.789 ; gain = 52.641

Phase 2.2 Timing Data Collection
Phase 2.2 Timing Data Collection | Checksum: 246986531

Time (s): cpu = 00:00:02 ; elapsed = 00:00:01 . Memory (MB): peak = 2378.789 ; gain = 52.641
Phase 2 Timer Update And Timing Data Collection | Checksum: 246986531

Time (s): cpu = 00:00:02 ; elapsed = 00:00:01 . Memory (MB): peak = 2378.789 ; gain = 52.641

Phase 3 Retarget
INFO: [Opt 31-1834] Total Chains To Be Transformed Were: 0 AND Number of Transformed insts Created are: 0
INFO: [Opt 31-1566] Pulled 18 inverters resulting in an inversion of 201 pins
INFO: [Opt 31-138] Pushed 63 inverter(s) to 380 load pin(s).
INFO: [Opt 31-49] Retargeted 0 cell(s).
Phase 3 Retarget | Checksum: 1fddd50fd

Time (s): cpu = 00:00:03 ; elapsed = 00:00:02 . Memory (MB): peak = 2378.789 ; gain = 52.641
Retarget | Checksum: 1fddd50fd
INFO: [Opt 31-389] Phase Retarget created 293 cells and removed 627 cells
INFO: [Opt 31-1021] In phase Retarget, 213 netlist objects are constrained preventing optimization. Please run opt_design with -debug_log to get more detail. 

Phase 4 Constant propagation
INFO: [Opt 31-138] Pushed 1 inverter(s) to 2 load pin(s).
Phase 4 Constant propagation | Checksum: 10ba430dc

Time (s): cpu = 00:00:03 ; elapsed = 00:00:03 . Memory (MB): peak = 2378.789 ; gain = 52.641
Constant propagation | Checksum: 10ba430dc
INFO: [Opt 31-389] Phase Constant propagation created 171 cells and removed 818 cells
INFO: [Opt 31-1021] In phase Constant propagation, 548 netlist objects are constrained preventing optimization. Please run opt_design with -debug_log to get more detail. 

Phase 5 Sweep
Phase 5 Sweep | Checksum: 1157c0c10

Time (s): cpu = 00:00:05 ; elapsed = 00:00:05 . Memory (MB): peak = 2378.789 ; gain = 52.641
Sweep | Checksum: 1157c0c10
INFO: [Opt 31-389] Phase Sweep created 0 cells and removed 3562 cells
INFO: [Opt 31-1021] In phase Sweep, 267 netlist objects are constrained preventing optimization. Please run opt_design with -debug_log to get more detail. 

Phase 6 BUFG optimization
INFO: [Opt 31-194] Inserted BUFG design_1_i/processing_system7_0/inst/FCLK_CLK1_BUFG_inst to drive 2135 load(s) on clock net design_1_i/processing_system7_0/inst/FCLK_CLK1_BUFG
INFO: [Opt 31-193] Inserted 1 BUFG(s) on clock nets
Phase 6 BUFG optimization | Checksum: 159709985

Time (s): cpu = 00:00:06 ; elapsed = 00:00:05 . Memory (MB): peak = 2378.789 ; gain = 52.641
BUFG optimization | Checksum: 159709985
INFO: [Opt 31-662] Phase BUFG optimization created 1 cells of which 1 are BUFGs and removed 0 cells.

Phase 7 Shift Register Optimization
INFO: [Opt 31-1064] SRL Remap converted 0 SRLs to 0 registers and converted 0 registers of register chains to 0 SRLs
Phase 7 Shift Register Optimization | Checksum: 159709985

Time (s): cpu = 00:00:06 ; elapsed = 00:00:05 . Memory (MB): peak = 2378.789 ; gain = 52.641
Shift Register Optimization | Checksum: 159709985
INFO: [Opt 31-389] Phase Shift Register Optimization created 0 cells and removed 0 cells

Phase 8 Post Processing Netlist
Phase 8 Post Processing Netlist | Checksum: 1bc7c2752

Time (s): cpu = 00:00:06 ; elapsed = 00:00:05 . Memory (MB): peak = 2378.789 ; gain = 52.641
Post Processing Netlist | Checksum: 1bc7c2752
INFO: [Opt 31-389] Phase Post Processing Netlist created 0 cells and removed 0 cells
INFO: [Opt 31-1021] In phase Post Processing Netlist, 166 netlist objects are constrained preventing optimization. Please run opt_design with -debug_log to get more detail. 

Phase 9 Finalization

Phase 9.1 Finalizing Design Cores and Updating Shapes
Phase 9.1 Finalizing Design Cores and Updating Shapes | Checksum: 13d7bf920

Time (s): cpu = 00:00:07 ; elapsed = 00:00:06 . Memory (MB): peak = 2378.789 ; gain = 52.641

Phase 9.2 Verifying Netlist Connectivity

Starting Connectivity Check Task

Time (s): cpu = 00:00:00 ; elapsed = 00:00:00.070 . Memory (MB): peak = 2378.789 ; gain = 0.000
Phase 9.2 Verifying Netlist Connectivity | Checksum: 13d7bf920

Time (s): cpu = 00:00:07 ; elapsed = 00:00:06 . Memory (MB): peak = 2378.789 ; gain = 52.641
Phase 9 Finalization | Checksum: 13d7bf920

Time (s): cpu = 00:00:07 ; elapsed = 00:00:06 . Memory (MB): peak = 2378.789 ; gain = 52.641
Opt_design Change Summary
=========================


-------------------------------------------------------------------------------------------------------------------------
|  Phase                        |  #Cells created  |  #Cells Removed  |  #Constrained objects preventing optimizations  |
-------------------------------------------------------------------------------------------------------------------------
|  Retarget                     |             293  |             627  |                                            213  |
|  Constant propagation         |             171  |             818  |                                            548  |
|  Sweep                        |               0  |            3562  |                                            267  |
|  BUFG optimization            |               1  |               0  |                                              0  |
|  Shift Register Optimization  |               0  |               0  |                                              0  |
|  Post Processing Netlist      |               0  |               0  |                                            166  |
-------------------------------------------------------------------------------------------------------------------------


Ending Logic Optimization Task | Checksum: 13d7bf920

Time (s): cpu = 00:00:07 ; elapsed = 00:00:06 . Memory (MB): peak = 2378.789 ; gain = 52.641

Starting Power Optimization Task
INFO: [Pwropt 34-132] Skipping clock gating for clocks with a period < 2.00 ns.
INFO: [Timing 38-35] Done setting XDC timing constraints.
Running Vector-less Activity Propagation...

Finished Running Vector-less Activity Propagation
INFO: [Pwropt 34-9] Applying IDT optimizations ...
INFO: [Pwropt 34-10] Applying ODC optimizations ...


Starting PowerOpt Patch Enables Task
INFO: [Pwropt 34-162] WRITE_MODE attribute of 0 BRAM(s) out of a total of 134 has been updated to save power. Run report_power_opt to get a complete listing of the BRAMs updated.
INFO: [Pwropt 34-201] Structural ODC has moved 0 WE to EN ports
Number of BRAM Ports augmented: 131 newly gated: 0 Total Ports: 268
Number of Flops added for Enable Generation: 12

Ending PowerOpt Patch Enables Task | Checksum: 17404c1a5

Time (s): cpu = 00:00:00 ; elapsed = 00:00:00.799 . Memory (MB): peak = 2755.133 ; gain = 0.000
Ending Power Optimization Task | Checksum: 17404c1a5

Time (s): cpu = 00:00:30 ; elapsed = 00:00:24 . Memory (MB): peak = 2755.133 ; gain = 376.344

Starting Final Cleanup Task

Starting Logic Optimization Task
INFO: [Timing 38-35] Done setting XDC timing constraints.
Ending Logic Optimization Task | Checksum: 15e025632

Time (s): cpu = 00:00:05 ; elapsed = 00:00:04 . Memory (MB): peak = 2755.133 ; gain = 0.000
Ending Final Cleanup Task | Checksum: 15e025632

Time (s): cpu = 00:00:08 ; elapsed = 00:00:08 . Memory (MB): peak = 2755.133 ; gain = 0.000

Starting Netlist Obfuscation Task
Netlist sorting complete. Time (s): cpu = 00:00:00 ; elapsed = 00:00:00.019 . Memory (MB): peak = 2755.133 ; gain = 0.000
Ending Netlist Obfuscation Task | Checksum: 15e025632

Time (s): cpu = 00:00:00 ; elapsed = 00:00:00.025 . Memory (MB): peak = 2755.133 ; gain = 0.000
INFO: [Common 17-83] Releasing license: Implementation
65 Infos, 101 Warnings, 0 Critical Warnings and 0 Errors encountered.
opt_design completed successfully
opt_design: Time (s): cpu = 00:00:53 ; elapsed = 00:00:46 . Memory (MB): peak = 2755.133 ; gain = 802.602
INFO: [Vivado 12-24828] Executing command : report_drc -file design_1_wrapper_drc_opted.rpt -pb design_1_wrapper_drc_opted.pb -rpx design_1_wrapper_drc_opted.rpx
Command: report_drc -file design_1_wrapper_drc_opted.rpt -pb design_1_wrapper_drc_opted.pb -rpx design_1_wrapper_drc_opted.rpx
INFO: [IP_Flow 19-1839] IP Catalog is up to date.
INFO: [DRC 23-27] Running DRC with 2 threads
INFO: [Vivado_Tcl 2-168] The results of DRC are in file D:/licenta_16_layer_conv_copie/licenta_16_layer_conv.runs/impl_1/design_1_wrapper_drc_opted.rpt.
report_drc completed successfully
INFO: [Timing 38-35] Done setting XDC timing constraints.
INFO: [Timing 38-480] Writing timing data to binary archive.
Wrote PlaceDB: Time (s): cpu = 00:00:00 ; elapsed = 00:00:00.070 . Memory (MB): peak = 2755.133 ; gain = 0.000
Wrote PulsedLatchDB: Time (s): cpu = 00:00:00 ; elapsed = 00:00:00.001 . Memory (MB): peak = 2755.133 ; gain = 0.000
Writing XDEF routing.
Write ShapeDB Complete: Time (s): cpu = 00:00:01 ; elapsed = 00:00:00.164 . Memory (MB): peak = 2755.133 ; gain = 0.000
Writing XDEF routing logical nets.
Writing XDEF routing special nets.
Wrote RouteStorage: Time (s): cpu = 00:00:00 ; elapsed = 00:00:00.202 . Memory (MB): peak = 2755.133 ; gain = 0.000
Wrote Netlist Cache: Time (s): cpu = 00:00:00 ; elapsed = 00:00:00.001 . Memory (MB): peak = 2755.133 ; gain = 0.000
Wrote Device Cache: Time (s): cpu = 00:00:00 ; elapsed = 00:00:00.019 . Memory (MB): peak = 2755.133 ; gain = 0.000
Write Physdb Complete: Time (s): cpu = 00:00:01 ; elapsed = 00:00:00.312 . Memory (MB): peak = 2755.133 ; gain = 0.000
INFO: [Common 17-1381] The checkpoint 'D:/licenta_16_layer_conv_copie/licenta_16_layer_conv.runs/impl_1/design_1_wrapper_opt.dcp' has been generated.
write_checkpoint: Time (s): cpu = 00:00:13 ; elapsed = 00:00:10 . Memory (MB): peak = 2755.133 ; gain = 0.000
Command: place_design
Attempting to get a license for feature 'Implementation' and/or device 'xc7z020'
INFO: [Common 17-349] Got license for feature 'Implementation' and/or device 'xc7z020'
INFO: [Common 17-83] Releasing license: Implementation
INFO: [DRC 23-27] Running DRC with 2 threads
INFO: [Vivado_Tcl 4-198] DRC finished with 0 Errors
INFO: [Vivado_Tcl 4-199] Please refer to the DRC report (report_drc) for more information.
Running DRC as a precondition to command place_design
INFO: [DRC 23-27] Running DRC with 2 threads
INFO: [Vivado_Tcl 4-198] DRC finished with 0 Errors, 8 Warnings
INFO: [Vivado_Tcl 4-199] Please refer to the DRC report (report_drc) for more information.
INFO: [Place 30-611] Multithreading enabled for place_design using a maximum of 2 CPUs

Starting Placer Task

Phase 1 Placer Initialization

Phase 1.1 Placer Initialization Netlist Sorting
Netlist sorting complete. Time (s): cpu = 00:00:00 ; elapsed = 00:00:00.021 . Memory (MB): peak = 2755.133 ; gain = 0.000
Phase 1.1 Placer Initialization Netlist Sorting | Checksum: 902f5e2b

Time (s): cpu = 00:00:00 ; elapsed = 00:00:00.039 . Memory (MB): peak = 2755.133 ; gain = 0.000
Netlist sorting complete. Time (s): cpu = 00:00:00 ; elapsed = 00:00:00.019 . Memory (MB): peak = 2755.133 ; gain = 0.000

Phase 1.2 IO Placement/ Clock Placement/ Build Placer Device
Phase 1.2 IO Placement/ Clock Placement/ Build Placer Device | Checksum: d725278d

Time (s): cpu = 00:00:03 ; elapsed = 00:00:03 . Memory (MB): peak = 2755.133 ; gain = 0.000

Phase 1.3 Build Placer Netlist Model
Phase 1.3 Build Placer Netlist Model | Checksum: 1b568f8c3

Time (s): cpu = 00:00:14 ; elapsed = 00:00:11 . Memory (MB): peak = 2755.133 ; gain = 0.000

Phase 1.4 Constrain Clocks/Macros
Phase 1.4 Constrain Clocks/Macros | Checksum: 1b568f8c3

Time (s): cpu = 00:00:14 ; elapsed = 00:00:11 . Memory (MB): peak = 2755.133 ; gain = 0.000
Phase 1 Placer Initialization | Checksum: 1b568f8c3

Time (s): cpu = 00:00:14 ; elapsed = 00:00:11 . Memory (MB): peak = 2755.133 ; gain = 0.000

Phase 2 Global Placement

Phase 2.1 Floorplanning
Phase 2.1 Floorplanning | Checksum: 19ed41c51

Time (s): cpu = 00:00:18 ; elapsed = 00:00:14 . Memory (MB): peak = 2755.133 ; gain = 0.000

Phase 2.2 Update Timing before SLR Path Opt
Phase 2.2 Update Timing before SLR Path Opt | Checksum: fd3970fa

Time (s): cpu = 00:00:21 ; elapsed = 00:00:16 . Memory (MB): peak = 2755.133 ; gain = 0.000

Phase 2.3 Post-Processing in Floorplanning
Phase 2.3 Post-Processing in Floorplanning | Checksum: fd3970fa

Time (s): cpu = 00:00:21 ; elapsed = 00:00:16 . Memory (MB): peak = 2755.133 ; gain = 0.000

Phase 2.4 Global Placement Core

Phase 2.4.1 UpdateTiming Before Physical Synthesis
Phase 2.4.1 UpdateTiming Before Physical Synthesis | Checksum: 1d7391e93

Time (s): cpu = 00:01:02 ; elapsed = 00:00:44 . Memory (MB): peak = 2755.133 ; gain = 0.000

Phase 2.4.2 Physical Synthesis In Placer
INFO: [Physopt 32-1035] Found 486 LUTNM shape to break, 1239 LUT instances to create LUTNM shape
INFO: [Physopt 32-1044] Break lutnm for timing: one critical 0, two critical 486, total 486, new lutff created 0
INFO: [Physopt 32-1138] End 1 Pass. Optimized 988 nets or LUTs. Breaked 486 LUTs, combined 502 existing LUTs and moved 0 existing LUT
INFO: [Physopt 32-65] No nets found for high-fanout optimization.
INFO: [Physopt 32-232] Optimized 0 net. Created 0 new instance.
INFO: [Physopt 32-775] End 1 Pass. Optimized 0 net or cell. Created 0 new cell, deleted 0 existing cell and moved 0 existing cell
INFO: [Physopt 32-456] No candidate cells for DSP register optimization found in the design.
INFO: [Physopt 32-775] End 2 Pass. Optimized 0 net or cell. Created 0 new cell, deleted 0 existing cell and moved 0 existing cell
INFO: [Physopt 32-1123] No candidate cells found for Shift Register to Pipeline optimization
INFO: [Physopt 32-775] End 2 Pass. Optimized 0 net or cell. Created 0 new cell, deleted 0 existing cell and moved 0 existing cell
INFO: [Physopt 32-1401] No candidate cells found for Shift Register optimization.
INFO: [Physopt 32-677] No candidate cells for Shift Register optimization found in the design
INFO: [Physopt 32-775] End 1 Pass. Optimized 0 net or cell. Created 0 new cell, deleted 0 existing cell and moved 0 existing cell
INFO: [Physopt 32-526] No candidate cells for BRAM register optimization found in the design
INFO: [Physopt 32-775] End 1 Pass. Optimized 0 net or cell. Created 0 new cell, deleted 0 existing cell and moved 0 existing cell
INFO: [Physopt 32-846] No candidate cells for URAM register optimization found in the design
INFO: [Physopt 32-775] End 1 Pass. Optimized 0 net or cell. Created 0 new cell, deleted 0 existing cell and moved 0 existing cell
INFO: [Physopt 32-846] No candidate cells for URAM register optimization found in the design
INFO: [Physopt 32-775] End 1 Pass. Optimized 0 net or cell. Created 0 new cell, deleted 0 existing cell and moved 0 existing cell
INFO: [Physopt 32-949] No candidate nets found for dynamic/static region interface net replication
INFO: [Physopt 32-775] End 1 Pass. Optimized 0 net or cell. Created 0 new cell, deleted 0 existing cell and moved 0 existing cell
Netlist sorting complete. Time (s): cpu = 00:00:00 ; elapsed = 00:00:00.026 . Memory (MB): peak = 2755.133 ; gain = 0.000

Summary of Physical Synthesis Optimizations
============================================


-----------------------------------------------------------------------------------------------------------------------------------------------------------
|  Optimization                                     |  Added Cells  |  Removed Cells  |  Optimized Cells/Nets  |  Dont Touch  |  Iterations  |  Elapsed   |
-----------------------------------------------------------------------------------------------------------------------------------------------------------
|  LUT Combining                                    |          486  |            502  |                   988  |           0  |           1  |  00:00:01  |
|  Retime                                           |            0  |              0  |                     0  |           0  |           1  |  00:00:00  |
|  Very High Fanout                                 |            0  |              0  |                     0  |           0  |           1  |  00:00:00  |
|  DSP Register                                     |            0  |              0  |                     0  |           0  |           1  |  00:00:00  |
|  Shift Register to Pipeline                       |            0  |              0  |                     0  |           0  |           1  |  00:00:00  |
|  Shift Register                                   |            0  |              0  |                     0  |           0  |           1  |  00:00:00  |
|  BRAM Register                                    |            0  |              0  |                     0  |           0  |           1  |  00:00:00  |
|  URAM Register                                    |            0  |              0  |                     0  |           0  |           1  |  00:00:00  |
|  Dynamic/Static Region Interface Net Replication  |            0  |              0  |                     0  |           0  |           1  |  00:00:00  |
|  Total                                            |          486  |            502  |                   988  |           0  |           9  |  00:00:01  |
-----------------------------------------------------------------------------------------------------------------------------------------------------------


Phase 2.4.2 Physical Synthesis In Placer | Checksum: 207bf6b5e

Time (s): cpu = 00:01:07 ; elapsed = 00:00:49 . Memory (MB): peak = 2755.133 ; gain = 0.000
Phase 2.4 Global Placement Core | Checksum: 19be61fcc

Time (s): cpu = 00:01:09 ; elapsed = 00:00:51 . Memory (MB): peak = 2755.133 ; gain = 0.000
Phase 2 Global Placement | Checksum: 19be61fcc

Time (s): cpu = 00:01:09 ; elapsed = 00:00:51 . Memory (MB): peak = 2755.133 ; gain = 0.000

Phase 3 Detail Placement

Phase 3.1 Commit Multi Column Macros
Phase 3.1 Commit Multi Column Macros | Checksum: 1062016b0

Time (s): cpu = 00:01:13 ; elapsed = 00:00:53 . Memory (MB): peak = 2755.133 ; gain = 0.000

Phase 3.2 Commit Most Macros & LUTRAMs
Phase 3.2 Commit Most Macros & LUTRAMs | Checksum: 9934f5ae

Time (s): cpu = 00:01:19 ; elapsed = 00:00:58 . Memory (MB): peak = 2755.133 ; gain = 0.000

Phase 3.3 Area Swap Optimization
Phase 3.3 Area Swap Optimization | Checksum: a6931372

Time (s): cpu = 00:01:20 ; elapsed = 00:00:59 . Memory (MB): peak = 2755.133 ; gain = 0.000

Phase 3.4 Pipeline Register Optimization
Phase 3.4 Pipeline Register Optimization | Checksum: b33ce901

Time (s): cpu = 00:01:20 ; elapsed = 00:00:59 . Memory (MB): peak = 2755.133 ; gain = 0.000

Phase 3.5 Fast Optimization
Phase 3.5 Fast Optimization | Checksum: 1404d2599

Time (s): cpu = 00:01:31 ; elapsed = 00:01:09 . Memory (MB): peak = 2755.133 ; gain = 0.000

Phase 3.6 Small Shape Detail Placement
Phase 3.6 Small Shape Detail Placement | Checksum: 10f83b37f

Time (s): cpu = 00:01:42 ; elapsed = 00:01:24 . Memory (MB): peak = 2755.133 ; gain = 0.000

Phase 3.7 Re-assign LUT pins
Phase 3.7 Re-assign LUT pins | Checksum: a991d8da

Time (s): cpu = 00:01:44 ; elapsed = 00:01:26 . Memory (MB): peak = 2755.133 ; gain = 0.000

Phase 3.8 Pipeline Register Optimization
Phase 3.8 Pipeline Register Optimization | Checksum: 1432af7f8

Time (s): cpu = 00:01:44 ; elapsed = 00:01:26 . Memory (MB): peak = 2755.133 ; gain = 0.000

Phase 3.9 Fast Optimization
Phase 3.9 Fast Optimization | Checksum: 134a3c0e2

Time (s): cpu = 00:01:59 ; elapsed = 00:01:38 . Memory (MB): peak = 2755.133 ; gain = 0.000
Phase 3 Detail Placement | Checksum: 134a3c0e2

Time (s): cpu = 00:01:59 ; elapsed = 00:01:38 . Memory (MB): peak = 2755.133 ; gain = 0.000

Phase 4 Post Placement Optimization and Clean-Up

Phase 4.1 Post Commit Optimization
INFO: [Timing 38-35] Done setting XDC timing constraints.

Phase 4.1.1 Post Placement Optimization
Post Placement Optimization Initialization | Checksum: 16b5b977a

Phase 4.1.1.1 BUFG Insertion

Starting Physical Synthesis Task

Phase 1 Physical Synthesis Initialization
INFO: [Physopt 32-721] Multithreading enabled for phys_opt_design using a maximum of 2 CPUs
INFO: [Physopt 32-619] Estimated Timing Summary | WNS=-17.132 | TNS=-1583.889 |
Phase 1 Physical Synthesis Initialization | Checksum: 14ee3210a

Time (s): cpu = 00:00:04 ; elapsed = 00:00:02 . Memory (MB): peak = 2755.133 ; gain = 0.000
INFO: [Place 46-56] BUFG insertion identified 0 candidate nets. Inserted BUFG: 0, Replicated BUFG Driver: 0, Skipped due to Placement/Routing Conflicts: 0, Skipped due to Timing Degradation: 0, Skipped due to netlist editing failed: 0.
Ending Physical Synthesis Task | Checksum: 22f869e3e

Time (s): cpu = 00:00:04 ; elapsed = 00:00:03 . Memory (MB): peak = 2755.133 ; gain = 0.000
Phase 4.1.1.1 BUFG Insertion | Checksum: 16b5b977a

Time (s): cpu = 00:02:14 ; elapsed = 00:01:50 . Memory (MB): peak = 2755.133 ; gain = 0.000

Phase 4.1.1.2 Post Placement Timing Optimization
INFO: [Place 30-746] Post Placement Timing Summary WNS=-13.829. For the most accurate timing information please run report_timing.
Phase 4.1.1.2 Post Placement Timing Optimization | Checksum: 1d5820530

Time (s): cpu = 00:02:35 ; elapsed = 00:02:11 . Memory (MB): peak = 2762.043 ; gain = 6.910

Time (s): cpu = 00:02:35 ; elapsed = 00:02:11 . Memory (MB): peak = 2762.043 ; gain = 6.910
Phase 4.1 Post Commit Optimization | Checksum: 1d5820530

Time (s): cpu = 00:02:35 ; elapsed = 00:02:11 . Memory (MB): peak = 2762.043 ; gain = 6.910

Phase 4.2 Post Placement Cleanup
Phase 4.2 Post Placement Cleanup | Checksum: 1d5820530

Time (s): cpu = 00:02:35 ; elapsed = 00:02:11 . Memory (MB): peak = 2762.043 ; gain = 6.910

Phase 4.3 Placer Reporting

Phase 4.3.1 Print Estimated Congestion
INFO: [Place 30-612] Post-Placement Estimated Congestion 
 ____________________________________________________
|           | Global Congestion | Short Congestion  |
| Direction | Region Size       | Region Size       |
|___________|___________________|___________________|
|      North|                1x1|                2x2|
|___________|___________________|___________________|
|      South|                1x1|                4x4|
|___________|___________________|___________________|
|       East|                2x2|                4x4|
|___________|___________________|___________________|
|       West|                1x1|                2x2|
|___________|___________________|___________________|

Phase 4.3.1 Print Estimated Congestion | Checksum: 1d5820530

Time (s): cpu = 00:02:36 ; elapsed = 00:02:12 . Memory (MB): peak = 2762.043 ; gain = 6.910
Phase 4.3 Placer Reporting | Checksum: 1d5820530

Time (s): cpu = 00:02:36 ; elapsed = 00:02:12 . Memory (MB): peak = 2762.043 ; gain = 6.910

Phase 4.4 Final Placement Cleanup
Netlist sorting complete. Time (s): cpu = 00:00:00 ; elapsed = 00:00:00.025 . Memory (MB): peak = 2762.043 ; gain = 0.000

Time (s): cpu = 00:02:36 ; elapsed = 00:02:12 . Memory (MB): peak = 2762.043 ; gain = 6.910
Phase 4 Post Placement Optimization and Clean-Up | Checksum: 1cd07128d

Time (s): cpu = 00:02:36 ; elapsed = 00:02:12 . Memory (MB): peak = 2762.043 ; gain = 6.910
Ending Placer Task | Checksum: e6f3d5a5

Time (s): cpu = 00:02:36 ; elapsed = 00:02:12 . Memory (MB): peak = 2762.043 ; gain = 6.910
108 Infos, 101 Warnings, 0 Critical Warnings and 0 Errors encountered.
place_design completed successfully
place_design: Time (s): cpu = 00:02:41 ; elapsed = 00:02:16 . Memory (MB): peak = 2762.043 ; gain = 6.910
INFO: [Vivado 12-24838] Running report commands "report_control_sets, report_io, report_utilization" in parallel.
Running report generation with 2 threads.
INFO: [Vivado 12-24828] Executing command : report_io -file design_1_wrapper_io_placed.rpt
report_io: Time (s): cpu = 00:00:00 ; elapsed = 00:00:00.107 . Memory (MB): peak = 2762.043 ; gain = 0.000
INFO: [Vivado 12-24828] Executing command : report_control_sets -verbose -file design_1_wrapper_control_sets_placed.rpt
report_control_sets: Time (s): cpu = 00:00:01 ; elapsed = 00:00:00.124 . Memory (MB): peak = 2762.043 ; gain = 0.000
INFO: [Vivado 12-24828] Executing command : report_utilization -file design_1_wrapper_utilization_placed.rpt -pb design_1_wrapper_utilization_placed.pb
INFO: [Timing 38-480] Writing timing data to binary archive.
Write ShapeDB Complete: Time (s): cpu = 00:00:01 ; elapsed = 00:00:00.163 . Memory (MB): peak = 2786.844 ; gain = 14.484
Wrote PlaceDB: Time (s): cpu = 00:00:10 ; elapsed = 00:00:04 . Memory (MB): peak = 2790.973 ; gain = 18.613
Wrote PulsedLatchDB: Time (s): cpu = 00:00:00 ; elapsed = 00:00:00 . Memory (MB): peak = 2790.973 ; gain = 0.000
Writing XDEF routing.
Writing XDEF routing logical nets.
Writing XDEF routing special nets.
Wrote RouteStorage: Time (s): cpu = 00:00:00 ; elapsed = 00:00:00.096 . Memory (MB): peak = 2790.973 ; gain = 0.000
Wrote Netlist Cache: Time (s): cpu = 00:00:00 ; elapsed = 00:00:00.057 . Memory (MB): peak = 2790.973 ; gain = 0.000
Wrote Device Cache: Time (s): cpu = 00:00:01 ; elapsed = 00:00:00.021 . Memory (MB): peak = 2790.973 ; gain = 0.000
Write Physdb Complete: Time (s): cpu = 00:00:11 ; elapsed = 00:00:04 . Memory (MB): peak = 2790.973 ; gain = 18.613
INFO: [Common 17-1381] The checkpoint 'D:/licenta_16_layer_conv_copie/licenta_16_layer_conv.runs/impl_1/design_1_wrapper_placed.dcp' has been generated.
write_checkpoint: Time (s): cpu = 00:00:16 ; elapsed = 00:00:11 . Memory (MB): peak = 2790.973 ; gain = 28.930
Command: phys_opt_design
Attempting to get a license for feature 'Implementation' and/or device 'xc7z020'
INFO: [Common 17-349] Got license for feature 'Implementation' and/or device 'xc7z020'

Starting Initial Update Timing Task

Time (s): cpu = 00:00:10 ; elapsed = 00:00:07 . Memory (MB): peak = 2790.973 ; gain = 0.000
INFO: [Vivado_Tcl 4-1435] PhysOpt_Tcl_Interface Runtime Before Starting Physical Synthesis Task | CPU: 11.00s |  WALL: 6.64s
Netlist sorting complete. Time (s): cpu = 00:00:00 ; elapsed = 00:00:00.035 . Memory (MB): peak = 2790.973 ; gain = 0.000

Starting Physical Synthesis Task

Phase 1 Physical Synthesis Initialization
INFO: [Physopt 32-721] Multithreading enabled for phys_opt_design using a maximum of 2 CPUs
INFO: [Physopt 32-619] Estimated Timing Summary | WNS=-13.829 | TNS=-1301.463 |
Phase 1 Physical Synthesis Initialization | Checksum: 1a5cfe315

Time (s): cpu = 00:00:08 ; elapsed = 00:00:05 . Memory (MB): peak = 2790.973 ; gain = 0.000
INFO: [Physopt 32-619] Estimated Timing Summary | WNS=-13.829 | TNS=-1301.463 |

Phase 2 DSP Register Optimization
INFO: [Physopt 32-456] No candidate cells for DSP register optimization found in the design.
INFO: [Physopt 32-775] End 2 Pass. Optimized 0 net or cell. Created 0 new cell, deleted 0 existing cell and moved 0 existing cell
Phase 2 DSP Register Optimization | Checksum: 1a5cfe315

Time (s): cpu = 00:00:08 ; elapsed = 00:00:05 . Memory (MB): peak = 2790.973 ; gain = 0.000

Phase 3 Critical Path Optimization
INFO: [Physopt 32-619] Estimated Timing Summary | WNS=-13.829 | TNS=-1301.463 |
INFO: [Physopt 32-702] Processed net design_1_i/axi_cnn_ac_0/inst/inst_dense1/MAC_UNIT/acc_out[19]. Optimizations did not improve timing on the net.
INFO: [Physopt 32-702] Processed net design_1_i/processing_system7_0/inst/FCLK_CLK1. Optimizations did not improve timing on the net.
INFO: [Physopt 32-710] Processed net design_1_i/axi_cnn_ac_0/inst/inst_dense1/MAC_UNIT/MULT_UNIT/NORM_STAGE/D[19]. Critical path length was reduced through logic transformation on cell design_1_i/axi_cnn_ac_0/inst/inst_dense1/MAC_UNIT/MULT_UNIT/NORM_STAGE/acc_reg[19]_i_1__0_comp.
INFO: [Physopt 32-735] Processed net design_1_i/axi_cnn_ac_0/inst/inst_dense1/MAC_UNIT/MULT_UNIT/NORM_STAGE/acc_reg[22]_i_4__0_n_0. Optimization improves timing on the net.
INFO: [Physopt 32-619] Estimated Timing Summary | WNS=-13.828 | TNS=-1300.992 |
INFO: [Physopt 32-702] Processed net design_1_i/axi_cnn_ac_0/inst/inst_dense1/MAC_UNIT/acc_out[21]. Optimizations did not improve timing on the net.
INFO: [Physopt 32-702] Processed net design_1_i/axi_cnn_ac_0/inst/inst_dense1/MAC_UNIT/MULT_UNIT/NORM_STAGE/acc_reg[22]_i_4__0_n_0. Optimizations did not improve timing on the net.
INFO: [Physopt 32-710] Processed net design_1_i/axi_cnn_ac_0/inst/inst_dense1/MAC_UNIT/MULT_UNIT/NORM_STAGE/acc_reg[22]_i_4__0_n_0. Critical path length was reduced through logic transformation on cell design_1_i/axi_cnn_ac_0/inst/inst_dense1/MAC_UNIT/MULT_UNIT/NORM_STAGE/acc_reg[22]_i_4__0_comp_1.
INFO: [Physopt 32-735] Processed net design_1_i/axi_cnn_ac_0/inst/inst_dense1/MAC_UNIT/MULT_UNIT/NORM_STAGE/acc_reg[31]_i_4__0_n_0. Optimization improves timing on the net.
INFO: [Physopt 32-619] Estimated Timing Summary | WNS=-13.790 | TNS=-1293.614 |
INFO: [Physopt 32-702] Processed net design_1_i/axi_cnn_ac_0/inst/inst_dense2/MAC_UNIT/acc_out[6]. Optimizations did not improve timing on the net.
INFO: [Physopt 32-710] Processed net design_1_i/axi_cnn_ac_0/inst/inst_dense2/MAC_UNIT/MULT_UNIT/NORM_STAGE/D[6]. Critical path length was reduced through logic transformation on cell design_1_i/axi_cnn_ac_0/inst/inst_dense2/MAC_UNIT/MULT_UNIT/NORM_STAGE/acc_reg[6]_i_1__1_comp.
INFO: [Physopt 32-735] Processed net design_1_i/axi_cnn_ac_0/inst/inst_dense2/MAC_UNIT/MULT_UNIT/NORM_STAGE/acc_reg[22]_i_4__1_n_0. Optimization improves timing on the net.
INFO: [Physopt 32-619] Estimated Timing Summary | WNS=-13.787 | TNS=-1293.186 |
INFO: [Physopt 32-702] Processed net design_1_i/axi_cnn_ac_0/inst/inst_dense2/MAC_UNIT/acc_out[17]. Optimizations did not improve timing on the net.
INFO: [Physopt 32-710] Processed net design_1_i/axi_cnn_ac_0/inst/inst_dense2/MAC_UNIT/MULT_UNIT/NORM_STAGE/D[17]. Critical path length was reduced through logic transformation on cell design_1_i/axi_cnn_ac_0/inst/inst_dense2/MAC_UNIT/MULT_UNIT/NORM_STAGE/acc_reg[17]_i_1__1_comp.
INFO: [Physopt 32-735] Processed net design_1_i/axi_cnn_ac_0/inst/inst_dense2/MAC_UNIT/MULT_UNIT/NORM_STAGE/acc_reg[22]_i_4__1_n_0. Optimization improves timing on the net.
INFO: [Physopt 32-619] Estimated Timing Summary | WNS=-13.762 | TNS=-1292.728 |
INFO: [Physopt 32-702] Processed net design_1_i/axi_cnn_ac_0/inst/inst_dense2/MAC_UNIT/acc_out[12]. Optimizations did not improve timing on the net.
INFO: [Physopt 32-710] Processed net design_1_i/axi_cnn_ac_0/inst/inst_dense2/MAC_UNIT/MULT_UNIT/NORM_STAGE/D[12]. Critical path length was reduced through logic transformation on cell design_1_i/axi_cnn_ac_0/inst/inst_dense2/MAC_UNIT/MULT_UNIT/NORM_STAGE/acc_reg[12]_i_1__1_comp.
INFO: [Physopt 32-735] Processed net design_1_i/axi_cnn_ac_0/inst/inst_dense2/MAC_UNIT/MULT_UNIT/NORM_STAGE/acc_reg[22]_i_4__1_n_0. Optimization improves timing on the net.
INFO: [Physopt 32-619] Estimated Timing Summary | WNS=-13.757 | TNS=-1292.319 |
INFO: [Physopt 32-702] Processed net design_1_i/axi_cnn_ac_0/inst/inst_dense2/MAC_UNIT/acc_out[0]. Optimizations did not improve timing on the net.
INFO: [Physopt 32-710] Processed net design_1_i/axi_cnn_ac_0/inst/inst_dense2/MAC_UNIT/MULT_UNIT/NORM_STAGE/D[0]. Critical path length was reduced through logic transformation on cell design_1_i/axi_cnn_ac_0/inst/inst_dense2/MAC_UNIT/MULT_UNIT/NORM_STAGE/acc_reg[0]_i_1__1_comp.
INFO: [Physopt 32-735] Processed net design_1_i/axi_cnn_ac_0/inst/inst_dense2/MAC_UNIT/MULT_UNIT/NORM_STAGE/acc_reg[22]_i_4__1_n_0. Optimization improves timing on the net.
INFO: [Physopt 32-619] Estimated Timing Summary | WNS=-13.753 | TNS=-1291.881 |
INFO: [Physopt 32-702] Processed net design_1_i/axi_cnn_ac_0/inst/inst_conv/a[5]. Optimizations did not improve timing on the net.
INFO: [Physopt 32-710] Processed net design_1_i/axi_cnn_ac_0/inst/inst_conv/mult_inst/NORM_STAGE/D[5]. Critical path length was reduced through logic transformation on cell design_1_i/axi_cnn_ac_0/inst/inst_conv/mult_inst/NORM_STAGE/acc_reg[5]_i_1_comp.
INFO: [Physopt 32-735] Processed net design_1_i/axi_cnn_ac_0/inst/inst_conv/mult_inst/NORM_STAGE/acc_reg[22]_i_4_n_0. Optimization improves timing on the net.
INFO: [Physopt 32-619] Estimated Timing Summary | WNS=-13.751 | TNS=-1291.479 |
INFO: [Physopt 32-702] Processed net design_1_i/axi_cnn_ac_0/inst/inst_dense2/MAC_UNIT/acc_out[19]. Optimizations did not improve timing on the net.
INFO: [Physopt 32-710] Processed net design_1_i/axi_cnn_ac_0/inst/inst_dense2/MAC_UNIT/MULT_UNIT/NORM_STAGE/D[19]. Critical path length was reduced through logic transformation on cell design_1_i/axi_cnn_ac_0/inst/inst_dense2/MAC_UNIT/MULT_UNIT/NORM_STAGE/acc_reg[19]_i_1__1_comp.
INFO: [Physopt 32-735] Processed net design_1_i/axi_cnn_ac_0/inst/inst_dense2/MAC_UNIT/MULT_UNIT/NORM_STAGE/acc_reg[22]_i_4__1_n_0. Optimization improves timing on the net.
INFO: [Physopt 32-619] Estimated Timing Summary | WNS=-13.750 | TNS=-1291.070 |
INFO: [Physopt 32-702] Processed net design_1_i/axi_cnn_ac_0/inst/inst_dense2/MAC_UNIT/acc_out[15]. Optimizations did not improve timing on the net.
INFO: [Physopt 32-710] Processed net design_1_i/axi_cnn_ac_0/inst/inst_dense2/MAC_UNIT/MULT_UNIT/NORM_STAGE/D[15]. Critical path length was reduced through logic transformation on cell design_1_i/axi_cnn_ac_0/inst/inst_dense2/MAC_UNIT/MULT_UNIT/NORM_STAGE/acc_reg[15]_i_1__1_comp.
INFO: [Physopt 32-735] Processed net design_1_i/axi_cnn_ac_0/inst/inst_dense2/MAC_UNIT/MULT_UNIT/NORM_STAGE/acc_reg[22]_i_4__1_n_0. Optimization improves timing on the net.
INFO: [Physopt 32-619] Estimated Timing Summary | WNS=-13.746 | TNS=-1290.659 |
INFO: [Physopt 32-702] Processed net design_1_i/axi_cnn_ac_0/inst/inst_dense2/MAC_UNIT/acc_out[1]. Optimizations did not improve timing on the net.
INFO: [Physopt 32-710] Processed net design_1_i/axi_cnn_ac_0/inst/inst_dense2/MAC_UNIT/MULT_UNIT/NORM_STAGE/D[1]. Critical path length was reduced through logic transformation on cell design_1_i/axi_cnn_ac_0/inst/inst_dense2/MAC_UNIT/MULT_UNIT/NORM_STAGE/acc_reg[1]_i_1__1_comp.
INFO: [Physopt 32-735] Processed net design_1_i/axi_cnn_ac_0/inst/inst_dense2/MAC_UNIT/MULT_UNIT/NORM_STAGE/acc_reg[22]_i_4__1_n_0. Optimization improves timing on the net.
INFO: [Physopt 32-619] Estimated Timing Summary | WNS=-13.741 | TNS=-1290.256 |
INFO: [Physopt 32-702] Processed net design_1_i/axi_cnn_ac_0/inst/inst_dense2/MAC_UNIT/acc_out[10]. Optimizations did not improve timing on the net.
INFO: [Physopt 32-710] Processed net design_1_i/axi_cnn_ac_0/inst/inst_dense2/MAC_UNIT/MULT_UNIT/NORM_STAGE/D[10]. Critical path length was reduced through logic transformation on cell design_1_i/axi_cnn_ac_0/inst/inst_dense2/MAC_UNIT/MULT_UNIT/NORM_STAGE/acc_reg[10]_i_1__1_comp.
INFO: [Physopt 32-735] Processed net design_1_i/axi_cnn_ac_0/inst/inst_dense2/MAC_UNIT/MULT_UNIT/NORM_STAGE/acc_reg[22]_i_4__1_n_0. Optimization improves timing on the net.
INFO: [Physopt 32-619] Estimated Timing Summary | WNS=-13.736 | TNS=-1289.835 |
INFO: [Physopt 32-702] Processed net design_1_i/axi_cnn_ac_0/inst/inst_dense2/MAC_UNIT/acc_out[11]. Optimizations did not improve timing on the net.
INFO: [Physopt 32-710] Processed net design_1_i/axi_cnn_ac_0/inst/inst_dense2/MAC_UNIT/MULT_UNIT/NORM_STAGE/D[11]. Critical path length was reduced through logic transformation on cell design_1_i/axi_cnn_ac_0/inst/inst_dense2/MAC_UNIT/MULT_UNIT/NORM_STAGE/acc_reg[11]_i_1__1_comp.
INFO: [Physopt 32-735] Processed net design_1_i/axi_cnn_ac_0/inst/inst_dense2/MAC_UNIT/MULT_UNIT/NORM_STAGE/acc_reg[22]_i_4__1_n_0. Optimization improves timing on the net.
INFO: [Physopt 32-619] Estimated Timing Summary | WNS=-13.721 | TNS=-1289.432 |
INFO: [Physopt 32-702] Processed net design_1_i/axi_cnn_ac_0/inst/inst_conv/a[4]. Optimizations did not improve timing on the net.
INFO: [Physopt 32-710] Processed net design_1_i/axi_cnn_ac_0/inst/inst_conv/mult_inst/NORM_STAGE/D[4]. Critical path length was reduced through logic transformation on cell design_1_i/axi_cnn_ac_0/inst/inst_conv/mult_inst/NORM_STAGE/acc_reg[4]_i_1_comp.
INFO: [Physopt 32-735] Processed net design_1_i/axi_cnn_ac_0/inst/inst_conv/mult_inst/NORM_STAGE/acc_reg[22]_i_4_n_0. Optimization improves timing on the net.
INFO: [Physopt 32-619] Estimated Timing Summary | WNS=-13.715 | TNS=-1289.180 |
INFO: [Physopt 32-702] Processed net design_1_i/axi_cnn_ac_0/inst/inst_dense1/MAC_UNIT/acc_out[23]. Optimizations did not improve timing on the net.
INFO: [Physopt 32-710] Processed net design_1_i/axi_cnn_ac_0/inst/inst_dense1/MAC_UNIT/MULT_UNIT/NORM_STAGE/D[23]. Critical path length was reduced through logic transformation on cell design_1_i/axi_cnn_ac_0/inst/inst_dense1/MAC_UNIT/MULT_UNIT/NORM_STAGE/acc_reg[23]_i_1__0_comp.
INFO: [Physopt 32-735] Processed net design_1_i/axi_cnn_ac_0/inst/inst_dense1/MAC_UNIT/MULT_UNIT/NORM_STAGE/acc_reg[31]_i_4__0_n_0. Optimization improves timing on the net.
INFO: [Physopt 32-619] Estimated Timing Summary | WNS=-13.714 | TNS=-1288.926 |
INFO: [Physopt 32-702] Processed net design_1_i/axi_cnn_ac_0/inst/inst_dense2/MAC_UNIT/acc_out[14]. Optimizations did not improve timing on the net.
INFO: [Physopt 32-710] Processed net design_1_i/axi_cnn_ac_0/inst/inst_dense2/MAC_UNIT/MULT_UNIT/NORM_STAGE/D[14]. Critical path length was reduced through logic transformation on cell design_1_i/axi_cnn_ac_0/inst/inst_dense2/MAC_UNIT/MULT_UNIT/NORM_STAGE/acc_reg[14]_i_1__1_comp.
INFO: [Physopt 32-735] Processed net design_1_i/axi_cnn_ac_0/inst/inst_dense2/MAC_UNIT/MULT_UNIT/NORM_STAGE/acc_reg[22]_i_4__1_n_0. Optimization improves timing on the net.
INFO: [Physopt 32-619] Estimated Timing Summary | WNS=-13.714 | TNS=-1288.581 |
INFO: [Physopt 32-702] Processed net design_1_i/axi_cnn_ac_0/inst/inst_dense2/MAC_UNIT/acc_out[4]. Optimizations did not improve timing on the net.
INFO: [Physopt 32-710] Processed net design_1_i/axi_cnn_ac_0/inst/inst_dense2/MAC_UNIT/MULT_UNIT/NORM_STAGE/D[4]. Critical path length was reduced through logic transformation on cell design_1_i/axi_cnn_ac_0/inst/inst_dense2/MAC_UNIT/MULT_UNIT/NORM_STAGE/acc_reg[4]_i_1__1_comp.
INFO: [Physopt 32-735] Processed net design_1_i/axi_cnn_ac_0/inst/inst_dense2/MAC_UNIT/MULT_UNIT/NORM_STAGE/acc_reg[22]_i_4__1_n_0. Optimization improves timing on the net.
INFO: [Physopt 32-619] Estimated Timing Summary | WNS=-13.707 | TNS=-1288.232 |
INFO: [Physopt 32-702] Processed net design_1_i/axi_cnn_ac_0/inst/inst_dense2/MAC_UNIT/acc_out[3]. Optimizations did not improve timing on the net.
INFO: [Physopt 32-710] Processed net design_1_i/axi_cnn_ac_0/inst/inst_dense2/MAC_UNIT/MULT_UNIT/NORM_STAGE/D[3]. Critical path length was reduced through logic transformation on cell design_1_i/axi_cnn_ac_0/inst/inst_dense2/MAC_UNIT/MULT_UNIT/NORM_STAGE/acc_reg[3]_i_1__1_comp.
INFO: [Physopt 32-735] Processed net design_1_i/axi_cnn_ac_0/inst/inst_dense2/MAC_UNIT/MULT_UNIT/NORM_STAGE/acc_reg[22]_i_4__1_n_0. Optimization improves timing on the net.
INFO: [Physopt 32-619] Estimated Timing Summary | WNS=-13.702 | TNS=-1287.888 |
INFO: [Physopt 32-702] Processed net design_1_i/axi_cnn_ac_0/inst/inst_dense2/MAC_UNIT/acc_out[7]. Optimizations did not improve timing on the net.
INFO: [Physopt 32-710] Processed net design_1_i/axi_cnn_ac_0/inst/inst_dense2/MAC_UNIT/MULT_UNIT/NORM_STAGE/D[7]. Critical path length was reduced through logic transformation on cell design_1_i/axi_cnn_ac_0/inst/inst_dense2/MAC_UNIT/MULT_UNIT/NORM_STAGE/acc_reg[7]_i_1__1_comp.
INFO: [Physopt 32-735] Processed net design_1_i/axi_cnn_ac_0/inst/inst_dense2/MAC_UNIT/MULT_UNIT/NORM_STAGE/acc_reg[22]_i_4__1_n_0. Optimization improves timing on the net.
INFO: [Physopt 32-619] Estimated Timing Summary | WNS=-13.700 | TNS=-1287.523 |
INFO: [Physopt 32-702] Processed net design_1_i/axi_cnn_ac_0/inst/inst_dense2/MAC_UNIT/acc_out[18]. Optimizations did not improve timing on the net.
INFO: [Physopt 32-710] Processed net design_1_i/axi_cnn_ac_0/inst/inst_dense2/MAC_UNIT/MULT_UNIT/NORM_STAGE/D[18]. Critical path length was reduced through logic transformation on cell design_1_i/axi_cnn_ac_0/inst/inst_dense2/MAC_UNIT/MULT_UNIT/NORM_STAGE/acc_reg[18]_i_1__1_comp.
INFO: [Physopt 32-735] Processed net design_1_i/axi_cnn_ac_0/inst/inst_dense2/MAC_UNIT/MULT_UNIT/NORM_STAGE/acc_reg[22]_i_4__1_n_0. Optimization improves timing on the net.
INFO: [Physopt 32-619] Estimated Timing Summary | WNS=-13.692 | TNS=-1287.108 |
INFO: [Physopt 32-702] Processed net design_1_i/axi_cnn_ac_0/inst/inst_dense2/MAC_UNIT/acc_out[21]. Optimizations did not improve timing on the net.
INFO: [Physopt 32-710] Processed net design_1_i/axi_cnn_ac_0/inst/inst_dense2/MAC_UNIT/MULT_UNIT/NORM_STAGE/D[21]. Critical path length was reduced through logic transformation on cell design_1_i/axi_cnn_ac_0/inst/inst_dense2/MAC_UNIT/MULT_UNIT/NORM_STAGE/acc_reg[21]_i_1__1_comp.
INFO: [Physopt 32-735] Processed net design_1_i/axi_cnn_ac_0/inst/inst_dense2/MAC_UNIT/MULT_UNIT/NORM_STAGE/acc_reg[22]_i_4__1_n_0. Optimization improves timing on the net.
INFO: [Physopt 32-619] Estimated Timing Summary | WNS=-13.657 | TNS=-1286.760 |
INFO: [Physopt 32-702] Processed net design_1_i/axi_cnn_ac_0/inst/inst_conv/a[23]. Optimizations did not improve timing on the net.
INFO: [Physopt 32-81] Processed net design_1_i/axi_cnn_ac_0/inst/inst_conv/mult_inst/NORM_STAGE/acc_reg[31]_i_4_n_0. Replicated 1 times.
INFO: [Physopt 32-735] Processed net design_1_i/axi_cnn_ac_0/inst/inst_conv/mult_inst/NORM_STAGE/acc_reg[31]_i_4_n_0. Optimization improves timing on the net.
INFO: [Physopt 32-619] Estimated Timing Summary | WNS=-13.613 | TNS=-1285.666 |
INFO: [Physopt 32-702] Processed net design_1_i/axi_cnn_ac_0/inst/inst_dense2/MAC_UNIT/acc_out[9]. Optimizations did not improve timing on the net.
INFO: [Physopt 32-710] Processed net design_1_i/axi_cnn_ac_0/inst/inst_dense2/MAC_UNIT/MULT_UNIT/NORM_STAGE/D[9]. Critical path length was reduced through logic transformation on cell design_1_i/axi_cnn_ac_0/inst/inst_dense2/MAC_UNIT/MULT_UNIT/NORM_STAGE/acc_reg[9]_i_1__1_comp.
INFO: [Physopt 32-735] Processed net design_1_i/axi_cnn_ac_0/inst/inst_dense2/MAC_UNIT/MULT_UNIT/NORM_STAGE/acc_reg[22]_i_4__1_n_0. Optimization improves timing on the net.
INFO: [Physopt 32-619] Estimated Timing Summary | WNS=-13.609 | TNS=-1285.466 |
INFO: [Physopt 32-702] Processed net design_1_i/axi_cnn_ac_0/inst/inst_conv/a[10]. Optimizations did not improve timing on the net.
INFO: [Physopt 32-702] Processed net design_1_i/axi_cnn_ac_0/inst/inst_conv/mult_inst/NORM_STAGE/acc_reg[22]_i_4_n_0. Optimizations did not improve timing on the net.
INFO: [Physopt 32-710] Processed net design_1_i/axi_cnn_ac_0/inst/inst_conv/mult_inst/NORM_STAGE/acc_reg[22]_i_4_n_0. Critical path length was reduced through logic transformation on cell design_1_i/axi_cnn_ac_0/inst/inst_conv/mult_inst/NORM_STAGE/acc_reg[22]_i_4_comp_2.
INFO: [Physopt 32-735] Processed net design_1_i/axi_cnn_ac_0/inst/inst_conv/mult_inst/NORM_STAGE/acc_reg[31]_i_4_n_0. Optimization improves timing on the net.
INFO: [Physopt 32-619] Estimated Timing Summary | WNS=-13.607 | TNS=-1283.513 |
INFO: [Physopt 32-702] Processed net design_1_i/axi_cnn_ac_0/inst/inst_dense2/MAC_UNIT/acc_out[2]. Optimizations did not improve timing on the net.
INFO: [Physopt 32-710] Processed net design_1_i/axi_cnn_ac_0/inst/inst_dense2/MAC_UNIT/MULT_UNIT/NORM_STAGE/D[2]. Critical path length was reduced through logic transformation on cell design_1_i/axi_cnn_ac_0/inst/inst_dense2/MAC_UNIT/MULT_UNIT/NORM_STAGE/acc_reg[2]_i_1__1_comp.
INFO: [Physopt 32-735] Processed net design_1_i/axi_cnn_ac_0/inst/inst_dense2/MAC_UNIT/MULT_UNIT/NORM_STAGE/acc_reg[22]_i_4__1_n_0. Optimization improves timing on the net.
INFO: [Physopt 32-619] Estimated Timing Summary | WNS=-13.591 | TNS=-1283.307 |
INFO: [Physopt 32-702] Processed net design_1_i/axi_cnn_ac_0/inst/inst_dense2/MAC_UNIT/acc_out[13]. Optimizations did not improve timing on the net.
INFO: [Physopt 32-702] Processed net design_1_i/axi_cnn_ac_0/inst/inst_dense2/MAC_UNIT/MULT_UNIT/NORM_STAGE/acc_reg[22]_i_4__1_n_0. Optimizations did not improve timing on the net.
INFO: [Physopt 32-710] Processed net design_1_i/axi_cnn_ac_0/inst/inst_dense2/MAC_UNIT/MULT_UNIT/NORM_STAGE/acc_reg[22]_i_4__1_n_0. Critical path length was reduced through logic transformation on cell design_1_i/axi_cnn_ac_0/inst/inst_dense2/MAC_UNIT/MULT_UNIT/NORM_STAGE/acc_reg[22]_i_4__1_comp_17.
INFO: [Physopt 32-735] Processed net design_1_i/axi_cnn_ac_0/inst/inst_dense2/MAC_UNIT/MULT_UNIT/NORM_STAGE/acc_reg[31]_i_4__1_n_0. Optimization improves timing on the net.
INFO: [Physopt 32-619] Estimated Timing Summary | WNS=-13.533 | TNS=-1282.605 |
INFO: [Physopt 32-601] Processed net design_1_i/axi_cnn_ac_0/inst/inst_conv/mult_inst/NORM_STAGE/acc_reg[31]_i_4_n_0_repN. Net driver design_1_i/axi_cnn_ac_0/inst/inst_conv/mult_inst/NORM_STAGE/acc_reg[31]_i_4_replica was replaced.
INFO: [Physopt 32-735] Processed net design_1_i/axi_cnn_ac_0/inst/inst_conv/mult_inst/NORM_STAGE/acc_reg[31]_i_4_n_0_repN. Optimization improves timing on the net.
INFO: [Physopt 32-619] Estimated Timing Summary | WNS=-13.523 | TNS=-1282.262 |
INFO: [Physopt 32-702] Processed net design_1_i/axi_cnn_ac_0/inst/inst_dense2/MAC_UNIT/acc_out[23]. Optimizations did not improve timing on the net.
INFO: [Physopt 32-710] Processed net design_1_i/axi_cnn_ac_0/inst/inst_dense2/MAC_UNIT/MULT_UNIT/NORM_STAGE/D[23]. Critical path length was reduced through logic transformation on cell design_1_i/axi_cnn_ac_0/inst/inst_dense2/MAC_UNIT/MULT_UNIT/NORM_STAGE/acc_reg[23]_i_1__1_comp.
INFO: [Physopt 32-735] Processed net design_1_i/axi_cnn_ac_0/inst/inst_dense2/MAC_UNIT/MULT_UNIT/NORM_STAGE/acc_reg[31]_i_4__1_n_0. Optimization improves timing on the net.
INFO: [Physopt 32-619] Estimated Timing Summary | WNS=-13.516 | TNS=-1282.128 |
INFO: [Physopt 32-702] Processed net design_1_i/axi_cnn_ac_0/inst/inst_conv/add_inst/NORM_STAGE/res2_carry__1_0[0]. Optimizations did not improve timing on the net.
INFO: [Physopt 32-702] Processed net design_1_i/axi_cnn_ac_0/inst/inst_conv/add_inst/NORM_STAGE/res1_carry__1_n_0. Optimizations did not improve timing on the net.
INFO: [Physopt 32-702] Processed net design_1_i/axi_cnn_ac_0/inst/inst_conv/add_inst/NORM_STAGE/res1_carry__0_n_0. Optimizations did not improve timing on the net.
INFO: [Physopt 32-702] Processed net design_1_i/axi_cnn_ac_0/inst/inst_conv/add_inst/NORM_STAGE/res1_carry_n_0. Optimizations did not improve timing on the net.
INFO: [Physopt 32-608] Optimized 1 net.  Swapped 13 pins.
INFO: [Physopt 32-735] Processed net design_1_i/axi_cnn_ac_0/inst/inst_conv/add_inst/NORM_STAGE/res1_carry_i_5_n_0. Optimization improves timing on the net.
INFO: [Physopt 32-619] Estimated Timing Summary | WNS=-13.502 | TNS=-1281.593 |
INFO: [Physopt 32-702] Processed net design_1_i/axi_cnn_ac_0/inst/inst_conv/mult_inst/NORM_STAGE/acc_reg[31]_i_4_n_0_repN. Optimizations did not improve timing on the net.
INFO: [Physopt 32-702] Processed net design_1_i/axi_cnn_ac_0/inst/inst_conv/add_inst/NORM_STAGE/res2_carry__1_1[0]. Optimizations did not improve timing on the net.
INFO: [Physopt 32-702] Processed net design_1_i/axi_cnn_ac_0/inst/inst_conv/add_inst/NORM_STAGE/res1_inferred__0/i__carry__1_n_0. Optimizations did not improve timing on the net.
INFO: [Physopt 32-702] Processed net design_1_i/axi_cnn_ac_0/inst/inst_conv/add_inst/NORM_STAGE/res1_inferred__0/i__carry__0_n_0. Optimizations did not improve timing on the net.
INFO: [Physopt 32-702] Processed net design_1_i/axi_cnn_ac_0/inst/inst_conv/add_inst/NORM_STAGE/res1_inferred__0/i__carry_n_0. Optimizations did not improve timing on the net.
INFO: [Physopt 32-608] Optimized 1 net.  Swapped 10 pins.
INFO: [Physopt 32-735] Processed net design_1_i/axi_cnn_ac_0/inst/inst_conv/add_inst/NORM_STAGE/i__carry_i_3_n_0. Optimization improves timing on the net.
INFO: [Physopt 32-619] Estimated Timing Summary | WNS=-13.489 | TNS=-1280.787 |
INFO: [Physopt 32-702] Processed net design_1_i/axi_cnn_ac_0/inst/inst_dense1/MAC_UNIT/ADD_UNIT/NORM_STAGE/res2_carry__1_0[0]. Optimizations did not improve timing on the net.
INFO: [Physopt 32-702] Processed net design_1_i/axi_cnn_ac_0/inst/inst_dense1/MAC_UNIT/ADD_UNIT/NORM_STAGE/res1_carry__1_n_0. Optimizations did not improve timing on the net.
INFO: [Physopt 32-702] Processed net design_1_i/axi_cnn_ac_0/inst/inst_dense1/MAC_UNIT/ADD_UNIT/NORM_STAGE/res1_carry__0_n_0. Optimizations did not improve timing on the net.
INFO: [Physopt 32-702] Processed net design_1_i/axi_cnn_ac_0/inst/inst_dense1/MAC_UNIT/ADD_UNIT/NORM_STAGE/res1_carry_n_0. Optimizations did not improve timing on the net.
INFO: [Physopt 32-608] Optimized 1 net.  Swapped 12 pins.
INFO: [Physopt 32-735] Processed net design_1_i/axi_cnn_ac_0/inst/inst_dense1/MAC_UNIT/MULT_UNIT/NORM_STAGE/res2_carry__1_2[0]. Optimization improves timing on the net.
INFO: [Physopt 32-619] Estimated Timing Summary | WNS=-13.476 | TNS=-1280.350 |
INFO: [Physopt 32-702] Processed net design_1_i/axi_cnn_ac_0/inst/inst_conv/add_inst/NORM_STAGE/i__carry_i_4_n_0. Optimizations did not improve timing on the net.
INFO: [Physopt 32-702] Processed net design_1_i/axi_cnn_ac_0/inst/inst_conv/add_inst/NORM_STAGE/res2_carry__0_i_8[1]. Optimizations did not improve timing on the net.
INFO: [Physopt 32-702] Processed net design_1_i/axi_cnn_ac_0/inst/inst_conv/add_inst/NORM_STAGE/res2_carry_n_0. Optimizations did not improve timing on the net.
INFO: [Physopt 32-702] Processed net design_1_i/axi_cnn_ac_0/inst/inst_conv/mult_inst/NORM_STAGE/acc_reg_reg[26]_0[0]. Optimizations did not improve timing on the net.
INFO: [Physopt 32-702] Processed net design_1_i/axi_cnn_ac_0/inst/inst_conv/mult_inst/NORM_STAGE/res2_carry_i_22_0. Optimizations did not improve timing on the net.
INFO: [Physopt 32-710] Processed net design_1_i/axi_cnn_ac_0/inst/inst_conv/mult_inst/NORM_STAGE/res2_carry_i_22_0. Critical path length was reduced through logic transformation on cell design_1_i/axi_cnn_ac_0/inst/inst_conv/mult_inst/NORM_STAGE/res2_carry_i_4_comp.
INFO: [Physopt 32-735] Processed net design_1_i/axi_cnn_ac_0/inst/inst_conv/mult_inst/NORM_STAGE/res2_carry_i_17_n_0. Optimization improves timing on the net.
INFO: [Physopt 32-619] Estimated Timing Summary | WNS=-13.470 | TNS=-1279.550 |
INFO: [Physopt 32-702] Processed net design_1_i/axi_cnn_ac_0/inst/inst_dense1/MAC_UNIT/MULT_UNIT/NORM_STAGE/res2_carry__1_2[0]. Optimizations did not improve timing on the net.
INFO: [Physopt 32-702] Processed net design_1_i/axi_cnn_ac_0/inst/inst_dense1/MAC_UNIT/ADD_UNIT/NORM_STAGE/res2_carry__1_i_2__0[0]. Optimizations did not improve timing on the net.
INFO: [Physopt 32-702] Processed net design_1_i/axi_cnn_ac_0/inst/inst_dense1/MAC_UNIT/ADD_UNIT/NORM_STAGE/res2_carry__0_n_0. Optimizations did not improve timing on the net.
INFO: [Physopt 32-702] Processed net design_1_i/axi_cnn_ac_0/inst/inst_dense1/MAC_UNIT/ADD_UNIT/NORM_STAGE/res2_carry_n_0. Optimizations did not improve timing on the net.
INFO: [Physopt 32-702] Processed net design_1_i/axi_cnn_ac_0/inst/inst_dense1/MAC_UNIT/MULT_UNIT/NORM_STAGE/res2_carry_i_22__0_0. Optimizations did not improve timing on the net.
INFO: [Physopt 32-702] Processed net design_1_i/axi_cnn_ac_0/inst/inst_dense1/MAC_UNIT/MULT_UNIT/NORM_STAGE/res2_carry_i_20__0_n_0. Optimizations did not improve timing on the net.
INFO: [Physopt 32-601] Processed net design_1_i/axi_cnn_ac_0/inst/inst_dense1/MAC_UNIT/MULT_UNIT/NORM_STAGE/res2_carry_i_68__0_n_0. Net driver design_1_i/axi_cnn_ac_0/inst/inst_dense1/MAC_UNIT/MULT_UNIT/NORM_STAGE/res2_carry_i_68__0 was replaced.
INFO: [Physopt 32-735] Processed net design_1_i/axi_cnn_ac_0/inst/inst_dense1/MAC_UNIT/MULT_UNIT/NORM_STAGE/res2_carry_i_68__0_n_0. Optimization improves timing on the net.
INFO: [Physopt 32-619] Estimated Timing Summary | WNS=-13.458 | TNS=-1279.166 |
INFO: [Physopt 32-710] Processed net design_1_i/axi_cnn_ac_0/inst/inst_dense1/MAC_UNIT/MULT_UNIT/NORM_STAGE/res2_carry_i_22__0_0. Critical path length was reduced through logic transformation on cell design_1_i/axi_cnn_ac_0/inst/inst_dense1/MAC_UNIT/MULT_UNIT/NORM_STAGE/res2_carry_i_4__0_comp.
INFO: [Physopt 32-735] Processed net design_1_i/axi_cnn_ac_0/inst/inst_dense1/MAC_UNIT/MULT_UNIT/NORM_STAGE/res2_carry_i_17__0_n_0. Optimization improves timing on the net.
INFO: [Physopt 32-619] Estimated Timing Summary | WNS=-13.451 | TNS=-1277.982 |
INFO: [Physopt 32-702] Processed net design_1_i/axi_cnn_ac_0/inst/inst_dense2/MAC_UNIT/ADD_UNIT/NORM_STAGE/res2_carry__1_1[0]. Optimizations did not improve timing on the net.
INFO: [Physopt 32-702] Processed net design_1_i/axi_cnn_ac_0/inst/inst_dense2/MAC_UNIT/ADD_UNIT/NORM_STAGE/res1_inferred__0/i__carry__1_n_0. Optimizations did not improve timing on the net.
INFO: [Physopt 32-702] Processed net design_1_i/axi_cnn_ac_0/inst/inst_dense2/MAC_UNIT/ADD_UNIT/NORM_STAGE/res1_inferred__0/i__carry__0_n_0. Optimizations did not improve timing on the net.
INFO: [Physopt 32-702] Processed net design_1_i/axi_cnn_ac_0/inst/inst_dense2/MAC_UNIT/ADD_UNIT/NORM_STAGE/res1_inferred__0/i__carry_n_0. Optimizations did not improve timing on the net.
INFO: [Physopt 32-702] Processed net design_1_i/axi_cnn_ac_0/inst/inst_dense2/MAC_UNIT/ADD_UNIT/NORM_STAGE/i__carry_i_4__3_n_0. Optimizations did not improve timing on the net.
INFO: [Physopt 32-702] Processed net design_1_i/axi_cnn_ac_0/inst/inst_dense2/MAC_UNIT/ADD_UNIT/NORM_STAGE/res2_carry__0_i_8__1[1]. Optimizations did not improve timing on the net.
INFO: [Physopt 32-702] Processed net design_1_i/axi_cnn_ac_0/inst/inst_dense2/MAC_UNIT/ADD_UNIT/NORM_STAGE/res2_carry_n_0. Optimizations did not improve timing on the net.
INFO: [Physopt 32-81] Processed net design_1_i/axi_cnn_ac_0/inst/inst_dense2/MAC_UNIT/MULT_UNIT/NORM_STAGE/res2_carry_i_16__1_0. Replicated 2 times.
INFO: [Physopt 32-735] Processed net design_1_i/axi_cnn_ac_0/inst/inst_dense2/MAC_UNIT/MULT_UNIT/NORM_STAGE/res2_carry_i_16__1_0. Optimization improves timing on the net.
INFO: [Physopt 32-619] Estimated Timing Summary | WNS=-13.451 | TNS=-1277.406 |
INFO: [Physopt 32-702] Processed net design_1_i/axi_cnn_ac_0/inst/inst_conv/mult_inst/NORM_STAGE/acc_reg_reg[26]_0[1]. Optimizations did not improve timing on the net.
INFO: [Physopt 32-81] Processed net design_1_i/axi_cnn_ac_0/inst/inst_conv/mult_inst/NORM_STAGE/res2_carry_i_16_0. Replicated 1 times.
INFO: [Physopt 32-735] Processed net design_1_i/axi_cnn_ac_0/inst/inst_conv/mult_inst/NORM_STAGE/res2_carry_i_16_0. Optimization improves timing on the net.
INFO: [Physopt 32-619] Estimated Timing Summary | WNS=-13.433 | TNS=-1275.966 |
INFO: [Physopt 32-702] Processed net design_1_i/axi_cnn_ac_0/inst/inst_dense2/MAC_UNIT/MULT_UNIT/NORM_STAGE/res2_carry_i_16__1_0. Optimizations did not improve timing on the net.
INFO: [Physopt 32-81] Processed net design_1_i/axi_cnn_ac_0/inst/inst_dense2/MAC_UNIT/MULT_UNIT/NORM_STAGE/res2_carry_i_13__1_n_0. Replicated 1 times.
INFO: [Physopt 32-735] Processed net design_1_i/axi_cnn_ac_0/inst/inst_dense2/MAC_UNIT/MULT_UNIT/NORM_STAGE/res2_carry_i_13__1_n_0. Optimization improves timing on the net.
INFO: [Physopt 32-619] Estimated Timing Summary | WNS=-13.421 | TNS=-1275.134 |
INFO: [Physopt 32-81] Processed net design_1_i/axi_cnn_ac_0/inst/inst_dense1/MAC_UNIT/MULT_UNIT/NORM_STAGE/res2_carry_i_16__0_0. Replicated 1 times.
INFO: [Physopt 32-735] Processed net design_1_i/axi_cnn_ac_0/inst/inst_dense1/MAC_UNIT/MULT_UNIT/NORM_STAGE/res2_carry_i_16__0_0. Optimization improves timing on the net.
INFO: [Physopt 32-619] Estimated Timing Summary | WNS=-13.415 | TNS=-1274.942 |
INFO: [Physopt 32-702] Processed net design_1_i/axi_cnn_ac_0/inst/inst_dense1/MAC_UNIT/MULT_UNIT/NORM_STAGE/res2_carry_i_66__0_n_0. Optimizations did not improve timing on the net.
INFO: [Physopt 32-710] Processed net design_1_i/axi_cnn_ac_0/inst/inst_dense1/MAC_UNIT/MULT_UNIT/NORM_STAGE/res2_carry_i_66__0_n_0. Critical path length was reduced through logic transformation on cell design_1_i/axi_cnn_ac_0/inst/inst_dense1/MAC_UNIT/MULT_UNIT/NORM_STAGE/res2_carry_i_66__0_comp.
INFO: [Physopt 32-735] Processed net design_1_i/axi_cnn_ac_0/inst/inst_dense1/MAC_UNIT/MULT_UNIT/NORM_STAGE/res2_carry_i_120__0_n_0. Optimization improves timing on the net.
INFO: [Physopt 32-619] Estimated Timing Summary | WNS=-13.407 | TNS=-1274.430 |
INFO: [Physopt 32-81] Processed net design_1_i/axi_cnn_ac_0/inst/inst_dense2/MAC_UNIT/MULT_UNIT/NORM_STAGE/res2_carry_i_22__1_0. Replicated 1 times.
INFO: [Physopt 32-735] Processed net design_1_i/axi_cnn_ac_0/inst/inst_dense2/MAC_UNIT/MULT_UNIT/NORM_STAGE/res2_carry_i_22__1_0. Optimization improves timing on the net.
INFO: [Physopt 32-619] Estimated Timing Summary | WNS=-13.406 | TNS=-1273.598 |
INFO: [Physopt 32-710] Processed net design_1_i/axi_cnn_ac_0/inst/inst_conv/mult_inst/NORM_STAGE/acc_reg_reg[26]_0[1]. Critical path length was reduced through logic transformation on cell design_1_i/axi_cnn_ac_0/inst/inst_conv/mult_inst/NORM_STAGE/res2_carry_i_7_comp.
INFO: [Physopt 32-735] Processed net design_1_i/axi_cnn_ac_0/inst/inst_conv/mult_inst/NORM_STAGE/res2_carry_i_16_0_repN. Optimization improves timing on the net.
INFO: [Physopt 32-619] Estimated Timing Summary | WNS=-13.399 | TNS=-1272.542 |
INFO: [Physopt 32-663] Processed net design_1_i/axi_cnn_ac_0/inst/inst_dense1/MAC_UNIT/MULT_UNIT/NORM_STAGE/res2_carry_i_17__0_n_0.  Re-placed instance design_1_i/axi_cnn_ac_0/inst/inst_dense1/MAC_UNIT/MULT_UNIT/NORM_STAGE/res2_carry_i_17__0_comp
INFO: [Physopt 32-735] Processed net design_1_i/axi_cnn_ac_0/inst/inst_dense1/MAC_UNIT/MULT_UNIT/NORM_STAGE/res2_carry_i_17__0_n_0. Optimization improves timing on the net.
INFO: [Physopt 32-619] Estimated Timing Summary | WNS=-13.383 | TNS=-1272.030 |
INFO: [Physopt 32-663] Processed net design_1_i/axi_cnn_ac_0/inst/inst_dense1/MAC_UNIT/MULT_UNIT/NORM_STAGE/res2_carry_i_68__0_n_0.  Re-placed instance design_1_i/axi_cnn_ac_0/inst/inst_dense1/MAC_UNIT/MULT_UNIT/NORM_STAGE/res2_carry_i_68__0
INFO: [Physopt 32-735] Processed net design_1_i/axi_cnn_ac_0/inst/inst_dense1/MAC_UNIT/MULT_UNIT/NORM_STAGE/res2_carry_i_68__0_n_0. Optimization improves timing on the net.
INFO: [Physopt 32-619] Estimated Timing Summary | WNS=-13.381 | TNS=-1271.966 |
INFO: [Physopt 32-702] Processed net design_1_i/axi_cnn_ac_0/inst/inst_dense2/MAC_UNIT/MULT_UNIT/NORM_STAGE/res2_carry_i_22__1_0. Optimizations did not improve timing on the net.
INFO: [Physopt 32-702] Processed net design_1_i/axi_cnn_ac_0/inst/inst_dense2/MAC_UNIT/MULT_UNIT/NORM_STAGE/res2_carry_i_17__1_n_0. Optimizations did not improve timing on the net.
INFO: [Physopt 32-702] Processed net design_1_i/axi_cnn_ac_0/inst/inst_dense2/MAC_UNIT/MULT_UNIT/NORM_STAGE/res2_carry_i_59__1_n_0. Optimizations did not improve timing on the net.
INFO: [Physopt 32-702] Processed net design_1_i/axi_cnn_ac_0/inst/inst_dense2/MAC_UNIT/MULT_UNIT/NORM_STAGE/res2_carry_i_108__1_n_0. Optimizations did not improve timing on the net.
INFO: [Physopt 32-710] Processed net design_1_i/axi_cnn_ac_0/inst/inst_dense2/MAC_UNIT/MULT_UNIT/NORM_STAGE/res2_carry_i_108__1_n_0. Critical path length was reduced through logic transformation on cell design_1_i/axi_cnn_ac_0/inst/inst_dense2/MAC_UNIT/MULT_UNIT/NORM_STAGE/res2_carry_i_108__1_comp.
INFO: [Physopt 32-735] Processed net design_1_i/axi_cnn_ac_0/inst/inst_dense2/MAC_UNIT/MULT_UNIT/NORM_STAGE/res2_carry_i_28__1_n_0. Optimization improves timing on the net.
INFO: [Physopt 32-619] Estimated Timing Summary | WNS=-13.381 | TNS=-1271.166 |
INFO: [Physopt 32-663] Processed net design_1_i/axi_cnn_ac_0/inst/inst_dense1/MAC_UNIT/MULT_UNIT/NORM_STAGE/res2_carry_i_60__0_n_0.  Re-placed instance design_1_i/axi_cnn_ac_0/inst/inst_dense1/MAC_UNIT/MULT_UNIT/NORM_STAGE/res2_carry_i_60__0
INFO: [Physopt 32-735] Processed net design_1_i/axi_cnn_ac_0/inst/inst_dense1/MAC_UNIT/MULT_UNIT/NORM_STAGE/res2_carry_i_60__0_n_0. Optimization improves timing on the net.
INFO: [Physopt 32-619] Estimated Timing Summary | WNS=-13.377 | TNS=-1271.038 |
INFO: [Physopt 32-702] Processed net design_1_i/axi_cnn_ac_0/inst/inst_dense1/MAC_UNIT/MULT_UNIT/NORM_STAGE/res2_carry_i_16__0_0. Optimizations did not improve timing on the net.
INFO: [Physopt 32-663] Processed net design_1_i/axi_cnn_ac_0/inst/inst_dense1/MAC_UNIT/MULT_UNIT/NORM_STAGE/res2_carry_i_13__0_n_0.  Re-placed instance design_1_i/axi_cnn_ac_0/inst/inst_dense1/MAC_UNIT/MULT_UNIT/NORM_STAGE/res2_carry_i_13__0
INFO: [Physopt 32-735] Processed net design_1_i/axi_cnn_ac_0/inst/inst_dense1/MAC_UNIT/MULT_UNIT/NORM_STAGE/res2_carry_i_13__0_n_0. Optimization improves timing on the net.
INFO: [Physopt 32-619] Estimated Timing Summary | WNS=-13.376 | TNS=-1271.006 |
INFO: [Physopt 32-608] Optimized 1 net.  Swapped 12 pins.
INFO: [Physopt 32-735] Processed net design_1_i/axi_cnn_ac_0/inst/inst_dense1/MAC_UNIT/MULT_UNIT/NORM_STAGE/res2_carry_i_12__0_n_0. Optimization improves timing on the net.
INFO: [Physopt 32-619] Estimated Timing Summary | WNS=-13.374 | TNS=-1270.942 |
INFO: [Physopt 32-608] Optimized 1 net.  Swapped 16 pins.
INFO: [Physopt 32-735] Processed net design_1_i/axi_cnn_ac_0/inst/inst_dense1/MAC_UNIT/MULT_UNIT/NORM_STAGE/res2_carry_i_17__0_n_0_repN. Optimization improves timing on the net.
INFO: [Physopt 32-619] Estimated Timing Summary | WNS=-13.373 | TNS=-1270.846 |
INFO: [Physopt 32-702] Processed net design_1_i/axi_cnn_ac_0/inst/inst_conv/mult_inst/NORM_STAGE/res2_carry_i_20_n_0. Optimizations did not improve timing on the net.
INFO: [Physopt 32-702] Processed net design_1_i/axi_cnn_ac_0/inst/inst_conv/mult_inst/NORM_STAGE/res2_carry_i_66_n_0. Optimizations did not improve timing on the net.
INFO: [Physopt 32-663] Processed net design_1_i/axi_cnn_ac_0/inst/inst_conv/mult_inst/NORM_STAGE/res2_carry_i_120_n_0.  Re-placed instance design_1_i/axi_cnn_ac_0/inst/inst_conv/mult_inst/NORM_STAGE/res2_carry_i_120
INFO: [Physopt 32-735] Processed net design_1_i/axi_cnn_ac_0/inst/inst_conv/mult_inst/NORM_STAGE/res2_carry_i_120_n_0. Optimization improves timing on the net.
INFO: [Physopt 32-619] Estimated Timing Summary | WNS=-13.371 | TNS=-1270.430 |
INFO: [Physopt 32-702] Processed net design_1_i/axi_cnn_ac_0/inst/inst_dense1/MAC_UNIT/MULT_UNIT/NORM_STAGE/res2_carry_i_122__0_n_0. Optimizations did not improve timing on the net.
INFO: [Physopt 32-710] Processed net design_1_i/axi_cnn_ac_0/inst/inst_dense1/MAC_UNIT/MULT_UNIT/NORM_STAGE/res2_carry_i_122__0_n_0. Critical path length was reduced through logic transformation on cell design_1_i/axi_cnn_ac_0/inst/inst_dense1/MAC_UNIT/MULT_UNIT/NORM_STAGE/res2_carry_i_122__0_comp.
INFO: [Physopt 32-735] Processed net design_1_i/axi_cnn_ac_0/inst/inst_dense1/MAC_UNIT/MULT_UNIT/NORM_STAGE/res2_carry_i_35__0_n_0. Optimization improves timing on the net.
INFO: [Physopt 32-619] Estimated Timing Summary | WNS=-13.360 | TNS=-1270.046 |
INFO: [Physopt 32-702] Processed net design_1_i/axi_cnn_ac_0/inst/inst_conv/mult_inst/NORM_STAGE/res2_carry_i_120_n_0. Optimizations did not improve timing on the net.
INFO: [Physopt 32-710] Processed net design_1_i/axi_cnn_ac_0/inst/inst_conv/mult_inst/NORM_STAGE/res2_carry_i_120_n_0. Critical path length was reduced through logic transformation on cell design_1_i/axi_cnn_ac_0/inst/inst_conv/mult_inst/NORM_STAGE/res2_carry_i_120_comp.
INFO: [Physopt 32-735] Processed net design_1_i/axi_cnn_ac_0/inst/inst_conv/mult_inst/NORM_STAGE/res2_carry_i_63_n_0. Optimization improves timing on the net.
INFO: [Physopt 32-619] Estimated Timing Summary | WNS=-13.359 | TNS=-1269.342 |
INFO: [Physopt 32-710] Processed net design_1_i/axi_cnn_ac_0/inst/inst_dense1/MAC_UNIT/MULT_UNIT/NORM_STAGE/res2_carry_i_66__0_n_0. Critical path length was reduced through logic transformation on cell design_1_i/axi_cnn_ac_0/inst/inst_dense1/MAC_UNIT/MULT_UNIT/NORM_STAGE/res2_carry_i_66__0_comp_1.
INFO: [Physopt 32-735] Processed net design_1_i/axi_cnn_ac_0/inst/inst_dense1/MAC_UNIT/MULT_UNIT/NORM_STAGE/res2_carry_i_121__0_n_0. Optimization improves timing on the net.
INFO: [Physopt 32-619] Estimated Timing Summary | WNS=-13.356 | TNS=-1268.830 |
INFO: [Physopt 32-702] Processed net design_1_i/axi_cnn_ac_0/inst/inst_dense2/MAC_UNIT/MULT_UNIT/NORM_STAGE/res2_carry_i_20__1_n_0. Optimizations did not improve timing on the net.
INFO: [Physopt 32-702] Processed net design_1_i/axi_cnn_ac_0/inst/inst_dense2/MAC_UNIT/MULT_UNIT/NORM_STAGE/res2_carry_i_66__1_n_0. Optimizations did not improve timing on the net.
INFO: [Physopt 32-663] Processed net design_1_i/axi_cnn_ac_0/inst/inst_dense2/MAC_UNIT/MULT_UNIT/NORM_STAGE/res2_carry_i_120__1_n_0.  Re-placed instance design_1_i/axi_cnn_ac_0/inst/inst_dense2/MAC_UNIT/MULT_UNIT/NORM_STAGE/res2_carry_i_120__1
INFO: [Physopt 32-735] Processed net design_1_i/axi_cnn_ac_0/inst/inst_dense2/MAC_UNIT/MULT_UNIT/NORM_STAGE/res2_carry_i_120__1_n_0. Optimization improves timing on the net.
INFO: [Physopt 32-619] Estimated Timing Summary | WNS=-13.343 | TNS=-1268.350 |
INFO: [Physopt 32-663] Processed net design_1_i/axi_cnn_ac_0/inst/inst_dense1/MAC_UNIT/MULT_UNIT/NORM_STAGE/res2_carry_i_15__0_n_0.  Re-placed instance design_1_i/axi_cnn_ac_0/inst/inst_dense1/MAC_UNIT/MULT_UNIT/NORM_STAGE/res2_carry_i_15__0
INFO: [Physopt 32-735] Processed net design_1_i/axi_cnn_ac_0/inst/inst_dense1/MAC_UNIT/MULT_UNIT/NORM_STAGE/res2_carry_i_15__0_n_0. Optimization improves timing on the net.
INFO: [Physopt 32-619] Estimated Timing Summary | WNS=-13.341 | TNS=-1267.838 |
INFO: [Physopt 32-663] Processed net design_1_i/axi_cnn_ac_0/inst/inst_dense2/MAC_UNIT/MULT_UNIT/NORM_STAGE/res2_carry_i_121__1_n_0.  Re-placed instance design_1_i/axi_cnn_ac_0/inst/inst_dense2/MAC_UNIT/MULT_UNIT/NORM_STAGE/res2_carry_i_121__1
INFO: [Physopt 32-735] Processed net design_1_i/axi_cnn_ac_0/inst/inst_dense2/MAC_UNIT/MULT_UNIT/NORM_STAGE/res2_carry_i_121__1_n_0. Optimization improves timing on the net.
INFO: [Physopt 32-619] Estimated Timing Summary | WNS=-13.338 | TNS=-1267.390 |
INFO: [Physopt 32-81] Processed net design_1_i/axi_cnn_ac_0/inst/inst_conv/mult_inst/NORM_STAGE/res2_carry_i_68_n_0. Replicated 1 times.
INFO: [Physopt 32-735] Processed net design_1_i/axi_cnn_ac_0/inst/inst_conv/mult_inst/NORM_STAGE/res2_carry_i_68_n_0. Optimization improves timing on the net.
INFO: [Physopt 32-619] Estimated Timing Summary | WNS=-13.332 | TNS=-1267.198 |
INFO: [Physopt 32-702] Processed net design_1_i/axi_cnn_ac_0/inst/inst_conv/mult_inst/NORM_STAGE/res2_carry_i_17_n_0. Optimizations did not improve timing on the net.
INFO: [Physopt 32-608] Optimized 1 net.  Swapped 18 pins.
INFO: [Physopt 32-735] Processed net design_1_i/axi_cnn_ac_0/inst/inst_conv/mult_inst/NORM_STAGE/res2_carry_i_41_n_0. Optimization improves timing on the net.
INFO: [Physopt 32-619] Estimated Timing Summary | WNS=-13.328 | TNS=-1267.070 |
INFO: [Physopt 32-608] Optimized 1 net.  Swapped 12 pins.
INFO: [Physopt 32-735] Processed net design_1_i/axi_cnn_ac_0/inst/inst_conv/mult_inst/NORM_STAGE/res2_carry_i_21_n_0. Optimization improves timing on the net.
INFO: [Physopt 32-619] Estimated Timing Summary | WNS=-13.327 | TNS=-1266.974 |
INFO: [Physopt 32-702] Processed net design_1_i/axi_cnn_ac_0/inst/inst_dense2/MAC_UNIT/MULT_UNIT/NORM_STAGE/res2_carry_i_12__1_n_0. Optimizations did not improve timing on the net.
INFO: [Physopt 32-663] Processed net design_1_i/axi_cnn_ac_0/inst/inst_dense2/MAC_UNIT/MULT_UNIT/NORM_STAGE/res2_carry_i_41__1_n_0.  Re-placed instance design_1_i/axi_cnn_ac_0/inst/inst_dense2/MAC_UNIT/MULT_UNIT/NORM_STAGE/res2_carry_i_41__1
INFO: [Physopt 32-735] Processed net design_1_i/axi_cnn_ac_0/inst/inst_dense2/MAC_UNIT/MULT_UNIT/NORM_STAGE/res2_carry_i_41__1_n_0. Optimization improves timing on the net.
INFO: [Physopt 32-619] Estimated Timing Summary | WNS=-13.327 | TNS=-1266.846 |
INFO: [Physopt 32-663] Processed net design_1_i/axi_cnn_ac_0/inst/inst_dense1/MAC_UNIT/MULT_UNIT/NORM_STAGE/res2_carry_i_11__0_n_0.  Re-placed instance design_1_i/axi_cnn_ac_0/inst/inst_dense1/MAC_UNIT/MULT_UNIT/NORM_STAGE/res2_carry_i_11__0
INFO: [Physopt 32-735] Processed net design_1_i/axi_cnn_ac_0/inst/inst_dense1/MAC_UNIT/MULT_UNIT/NORM_STAGE/res2_carry_i_11__0_n_0. Optimization improves timing on the net.
INFO: [Physopt 32-619] Estimated Timing Summary | WNS=-13.325 | TNS=-1266.782 |
INFO: [Physopt 32-81] Processed net design_1_i/axi_cnn_ac_0/inst/inst_conv/mult_inst/NORM_STAGE/res2_carry_i_122_n_0. Replicated 1 times.
INFO: [Physopt 32-735] Processed net design_1_i/axi_cnn_ac_0/inst/inst_conv/mult_inst/NORM_STAGE/res2_carry_i_122_n_0. Optimization improves timing on the net.
INFO: [Physopt 32-619] Estimated Timing Summary | WNS=-13.325 | TNS=-1266.686 |
INFO: [Physopt 32-702] Processed net design_1_i/axi_cnn_ac_0/inst/inst_dense1/MAC_UNIT/MULT_UNIT/NORM_STAGE/res2_carry_i_67__0_n_0. Optimizations did not improve timing on the net.
INFO: [Physopt 32-608] Optimized 1 net.  Swapped 17 pins.
INFO: [Physopt 32-735] Processed net design_1_i/axi_cnn_ac_0/inst/inst_dense1/MAC_UNIT/MULT_UNIT/NORM_STAGE/res2_carry_i_52__0_n_0. Optimization improves timing on the net.
INFO: [Physopt 32-619] Estimated Timing Summary | WNS=-13.323 | TNS=-1266.238 |
INFO: [Physopt 32-663] Processed net design_1_i/axi_cnn_ac_0/inst/inst_dense2/MAC_UNIT/MULT_UNIT/NORM_STAGE/res2_carry_i_120__1_n_0.  Re-placed instance design_1_i/axi_cnn_ac_0/inst/inst_dense2/MAC_UNIT/MULT_UNIT/NORM_STAGE/res2_carry_i_120__1
INFO: [Physopt 32-735] Processed net design_1_i/axi_cnn_ac_0/inst/inst_dense2/MAC_UNIT/MULT_UNIT/NORM_STAGE/res2_carry_i_120__1_n_0. Optimization improves timing on the net.
INFO: [Physopt 32-619] Estimated Timing Summary | WNS=-13.322 | TNS=-1266.142 |
INFO: [Physopt 32-608] Optimized 1 net.  Swapped 20 pins.
INFO: [Physopt 32-735] Processed net design_1_i/axi_cnn_ac_0/inst/inst_conv/mult_inst/NORM_STAGE/res2_carry_i_122_n_0. Optimization improves timing on the net.
INFO: [Physopt 32-619] Estimated Timing Summary | WNS=-13.320 | TNS=-1266.078 |
INFO: [Physopt 32-663] Processed net design_1_i/axi_cnn_ac_0/inst/inst_dense2/MAC_UNIT/MULT_UNIT/NORM_STAGE/res2_carry_i_22__1_n_0.  Re-placed instance design_1_i/axi_cnn_ac_0/inst/inst_dense2/MAC_UNIT/MULT_UNIT/NORM_STAGE/res2_carry_i_22__1
INFO: [Physopt 32-735] Processed net design_1_i/axi_cnn_ac_0/inst/inst_dense2/MAC_UNIT/MULT_UNIT/NORM_STAGE/res2_carry_i_22__1_n_0. Optimization improves timing on the net.
INFO: [Physopt 32-619] Estimated Timing Summary | WNS=-13.320 | TNS=-1265.726 |
INFO: [Physopt 32-702] Processed net design_1_i/axi_cnn_ac_0/inst/inst_conv/a[23]. Optimizations did not improve timing on the net.
INFO: [Physopt 32-702] Processed net design_1_i/processing_system7_0/inst/FCLK_CLK1. Optimizations did not improve timing on the net.
INFO: [Physopt 32-702] Processed net design_1_i/axi_cnn_ac_0/inst/inst_conv/mult_inst/NORM_STAGE/acc_reg[31]_i_4_n_0_repN. Optimizations did not improve timing on the net.
INFO: [Physopt 32-702] Processed net design_1_i/axi_cnn_ac_0/inst/inst_conv/add_inst/NORM_STAGE/res2_carry__1_1[0]. Optimizations did not improve timing on the net.
INFO: [Physopt 32-702] Processed net design_1_i/axi_cnn_ac_0/inst/inst_conv/add_inst/NORM_STAGE/i__carry_i_4_n_0. Optimizations did not improve timing on the net.
INFO: [Physopt 32-702] Processed net design_1_i/axi_cnn_ac_0/inst/inst_conv/add_inst/NORM_STAGE/res2_carry__0_i_8[1]. Optimizations did not improve timing on the net.
INFO: [Physopt 32-702] Processed net design_1_i/axi_cnn_ac_0/inst/inst_conv/mult_inst/NORM_STAGE/acc_reg_reg[26]_0[0]. Optimizations did not improve timing on the net.
INFO: [Physopt 32-702] Processed net design_1_i/axi_cnn_ac_0/inst/inst_conv/mult_inst/NORM_STAGE/res2_carry_i_22_0. Optimizations did not improve timing on the net.
INFO: [Physopt 32-663] Processed net design_1_i/axi_cnn_ac_0/inst/inst_conv/mult_inst/NORM_STAGE/res2_carry_i_17_n_0.  Re-placed instance design_1_i/axi_cnn_ac_0/inst/inst_conv/mult_inst/NORM_STAGE/res2_carry_i_17_comp
INFO: [Physopt 32-735] Processed net design_1_i/axi_cnn_ac_0/inst/inst_conv/mult_inst/NORM_STAGE/res2_carry_i_17_n_0. Optimization improves timing on the net.
INFO: [Physopt 32-619] Estimated Timing Summary | WNS=-13.311 | TNS=-1265.438 |
INFO: [Physopt 32-702] Processed net design_1_i/axi_cnn_ac_0/inst/inst_conv/mult_inst/NORM_STAGE/res2_carry_i_20_n_0. Optimizations did not improve timing on the net.
INFO: [Physopt 32-702] Processed net design_1_i/axi_cnn_ac_0/inst/inst_conv/mult_inst/NORM_STAGE/res2_carry_i_66_n_0. Optimizations did not improve timing on the net.
INFO: [Physopt 32-608] Optimized 1 net.  Swapped 16 pins.
INFO: [Physopt 32-735] Processed net design_1_i/axi_cnn_ac_0/inst/inst_conv/mult_inst/NORM_STAGE/res2_carry_i_120_n_0. Optimization improves timing on the net.
INFO: [Physopt 32-619] Estimated Timing Summary | WNS=-13.311 | TNS=-1265.406 |
INFO: [Physopt 32-702] Processed net design_1_i/axi_cnn_ac_0/inst/inst_dense1/MAC_UNIT/acc_out[21]. Optimizations did not improve timing on the net.
INFO: [Physopt 32-702] Processed net design_1_i/axi_cnn_ac_0/inst/inst_dense1/MAC_UNIT/MULT_UNIT/NORM_STAGE/acc_reg[22]_i_4__0_n_0. Optimizations did not improve timing on the net.
INFO: [Physopt 32-702] Processed net design_1_i/axi_cnn_ac_0/inst/inst_dense1/MAC_UNIT/ADD_UNIT/NORM_STAGE/res2_carry__1_0[0]. Optimizations did not improve timing on the net.
INFO: [Physopt 32-702] Processed net design_1_i/axi_cnn_ac_0/inst/inst_dense1/MAC_UNIT/MULT_UNIT/NORM_STAGE/res2_carry__1_2[0]. Optimizations did not improve timing on the net.
INFO: [Physopt 32-702] Processed net design_1_i/axi_cnn_ac_0/inst/inst_dense1/MAC_UNIT/ADD_UNIT/NORM_STAGE/res2_carry__1_i_2__0[0]. Optimizations did not improve timing on the net.
INFO: [Physopt 32-702] Processed net design_1_i/axi_cnn_ac_0/inst/inst_dense1/MAC_UNIT/MULT_UNIT/NORM_STAGE/res2_carry_i_22__0_0. Optimizations did not improve timing on the net.
INFO: [Physopt 32-702] Processed net design_1_i/axi_cnn_ac_0/inst/inst_dense1/MAC_UNIT/MULT_UNIT/NORM_STAGE/res2_carry_i_22__0_n_0. Optimizations did not improve timing on the net.
INFO: [Physopt 32-702] Processed net design_1_i/axi_cnn_ac_0/inst/inst_dense1/MAC_UNIT/MULT_UNIT/NORM_STAGE/res2_carry_i_68__0_n_0. Optimizations did not improve timing on the net.
INFO: [Physopt 32-702] Processed net design_1_i/axi_cnn_ac_0/inst/inst_dense1/MAC_UNIT/MULT_UNIT/NORM_STAGE/res2_carry_i_123__0_n_0. Optimizations did not improve timing on the net.
INFO: [Physopt 32-702] Processed net design_1_i/axi_cnn_ac_0/inst/inst_dense1/MAC_UNIT/MULT_UNIT/NORM_STAGE/res2_carry_i_63__0_n_0. Optimizations did not improve timing on the net.
INFO: [Physopt 32-702] Processed net design_1_i/axi_cnn_ac_0/inst/inst_dense1/MAC_UNIT/MULT_UNIT/NORM_STAGE/res2_carry_i_70__0_n_0. Optimizations did not improve timing on the net.
INFO: [Physopt 32-702] Processed net design_1_i/axi_cnn_ac_0/inst/inst_dense1/MAC_UNIT/MULT_UNIT/NORM_STAGE/res2_carry_i_127__0_n_0. Optimizations did not improve timing on the net.
INFO: [Physopt 32-702] Processed net design_1_i/axi_cnn_ac_0/inst/inst_dense1/MAC_UNIT/MULT_UNIT/NORM_STAGE/res2_carry_i_198__0_n_0. Optimizations did not improve timing on the net.
INFO: [Physopt 32-702] Processed net design_1_i/axi_cnn_ac_0/inst/inst_dense1/MAC_UNIT/MULT_UNIT/NORM_STAGE/res2_carry_i_277__0_n_0. Optimizations did not improve timing on the net.
INFO: [Physopt 32-702] Processed net design_1_i/axi_cnn_ac_0/inst/inst_dense1/MAC_UNIT/MULT_UNIT/NORM_STAGE/res2_carry_i_365__0_n_0. Optimizations did not improve timing on the net.
INFO: [Physopt 32-702] Processed net design_1_i/axi_cnn_ac_0/inst/inst_dense1/MAC_UNIT/MULT_UNIT/NORM_STAGE/res2_carry_i_303__0_n_0. Optimizations did not improve timing on the net.
INFO: [Physopt 32-702] Processed net design_1_i/axi_cnn_ac_0/inst/inst_dense1/MAC_UNIT/MULT_UNIT/NORM_STAGE/res2_carry_i_384__0_n_0. Optimizations did not improve timing on the net.
INFO: [Physopt 32-702] Processed net design_1_i/axi_cnn_ac_0/inst/inst_dense1/MAC_UNIT/MULT_UNIT/NORM_STAGE/res2_carry_i_265__0_n_0. Optimizations did not improve timing on the net.
INFO: [Physopt 32-702] Processed net design_1_i/axi_cnn_ac_0/inst/inst_dense1/MAC_UNIT/MULT_UNIT/NORM_STAGE/res2_carry_i_354__0_n_0. Optimizations did not improve timing on the net.
INFO: [Physopt 32-702] Processed net design_1_i/axi_cnn_ac_0/inst/inst_dense1/MAC_UNIT/MULT_UNIT/NORM_STAGE/res2_carry_i_135__0_n_0. Optimizations did not improve timing on the net.
INFO: [Physopt 32-702] Processed net design_1_i/axi_cnn_ac_0/inst/inst_dense1/MAC_UNIT/MULT_UNIT/NORM_STAGE/res2_carry_i_99__0_n_0. Optimizations did not improve timing on the net.
INFO: [Physopt 32-608] Optimized 1 net.  Swapped 22 pins.
INFO: [Physopt 32-735] Processed net design_1_i/axi_cnn_ac_0/inst/inst_dense1/MAC_UNIT/ADD_UNIT/ALIGN_STAGE/acc_reg_reg[0]. Optimization improves timing on the net.
INFO: [Physopt 32-619] Estimated Timing Summary | WNS=-13.310 | TNS=-1265.054 |
INFO: [Physopt 32-702] Processed net design_1_i/axi_cnn_ac_0/inst/inst_conv/mult_inst/NORM_STAGE/res2_carry_i_22_n_0. Optimizations did not improve timing on the net.
INFO: [Physopt 32-608] Optimized 1 net.  Swapped 16 pins.
INFO: [Physopt 32-735] Processed net design_1_i/axi_cnn_ac_0/inst/inst_conv/mult_inst/NORM_STAGE/res2_carry_i_68_n_0_repN. Optimization improves timing on the net.
INFO: [Physopt 32-619] Estimated Timing Summary | WNS=-13.309 | TNS=-1264.734 |
INFO: [Physopt 32-702] Processed net design_1_i/axi_cnn_ac_0/inst/inst_dense2/MAC_UNIT/acc_out[13]. Optimizations did not improve timing on the net.
INFO: [Physopt 32-702] Processed net design_1_i/axi_cnn_ac_0/inst/inst_dense2/MAC_UNIT/MULT_UNIT/NORM_STAGE/acc_reg[22]_i_4__1_n_0. Optimizations did not improve timing on the net.
INFO: [Physopt 32-702] Processed net design_1_i/axi_cnn_ac_0/inst/inst_dense2/MAC_UNIT/ADD_UNIT/NORM_STAGE/res2_carry__1_1[0]. Optimizations did not improve timing on the net.
INFO: [Physopt 32-702] Processed net design_1_i/axi_cnn_ac_0/inst/inst_dense2/MAC_UNIT/ADD_UNIT/NORM_STAGE/i__carry_i_4__3_n_0. Optimizations did not improve timing on the net.
INFO: [Physopt 32-702] Processed net design_1_i/axi_cnn_ac_0/inst/inst_dense2/MAC_UNIT/ADD_UNIT/NORM_STAGE/res2_carry__0_i_8__1[1]. Optimizations did not improve timing on the net.
INFO: [Physopt 32-702] Processed net design_1_i/axi_cnn_ac_0/inst/inst_dense2/MAC_UNIT/MULT_UNIT/NORM_STAGE/res2_carry_i_22__1_0. Optimizations did not improve timing on the net.
INFO: [Physopt 32-702] Processed net design_1_i/axi_cnn_ac_0/inst/inst_dense2/MAC_UNIT/MULT_UNIT/NORM_STAGE/res2_carry_i_20__1_n_0. Optimizations did not improve timing on the net.
INFO: [Physopt 32-608] Optimized 1 net.  Swapped 14 pins.
INFO: [Physopt 32-735] Processed net design_1_i/axi_cnn_ac_0/inst/inst_dense2/MAC_UNIT/MULT_UNIT/NORM_STAGE/res2_carry_i_66__1_n_0. Optimization improves timing on the net.
INFO: [Physopt 32-619] Estimated Timing Summary | WNS=-13.300 | TNS=-1264.446 |
INFO: [Physopt 32-702] Processed net design_1_i/axi_cnn_ac_0/inst/inst_dense2/MAC_UNIT/MULT_UNIT/NORM_STAGE/res2_carry_i_17__1_n_0. Optimizations did not improve timing on the net.
INFO: [Physopt 32-702] Processed net design_1_i/axi_cnn_ac_0/inst/inst_dense2/MAC_UNIT/MULT_UNIT/NORM_STAGE/res2_carry_i_59__1_n_0. Optimizations did not improve timing on the net.
INFO: [Physopt 32-663] Processed net design_1_i/axi_cnn_ac_0/inst/inst_dense2/MAC_UNIT/MULT_UNIT/NORM_STAGE/res2_carry_i_109__1_n_0.  Re-placed instance design_1_i/axi_cnn_ac_0/inst/inst_dense2/MAC_UNIT/MULT_UNIT/NORM_STAGE/res2_carry_i_109__1
INFO: [Physopt 32-735] Processed net design_1_i/axi_cnn_ac_0/inst/inst_dense2/MAC_UNIT/MULT_UNIT/NORM_STAGE/res2_carry_i_109__1_n_0. Optimization improves timing on the net.
INFO: [Physopt 32-619] Estimated Timing Summary | WNS=-13.300 | TNS=-1264.158 |
INFO: [Physopt 32-608] Optimized 1 net.  Swapped 22 pins.
INFO: [Physopt 32-735] Processed net design_1_i/axi_cnn_ac_0/inst/inst_conv/mult_inst/NORM_STAGE/res2_carry_i_16_0_repN. Optimization improves timing on the net.
INFO: [Physopt 32-619] Estimated Timing Summary | WNS=-13.300 | TNS=-1263.262 |
INFO: [Physopt 32-608] Optimized 1 net.  Swapped 24 pins.
INFO: [Physopt 32-735] Processed net design_1_i/axi_cnn_ac_0/inst/inst_dense1/MAC_UNIT/MULT_UNIT/NORM_STAGE/res2_carry_i_146__0_n_0. Optimization improves timing on the net.
INFO: [Physopt 32-619] Estimated Timing Summary | WNS=-13.291 | TNS=-1262.462 |
INFO: [Physopt 32-702] Processed net design_1_i/axi_cnn_ac_0/inst/inst_dense2/MAC_UNIT/MULT_UNIT/NORM_STAGE/res2_carry_i_109__1_n_0. Optimizations did not improve timing on the net.
INFO: [Physopt 32-702] Processed net design_1_i/axi_cnn_ac_0/inst/inst_dense2/MAC_UNIT/MULT_UNIT/NORM_STAGE/res2_carry_i_63__1_n_0. Optimizations did not improve timing on the net.
INFO: [Physopt 32-702] Processed net design_1_i/axi_cnn_ac_0/inst/inst_dense2/MAC_UNIT/MULT_UNIT/NORM_STAGE/res2_carry_i_70__1_n_0. Optimizations did not improve timing on the net.
INFO: [Physopt 32-702] Processed net design_1_i/axi_cnn_ac_0/inst/inst_dense2/MAC_UNIT/MULT_UNIT/NORM_STAGE/res2_carry_i_127__1_n_0. Optimizations did not improve timing on the net.
INFO: [Physopt 32-702] Processed net design_1_i/axi_cnn_ac_0/inst/inst_dense2/MAC_UNIT/MULT_UNIT/NORM_STAGE/res2_carry_i_198__1_n_0. Optimizations did not improve timing on the net.
INFO: [Physopt 32-702] Processed net design_1_i/axi_cnn_ac_0/inst/inst_dense2/MAC_UNIT/MULT_UNIT/NORM_STAGE/res2_carry_i_277__1_n_0. Optimizations did not improve timing on the net.
INFO: [Physopt 32-702] Processed net design_1_i/axi_cnn_ac_0/inst/inst_dense2/MAC_UNIT/MULT_UNIT/NORM_STAGE/res2_carry_i_365__1_n_0. Optimizations did not improve timing on the net.
INFO: [Physopt 32-702] Processed net design_1_i/axi_cnn_ac_0/inst/inst_dense2/MAC_UNIT/MULT_UNIT/NORM_STAGE/res2_carry_i_303__1_n_0. Optimizations did not improve timing on the net.
INFO: [Physopt 32-702] Processed net design_1_i/axi_cnn_ac_0/inst/inst_dense2/MAC_UNIT/MULT_UNIT/NORM_STAGE/res2_carry_i_384__1_n_0. Optimizations did not improve timing on the net.
INFO: [Physopt 32-702] Processed net design_1_i/axi_cnn_ac_0/inst/inst_dense2/MAC_UNIT/MULT_UNIT/NORM_STAGE/res2_carry_i_265__1_n_0. Optimizations did not improve timing on the net.
INFO: [Physopt 32-608] Optimized 1 net.  Swapped 23 pins.
INFO: [Physopt 32-735] Processed net design_1_i/axi_cnn_ac_0/inst/inst_dense2/MAC_UNIT/MULT_UNIT/NORM_STAGE/res2_carry_i_354__1_n_0. Optimization improves timing on the net.
INFO: [Physopt 32-619] Estimated Timing Summary | WNS=-13.275 | TNS=-1260.382 |
INFO: [Physopt 32-608] Optimized 1 net.  Swapped 22 pins.
INFO: [Physopt 32-735] Processed net design_1_i/axi_cnn_ac_0/inst/inst_dense1/MAC_UNIT/ADD_UNIT/ALIGN_STAGE/acc_reg_reg[0]. Optimization improves timing on the net.
INFO: [Physopt 32-619] Estimated Timing Summary | WNS=-13.272 | TNS=-1260.094 |
INFO: [Physopt 32-608] Optimized 1 net.  Swapped 16 pins.
INFO: [Physopt 32-735] Processed net design_1_i/axi_cnn_ac_0/inst/inst_conv/mult_inst/NORM_STAGE/res2_carry_i_68_n_0_repN. Optimization improves timing on the net.
INFO: [Physopt 32-619] Estimated Timing Summary | WNS=-13.266 | TNS=-1259.902 |
INFO: [Physopt 32-608] Optimized 1 net.  Swapped 20 pins.
INFO: [Physopt 32-735] Processed net design_1_i/axi_cnn_ac_0/inst/inst_conv/mult_inst/NORM_STAGE/res2_carry_i_122_n_0. Optimization improves timing on the net.
INFO: [Physopt 32-619] Estimated Timing Summary | WNS=-13.266 | TNS=-1259.870 |
INFO: [Physopt 32-608] Optimized 1 net.  Swapped 19 pins.
INFO: [Physopt 32-735] Processed net design_1_i/axi_cnn_ac_0/inst/inst_dense1/MAC_UNIT/MULT_UNIT/NORM_STAGE/res2_carry_i_140__0_n_0. Optimization improves timing on the net.
INFO: [Physopt 32-619] Estimated Timing Summary | WNS=-13.265 | TNS=-1259.006 |
INFO: [Physopt 32-702] Processed net design_1_i/axi_cnn_ac_0/inst/inst_conv/mult_inst/NORM_STAGE/acc_reg_reg[26]_0[1]. Optimizations did not improve timing on the net.
INFO: [Physopt 32-608] Optimized 1 net.  Swapped 22 pins.
INFO: [Physopt 32-735] Processed net design_1_i/axi_cnn_ac_0/inst/inst_conv/mult_inst/NORM_STAGE/res2_carry_i_16_0_repN_1. Optimization improves timing on the net.
INFO: [Physopt 32-619] Estimated Timing Summary | WNS=-13.258 | TNS=-1258.782 |
INFO: [Physopt 32-702] Processed net design_1_i/axi_cnn_ac_0/inst/inst_conv/mult_inst/NORM_STAGE/res2_carry_i_120_n_0. Optimizations did not improve timing on the net.
INFO: [Physopt 32-702] Processed net design_1_i/axi_cnn_ac_0/inst/inst_conv/mult_inst/NORM_STAGE/res2_carry_i_75_n_0. Optimizations did not improve timing on the net.
INFO: [Physopt 32-702] Processed net design_1_i/axi_cnn_ac_0/inst/inst_conv/mult_inst/NORM_STAGE/res2_carry_i_102_n_0. Optimizations did not improve timing on the net.
INFO: [Physopt 32-702] Processed net design_1_i/axi_cnn_ac_0/inst/inst_conv/mult_inst/NORM_STAGE/res2_carry_i_130_n_0. Optimizations did not improve timing on the net.
INFO: [Physopt 32-702] Processed net design_1_i/axi_cnn_ac_0/inst/inst_conv/mult_inst/NORM_STAGE/res2_carry_i_163_n_0. Optimizations did not improve timing on the net.
INFO: [Physopt 32-663] Processed net design_1_i/axi_cnn_ac_0/inst/inst_conv/mult_inst/NORM_STAGE/res2_carry_i_227_n_0.  Re-placed instance design_1_i/axi_cnn_ac_0/inst/inst_conv/mult_inst/NORM_STAGE/res2_carry_i_227
INFO: [Physopt 32-735] Processed net design_1_i/axi_cnn_ac_0/inst/inst_conv/mult_inst/NORM_STAGE/res2_carry_i_227_n_0. Optimization improves timing on the net.
INFO: [Physopt 32-619] Estimated Timing Summary | WNS=-13.239 | TNS=-1258.174 |
INFO: [Physopt 32-702] Processed net design_1_i/axi_cnn_ac_0/inst/inst_dense1/MAC_UNIT/MULT_UNIT/NORM_STAGE/res2_carry_i_146__0_n_0. Optimizations did not improve timing on the net.
INFO: [Physopt 32-702] Processed net design_1_i/axi_cnn_ac_0/inst/inst_dense1/MAC_UNIT/MULT_UNIT/EXEC_STAGE/acc_reg_reg[26]_4. Optimizations did not improve timing on the net.
INFO: [Physopt 32-663] Processed net design_1_i/axi_cnn_ac_0/inst/inst_dense1/MAC_UNIT/MULT_UNIT/EXEC_STAGE/acc_reg_reg[26]_5.  Re-placed instance design_1_i/axi_cnn_ac_0/inst/inst_dense1/MAC_UNIT/MULT_UNIT/EXEC_STAGE/res2_carry_i_221__0
INFO: [Physopt 32-735] Processed net design_1_i/axi_cnn_ac_0/inst/inst_dense1/MAC_UNIT/MULT_UNIT/EXEC_STAGE/acc_reg_reg[26]_5. Optimization improves timing on the net.
INFO: [Physopt 32-619] Estimated Timing Summary | WNS=-13.239 | TNS=-1257.886 |
INFO: [Physopt 32-663] Processed net design_1_i/axi_cnn_ac_0/inst/inst_conv/mult_inst/NORM_STAGE/res2_carry_i_17_n_0.  Re-placed instance design_1_i/axi_cnn_ac_0/inst/inst_conv/mult_inst/NORM_STAGE/res2_carry_i_17_comp
INFO: [Physopt 32-735] Processed net design_1_i/axi_cnn_ac_0/inst/inst_conv/mult_inst/NORM_STAGE/res2_carry_i_17_n_0. Optimization improves timing on the net.
INFO: [Physopt 32-619] Estimated Timing Summary | WNS=-13.230 | TNS=-1257.054 |
INFO: [Physopt 32-608] Optimized 1 net.  Swapped 22 pins.
INFO: [Physopt 32-735] Processed net design_1_i/axi_cnn_ac_0/inst/inst_dense1/MAC_UNIT/MULT_UNIT/NORM_STAGE/res2_carry_i_137__0_n_0. Optimization improves timing on the net.
INFO: [Physopt 32-619] Estimated Timing Summary | WNS=-13.226 | TNS=-1256.830 |
INFO: [Physopt 32-702] Processed net design_1_i/axi_cnn_ac_0/inst/inst_dense2/MAC_UNIT/MULT_UNIT/NORM_STAGE/res2_carry_i_354__1_n_0. Optimizations did not improve timing on the net.
INFO: [Physopt 32-608] Optimized 1 net.  Swapped 22 pins.
INFO: [Physopt 32-735] Processed net design_1_i/axi_cnn_ac_0/inst/inst_dense2/MAC_UNIT/MULT_UNIT/NORM_STAGE/res2_carry_i_135__1_n_0. Optimization improves timing on the net.
INFO: [Physopt 32-619] Estimated Timing Summary | WNS=-13.223 | TNS=-1256.734 |
INFO: [Physopt 32-608] Optimized 1 net.  Swapped 6 pins.
INFO: [Physopt 32-735] Processed net design_1_i/axi_cnn_ac_0/inst/inst_dense2/MAC_UNIT/MULT_UNIT/NORM_STAGE/res2_carry_i_146__1_n_0. Optimization improves timing on the net.
INFO: [Physopt 32-619] Estimated Timing Summary | WNS=-13.223 | TNS=-1255.998 |
INFO: [Physopt 32-702] Processed net design_1_i/axi_cnn_ac_0/inst/inst_dense1/MAC_UNIT/MULT_UNIT/NORM_STAGE/res2_carry_i_101__0_n_0. Optimizations did not improve timing on the net.
INFO: [Physopt 32-608] Optimized 1 net.  Swapped 21 pins.
INFO: [Physopt 32-735] Processed net design_1_i/axi_cnn_ac_0/inst/inst_dense1/MAC_UNIT/ADD_UNIT/ALIGN_STAGE/res2_carry_i_253__0_0. Optimization improves timing on the net.
INFO: [Physopt 32-619] Estimated Timing Summary | WNS=-13.213 | TNS=-1254.078 |
INFO: [Physopt 32-663] Processed net design_1_i/axi_cnn_ac_0/inst/inst_conv/mult_inst/NORM_STAGE/res2_carry_i_16_0_repN_1.  Re-placed instance design_1_i/axi_cnn_ac_0/inst/inst_conv/mult_inst/NORM_STAGE/res2_carry_i_3_replica_comp
INFO: [Physopt 32-735] Processed net design_1_i/axi_cnn_ac_0/inst/inst_conv/mult_inst/NORM_STAGE/res2_carry_i_16_0_repN_1. Optimization improves timing on the net.
INFO: [Physopt 32-619] Estimated Timing Summary | WNS=-13.209 | TNS=-1253.950 |
INFO: [Physopt 32-702] Processed net design_1_i/axi_cnn_ac_0/inst/inst_conv/mult_inst/NORM_STAGE/res2_carry_i_59_n_0. Optimizations did not improve timing on the net.
INFO: [Physopt 32-663] Processed net design_1_i/axi_cnn_ac_0/inst/inst_conv/mult_inst/NORM_STAGE/res2_carry_i_108_n_0.  Re-placed instance design_1_i/axi_cnn_ac_0/inst/inst_conv/mult_inst/NORM_STAGE/res2_carry_i_108
INFO: [Physopt 32-735] Processed net design_1_i/axi_cnn_ac_0/inst/inst_conv/mult_inst/NORM_STAGE/res2_carry_i_108_n_0. Optimization improves timing on the net.
INFO: [Physopt 32-619] Estimated Timing Summary | WNS=-13.200 | TNS=-1253.022 |
INFO: [Physopt 32-608] Optimized 1 net.  Swapped 23 pins.
INFO: [Physopt 32-735] Processed net design_1_i/axi_cnn_ac_0/inst/inst_dense2/MAC_UNIT/MULT_UNIT/NORM_STAGE/res2_carry_i_140__1_n_0. Optimization improves timing on the net.
INFO: [Physopt 32-619] Estimated Timing Summary | WNS=-13.189 | TNS=-1252.670 |
INFO: [Physopt 32-702] Processed net design_1_i/axi_cnn_ac_0/inst/inst_dense2/MAC_UNIT/MULT_UNIT/NORM_STAGE/res2_carry_i_135__1_n_0. Optimizations did not improve timing on the net.
INFO: [Physopt 32-702] Processed net design_1_i/axi_cnn_ac_0/inst/inst_dense2/MAC_UNIT/MULT_UNIT/NORM_STAGE/res2_carry_i_99__1_n_0. Optimizations did not improve timing on the net.
INFO: [Physopt 32-608] Optimized 1 net.  Swapped 20 pins.
INFO: [Physopt 32-735] Processed net design_1_i/axi_cnn_ac_0/inst/inst_dense2/MAC_UNIT/MULT_UNIT/NORM_STAGE/res2_carry_i_175__1_n_0. Optimization improves timing on the net.
INFO: [Physopt 32-619] Estimated Timing Summary | WNS=-13.180 | TNS=-1252.062 |
INFO: [Physopt 32-608] Optimized 1 net.  Swapped 13 pins.
INFO: [Physopt 32-735] Processed net design_1_i/axi_cnn_ac_0/inst/inst_conv/mult_inst/NORM_STAGE/res2_carry_i_17_n_0. Optimization improves timing on the net.
INFO: [Physopt 32-619] Estimated Timing Summary | WNS=-13.170 | TNS=-1251.038 |
INFO: [Physopt 32-663] Processed net design_1_i/axi_cnn_ac_0/inst/inst_dense2/MAC_UNIT/MULT_UNIT/NORM_STAGE/res2_carry_i_353__1_n_0.  Re-placed instance design_1_i/axi_cnn_ac_0/inst/inst_dense2/MAC_UNIT/MULT_UNIT/NORM_STAGE/res2_carry_i_353__1
INFO: [Physopt 32-735] Processed net design_1_i/axi_cnn_ac_0/inst/inst_dense2/MAC_UNIT/MULT_UNIT/NORM_STAGE/res2_carry_i_353__1_n_0. Optimization improves timing on the net.
INFO: [Physopt 32-619] Estimated Timing Summary | WNS=-13.163 | TNS=-1250.302 |
INFO: [Physopt 32-702] Processed net design_1_i/axi_cnn_ac_0/inst/inst_dense1/MAC_UNIT/MULT_UNIT/NORM_STAGE/res2_carry_i_140__0_n_0. Optimizations did not improve timing on the net.
INFO: [Physopt 32-663] Processed net design_1_i/axi_cnn_ac_0/inst/inst_dense1/MAC_UNIT/ADD_UNIT/ALIGN_STAGE/res2_carry_i_287__0_0.  Re-placed instance design_1_i/axi_cnn_ac_0/inst/inst_dense1/MAC_UNIT/ADD_UNIT/ALIGN_STAGE/res2_carry_i_205__0
INFO: [Physopt 32-735] Processed net design_1_i/axi_cnn_ac_0/inst/inst_dense1/MAC_UNIT/ADD_UNIT/ALIGN_STAGE/res2_carry_i_287__0_0. Optimization improves timing on the net.
INFO: [Physopt 32-619] Estimated Timing Summary | WNS=-13.150 | TNS=-1249.886 |
INFO: [Physopt 32-702] Processed net design_1_i/axi_cnn_ac_0/inst/inst_dense1/MAC_UNIT/ADD_UNIT/ALIGN_STAGE/acc_reg_reg[0]. Optimizations did not improve timing on the net.
INFO: [Physopt 32-702] Processed net design_1_i/axi_cnn_ac_0/inst/inst_dense1/MAC_UNIT/ADD_UNIT/ALIGN_STAGE/res2_carry_i_236__0_n_0. Optimizations did not improve timing on the net.
INFO: [Physopt 32-663] Processed net design_1_i/axi_cnn_ac_0/inst/inst_dense1/MAC_UNIT/ADD_UNIT/ALIGN_STAGE/res2_carry_i_309__0_n_0.  Re-placed instance design_1_i/axi_cnn_ac_0/inst/inst_dense1/MAC_UNIT/ADD_UNIT/ALIGN_STAGE/res2_carry_i_309__0
INFO: [Physopt 32-735] Processed net design_1_i/axi_cnn_ac_0/inst/inst_dense1/MAC_UNIT/ADD_UNIT/ALIGN_STAGE/res2_carry_i_309__0_n_0. Optimization improves timing on the net.
INFO: [Physopt 32-619] Estimated Timing Summary | WNS=-13.148 | TNS=-1249.662 |
INFO: [Physopt 32-702] Processed net design_1_i/axi_cnn_ac_0/inst/inst_conv/mult_inst/NORM_STAGE/res2_carry_i_17_n_0. Optimizations did not improve timing on the net.
INFO: [Physopt 32-608] Optimized 1 net.  Swapped 19 pins.
INFO: [Physopt 32-735] Processed net design_1_i/axi_cnn_ac_0/inst/inst_conv/mult_inst/NORM_STAGE/res2_carry_i_61_n_0. Optimization improves timing on the net.
INFO: [Physopt 32-619] Estimated Timing Summary | WNS=-13.147 | TNS=-1249.150 |
INFO: [Physopt 32-702] Processed net design_1_i/axi_cnn_ac_0/inst/inst_dense2/MAC_UNIT/MULT_UNIT/NORM_STAGE/res2_carry_i_101__1_n_0. Optimizations did not improve timing on the net.
INFO: [Physopt 32-608] Optimized 1 net.  Swapped 24 pins.
INFO: [Physopt 32-735] Processed net design_1_i/axi_cnn_ac_0/inst/inst_dense2/MAC_UNIT/ADD_UNIT/ALIGN_STAGE/res2_carry_i_253__1_0. Optimization improves timing on the net.
INFO: [Physopt 32-619] Estimated Timing Summary | WNS=-13.143 | TNS=-1249.022 |
INFO: [Physopt 32-702] Processed net design_1_i/axi_cnn_ac_0/inst/inst_dense2/MAC_UNIT/MULT_UNIT/NORM_STAGE/res2_carry_i_140__1_n_0. Optimizations did not improve timing on the net.
INFO: [Physopt 32-663] Processed net design_1_i/axi_cnn_ac_0/inst/inst_dense2/MAC_UNIT/ADD_UNIT/ALIGN_STAGE/acc_reg_reg[26]_9.  Re-placed instance design_1_i/axi_cnn_ac_0/inst/inst_dense2/MAC_UNIT/ADD_UNIT/ALIGN_STAGE/res2_carry_i_207__1
INFO: [Physopt 32-735] Processed net design_1_i/axi_cnn_ac_0/inst/inst_dense2/MAC_UNIT/ADD_UNIT/ALIGN_STAGE/acc_reg_reg[26]_9. Optimization improves timing on the net.
INFO: [Physopt 32-619] Estimated Timing Summary | WNS=-13.143 | TNS=-1248.510 |
INFO: [Physopt 32-702] Processed net design_1_i/axi_cnn_ac_0/inst/inst_dense1/MAC_UNIT/ADD_UNIT/ALIGN_STAGE/res2_carry_i_308__0_n_0. Optimizations did not improve timing on the net.
INFO: [Physopt 32-702] Processed net design_1_i/axi_cnn_ac_0/inst/inst_dense1/MAC_UNIT/MULT_UNIT/NORM_STAGE/COUNT0_carry__0. Optimizations did not improve timing on the net.
INFO: [Physopt 32-702] Processed net design_1_i/axi_cnn_ac_0/inst/inst_dense1/MAC_UNIT/ADD_UNIT/ALIGN_STAGE/acc_reg_reg[30][3]. Optimizations did not improve timing on the net.
INFO: [Physopt 32-702] Processed net design_1_i/axi_cnn_ac_0/inst/inst_dense1/MAC_UNIT/MULT_UNIT/NORM_STAGE/curr_pixel_reg[28]_1[0]. Optimizations did not improve timing on the net.
INFO: [Physopt 32-702] Processed net design_1_i/axi_cnn_ac_0/inst/inst_dense1/MAC_UNIT/MULT_UNIT/NORM_STAGE/CO[0]. Optimizations did not improve timing on the net.
INFO: [Physopt 32-608] Optimized 1 net.  Swapped 13 pins.
INFO: [Physopt 32-735] Processed net design_1_i/axi_cnn_ac_0/inst/inst_dense1/MAC_UNIT/MULT_UNIT/NORM_STAGE/res_out1_carry_i_3__0_n_0. Optimization improves timing on the net.
INFO: [Physopt 32-619] Estimated Timing Summary | WNS=-13.134 | TNS=-1248.222 |
INFO: [Common 17-14] Message 'Physopt 32-619' appears 100 times and further instances of the messages will be disabled. Use the Tcl command set_msg_config to change the current settings.
INFO: [Physopt 32-702] Processed net design_1_i/axi_cnn_ac_0/inst/inst_dense1/MAC_UNIT/MULT_UNIT/NORM_STAGE/res_out1_carry_i_5__0_n_0. Optimizations did not improve timing on the net.
INFO: [Physopt 32-702] Processed net design_1_i/axi_cnn_ac_0/inst/inst_dense1/MAC_UNIT/MULT_UNIT/NORM_STAGE/__0_carry__0_n_6. Optimizations did not improve timing on the net.
INFO: [Physopt 32-702] Processed net design_1_i/axi_cnn_ac_0/inst/inst_dense1/MAC_UNIT/MULT_UNIT/EXEC_STAGE/curr_pixel_reg[24][1]. Optimizations did not improve timing on the net.
INFO: [Physopt 32-702] Processed net design_1_i/axi_cnn_ac_0/inst/inst_dense1/MAC_UNIT/MULT_UNIT/EXEC_STAGE/curr_weight_reg[24][0]. Optimizations did not improve timing on the net.
INFO: [Physopt 32-702] Processed net design_1_i/axi_cnn_ac_0/inst/inst_dense1/MAC_UNIT/MULT_UNIT/EXEC_STAGE/v_prod23_out[24]. Optimizations did not improve timing on the net.
INFO: [Physopt 32-702] Processed net design_1_i/axi_cnn_ac_0/inst/inst_dense1/MAC_UNIT/MULT_UNIT/EXEC_STAGE/temp_sign_a1_carry_i_34_n_0. Optimizations did not improve timing on the net.
INFO: [Physopt 32-702] Processed net design_1_i/axi_cnn_ac_0/inst/inst_dense1/MAC_UNIT/MULT_UNIT/EXEC_STAGE/temp_sign_a1_carry_i_30_n_0. Optimizations did not improve timing on the net.
INFO: [Physopt 32-702] Processed net design_1_i/axi_cnn_ac_0/inst/inst_dense1/MAC_UNIT/MULT_UNIT/EXEC_STAGE/temp_sign_a1_carry_i_58_n_7. Optimizations did not improve timing on the net.
INFO: [Physopt 32-702] Processed net design_1_i/axi_cnn_ac_0/inst/inst_dense1/MAC_UNIT/MULT_UNIT/EXEC_STAGE/temp_sign_a1_carry_i_95_n_0. Optimizations did not improve timing on the net.
INFO: [Physopt 32-702] Processed net design_1_i/axi_cnn_ac_0/inst/inst_dense1/MAC_UNIT/MULT_UNIT/EXEC_STAGE/temp_sign_a1_carry_i_91_n_0. Optimizations did not improve timing on the net.
INFO: [Physopt 32-702] Processed net design_1_i/axi_cnn_ac_0/inst/inst_dense1/MAC_UNIT/MULT_UNIT/EXEC_STAGE/temp_sign_a1_carry_i_199_n_6. Optimizations did not improve timing on the net.
INFO: [Physopt 32-608] Optimized 1 net.  Swapped 26 pins.
INFO: [Physopt 32-735] Processed net design_1_i/axi_cnn_ac_0/inst/inst_dense1/MAC_UNIT/MULT_UNIT/EXEC_STAGE/temp_sign_a1_carry_i_392_n_0. Optimization improves timing on the net.
INFO: [Physopt 32-608] Optimized 1 net.  Swapped 22 pins.
INFO: [Physopt 32-735] Processed net design_1_i/axi_cnn_ac_0/inst/inst_conv/mult_inst/NORM_STAGE/res2_carry_i_16_0_repN. Optimization improves timing on the net.
INFO: [Physopt 32-702] Processed net design_1_i/axi_cnn_ac_0/inst/inst_dense2/MAC_UNIT/MULT_UNIT/NORM_STAGE/res2_carry_i_146__1_n_0. Optimizations did not improve timing on the net.
INFO: [Physopt 32-702] Processed net design_1_i/axi_cnn_ac_0/inst/inst_dense2/MAC_UNIT/MULT_UNIT/EXEC_STAGE/acc_reg_reg[26]_4. Optimizations did not improve timing on the net.
INFO: [Physopt 32-663] Processed net design_1_i/axi_cnn_ac_0/inst/inst_dense2/MAC_UNIT/MULT_UNIT/EXEC_STAGE/acc_reg_reg[26]_5.  Re-placed instance design_1_i/axi_cnn_ac_0/inst/inst_dense2/MAC_UNIT/MULT_UNIT/EXEC_STAGE/res2_carry_i_221__1
INFO: [Physopt 32-735] Processed net design_1_i/axi_cnn_ac_0/inst/inst_dense2/MAC_UNIT/MULT_UNIT/EXEC_STAGE/acc_reg_reg[26]_5. Optimization improves timing on the net.
INFO: [Common 17-14] Message 'Physopt 32-735' appears 100 times and further instances of the messages will be disabled. Use the Tcl command set_msg_config to change the current settings.
INFO: [Physopt 32-702] Processed net design_1_i/axi_cnn_ac_0/inst/inst_conv/mult_inst/NORM_STAGE/res2_carry_i_16_0_repN. Optimizations did not improve timing on the net.
INFO: [Physopt 32-608] Optimized 1 net.  Swapped 20 pins.
INFO: [Physopt 32-702] Processed net design_1_i/axi_cnn_ac_0/inst/inst_conv/mult_inst/NORM_STAGE/res2_carry_i_16_0_repN_1. Optimizations did not improve timing on the net.
INFO: [Physopt 32-663] Processed net design_1_i/axi_cnn_ac_0/inst/inst_conv/mult_inst/NORM_STAGE/res2_carry_i_14_n_0.  Re-placed instance design_1_i/axi_cnn_ac_0/inst/inst_conv/mult_inst/NORM_STAGE/res2_carry_i_14
INFO: [Physopt 32-608] Optimized 1 net.  Swapped 26 pins.
INFO: [Physopt 32-608] Optimized 1 net.  Swapped 15 pins.
INFO: [Physopt 32-608] Optimized 1 net.  Swapped 20 pins.
INFO: [Physopt 32-702] Processed net design_1_i/axi_cnn_ac_0/inst/inst_conv/mult_inst/NORM_STAGE/res2_carry_i_41_n_0. Optimizations did not improve timing on the net.
INFO: [Physopt 32-702] Processed net design_1_i/axi_cnn_ac_0/inst/inst_conv/mult_inst/NORM_STAGE/res2_carry_i_63_n_0. Optimizations did not improve timing on the net.
INFO: [Physopt 32-702] Processed net design_1_i/axi_cnn_ac_0/inst/inst_conv/mult_inst/NORM_STAGE/res2_carry_i_70_n_0. Optimizations did not improve timing on the net.
INFO: [Physopt 32-702] Processed net design_1_i/axi_cnn_ac_0/inst/inst_conv/mult_inst/NORM_STAGE/res2_carry_i_127_n_0. Optimizations did not improve timing on the net.
INFO: [Physopt 32-702] Processed net design_1_i/axi_cnn_ac_0/inst/inst_conv/mult_inst/NORM_STAGE/res2_carry_i_198_n_0. Optimizations did not improve timing on the net.
INFO: [Physopt 32-702] Processed net design_1_i/axi_cnn_ac_0/inst/inst_conv/mult_inst/NORM_STAGE/res2_carry_i_277_n_0. Optimizations did not improve timing on the net.
INFO: [Physopt 32-702] Processed net design_1_i/axi_cnn_ac_0/inst/inst_conv/mult_inst/NORM_STAGE/res2_carry_i_365_n_0. Optimizations did not improve timing on the net.
INFO: [Physopt 32-702] Processed net design_1_i/axi_cnn_ac_0/inst/inst_conv/mult_inst/NORM_STAGE/res2_carry_i_303_n_0. Optimizations did not improve timing on the net.
INFO: [Physopt 32-702] Processed net design_1_i/axi_cnn_ac_0/inst/inst_conv/mult_inst/NORM_STAGE/res2_carry_i_384_n_0. Optimizations did not improve timing on the net.
INFO: [Physopt 32-702] Processed net design_1_i/axi_cnn_ac_0/inst/inst_conv/mult_inst/NORM_STAGE/res2_carry_i_265_n_0. Optimizations did not improve timing on the net.
INFO: [Physopt 32-608] Optimized 1 net.  Swapped 15 pins.
INFO: [Physopt 32-702] Processed net design_1_i/axi_cnn_ac_0/inst/inst_dense1/MAC_UNIT/MULT_UNIT/EXEC_STAGE/temp_sign_a1_carry_i_57_n_6. Optimizations did not improve timing on the net.
INFO: [Physopt 32-702] Processed net design_1_i/axi_cnn_ac_0/inst/inst_dense1/MAC_UNIT/MULT_UNIT/EXEC_STAGE/temp_sign_a1_carry_i_87_n_0. Optimizations did not improve timing on the net.
INFO: [Physopt 32-702] Processed net design_1_i/axi_cnn_ac_0/inst/inst_dense1/MAC_UNIT/MULT_UNIT/EXEC_STAGE/temp_sign_a1_carry_i_83_n_0. Optimizations did not improve timing on the net.
INFO: [Physopt 32-702] Processed net design_1_i/axi_cnn_ac_0/inst/inst_dense1/MAC_UNIT/MULT_UNIT/EXEC_STAGE/temp_sign_a1_carry_i_193_n_6. Optimizations did not improve timing on the net.
INFO: [Physopt 32-702] Processed net design_1_i/axi_cnn_ac_0/inst/inst_dense1/MAC_UNIT/MULT_UNIT/EXEC_STAGE/temp_sign_a1_carry_i_549_n_0. Optimizations did not improve timing on the net.
INFO: [Physopt 32-702] Processed net design_1_i/axi_cnn_ac_0/inst/inst_dense1/MAC_UNIT/MULT_UNIT/EXEC_STAGE/temp_sign_a1_carry_i_545__0_n_0. Optimizations did not improve timing on the net.
INFO: [Physopt 32-702] Processed net design_1_i/axi_cnn_ac_0/inst/inst_dense1/MAC_UNIT/MULT_UNIT/NORM_STAGE/D[21]. Optimizations did not improve timing on the net.
INFO: [Physopt 32-702] Processed net design_1_i/axi_cnn_ac_0/inst/inst_dense1/curr_pixel_reg_n_0_[4]. Optimizations did not improve timing on the net.
Netlist sorting complete. Time (s): cpu = 00:00:00 ; elapsed = 00:00:00.034 . Memory (MB): peak = 2920.715 ; gain = 0.113
Phase 3 Critical Path Optimization | Checksum: 20df6f33a

Time (s): cpu = 00:00:54 ; elapsed = 00:00:35 . Memory (MB): peak = 2920.715 ; gain = 129.742

Phase 4 Critical Path Optimization
INFO: [Physopt 32-702] Processed net design_1_i/axi_cnn_ac_0/inst/inst_dense1/MAC_UNIT/acc_out[21]. Optimizations did not improve timing on the net.
INFO: [Physopt 32-702] Processed net design_1_i/processing_system7_0/inst/FCLK_CLK1. Optimizations did not improve timing on the net.
INFO: [Physopt 32-81] Processed net design_1_i/axi_cnn_ac_0/inst/inst_dense1/MAC_UNIT/MULT_UNIT/NORM_STAGE/acc_reg[22]_i_4__0_n_0. Replicated 1 times.
INFO: [Physopt 32-702] Processed net design_1_i/axi_cnn_ac_0/inst/inst_dense1/MAC_UNIT/acc_out[10]. Optimizations did not improve timing on the net.
INFO: [Physopt 32-702] Processed net design_1_i/axi_cnn_ac_0/inst/inst_dense1/MAC_UNIT/MULT_UNIT/NORM_STAGE/acc_reg[22]_i_4__0_n_0. Optimizations did not improve timing on the net.
INFO: [Physopt 32-702] Processed net design_1_i/axi_cnn_ac_0/inst/inst_dense1/MAC_UNIT/ADD_UNIT/NORM_STAGE/res2_carry__1_0[0]. Optimizations did not improve timing on the net.
INFO: [Physopt 32-702] Processed net design_1_i/axi_cnn_ac_0/inst/inst_dense1/MAC_UNIT/ADD_UNIT/NORM_STAGE/res1_carry__1_n_0. Optimizations did not improve timing on the net.
INFO: [Physopt 32-702] Processed net design_1_i/axi_cnn_ac_0/inst/inst_dense1/MAC_UNIT/ADD_UNIT/NORM_STAGE/res1_carry__0_n_0. Optimizations did not improve timing on the net.
INFO: [Physopt 32-702] Processed net design_1_i/axi_cnn_ac_0/inst/inst_dense1/MAC_UNIT/ADD_UNIT/NORM_STAGE/res1_carry_n_0. Optimizations did not improve timing on the net.
INFO: [Physopt 32-702] Processed net design_1_i/axi_cnn_ac_0/inst/inst_dense1/MAC_UNIT/MULT_UNIT/NORM_STAGE/res2_carry__1_2[0]. Optimizations did not improve timing on the net.
INFO: [Physopt 32-702] Processed net design_1_i/axi_cnn_ac_0/inst/inst_dense1/MAC_UNIT/ADD_UNIT/NORM_STAGE/res2_carry__1_i_2__0[0]. Optimizations did not improve timing on the net.
INFO: [Physopt 32-702] Processed net design_1_i/axi_cnn_ac_0/inst/inst_dense1/MAC_UNIT/ADD_UNIT/NORM_STAGE/res2_carry__0_n_0. Optimizations did not improve timing on the net.
INFO: [Physopt 32-702] Processed net design_1_i/axi_cnn_ac_0/inst/inst_dense1/MAC_UNIT/ADD_UNIT/NORM_STAGE/res2_carry_n_0. Optimizations did not improve timing on the net.
INFO: [Physopt 32-702] Processed net design_1_i/axi_cnn_ac_0/inst/inst_dense1/MAC_UNIT/MULT_UNIT/NORM_STAGE/res2_carry_i_22__0_0. Optimizations did not improve timing on the net.
INFO: [Physopt 32-702] Processed net design_1_i/axi_cnn_ac_0/inst/inst_dense1/MAC_UNIT/MULT_UNIT/NORM_STAGE/res2_carry_i_22__0_n_0. Optimizations did not improve timing on the net.
INFO: [Physopt 32-710] Processed net design_1_i/axi_cnn_ac_0/inst/inst_dense1/MAC_UNIT/MULT_UNIT/NORM_STAGE/res2_carry_i_22__0_n_0. Critical path length was reduced through logic transformation on cell design_1_i/axi_cnn_ac_0/inst/inst_dense1/MAC_UNIT/MULT_UNIT/NORM_STAGE/res2_carry_i_22__0_comp.
INFO: [Physopt 32-702] Processed net design_1_i/axi_cnn_ac_0/inst/inst_dense2/MAC_UNIT/acc_out[13]. Optimizations did not improve timing on the net.
INFO: [Physopt 32-702] Processed net design_1_i/axi_cnn_ac_0/inst/inst_dense2/MAC_UNIT/MULT_UNIT/NORM_STAGE/acc_reg[22]_i_4__1_n_0. Optimizations did not improve timing on the net.
INFO: [Physopt 32-702] Processed net design_1_i/axi_cnn_ac_0/inst/inst_dense2/MAC_UNIT/ADD_UNIT/NORM_STAGE/res2_carry__1_1[0]. Optimizations did not improve timing on the net.
INFO: [Physopt 32-702] Processed net design_1_i/axi_cnn_ac_0/inst/inst_dense2/MAC_UNIT/ADD_UNIT/NORM_STAGE/res1_inferred__0/i__carry__1_n_0. Optimizations did not improve timing on the net.
INFO: [Physopt 32-702] Processed net design_1_i/axi_cnn_ac_0/inst/inst_dense2/MAC_UNIT/ADD_UNIT/NORM_STAGE/res1_inferred__0/i__carry__0_n_0. Optimizations did not improve timing on the net.
INFO: [Physopt 32-702] Processed net design_1_i/axi_cnn_ac_0/inst/inst_dense2/MAC_UNIT/ADD_UNIT/NORM_STAGE/res1_inferred__0/i__carry_n_0. Optimizations did not improve timing on the net.
INFO: [Physopt 32-702] Processed net design_1_i/axi_cnn_ac_0/inst/inst_dense2/MAC_UNIT/ADD_UNIT/NORM_STAGE/i__carry_i_4__3_n_0. Optimizations did not improve timing on the net.
INFO: [Physopt 32-702] Processed net design_1_i/axi_cnn_ac_0/inst/inst_dense2/MAC_UNIT/ADD_UNIT/NORM_STAGE/res2_carry__0_i_8__1[1]. Optimizations did not improve timing on the net.
INFO: [Physopt 32-702] Processed net design_1_i/axi_cnn_ac_0/inst/inst_dense2/MAC_UNIT/ADD_UNIT/NORM_STAGE/res2_carry_n_0. Optimizations did not improve timing on the net.
INFO: [Physopt 32-702] Processed net design_1_i/axi_cnn_ac_0/inst/inst_dense2/MAC_UNIT/MULT_UNIT/NORM_STAGE/res2_carry_i_22__1_0. Optimizations did not improve timing on the net.
INFO: [Physopt 32-702] Processed net design_1_i/axi_cnn_ac_0/inst/inst_dense2/MAC_UNIT/MULT_UNIT/NORM_STAGE/res2_carry_i_17__1_n_0. Optimizations did not improve timing on the net.
INFO: [Physopt 32-702] Processed net design_1_i/axi_cnn_ac_0/inst/inst_dense2/MAC_UNIT/MULT_UNIT/NORM_STAGE/res2_carry_i_59__1_n_0. Optimizations did not improve timing on the net.
INFO: [Physopt 32-702] Processed net design_1_i/axi_cnn_ac_0/inst/inst_dense2/MAC_UNIT/MULT_UNIT/NORM_STAGE/res2_carry_i_109__1_n_0. Optimizations did not improve timing on the net.
INFO: [Physopt 32-702] Processed net design_1_i/axi_cnn_ac_0/inst/inst_dense2/MAC_UNIT/MULT_UNIT/NORM_STAGE/res2_carry_i_63__1_n_0. Optimizations did not improve timing on the net.
INFO: [Physopt 32-710] Processed net design_1_i/axi_cnn_ac_0/inst/inst_dense2/MAC_UNIT/MULT_UNIT/NORM_STAGE/res2_carry_i_63__1_n_0. Critical path length was reduced through logic transformation on cell design_1_i/axi_cnn_ac_0/inst/inst_dense2/MAC_UNIT/MULT_UNIT/NORM_STAGE/res2_carry_i_63__1_comp.
INFO: [Physopt 32-702] Processed net design_1_i/axi_cnn_ac_0/inst/inst_dense2/MAC_UNIT/MULT_UNIT/NORM_STAGE/res2_carry_i_16__1_0. Optimizations did not improve timing on the net.
INFO: [Physopt 32-608] Optimized 1 net.  Swapped 23 pins.
INFO: [Physopt 32-663] Processed net design_1_i/axi_cnn_ac_0/inst/inst_dense2/MAC_UNIT/MULT_UNIT/NORM_STAGE/res2_carry_i_15__1_n_0.  Re-placed instance design_1_i/axi_cnn_ac_0/inst/inst_dense2/MAC_UNIT/MULT_UNIT/NORM_STAGE/res2_carry_i_15__1
INFO: [Physopt 32-702] Processed net design_1_i/axi_cnn_ac_0/inst/inst_dense1/MAC_UNIT/MULT_UNIT/NORM_STAGE/res2_carry_i_20__0_n_0. Optimizations did not improve timing on the net.
INFO: [Physopt 32-702] Processed net design_1_i/axi_cnn_ac_0/inst/inst_dense1/MAC_UNIT/MULT_UNIT/NORM_STAGE/res2_carry_i_67__0_n_0. Optimizations did not improve timing on the net.
INFO: [Physopt 32-608] Optimized 1 net.  Swapped 22 pins.
INFO: [Physopt 32-702] Processed net design_1_i/axi_cnn_ac_0/inst/inst_dense1/MAC_UNIT/MULT_UNIT/NORM_STAGE/res2_carry_i_16__0_0. Optimizations did not improve timing on the net.
INFO: [Physopt 32-608] Optimized 1 net.  Swapped 17 pins.
INFO: [Physopt 32-702] Processed net design_1_i/axi_cnn_ac_0/inst/inst_dense1/MAC_UNIT/MULT_UNIT/NORM_STAGE/res2_carry_i_68__0_n_0. Optimizations did not improve timing on the net.
INFO: [Physopt 32-710] Processed net design_1_i/axi_cnn_ac_0/inst/inst_dense1/MAC_UNIT/MULT_UNIT/NORM_STAGE/res2_carry_i_68__0_n_0. Critical path length was reduced through logic transformation on cell design_1_i/axi_cnn_ac_0/inst/inst_dense1/MAC_UNIT/MULT_UNIT/NORM_STAGE/res2_carry_i_68__0_comp.
INFO: [Physopt 32-608] Optimized 1 net.  Swapped 21 pins.
INFO: [Physopt 32-663] Processed net design_1_i/axi_cnn_ac_0/inst/inst_dense2/MAC_UNIT/MULT_UNIT/NORM_STAGE/res2_carry_i_11__1_n_0.  Re-placed instance design_1_i/axi_cnn_ac_0/inst/inst_dense2/MAC_UNIT/MULT_UNIT/NORM_STAGE/res2_carry_i_11__1
INFO: [Physopt 32-710] Processed net design_1_i/axi_cnn_ac_0/inst/inst_dense1/MAC_UNIT/MULT_UNIT/NORM_STAGE/res2_carry_i_68__0_n_0. Critical path length was reduced through logic transformation on cell design_1_i/axi_cnn_ac_0/inst/inst_dense1/MAC_UNIT/MULT_UNIT/NORM_STAGE/res2_carry_i_68__0_comp_1.
INFO: [Physopt 32-702] Processed net design_1_i/axi_cnn_ac_0/inst/inst_dense1/MAC_UNIT/MULT_UNIT/NORM_STAGE/res2_carry_i_17__0_n_0_repN. Optimizations did not improve timing on the net.
INFO: [Physopt 32-710] Processed net design_1_i/axi_cnn_ac_0/inst/inst_dense1/MAC_UNIT/MULT_UNIT/NORM_STAGE/res2_carry_i_17__0_n_0_repN. Critical path length was reduced through logic transformation on cell design_1_i/axi_cnn_ac_0/inst/inst_dense1/MAC_UNIT/MULT_UNIT/NORM_STAGE/res2_carry_i_17__0_comp_2.
INFO: [Physopt 32-702] Processed net design_1_i/axi_cnn_ac_0/inst/inst_dense1/MAC_UNIT/MULT_UNIT/NORM_STAGE/res2_carry_i_61__0_n_0. Optimizations did not improve timing on the net.
INFO: [Physopt 32-710] Processed net design_1_i/axi_cnn_ac_0/inst/inst_dense1/MAC_UNIT/MULT_UNIT/NORM_STAGE/res2_carry_i_61__0_n_0. Critical path length was reduced through logic transformation on cell design_1_i/axi_cnn_ac_0/inst/inst_dense1/MAC_UNIT/MULT_UNIT/NORM_STAGE/res2_carry_i_61__0_comp.
INFO: [Physopt 32-702] Processed net design_1_i/axi_cnn_ac_0/inst/inst_conv/a[23]. Optimizations did not improve timing on the net.
INFO: [Physopt 32-702] Processed net design_1_i/axi_cnn_ac_0/inst/inst_conv/mult_inst/NORM_STAGE/acc_reg[31]_i_4_n_0_repN. Optimizations did not improve timing on the net.
INFO: [Physopt 32-702] Processed net design_1_i/axi_cnn_ac_0/inst/inst_conv/add_inst/NORM_STAGE/res2_carry__1_1[0]. Optimizations did not improve timing on the net.
INFO: [Physopt 32-702] Processed net design_1_i/axi_cnn_ac_0/inst/inst_conv/add_inst/NORM_STAGE/res1_inferred__0/i__carry__1_n_0. Optimizations did not improve timing on the net.
INFO: [Physopt 32-702] Processed net design_1_i/axi_cnn_ac_0/inst/inst_conv/add_inst/NORM_STAGE/res1_inferred__0/i__carry__0_n_0. Optimizations did not improve timing on the net.
INFO: [Physopt 32-702] Processed net design_1_i/axi_cnn_ac_0/inst/inst_conv/add_inst/NORM_STAGE/res1_inferred__0/i__carry_n_0. Optimizations did not improve timing on the net.
INFO: [Physopt 32-702] Processed net design_1_i/axi_cnn_ac_0/inst/inst_conv/add_inst/NORM_STAGE/i__carry_i_4_n_0. Optimizations did not improve timing on the net.
INFO: [Physopt 32-702] Processed net design_1_i/axi_cnn_ac_0/inst/inst_conv/add_inst/NORM_STAGE/res2_carry__0_i_8[1]. Optimizations did not improve timing on the net.
INFO: [Physopt 32-702] Processed net design_1_i/axi_cnn_ac_0/inst/inst_conv/add_inst/NORM_STAGE/res2_carry_n_0. Optimizations did not improve timing on the net.
INFO: [Physopt 32-702] Processed net design_1_i/axi_cnn_ac_0/inst/inst_conv/mult_inst/NORM_STAGE/acc_reg_reg[26]_0[0]. Optimizations did not improve timing on the net.
INFO: [Physopt 32-702] Processed net design_1_i/axi_cnn_ac_0/inst/inst_conv/mult_inst/NORM_STAGE/res2_carry_i_22_0. Optimizations did not improve timing on the net.
INFO: [Physopt 32-702] Processed net design_1_i/axi_cnn_ac_0/inst/inst_conv/mult_inst/NORM_STAGE/res2_carry_i_17_n_0. Optimizations did not improve timing on the net.
INFO: [Physopt 32-702] Processed net design_1_i/axi_cnn_ac_0/inst/inst_conv/mult_inst/NORM_STAGE/res2_carry_i_41_n_0. Optimizations did not improve timing on the net.
INFO: [Physopt 32-710] Processed net design_1_i/axi_cnn_ac_0/inst/inst_conv/mult_inst/NORM_STAGE/res2_carry_i_41_n_0. Critical path length was reduced through logic transformation on cell design_1_i/axi_cnn_ac_0/inst/inst_conv/mult_inst/NORM_STAGE/res2_carry_i_41_comp.
INFO: [Physopt 32-702] Processed net design_1_i/axi_cnn_ac_0/inst/inst_conv/mult_inst/NORM_STAGE/res2_carry_i_20_n_0. Optimizations did not improve timing on the net.
INFO: [Physopt 32-702] Processed net design_1_i/axi_cnn_ac_0/inst/inst_conv/mult_inst/NORM_STAGE/res2_carry_i_66_n_0. Optimizations did not improve timing on the net.
INFO: [Physopt 32-710] Processed net design_1_i/axi_cnn_ac_0/inst/inst_conv/mult_inst/NORM_STAGE/res2_carry_i_66_n_0. Critical path length was reduced through logic transformation on cell design_1_i/axi_cnn_ac_0/inst/inst_conv/mult_inst/NORM_STAGE/res2_carry_i_66_comp.
INFO: [Physopt 32-702] Processed net design_1_i/axi_cnn_ac_0/inst/inst_dense2/MAC_UNIT/MULT_UNIT/NORM_STAGE/res2_carry_i_20__1_n_0. Optimizations did not improve timing on the net.
INFO: [Physopt 32-702] Processed net design_1_i/axi_cnn_ac_0/inst/inst_dense2/MAC_UNIT/MULT_UNIT/NORM_STAGE/res2_carry_i_67__1_n_0. Optimizations did not improve timing on the net.
INFO: [Physopt 32-663] Processed net design_1_i/axi_cnn_ac_0/inst/inst_dense2/MAC_UNIT/MULT_UNIT/NORM_STAGE/res2_carry_i_52__1_n_0.  Re-placed instance design_1_i/axi_cnn_ac_0/inst/inst_dense2/MAC_UNIT/MULT_UNIT/NORM_STAGE/res2_carry_i_52__1
INFO: [Physopt 32-702] Processed net design_1_i/axi_cnn_ac_0/inst/inst_dense1/MAC_UNIT/MULT_UNIT/NORM_STAGE/res2_carry_i_59__0_n_0. Optimizations did not improve timing on the net.
INFO: [Physopt 32-702] Processed net design_1_i/axi_cnn_ac_0/inst/inst_dense1/MAC_UNIT/MULT_UNIT/NORM_STAGE/res2_carry_i_109__0_n_0. Optimizations did not improve timing on the net.
INFO: [Physopt 32-702] Processed net design_1_i/axi_cnn_ac_0/inst/inst_dense1/MAC_UNIT/MULT_UNIT/NORM_STAGE/res2_carry_i_63__0_n_0. Optimizations did not improve timing on the net.
INFO: [Physopt 32-710] Processed net design_1_i/axi_cnn_ac_0/inst/inst_dense1/MAC_UNIT/MULT_UNIT/NORM_STAGE/res2_carry_i_63__0_n_0. Critical path length was reduced through logic transformation on cell design_1_i/axi_cnn_ac_0/inst/inst_dense1/MAC_UNIT/MULT_UNIT/NORM_STAGE/res2_carry_i_63__0_comp.
INFO: [Physopt 32-663] Processed net design_1_i/axi_cnn_ac_0/inst/inst_dense2/MAC_UNIT/MULT_UNIT/NORM_STAGE/res2_carry_i_66__1_n_0.  Re-placed instance design_1_i/axi_cnn_ac_0/inst/inst_dense2/MAC_UNIT/MULT_UNIT/NORM_STAGE/res2_carry_i_66__1
INFO: [Physopt 32-608] Optimized 1 net.  Swapped 17 pins.
INFO: [Physopt 32-702] Processed net design_1_i/axi_cnn_ac_0/inst/inst_conv/mult_inst/NORM_STAGE/res2_carry_i_22_n_0. Optimizations did not improve timing on the net.
INFO: [Physopt 32-710] Processed net design_1_i/axi_cnn_ac_0/inst/inst_conv/mult_inst/NORM_STAGE/res2_carry_i_22_n_0. Critical path length was reduced through logic transformation on cell design_1_i/axi_cnn_ac_0/inst/inst_conv/mult_inst/NORM_STAGE/res2_carry_i_22_comp.
INFO: [Physopt 32-702] Processed net design_1_i/axi_cnn_ac_0/inst/inst_conv/mult_inst/NORM_STAGE/res2_carry_i_59_n_0. Optimizations did not improve timing on the net.
INFO: [Physopt 32-702] Processed net design_1_i/axi_cnn_ac_0/inst/inst_conv/mult_inst/NORM_STAGE/res2_carry_i_109_n_0. Optimizations did not improve timing on the net.
INFO: [Physopt 32-710] Processed net design_1_i/axi_cnn_ac_0/inst/inst_conv/mult_inst/NORM_STAGE/res2_carry_i_109_n_0. Critical path length was reduced through logic transformation on cell design_1_i/axi_cnn_ac_0/inst/inst_conv/mult_inst/NORM_STAGE/res2_carry_i_109_comp.
INFO: [Physopt 32-702] Processed net design_1_i/axi_cnn_ac_0/inst/inst_conv/mult_inst/NORM_STAGE/res2_carry_i_108_n_0. Optimizations did not improve timing on the net.
INFO: [Physopt 32-702] Processed net design_1_i/axi_cnn_ac_0/inst/inst_conv/mult_inst/NORM_STAGE/res2_carry_i_28_n_0. Optimizations did not improve timing on the net.
INFO: [Physopt 32-702] Processed net design_1_i/axi_cnn_ac_0/inst/inst_conv/mult_inst/NORM_STAGE/res2_carry_i_70_n_0. Optimizations did not improve timing on the net.
INFO: [Physopt 32-710] Processed net design_1_i/axi_cnn_ac_0/inst/inst_conv/mult_inst/NORM_STAGE/res2_carry_i_70_n_0. Critical path length was reduced through logic transformation on cell design_1_i/axi_cnn_ac_0/inst/inst_conv/mult_inst/NORM_STAGE/res2_carry_i_70_comp.
INFO: [Physopt 32-702] Processed net design_1_i/axi_cnn_ac_0/inst/inst_conv/mult_inst/NORM_STAGE/res2_carry_i_68_n_0. Optimizations did not improve timing on the net.
INFO: [Physopt 32-710] Processed net design_1_i/axi_cnn_ac_0/inst/inst_conv/mult_inst/NORM_STAGE/res2_carry_i_68_n_0. Critical path length was reduced through logic transformation on cell design_1_i/axi_cnn_ac_0/inst/inst_conv/mult_inst/NORM_STAGE/res2_carry_i_68_comp.
INFO: [Physopt 32-702] Processed net design_1_i/axi_cnn_ac_0/inst/inst_dense2/MAC_UNIT/MULT_UNIT/NORM_STAGE/res2_carry_i_110__1_n_0. Optimizations did not improve timing on the net.
INFO: [Physopt 32-702] Processed net design_1_i/axi_cnn_ac_0/inst/inst_dense2/MAC_UNIT/MULT_UNIT/NORM_STAGE/res2_carry_i_28__1_n_0. Optimizations did not improve timing on the net.
INFO: [Physopt 32-702] Processed net design_1_i/axi_cnn_ac_0/inst/inst_dense2/MAC_UNIT/MULT_UNIT/NORM_STAGE/res2_carry_i_70__1_n_0. Optimizations did not improve timing on the net.
INFO: [Physopt 32-710] Processed net design_1_i/axi_cnn_ac_0/inst/inst_dense2/MAC_UNIT/MULT_UNIT/NORM_STAGE/res2_carry_i_70__1_n_0. Critical path length was reduced through logic transformation on cell design_1_i/axi_cnn_ac_0/inst/inst_dense2/MAC_UNIT/MULT_UNIT/NORM_STAGE/res2_carry_i_70__1_comp_2.
INFO: [Physopt 32-702] Processed net design_1_i/axi_cnn_ac_0/inst/inst_dense2/MAC_UNIT/MULT_UNIT/NORM_STAGE/res2_carry_i_66__1_n_0. Optimizations did not improve timing on the net.
INFO: [Physopt 32-663] Processed net design_1_i/axi_cnn_ac_0/inst/inst_dense2/MAC_UNIT/MULT_UNIT/NORM_STAGE/res2_carry_i_121__1_n_0.  Re-placed instance design_1_i/axi_cnn_ac_0/inst/inst_dense2/MAC_UNIT/MULT_UNIT/NORM_STAGE/res2_carry_i_121__1
INFO: [Physopt 32-702] Processed net design_1_i/axi_cnn_ac_0/inst/inst_dense1/MAC_UNIT/MULT_UNIT/NORM_STAGE/res2_carry_i_66__0_n_0. Optimizations did not improve timing on the net.
INFO: [Physopt 32-710] Processed net design_1_i/axi_cnn_ac_0/inst/inst_dense1/MAC_UNIT/MULT_UNIT/NORM_STAGE/res2_carry_i_66__0_n_0. Critical path length was reduced through logic transformation on cell design_1_i/axi_cnn_ac_0/inst/inst_dense1/MAC_UNIT/MULT_UNIT/NORM_STAGE/res2_carry_i_66__0_comp.
INFO: [Physopt 32-608] Optimized 1 net.  Swapped 22 pins.
INFO: [Physopt 32-710] Processed net design_1_i/axi_cnn_ac_0/inst/inst_dense2/MAC_UNIT/MULT_UNIT/NORM_STAGE/res2_carry_i_66__1_n_0. Critical path length was reduced through logic transformation on cell design_1_i/axi_cnn_ac_0/inst/inst_dense2/MAC_UNIT/MULT_UNIT/NORM_STAGE/res2_carry_i_66__1_comp.
INFO: [Physopt 32-81] Processed net design_1_i/axi_cnn_ac_0/inst/inst_dense2/MAC_UNIT/MULT_UNIT/NORM_STAGE/res2_carry_i_35__1_n_0. Replicated 1 times.
INFO: [Physopt 32-702] Processed net design_1_i/axi_cnn_ac_0/inst/inst_dense2/MAC_UNIT/MULT_UNIT/NORM_STAGE/res2_carry_i_127__1_n_0. Optimizations did not improve timing on the net.
INFO: [Physopt 32-702] Processed net design_1_i/axi_cnn_ac_0/inst/inst_dense2/MAC_UNIT/MULT_UNIT/NORM_STAGE/res2_carry_i_198__1_n_0. Optimizations did not improve timing on the net.
INFO: [Physopt 32-702] Processed net design_1_i/axi_cnn_ac_0/inst/inst_dense2/MAC_UNIT/MULT_UNIT/NORM_STAGE/res2_carry_i_277__1_n_0. Optimizations did not improve timing on the net.
INFO: [Physopt 32-702] Processed net design_1_i/axi_cnn_ac_0/inst/inst_dense2/MAC_UNIT/MULT_UNIT/NORM_STAGE/res2_carry_i_365__1_n_0. Optimizations did not improve timing on the net.
INFO: [Physopt 32-702] Processed net design_1_i/axi_cnn_ac_0/inst/inst_dense2/MAC_UNIT/MULT_UNIT/NORM_STAGE/res2_carry_i_303__1_n_0. Optimizations did not improve timing on the net.
INFO: [Physopt 32-702] Processed net design_1_i/axi_cnn_ac_0/inst/inst_dense2/MAC_UNIT/MULT_UNIT/NORM_STAGE/res2_carry_i_384__1_n_0. Optimizations did not improve timing on the net.
INFO: [Physopt 32-702] Processed net design_1_i/axi_cnn_ac_0/inst/inst_dense2/MAC_UNIT/MULT_UNIT/NORM_STAGE/res2_carry_i_265__1_n_0. Optimizations did not improve timing on the net.
INFO: [Physopt 32-702] Processed net design_1_i/axi_cnn_ac_0/inst/inst_dense2/MAC_UNIT/MULT_UNIT/NORM_STAGE/res2_carry_i_146__1_n_0. Optimizations did not improve timing on the net.
INFO: [Physopt 32-702] Processed net design_1_i/axi_cnn_ac_0/inst/inst_dense2/MAC_UNIT/MULT_UNIT/EXEC_STAGE/acc_reg_reg[26]_4. Optimizations did not improve timing on the net.
INFO: [Physopt 32-710] Processed net design_1_i/axi_cnn_ac_0/inst/inst_dense2/MAC_UNIT/MULT_UNIT/EXEC_STAGE/acc_reg_reg[26]_4. Critical path length was reduced through logic transformation on cell design_1_i/axi_cnn_ac_0/inst/inst_dense2/MAC_UNIT/MULT_UNIT/EXEC_STAGE/res2_carry_i_213__1_comp.
INFO: [Physopt 32-702] Processed net design_1_i/axi_cnn_ac_0/inst/inst_conv/mult_inst/NORM_STAGE/res2_carry_i_198_n_0. Optimizations did not improve timing on the net.
INFO: [Physopt 32-702] Processed net design_1_i/axi_cnn_ac_0/inst/inst_conv/mult_inst/NORM_STAGE/res2_carry_i_277_n_0. Optimizations did not improve timing on the net.
INFO: [Physopt 32-702] Processed net design_1_i/axi_cnn_ac_0/inst/inst_conv/mult_inst/NORM_STAGE/res2_carry_i_365_n_0. Optimizations did not improve timing on the net.
INFO: [Physopt 32-702] Processed net design_1_i/axi_cnn_ac_0/inst/inst_conv/mult_inst/NORM_STAGE/res2_carry_i_303_n_0. Optimizations did not improve timing on the net.
INFO: [Physopt 32-702] Processed net design_1_i/axi_cnn_ac_0/inst/inst_conv/mult_inst/NORM_STAGE/res2_carry_i_384_n_0. Optimizations did not improve timing on the net.
INFO: [Physopt 32-702] Processed net design_1_i/axi_cnn_ac_0/inst/inst_conv/mult_inst/NORM_STAGE/res2_carry_i_265_n_0. Optimizations did not improve timing on the net.
INFO: [Physopt 32-702] Processed net design_1_i/axi_cnn_ac_0/inst/inst_conv/mult_inst/NORM_STAGE/res2_carry_i_354_n_0. Optimizations did not improve timing on the net.
INFO: [Physopt 32-608] Optimized 1 net.  Swapped 24 pins.
INFO: [Physopt 32-702] Processed net design_1_i/axi_cnn_ac_0/inst/inst_dense2/MAC_UNIT/MULT_UNIT/NORM_STAGE/res2_carry_i_354__1_n_0. Optimizations did not improve timing on the net.
INFO: [Physopt 32-81] Processed net design_1_i/axi_cnn_ac_0/inst/inst_dense2/MAC_UNIT/MULT_UNIT/NORM_STAGE/res2_carry_i_135__1_n_0. Replicated 1 times.
INFO: [Physopt 32-663] Processed net design_1_i/axi_cnn_ac_0/inst/inst_conv/mult_inst/NORM_STAGE/res2_carry_i_353_n_0.  Re-placed instance design_1_i/axi_cnn_ac_0/inst/inst_conv/mult_inst/NORM_STAGE/res2_carry_i_353
INFO: [Physopt 32-81] Processed net design_1_i/axi_cnn_ac_0/inst/inst_dense1/MAC_UNIT/MULT_UNIT/NORM_STAGE/res2_carry_i_53__0_n_0. Replicated 1 times.
INFO: [Physopt 32-702] Processed net design_1_i/axi_cnn_ac_0/inst/inst_dense2/MAC_UNIT/MULT_UNIT/NORM_STAGE/res2_carry_i_140__1_n_0. Optimizations did not improve timing on the net.
INFO: [Physopt 32-608] Optimized 1 net.  Swapped 17 pins.
INFO: [Physopt 32-702] Processed net design_1_i/axi_cnn_ac_0/inst/inst_dense1/MAC_UNIT/MULT_UNIT/NORM_STAGE/res2_carry_i_35__0_n_0. Optimizations did not improve timing on the net.
INFO: [Physopt 32-710] Processed net design_1_i/axi_cnn_ac_0/inst/inst_dense1/MAC_UNIT/MULT_UNIT/NORM_STAGE/res2_carry_i_35__0_n_0. Critical path length was reduced through logic transformation on cell design_1_i/axi_cnn_ac_0/inst/inst_dense1/MAC_UNIT/MULT_UNIT/NORM_STAGE/res2_carry_i_35__0_comp_1.
INFO: [Physopt 32-608] Optimized 1 net.  Swapped 16 pins.
INFO: [Physopt 32-702] Processed net design_1_i/axi_cnn_ac_0/inst/inst_dense2/MAC_UNIT/MULT_UNIT/NORM_STAGE/res2_carry_i_135__1_n_0. Optimizations did not improve timing on the net.
INFO: [Physopt 32-702] Processed net design_1_i/axi_cnn_ac_0/inst/inst_dense2/MAC_UNIT/MULT_UNIT/NORM_STAGE/res2_carry_i_101__1_n_0. Optimizations did not improve timing on the net.
INFO: [Physopt 32-702] Processed net design_1_i/axi_cnn_ac_0/inst/inst_dense2/MAC_UNIT/MULT_UNIT/NORM_STAGE/res2_carry_i_179__1_n_0. Optimizations did not improve timing on the net.
INFO: [Physopt 32-81] Processed net design_1_i/axi_cnn_ac_0/inst/inst_dense2/MAC_UNIT/MULT_UNIT/NORM_STAGE/acc_reg_reg[26]_11. Replicated 1 times.
INFO: [Physopt 32-81] Processed net design_1_i/axi_cnn_ac_0/inst/inst_conv/mult_inst/NORM_STAGE/res2_carry_i_140_n_0. Replicated 1 times.
INFO: [Physopt 32-608] Optimized 1 net.  Swapped 24 pins.
INFO: [Physopt 32-608] Optimized 1 net.  Swapped 20 pins.
INFO: [Physopt 32-608] Optimized 1 net.  Swapped 23 pins.
INFO: [Physopt 32-702] Processed net design_1_i/axi_cnn_ac_0/inst/inst_dense2/MAC_UNIT/MULT_UNIT/NORM_STAGE/res2_carry_i_99__1_n_0. Optimizations did not improve timing on the net.
INFO: [Physopt 32-608] Optimized 1 net.  Swapped 20 pins.
INFO: [Physopt 32-702] Processed net design_1_i/axi_cnn_ac_0/inst/inst_dense2/MAC_UNIT/MULT_UNIT/NORM_STAGE/res2_carry_i_353__1_n_0. Optimizations did not improve timing on the net.
INFO: [Physopt 32-710] Processed net design_1_i/axi_cnn_ac_0/inst/inst_dense2/MAC_UNIT/MULT_UNIT/NORM_STAGE/res2_carry_i_353__1_n_0. Critical path length was reduced through logic transformation on cell design_1_i/axi_cnn_ac_0/inst/inst_dense2/MAC_UNIT/MULT_UNIT/NORM_STAGE/res2_carry_i_353__1_comp.
INFO: [Physopt 32-608] Optimized 1 net.  Swapped 20 pins.
INFO: [Physopt 32-663] Processed net design_1_i/axi_cnn_ac_0/inst/inst_dense2/MAC_UNIT/ADD_UNIT/ALIGN_STAGE/acc_reg_reg[26]_0.  Re-placed instance design_1_i/axi_cnn_ac_0/inst/inst_dense2/MAC_UNIT/ADD_UNIT/ALIGN_STAGE/res2_carry_i_196__1
INFO: [Physopt 32-702] Processed net design_1_i/axi_cnn_ac_0/inst/inst_dense1/MAC_UNIT/MULT_UNIT/NORM_STAGE/res2_carry_i_108__0_n_0. Optimizations did not improve timing on the net.
INFO: [Physopt 32-710] Processed net design_1_i/axi_cnn_ac_0/inst/inst_dense1/MAC_UNIT/MULT_UNIT/NORM_STAGE/res2_carry_i_108__0_n_0. Critical path length was reduced through logic transformation on cell design_1_i/axi_cnn_ac_0/inst/inst_dense1/MAC_UNIT/MULT_UNIT/NORM_STAGE/res2_carry_i_108__0_comp.
INFO: [Physopt 32-710] Processed net design_1_i/axi_cnn_ac_0/inst/inst_dense2/MAC_UNIT/MULT_UNIT/NORM_STAGE/res2_carry_i_353__1_n_0. Critical path length was reduced through logic transformation on cell design_1_i/axi_cnn_ac_0/inst/inst_dense2/MAC_UNIT/MULT_UNIT/NORM_STAGE/res2_carry_i_353__1_comp_1.
INFO: [Physopt 32-663] Processed net design_1_i/axi_cnn_ac_0/inst/inst_conv/mult_inst/NORM_STAGE/res2_carry_i_140_n_0_repN.  Re-placed instance design_1_i/axi_cnn_ac_0/inst/inst_conv/mult_inst/NORM_STAGE/res2_carry_i_140_replica
INFO: [Physopt 32-702] Processed net design_1_i/axi_cnn_ac_0/inst/inst_dense2/MAC_UNIT/MULT_UNIT/NORM_STAGE/res2_carry_i_175__1_n_0. Optimizations did not improve timing on the net.
INFO: [Physopt 32-608] Optimized 1 net.  Swapped 21 pins.
INFO: [Physopt 32-608] Optimized 1 net.  Swapped 24 pins.
INFO: [Physopt 32-702] Processed net design_1_i/axi_cnn_ac_0/inst/inst_dense2/MAC_UNIT/MULT_UNIT/NORM_STAGE/acc_reg_reg[26]_11. Optimizations did not improve timing on the net.
INFO: [Physopt 32-81] Processed net design_1_i/axi_cnn_ac_0/inst/inst_dense2/MAC_UNIT/MULT_UNIT/NORM_STAGE/res2_carry_i_315__1_n_0. Replicated 1 times.
INFO: [Physopt 32-608] Optimized 1 net.  Swapped 12 pins.
INFO: [Physopt 32-702] Processed net design_1_i/axi_cnn_ac_0/inst/inst_dense2/MAC_UNIT/MULT_UNIT/NORM_STAGE/res2_carry_i_315__1_n_0. Optimizations did not improve timing on the net.
INFO: [Physopt 32-702] Processed net design_1_i/axi_cnn_ac_0/inst/inst_dense2/MAC_UNIT/ADD_UNIT/ALIGN_STAGE/SHIFT_RIGHT0[1]. Optimizations did not improve timing on the net.
INFO: [Physopt 32-702] Processed net design_1_i/axi_cnn_ac_0/inst/inst_dense2/MAC_UNIT/ADD_UNIT/ALIGN_STAGE/COUNT0_inferred__0/i__carry_n_0. Optimizations did not improve timing on the net.
INFO: [Physopt 32-702] Processed net design_1_i/axi_cnn_ac_0/inst/inst_dense2/MAC_UNIT/MULT_UNIT/NORM_STAGE/acc_reg_reg[26][1]. Optimizations did not improve timing on the net.
INFO: [Physopt 32-710] Processed net design_1_i/axi_cnn_ac_0/inst/inst_dense2/MAC_UNIT/MULT_UNIT/NORM_STAGE/acc_reg_reg[26][1]. Critical path length was reduced through logic transformation on cell design_1_i/axi_cnn_ac_0/inst/inst_dense2/MAC_UNIT/MULT_UNIT/NORM_STAGE/i__carry_i_3__7_comp.
INFO: [Physopt 32-81] Processed net design_1_i/axi_cnn_ac_0/inst/inst_dense1/MAC_UNIT/MULT_UNIT/NORM_STAGE/res2_carry_i_12__0_n_0. Replicated 1 times.
INFO: [Physopt 32-608] Optimized 1 net.  Swapped 15 pins.
INFO: [Physopt 32-81] Processed net design_1_i/axi_cnn_ac_0/inst/inst_conv/mult_inst/NORM_STAGE/res2_carry_i_135_n_0. Replicated 1 times.
INFO: [Physopt 32-702] Processed net design_1_i/axi_cnn_ac_0/inst/inst_dense2/MAC_UNIT/MULT_UNIT/NORM_STAGE/res2_carry_i_418__1_n_0. Optimizations did not improve timing on the net.
INFO: [Physopt 32-702] Processed net design_1_i/axi_cnn_ac_0/inst/inst_dense2/MAC_UNIT/ADD_UNIT/ALIGN_STAGE/res2_carry_i_294__1_0. Optimizations did not improve timing on the net.
INFO: [Physopt 32-710] Processed net design_1_i/axi_cnn_ac_0/inst/inst_dense2/MAC_UNIT/ADD_UNIT/ALIGN_STAGE/res2_carry_i_294__1_0. Critical path length was reduced through logic transformation on cell design_1_i/axi_cnn_ac_0/inst/inst_dense2/MAC_UNIT/ADD_UNIT/ALIGN_STAGE/res2_carry_i_210__1_comp.
INFO: [Physopt 32-608] Optimized 1 net.  Swapped 18 pins.
INFO: [Physopt 32-702] Processed net design_1_i/axi_cnn_ac_0/inst/inst_dense2/MAC_UNIT/ADD_UNIT/ALIGN_STAGE/res2_carry_i_253__1_0. Optimizations did not improve timing on the net.
INFO: [Physopt 32-608] Optimized 1 net.  Swapped 19 pins.
INFO: [Physopt 32-702] Processed net design_1_i/axi_cnn_ac_0/inst/inst_dense2/MAC_UNIT/MULT_UNIT/NORM_STAGE/acc_reg_reg[26][0]. Optimizations did not improve timing on the net.
INFO: [Physopt 32-710] Processed net design_1_i/axi_cnn_ac_0/inst/inst_dense2/MAC_UNIT/MULT_UNIT/NORM_STAGE/acc_reg_reg[26][0]. Critical path length was reduced through logic transformation on cell design_1_i/axi_cnn_ac_0/inst/inst_dense2/MAC_UNIT/MULT_UNIT/NORM_STAGE/i__carry_i_4__8_comp.
INFO: [Physopt 32-608] Optimized 1 net.  Swapped 17 pins.
INFO: [Physopt 32-81] Processed net design_1_i/axi_cnn_ac_0/inst/inst_dense1/MAC_UNIT/MULT_UNIT/NORM_STAGE/res2_carry_i_13__0_n_0. Replicated 1 times.
INFO: [Physopt 32-702] Processed net design_1_i/axi_cnn_ac_0/inst/inst_dense1/MAC_UNIT/MULT_UNIT/NORM_STAGE/res2_carry_i_121__0_n_0. Optimizations did not improve timing on the net.
INFO: [Physopt 32-702] Processed net design_1_i/axi_cnn_ac_0/inst/inst_dense1/MAC_UNIT/MULT_UNIT/NORM_STAGE/res2_carry_i_127__0_n_0. Optimizations did not improve timing on the net.
INFO: [Physopt 32-702] Processed net design_1_i/axi_cnn_ac_0/inst/inst_dense1/MAC_UNIT/MULT_UNIT/NORM_STAGE/res2_carry_i_198__0_n_0. Optimizations did not improve timing on the net.
INFO: [Physopt 32-702] Processed net design_1_i/axi_cnn_ac_0/inst/inst_dense1/MAC_UNIT/MULT_UNIT/NORM_STAGE/res2_carry_i_277__0_n_0. Optimizations did not improve timing on the net.
INFO: [Physopt 32-702] Processed net design_1_i/axi_cnn_ac_0/inst/inst_dense1/MAC_UNIT/MULT_UNIT/NORM_STAGE/res2_carry_i_365__0_n_0. Optimizations did not improve timing on the net.
INFO: [Physopt 32-702] Processed net design_1_i/axi_cnn_ac_0/inst/inst_dense1/MAC_UNIT/MULT_UNIT/NORM_STAGE/res2_carry_i_303__0_n_0. Optimizations did not improve timing on the net.
INFO: [Physopt 32-702] Processed net design_1_i/axi_cnn_ac_0/inst/inst_dense1/MAC_UNIT/MULT_UNIT/NORM_STAGE/res2_carry_i_384__0_n_0. Optimizations did not improve timing on the net.
INFO: [Physopt 32-702] Processed net design_1_i/axi_cnn_ac_0/inst/inst_dense1/MAC_UNIT/MULT_UNIT/NORM_STAGE/res2_carry_i_265__0_n_0. Optimizations did not improve timing on the net.
INFO: [Physopt 32-702] Processed net design_1_i/axi_cnn_ac_0/inst/inst_dense1/MAC_UNIT/MULT_UNIT/NORM_STAGE/res2_carry_i_354__0_n_0. Optimizations did not improve timing on the net.
INFO: [Physopt 32-702] Processed net design_1_i/axi_cnn_ac_0/inst/inst_dense1/MAC_UNIT/MULT_UNIT/NORM_STAGE/res2_carry_i_135__0_n_0. Optimizations did not improve timing on the net.
INFO: [Physopt 32-702] Processed net design_1_i/axi_cnn_ac_0/inst/inst_dense1/MAC_UNIT/MULT_UNIT/NORM_STAGE/res2_carry_i_99__0_n_0. Optimizations did not improve timing on the net.
INFO: [Physopt 32-702] Processed net design_1_i/axi_cnn_ac_0/inst/inst_dense1/MAC_UNIT/ADD_UNIT/ALIGN_STAGE/acc_reg_reg[0]. Optimizations did not improve timing on the net.
INFO: [Physopt 32-608] Optimized 1 net.  Swapped 15 pins.
INFO: [Physopt 32-608] Optimized 1 net.  Swapped 21 pins.
INFO: [Physopt 32-702] Processed net design_1_i/axi_cnn_ac_0/inst/inst_dense1/MAC_UNIT/ADD_UNIT/ALIGN_STAGE/res2_carry_i_236__0_n_0. Optimizations did not improve timing on the net.
INFO: [Physopt 32-663] Processed net design_1_i/axi_cnn_ac_0/inst/inst_dense1/MAC_UNIT/ADD_UNIT/ALIGN_STAGE/res2_carry_i_308__0_n_0.  Re-placed instance design_1_i/axi_cnn_ac_0/inst/inst_dense1/MAC_UNIT/ADD_UNIT/ALIGN_STAGE/res2_carry_i_308__0
INFO: [Physopt 32-702] Processed net design_1_i/axi_cnn_ac_0/inst/inst_dense2/MAC_UNIT/MULT_UNIT/NORM_STAGE/res2_carry_i_100__1_n_0. Optimizations did not improve timing on the net.
INFO: [Physopt 32-608] Optimized 1 net.  Swapped 23 pins.
INFO: [Physopt 32-608] Optimized 1 net.  Swapped 23 pins.
INFO: [Physopt 32-601] Processed net design_1_i/axi_cnn_ac_0/inst/inst_conv/mult_inst/NORM_STAGE/res2_carry_i_140_n_0_repN. Net driver design_1_i/axi_cnn_ac_0/inst/inst_conv/mult_inst/NORM_STAGE/res2_carry_i_140_replica was replaced.
INFO: [Physopt 32-663] Processed net design_1_i/axi_cnn_ac_0/inst/inst_dense1/MAC_UNIT/ADD_UNIT/ALIGN_STAGE/res2_carry_i_234__0_n_0.  Re-placed instance design_1_i/axi_cnn_ac_0/inst/inst_dense1/MAC_UNIT/ADD_UNIT/ALIGN_STAGE/res2_carry_i_234__0
INFO: [Physopt 32-608] Optimized 1 net.  Swapped 20 pins.
INFO: [Physopt 32-702] Processed net design_1_i/axi_cnn_ac_0/inst/inst_dense1/MAC_UNIT/MULT_UNIT/NORM_STAGE/res2_carry_i_141__0_n_0. Optimizations did not improve timing on the net.
INFO: [Physopt 32-663] Processed net design_1_i/axi_cnn_ac_0/inst/inst_dense1/MAC_UNIT/MULT_UNIT/EXEC_STAGE/acc_reg_reg[26]_2.  Re-placed instance design_1_i/axi_cnn_ac_0/inst/inst_dense1/MAC_UNIT/MULT_UNIT/EXEC_STAGE/res2_carry_i_209__0
INFO: [Physopt 32-608] Optimized 1 net.  Swapped 24 pins.
INFO: [Physopt 32-702] Processed net design_1_i/axi_cnn_ac_0/inst/inst_dense1/MAC_UNIT/MULT_UNIT/NORM_STAGE/res2_carry_i_101__0_n_0. Optimizations did not improve timing on the net.
INFO: [Physopt 32-702] Processed net design_1_i/axi_cnn_ac_0/inst/inst_dense1/MAC_UNIT/ADD_UNIT/ALIGN_STAGE/res2_carry_i_253__0_0. Optimizations did not improve timing on the net.
INFO: [Physopt 32-663] Processed net design_1_i/axi_cnn_ac_0/inst/inst_dense1/MAC_UNIT/ADD_UNIT/ALIGN_STAGE/res2_carry_i_251__0_n_0.  Re-placed instance design_1_i/axi_cnn_ac_0/inst/inst_dense1/MAC_UNIT/ADD_UNIT/ALIGN_STAGE/res2_carry_i_251__0
INFO: [Physopt 32-608] Optimized 1 net.  Swapped 20 pins.
INFO: [Physopt 32-608] Optimized 1 net.  Swapped 11 pins.
INFO: [Physopt 32-702] Processed net design_1_i/axi_cnn_ac_0/inst/inst_dense1/MAC_UNIT/MULT_UNIT/NORM_STAGE/res2_carry_i_100__0_n_0. Optimizations did not improve timing on the net.
INFO: [Physopt 32-702] Processed net design_1_i/axi_cnn_ac_0/inst/inst_dense1/MAC_UNIT/ADD_UNIT/ALIGN_STAGE/res2_carry_i_245__0_0. Optimizations did not improve timing on the net.
INFO: [Physopt 32-702] Processed net design_1_i/axi_cnn_ac_0/inst/inst_dense1/MAC_UNIT/ADD_UNIT/ALIGN_STAGE/res2_carry_i_245__0_n_0. Optimizations did not improve timing on the net.
INFO: [Physopt 32-710] Processed net design_1_i/axi_cnn_ac_0/inst/inst_dense1/MAC_UNIT/ADD_UNIT/ALIGN_STAGE/res2_carry_i_245__0_n_0. Critical path length was reduced through logic transformation on cell design_1_i/axi_cnn_ac_0/inst/inst_dense1/MAC_UNIT/ADD_UNIT/ALIGN_STAGE/res2_carry_i_245__0_comp.
INFO: [Physopt 32-702] Processed net design_1_i/axi_cnn_ac_0/inst/inst_dense1/MAC_UNIT/MULT_UNIT/NORM_STAGE/res2_carry_i_137__0_n_0. Optimizations did not improve timing on the net.
INFO: [Physopt 32-608] Optimized 1 net.  Swapped 20 pins.
INFO: [Physopt 32-608] Optimized 1 net.  Swapped 22 pins.
INFO: [Physopt 32-702] Processed net design_1_i/axi_cnn_ac_0/inst/inst_dense2/MAC_UNIT/ADD_UNIT/ALIGN_STAGE/res2_carry_i_287__1_0. Optimizations did not improve timing on the net.
INFO: [Physopt 32-663] Processed net design_1_i/axi_cnn_ac_0/inst/inst_dense2/MAC_UNIT/ADD_UNIT/ALIGN_STAGE/res2_carry_i_287__1_n_0.  Re-placed instance design_1_i/axi_cnn_ac_0/inst/inst_dense2/MAC_UNIT/ADD_UNIT/ALIGN_STAGE/res2_carry_i_287__1
INFO: [Physopt 32-702] Processed net design_1_i/axi_cnn_ac_0/inst/inst_dense1/MAC_UNIT/ADD_UNIT/ALIGN_STAGE/res2_carry_i_244__0_n_0. Optimizations did not improve timing on the net.
INFO: [Physopt 32-710] Processed net design_1_i/axi_cnn_ac_0/inst/inst_dense1/MAC_UNIT/ADD_UNIT/ALIGN_STAGE/res2_carry_i_244__0_n_0. Critical path length was reduced through logic transformation on cell design_1_i/axi_cnn_ac_0/inst/inst_dense1/MAC_UNIT/ADD_UNIT/ALIGN_STAGE/res2_carry_i_244__0_comp.
INFO: [Physopt 32-702] Processed net design_1_i/axi_cnn_ac_0/inst/inst_dense1/MAC_UNIT/MULT_UNIT/EXEC_STAGE/acc_reg_reg[26]. Optimizations did not improve timing on the net.
INFO: [Physopt 32-663] Processed net design_1_i/axi_cnn_ac_0/inst/inst_dense1/MAC_UNIT/MULT_UNIT/EXEC_STAGE/res2_carry_i_286__0_n_0.  Re-placed instance design_1_i/axi_cnn_ac_0/inst/inst_dense1/MAC_UNIT/MULT_UNIT/EXEC_STAGE/res2_carry_i_286__0
INFO: [Physopt 32-702] Processed net design_1_i/axi_cnn_ac_0/inst/inst_dense1/MAC_UNIT/acc_out[10]. Optimizations did not improve timing on the net.
INFO: [Physopt 32-702] Processed net design_1_i/processing_system7_0/inst/FCLK_CLK1. Optimizations did not improve timing on the net.
INFO: [Physopt 32-702] Processed net design_1_i/axi_cnn_ac_0/inst/inst_dense1/MAC_UNIT/MULT_UNIT/NORM_STAGE/acc_reg[22]_i_4__0_n_0. Optimizations did not improve timing on the net.
INFO: [Physopt 32-702] Processed net design_1_i/axi_cnn_ac_0/inst/inst_dense1/MAC_UNIT/ADD_UNIT/NORM_STAGE/res2_carry__1_0[0]. Optimizations did not improve timing on the net.
INFO: [Physopt 32-702] Processed net design_1_i/axi_cnn_ac_0/inst/inst_dense1/MAC_UNIT/MULT_UNIT/NORM_STAGE/res2_carry__1_2[0]. Optimizations did not improve timing on the net.
INFO: [Physopt 32-702] Processed net design_1_i/axi_cnn_ac_0/inst/inst_dense1/MAC_UNIT/ADD_UNIT/NORM_STAGE/res2_carry__1_i_2__0[0]. Optimizations did not improve timing on the net.
INFO: [Physopt 32-702] Processed net design_1_i/axi_cnn_ac_0/inst/inst_dense1/MAC_UNIT/MULT_UNIT/NORM_STAGE/res2_carry_i_22__0_0. Optimizations did not improve timing on the net.
INFO: [Physopt 32-702] Processed net design_1_i/axi_cnn_ac_0/inst/inst_dense1/MAC_UNIT/MULT_UNIT/NORM_STAGE/res2_carry_i_20__0_n_0. Optimizations did not improve timing on the net.
INFO: [Physopt 32-702] Processed net design_1_i/axi_cnn_ac_0/inst/inst_dense1/MAC_UNIT/MULT_UNIT/NORM_STAGE/res2_carry_i_67__0_n_0. Optimizations did not improve timing on the net.
INFO: [Physopt 32-702] Processed net design_1_i/axi_cnn_ac_0/inst/inst_dense1/MAC_UNIT/MULT_UNIT/NORM_STAGE/res2_carry_i_121__0_n_0. Optimizations did not improve timing on the net.
INFO: [Physopt 32-702] Processed net design_1_i/axi_cnn_ac_0/inst/inst_dense1/MAC_UNIT/MULT_UNIT/NORM_STAGE/res2_carry_i_63__0_n_0. Optimizations did not improve timing on the net.
INFO: [Physopt 32-702] Processed net design_1_i/axi_cnn_ac_0/inst/inst_dense1/MAC_UNIT/MULT_UNIT/NORM_STAGE/res2_carry_i_127__0_n_0. Optimizations did not improve timing on the net.
INFO: [Physopt 32-702] Processed net design_1_i/axi_cnn_ac_0/inst/inst_dense1/MAC_UNIT/MULT_UNIT/NORM_STAGE/res2_carry_i_198__0_n_0. Optimizations did not improve timing on the net.
INFO: [Physopt 32-702] Processed net design_1_i/axi_cnn_ac_0/inst/inst_dense1/MAC_UNIT/MULT_UNIT/NORM_STAGE/res2_carry_i_277__0_n_0. Optimizations did not improve timing on the net.
INFO: [Physopt 32-702] Processed net design_1_i/axi_cnn_ac_0/inst/inst_dense1/MAC_UNIT/MULT_UNIT/NORM_STAGE/res2_carry_i_365__0_n_0. Optimizations did not improve timing on the net.
INFO: [Physopt 32-702] Processed net design_1_i/axi_cnn_ac_0/inst/inst_dense1/MAC_UNIT/MULT_UNIT/NORM_STAGE/res2_carry_i_303__0_n_0. Optimizations did not improve timing on the net.
INFO: [Physopt 32-702] Processed net design_1_i/axi_cnn_ac_0/inst/inst_dense1/MAC_UNIT/MULT_UNIT/NORM_STAGE/res2_carry_i_384__0_n_0. Optimizations did not improve timing on the net.
INFO: [Physopt 32-702] Processed net design_1_i/axi_cnn_ac_0/inst/inst_dense1/MAC_UNIT/MULT_UNIT/NORM_STAGE/res2_carry_i_265__0_n_0. Optimizations did not improve timing on the net.
INFO: [Physopt 32-702] Processed net design_1_i/axi_cnn_ac_0/inst/inst_dense1/MAC_UNIT/MULT_UNIT/NORM_STAGE/res2_carry_i_146__0_n_0. Optimizations did not improve timing on the net.
INFO: [Physopt 32-702] Processed net design_1_i/axi_cnn_ac_0/inst/inst_dense1/MAC_UNIT/MULT_UNIT/EXEC_STAGE/acc_reg_reg[26]_4. Optimizations did not improve timing on the net.
INFO: [Physopt 32-608] Optimized 1 net.  Swapped 7 pins.
INFO: [Physopt 32-702] Processed net design_1_i/axi_cnn_ac_0/inst/inst_conv/a[23]. Optimizations did not improve timing on the net.
INFO: [Physopt 32-702] Processed net design_1_i/axi_cnn_ac_0/inst/inst_conv/mult_inst/NORM_STAGE/acc_reg[31]_i_4_n_0_repN. Optimizations did not improve timing on the net.
INFO: [Physopt 32-702] Processed net design_1_i/axi_cnn_ac_0/inst/inst_conv/add_inst/NORM_STAGE/res2_carry__1_1[0]. Optimizations did not improve timing on the net.
INFO: [Physopt 32-702] Processed net design_1_i/axi_cnn_ac_0/inst/inst_conv/add_inst/NORM_STAGE/i__carry_i_4_n_0. Optimizations did not improve timing on the net.
INFO: [Physopt 32-702] Processed net design_1_i/axi_cnn_ac_0/inst/inst_conv/add_inst/NORM_STAGE/res2_carry__0_i_8[1]. Optimizations did not improve timing on the net.
INFO: [Physopt 32-702] Processed net design_1_i/axi_cnn_ac_0/inst/inst_conv/mult_inst/NORM_STAGE/acc_reg_reg[26]_0[0]. Optimizations did not improve timing on the net.
INFO: [Physopt 32-702] Processed net design_1_i/axi_cnn_ac_0/inst/inst_conv/mult_inst/NORM_STAGE/res2_carry_i_22_0. Optimizations did not improve timing on the net.
INFO: [Physopt 32-702] Processed net design_1_i/axi_cnn_ac_0/inst/inst_conv/mult_inst/NORM_STAGE/res2_carry_i_59_n_0. Optimizations did not improve timing on the net.
INFO: [Physopt 32-702] Processed net design_1_i/axi_cnn_ac_0/inst/inst_conv/mult_inst/NORM_STAGE/res2_carry_i_108_n_0. Optimizations did not improve timing on the net.
INFO: [Physopt 32-702] Processed net design_1_i/axi_cnn_ac_0/inst/inst_conv/mult_inst/NORM_STAGE/res2_carry_i_28_n_0. Optimizations did not improve timing on the net.
INFO: [Physopt 32-608] Optimized 1 net.  Swapped 24 pins.
INFO: [Physopt 32-702] Processed net design_1_i/axi_cnn_ac_0/inst/inst_dense1/MAC_UNIT/MULT_UNIT/NORM_STAGE/res2_carry_i_354__0_n_0. Optimizations did not improve timing on the net.
INFO: [Physopt 32-702] Processed net design_1_i/axi_cnn_ac_0/inst/inst_dense1/MAC_UNIT/MULT_UNIT/NORM_STAGE/res2_carry_i_135__0_n_0. Optimizations did not improve timing on the net.
INFO: [Physopt 32-702] Processed net design_1_i/axi_cnn_ac_0/inst/inst_dense1/MAC_UNIT/MULT_UNIT/NORM_STAGE/res2_carry_i_101__0_n_0. Optimizations did not improve timing on the net.
INFO: [Physopt 32-702] Processed net design_1_i/axi_cnn_ac_0/inst/inst_dense1/MAC_UNIT/ADD_UNIT/ALIGN_STAGE/res2_carry_i_253__0_0. Optimizations did not improve timing on the net.
INFO: [Physopt 32-608] Optimized 1 net.  Swapped 19 pins.
INFO: [Physopt 32-702] Processed net design_1_i/axi_cnn_ac_0/inst/inst_conv/mult_inst/NORM_STAGE/res2_carry_i_20_n_0. Optimizations did not improve timing on the net.
INFO: [Physopt 32-702] Processed net design_1_i/axi_cnn_ac_0/inst/inst_conv/mult_inst/NORM_STAGE/res2_carry_i_66_n_0. Optimizations did not improve timing on the net.
INFO: [Physopt 32-608] Optimized 1 net.  Swapped 18 pins.
INFO: [Physopt 32-702] Processed net design_1_i/axi_cnn_ac_0/inst/inst_dense1/MAC_UNIT/MULT_UNIT/NORM_STAGE/res2_carry_i_137__0_n_0. Optimizations did not improve timing on the net.
INFO: [Physopt 32-702] Processed net design_1_i/axi_cnn_ac_0/inst/inst_dense1/MAC_UNIT/ADD_UNIT/ALIGN_STAGE/res2_carry_i_283__0_0. Optimizations did not improve timing on the net.
INFO: [Physopt 32-702] Processed net design_1_i/axi_cnn_ac_0/inst/inst_dense1/MAC_UNIT/ADD_UNIT/ALIGN_STAGE/res2_carry_i_283__0_n_0. Optimizations did not improve timing on the net.
INFO: [Physopt 32-663] Processed net design_1_i/axi_cnn_ac_0/inst/inst_dense1/MAC_UNIT/ADD_UNIT/ALIGN_STAGE/res2_carry_i_371__0_n_0.  Re-placed instance design_1_i/axi_cnn_ac_0/inst/inst_dense1/MAC_UNIT/ADD_UNIT/ALIGN_STAGE/res2_carry_i_371__0
INFO: [Physopt 32-702] Processed net design_1_i/axi_cnn_ac_0/inst/inst_dense1/MAC_UNIT/MULT_UNIT/NORM_STAGE/res2_carry_i_99__0_n_0. Optimizations did not improve timing on the net.
INFO: [Physopt 32-702] Processed net design_1_i/axi_cnn_ac_0/inst/inst_dense1/MAC_UNIT/ADD_UNIT/ALIGN_STAGE/acc_reg_reg[0]. Optimizations did not improve timing on the net.
INFO: [Physopt 32-608] Optimized 1 net.  Swapped 12 pins.
INFO: [Physopt 32-702] Processed net design_1_i/axi_cnn_ac_0/inst/inst_dense1/MAC_UNIT/MULT_UNIT/EXEC_STAGE/acc_reg_reg[26]_5. Optimizations did not improve timing on the net.
INFO: [Physopt 32-663] Processed net design_1_i/axi_cnn_ac_0/inst/inst_dense1/MAC_UNIT/MULT_UNIT/EXEC_STAGE/res2_carry_i_300__0_n_0.  Re-placed instance design_1_i/axi_cnn_ac_0/inst/inst_dense1/MAC_UNIT/MULT_UNIT/EXEC_STAGE/res2_carry_i_300__0
INFO: [Physopt 32-702] Processed net design_1_i/axi_cnn_ac_0/inst/inst_dense1/MAC_UNIT/ADD_UNIT/ALIGN_STAGE/res2_carry_i_236__0_n_0. Optimizations did not improve timing on the net.
INFO: [Physopt 32-608] Optimized 1 net.  Swapped 15 pins.
INFO: [Physopt 32-702] Processed net design_1_i/axi_cnn_ac_0/inst/inst_dense2/MAC_UNIT/acc_out[13]. Optimizations did not improve timing on the net.
INFO: [Physopt 32-702] Processed net design_1_i/axi_cnn_ac_0/inst/inst_dense2/MAC_UNIT/MULT_UNIT/NORM_STAGE/acc_reg[22]_i_4__1_n_0. Optimizations did not improve timing on the net.
INFO: [Physopt 32-702] Processed net design_1_i/axi_cnn_ac_0/inst/inst_dense2/MAC_UNIT/ADD_UNIT/NORM_STAGE/res2_carry__1_1[0]. Optimizations did not improve timing on the net.
INFO: [Physopt 32-702] Processed net design_1_i/axi_cnn_ac_0/inst/inst_dense2/MAC_UNIT/ADD_UNIT/NORM_STAGE/i__carry_i_4__3_n_0. Optimizations did not improve timing on the net.
INFO: [Physopt 32-702] Processed net design_1_i/axi_cnn_ac_0/inst/inst_dense2/MAC_UNIT/ADD_UNIT/NORM_STAGE/res2_carry__0_i_8__1[1]. Optimizations did not improve timing on the net.
INFO: [Physopt 32-702] Processed net design_1_i/axi_cnn_ac_0/inst/inst_dense2/MAC_UNIT/MULT_UNIT/NORM_STAGE/res2_carry_i_22__1_0. Optimizations did not improve timing on the net.
INFO: [Physopt 32-702] Processed net design_1_i/axi_cnn_ac_0/inst/inst_dense2/MAC_UNIT/MULT_UNIT/NORM_STAGE/res2_carry_i_17__1_n_0. Optimizations did not improve timing on the net.
INFO: [Physopt 32-702] Processed net design_1_i/axi_cnn_ac_0/inst/inst_dense2/MAC_UNIT/MULT_UNIT/NORM_STAGE/res2_carry_i_59__1_n_0. Optimizations did not improve timing on the net.
INFO: [Physopt 32-702] Processed net design_1_i/axi_cnn_ac_0/inst/inst_dense2/MAC_UNIT/MULT_UNIT/NORM_STAGE/res2_carry_i_109__1_n_0. Optimizations did not improve timing on the net.
INFO: [Physopt 32-702] Processed net design_1_i/axi_cnn_ac_0/inst/inst_dense2/MAC_UNIT/MULT_UNIT/NORM_STAGE/res2_carry_i_63__1_n_0. Optimizations did not improve timing on the net.
INFO: [Physopt 32-702] Processed net design_1_i/axi_cnn_ac_0/inst/inst_dense2/MAC_UNIT/MULT_UNIT/NORM_STAGE/res2_carry_i_127__1_n_0. Optimizations did not improve timing on the net.
INFO: [Physopt 32-702] Processed net design_1_i/axi_cnn_ac_0/inst/inst_dense2/MAC_UNIT/MULT_UNIT/NORM_STAGE/res2_carry_i_198__1_n_0. Optimizations did not improve timing on the net.
INFO: [Physopt 32-702] Processed net design_1_i/axi_cnn_ac_0/inst/inst_dense2/MAC_UNIT/MULT_UNIT/NORM_STAGE/res2_carry_i_277__1_n_0. Optimizations did not improve timing on the net.
INFO: [Physopt 32-702] Processed net design_1_i/axi_cnn_ac_0/inst/inst_dense2/MAC_UNIT/MULT_UNIT/NORM_STAGE/res2_carry_i_365__1_n_0. Optimizations did not improve timing on the net.
INFO: [Physopt 32-702] Processed net design_1_i/axi_cnn_ac_0/inst/inst_dense2/MAC_UNIT/MULT_UNIT/NORM_STAGE/res2_carry_i_303__1_n_0. Optimizations did not improve timing on the net.
INFO: [Physopt 32-702] Processed net design_1_i/axi_cnn_ac_0/inst/inst_dense2/MAC_UNIT/MULT_UNIT/NORM_STAGE/res2_carry_i_384__1_n_0. Optimizations did not improve timing on the net.
INFO: [Physopt 32-702] Processed net design_1_i/axi_cnn_ac_0/inst/inst_dense2/MAC_UNIT/MULT_UNIT/NORM_STAGE/res2_carry_i_265__1_n_0. Optimizations did not improve timing on the net.
INFO: [Physopt 32-608] Optimized 1 net.  Swapped 23 pins.
INFO: [Physopt 32-608] Optimized 1 net.  Swapped 9 pins.
INFO: [Physopt 32-608] Optimized 1 net.  Swapped 22 pins.
INFO: [Physopt 32-702] Processed net design_1_i/axi_cnn_ac_0/inst/inst_conv/mult_inst/NORM_STAGE/res2_carry_i_122_n_0. Optimizations did not improve timing on the net.
INFO: [Physopt 32-702] Processed net design_1_i/axi_cnn_ac_0/inst/inst_conv/mult_inst/NORM_STAGE/res2_carry_i_76_n_0. Optimizations did not improve timing on the net.
INFO: [Physopt 32-702] Processed net design_1_i/axi_cnn_ac_0/inst/inst_conv/mult_inst/NORM_STAGE/res2_carry_i_89_n_0. Optimizations did not improve timing on the net.
INFO: [Physopt 32-702] Processed net design_1_i/axi_cnn_ac_0/inst/inst_conv/mult_inst/NORM_STAGE/res2_carry_i_166_n_0. Optimizations did not improve timing on the net.
INFO: [Physopt 32-702] Processed net design_1_i/axi_cnn_ac_0/inst/inst_conv/mult_inst/NORM_STAGE/res2_carry_i_230_n_0. Optimizations did not improve timing on the net.
INFO: [Physopt 32-702] Processed net design_1_i/axi_cnn_ac_0/inst/inst_conv/mult_inst/NORM_STAGE/res2_carry_i_277_n_0. Optimizations did not improve timing on the net.
INFO: [Physopt 32-702] Processed net design_1_i/axi_cnn_ac_0/inst/inst_conv/mult_inst/NORM_STAGE/res2_carry_i_365_n_0. Optimizations did not improve timing on the net.
INFO: [Physopt 32-702] Processed net design_1_i/axi_cnn_ac_0/inst/inst_conv/mult_inst/NORM_STAGE/res2_carry_i_303_n_0. Optimizations did not improve timing on the net.
INFO: [Physopt 32-702] Processed net design_1_i/axi_cnn_ac_0/inst/inst_conv/mult_inst/NORM_STAGE/res2_carry_i_384_n_0. Optimizations did not improve timing on the net.
INFO: [Physopt 32-702] Processed net design_1_i/axi_cnn_ac_0/inst/inst_conv/mult_inst/NORM_STAGE/res2_carry_i_265_n_0. Optimizations did not improve timing on the net.
INFO: [Physopt 32-702] Processed net design_1_i/axi_cnn_ac_0/inst/inst_conv/mult_inst/NORM_STAGE/res2_carry_i_354_n_0. Optimizations did not improve timing on the net.
INFO: [Physopt 32-702] Processed net design_1_i/axi_cnn_ac_0/inst/inst_conv/mult_inst/NORM_STAGE/res2_carry_i_140_n_0_repN. Optimizations did not improve timing on the net.
INFO: [Physopt 32-663] Processed net design_1_i/axi_cnn_ac_0/inst/inst_conv/mult_inst/EXEC_STAGE/acc_reg_reg[26]_0.  Re-placed instance design_1_i/axi_cnn_ac_0/inst/inst_conv/mult_inst/EXEC_STAGE/res2_carry_i_206
INFO: [Physopt 32-608] Optimized 1 net.  Swapped 12 pins.
INFO: [Physopt 32-702] Processed net design_1_i/axi_cnn_ac_0/inst/inst_dense2/MAC_UNIT/MULT_UNIT/NORM_STAGE/res2_carry_i_354__1_n_0. Optimizations did not improve timing on the net.
INFO: [Physopt 32-702] Processed net design_1_i/axi_cnn_ac_0/inst/inst_dense2/MAC_UNIT/MULT_UNIT/NORM_STAGE/res2_carry_i_135__1_n_0. Optimizations did not improve timing on the net.
INFO: [Physopt 32-702] Processed net design_1_i/axi_cnn_ac_0/inst/inst_dense2/MAC_UNIT/MULT_UNIT/NORM_STAGE/res2_carry_i_101__1_n_0. Optimizations did not improve timing on the net.
INFO: [Physopt 32-608] Optimized 1 net.  Swapped 24 pins.
INFO: [Physopt 32-702] Processed net design_1_i/axi_cnn_ac_0/inst/inst_dense2/MAC_UNIT/MULT_UNIT/NORM_STAGE/res2_carry_i_100__1_n_0. Optimizations did not improve timing on the net.
INFO: [Physopt 32-702] Processed net design_1_i/axi_cnn_ac_0/inst/inst_dense2/MAC_UNIT/ADD_UNIT/ALIGN_STAGE/res2_carry_i_245__1_0. Optimizations did not improve timing on the net.
INFO: [Physopt 32-608] Optimized 1 net.  Swapped 19 pins.
INFO: [Physopt 32-702] Processed net design_1_i/axi_cnn_ac_0/inst/inst_dense1/MAC_UNIT/MULT_UNIT/NORM_STAGE/res2_carry_i_141__0_n_0. Optimizations did not improve timing on the net.
INFO: [Physopt 32-663] Processed net design_1_i/axi_cnn_ac_0/inst/inst_dense1/MAC_UNIT/ADD_UNIT/ALIGN_STAGE/acc_reg_reg[26]_8.  Re-placed instance design_1_i/axi_cnn_ac_0/inst/inst_dense1/MAC_UNIT/ADD_UNIT/ALIGN_STAGE/res2_carry_i_185__0
INFO: [Physopt 32-702] Processed net design_1_i/axi_cnn_ac_0/inst/inst_conv/mult_inst/NORM_STAGE/res2_carry_i_418_n_0. Optimizations did not improve timing on the net.
INFO: [Physopt 32-663] Processed net design_1_i/axi_cnn_ac_0/inst/inst_conv/add_inst/ALIGN_STAGE/res2_carry_i_294_0.  Re-placed instance design_1_i/axi_cnn_ac_0/inst/inst_conv/add_inst/ALIGN_STAGE/res2_carry_i_210
INFO: [Physopt 32-702] Processed net design_1_i/axi_cnn_ac_0/inst/inst_dense1/MAC_UNIT/ADD_UNIT/ALIGN_STAGE/res2_carry_i_308__0_n_0. Optimizations did not improve timing on the net.
INFO: [Physopt 32-663] Processed net design_1_i/axi_cnn_ac_0/inst/inst_dense1/MAC_UNIT/MULT_UNIT/NORM_STAGE/acc_reg_reg[10].  Re-placed instance design_1_i/axi_cnn_ac_0/inst/inst_dense1/MAC_UNIT/MULT_UNIT/NORM_STAGE/res2_carry_i_387__0
INFO: [Physopt 32-702] Processed net design_1_i/axi_cnn_ac_0/inst/inst_dense1/MAC_UNIT/MULT_UNIT/EXEC_STAGE/acc_reg_reg[26]. Optimizations did not improve timing on the net.
INFO: [Physopt 32-608] Optimized 1 net.  Swapped 18 pins.
INFO: [Physopt 32-702] Processed net design_1_i/axi_cnn_ac_0/inst/inst_dense1/MAC_UNIT/MULT_UNIT/NORM_STAGE/res2_carry_i_100__0_n_0. Optimizations did not improve timing on the net.
INFO: [Physopt 32-608] Optimized 1 net.  Swapped 20 pins.
INFO: [Physopt 32-702] Processed net design_1_i/axi_cnn_ac_0/inst/inst_dense1/MAC_UNIT/MULT_UNIT/NORM_STAGE/res2_carry_i_140__0_n_0. Optimizations did not improve timing on the net.
INFO: [Physopt 32-608] Optimized 1 net.  Swapped 17 pins.
INFO: [Physopt 32-663] Processed net design_1_i/axi_cnn_ac_0/inst/inst_dense1/MAC_UNIT/MULT_UNIT/EXEC_STAGE/res2_carry_i_285__0_n_0.  Re-placed instance design_1_i/axi_cnn_ac_0/inst/inst_dense1/MAC_UNIT/MULT_UNIT/EXEC_STAGE/res2_carry_i_285__0
INFO: [Physopt 32-702] Processed net design_1_i/axi_cnn_ac_0/inst/inst_conv/mult_inst/NORM_STAGE/res2_carry_i_137_n_0. Optimizations did not improve timing on the net.
INFO: [Physopt 32-608] Optimized 1 net.  Swapped 21 pins.
INFO: [Physopt 32-702] Processed net design_1_i/axi_cnn_ac_0/inst/inst_dense1/MAC_UNIT/MULT_UNIT/EXEC_STAGE/acc_reg_reg[26]_2. Optimizations did not improve timing on the net.
INFO: [Physopt 32-608] Optimized 1 net.  Swapped 15 pins.
INFO: [Physopt 32-702] Processed net design_1_i/axi_cnn_ac_0/inst/inst_dense1/MAC_UNIT/ADD_UNIT/ALIGN_STAGE/res2_carry_i_237__0_n_0. Optimizations did not improve timing on the net.
INFO: [Physopt 32-702] Processed net design_1_i/axi_cnn_ac_0/inst/inst_dense1/MAC_UNIT/ADD_UNIT/ALIGN_STAGE/res2_carry_i_310__0_n_0. Optimizations did not improve timing on the net.
INFO: [Physopt 32-702] Processed net design_1_i/axi_cnn_ac_0/inst/inst_dense1/MAC_UNIT/MULT_UNIT/NORM_STAGE/COUNT0_carry__0. Optimizations did not improve timing on the net.
INFO: [Physopt 32-702] Processed net design_1_i/axi_cnn_ac_0/inst/inst_dense1/MAC_UNIT/ADD_UNIT/ALIGN_STAGE/acc_reg_reg[30][3]. Optimizations did not improve timing on the net.
INFO: [Physopt 32-702] Processed net design_1_i/axi_cnn_ac_0/inst/inst_dense1/MAC_UNIT/MULT_UNIT/NORM_STAGE/curr_pixel_reg[28]_1[0]. Optimizations did not improve timing on the net.
INFO: [Physopt 32-702] Processed net design_1_i/axi_cnn_ac_0/inst/inst_dense1/MAC_UNIT/MULT_UNIT/NORM_STAGE/CO[0]. Optimizations did not improve timing on the net.
INFO: [Physopt 32-702] Processed net design_1_i/axi_cnn_ac_0/inst/inst_dense1/MAC_UNIT/MULT_UNIT/NORM_STAGE/res_out1_carry_i_5__0_n_0. Optimizations did not improve timing on the net.
INFO: [Physopt 32-702] Processed net design_1_i/axi_cnn_ac_0/inst/inst_dense1/MAC_UNIT/MULT_UNIT/NORM_STAGE/__0_carry__0_n_6. Optimizations did not improve timing on the net.
INFO: [Physopt 32-702] Processed net design_1_i/axi_cnn_ac_0/inst/inst_dense1/MAC_UNIT/MULT_UNIT/EXEC_STAGE/curr_pixel_reg[24][1]. Optimizations did not improve timing on the net.
INFO: [Physopt 32-702] Processed net design_1_i/axi_cnn_ac_0/inst/inst_dense1/MAC_UNIT/MULT_UNIT/EXEC_STAGE/curr_weight_reg[24][0]. Optimizations did not improve timing on the net.
INFO: [Physopt 32-702] Processed net design_1_i/axi_cnn_ac_0/inst/inst_dense1/MAC_UNIT/MULT_UNIT/EXEC_STAGE/v_prod23_out[24]. Optimizations did not improve timing on the net.
INFO: [Physopt 32-702] Processed net design_1_i/axi_cnn_ac_0/inst/inst_dense1/MAC_UNIT/MULT_UNIT/EXEC_STAGE/temp_sign_a1_carry_i_34_n_0. Optimizations did not improve timing on the net.
INFO: [Physopt 32-702] Processed net design_1_i/axi_cnn_ac_0/inst/inst_dense1/MAC_UNIT/MULT_UNIT/EXEC_STAGE/temp_sign_a1_carry_i_30_n_0. Optimizations did not improve timing on the net.
INFO: [Physopt 32-702] Processed net design_1_i/axi_cnn_ac_0/inst/inst_dense1/MAC_UNIT/MULT_UNIT/EXEC_STAGE/temp_sign_a1_carry_i_57_n_6. Optimizations did not improve timing on the net.
INFO: [Physopt 32-702] Processed net design_1_i/axi_cnn_ac_0/inst/inst_dense1/MAC_UNIT/MULT_UNIT/EXEC_STAGE/temp_sign_a1_carry_i_87_n_0. Optimizations did not improve timing on the net.
INFO: [Physopt 32-702] Processed net design_1_i/axi_cnn_ac_0/inst/inst_dense1/MAC_UNIT/MULT_UNIT/EXEC_STAGE/temp_sign_a1_carry_i_83_n_0. Optimizations did not improve timing on the net.
INFO: [Physopt 32-702] Processed net design_1_i/axi_cnn_ac_0/inst/inst_dense1/MAC_UNIT/MULT_UNIT/EXEC_STAGE/temp_sign_a1_carry_i_193_n_6. Optimizations did not improve timing on the net.
INFO: [Physopt 32-702] Processed net design_1_i/axi_cnn_ac_0/inst/inst_dense1/MAC_UNIT/MULT_UNIT/EXEC_STAGE/temp_sign_a1_carry_i_549_n_0. Optimizations did not improve timing on the net.
INFO: [Physopt 32-702] Processed net design_1_i/axi_cnn_ac_0/inst/inst_dense1/MAC_UNIT/MULT_UNIT/EXEC_STAGE/temp_sign_a1_carry_i_545__0_n_0. Optimizations did not improve timing on the net.
INFO: [Physopt 32-702] Processed net design_1_i/axi_cnn_ac_0/inst/inst_dense1/MAC_UNIT/MULT_UNIT/NORM_STAGE/D[10]. Optimizations did not improve timing on the net.
INFO: [Physopt 32-702] Processed net design_1_i/axi_cnn_ac_0/inst/inst_dense1/curr_pixel_reg_n_0_[4]. Optimizations did not improve timing on the net.
Netlist sorting complete. Time (s): cpu = 00:00:00 ; elapsed = 00:00:00.040 . Memory (MB): peak = 3582.312 ; gain = 0.105
Phase 4 Critical Path Optimization | Checksum: 1543d20b5

Time (s): cpu = 00:02:10 ; elapsed = 00:01:21 . Memory (MB): peak = 3582.312 ; gain = 791.340
Netlist sorting complete. Time (s): cpu = 00:00:00 ; elapsed = 00:00:00.014 . Memory (MB): peak = 3582.312 ; gain = 0.000
INFO: [Physopt 32-603] Post Physical Optimization Timing Summary | WNS=-12.693 | TNS=-1205.715 |

Summary of Physical Synthesis Optimizations
============================================


-------------------------------------------------------------------------------------------------------------------------------------------------------------
|  Optimization   |  WNS Gain (ns)  |  TNS Gain (ns)  |  Added Cells  |  Removed Cells  |  Optimized Cells/Nets  |  Dont Touch  |  Iterations  |  Elapsed   |
-------------------------------------------------------------------------------------------------------------------------------------------------------------
|  DSP Register   |          0.000  |          0.000  |            0  |              0  |                     0  |           0  |           1  |  00:00:00  |
|  Critical Path  |          1.136  |         95.748  |           19  |              0  |                   212  |           0  |           2  |  00:01:16  |
|  Total          |          1.136  |         95.748  |           19  |              0  |                   212  |           0  |           3  |  00:01:16  |
-------------------------------------------------------------------------------------------------------------------------------------------------------------


Netlist sorting complete. Time (s): cpu = 00:00:00 ; elapsed = 00:00:00.023 . Memory (MB): peak = 3582.312 ; gain = 0.000
Ending Physical Synthesis Task | Checksum: 11df486d6

Time (s): cpu = 00:02:10 ; elapsed = 00:01:22 . Memory (MB): peak = 3582.316 ; gain = 791.344
INFO: [Common 17-83] Releasing license: Implementation
953 Infos, 101 Warnings, 0 Critical Warnings and 0 Errors encountered.
phys_opt_design completed successfully
phys_opt_design: Time (s): cpu = 00:02:20 ; elapsed = 00:01:29 . Memory (MB): peak = 3582.316 ; gain = 791.344
INFO: [Timing 38-480] Writing timing data to binary archive.
Write ShapeDB Complete: Time (s): cpu = 00:00:00 ; elapsed = 00:00:00.133 . Memory (MB): peak = 3598.770 ; gain = 11.105
Wrote PlaceDB: Time (s): cpu = 00:00:10 ; elapsed = 00:00:04 . Memory (MB): peak = 3609.230 ; gain = 21.566
Wrote PulsedLatchDB: Time (s): cpu = 00:00:00 ; elapsed = 00:00:00 . Memory (MB): peak = 3609.230 ; gain = 0.000
Writing XDEF routing.
Writing XDEF routing logical nets.
Writing XDEF routing special nets.
Wrote RouteStorage: Time (s): cpu = 00:00:00 ; elapsed = 00:00:00.089 . Memory (MB): peak = 3609.230 ; gain = 0.000
Wrote Netlist Cache: Time (s): cpu = 00:00:00 ; elapsed = 00:00:00.050 . Memory (MB): peak = 3609.230 ; gain = 0.000
Wrote Device Cache: Time (s): cpu = 00:00:00 ; elapsed = 00:00:00.012 . Memory (MB): peak = 3609.230 ; gain = 0.000
Write Physdb Complete: Time (s): cpu = 00:00:10 ; elapsed = 00:00:04 . Memory (MB): peak = 3609.230 ; gain = 21.566
INFO: [Common 17-1381] The checkpoint 'D:/licenta_16_layer_conv_copie/licenta_16_layer_conv.runs/impl_1/design_1_wrapper_physopt.dcp' has been generated.
write_checkpoint: Time (s): cpu = 00:00:17 ; elapsed = 00:00:11 . Memory (MB): peak = 3609.230 ; gain = 26.914
Command: route_design
Attempting to get a license for feature 'Implementation' and/or device 'xc7z020'
INFO: [Common 17-349] Got license for feature 'Implementation' and/or device 'xc7z020'
INFO: [DRC 23-27] Running DRC with 2 threads
INFO: [Vivado_Tcl 4-198] DRC finished with 0 Errors
INFO: [Vivado_Tcl 4-199] Please refer to the DRC report (report_drc) for more information.
Running DRC as a precondition to command route_design
INFO: [DRC 23-27] Running DRC with 2 threads
INFO: [Vivado_Tcl 4-198] DRC finished with 0 Errors
INFO: [Vivado_Tcl 4-199] Please refer to the DRC report (report_drc) for more information.


Starting Routing Task
INFO: [Route 35-254] Multithreading enabled for route_design using a maximum of 8 CPUs

Phase 1 Build RT Design
Checksum: PlaceDB: 680a6f2f ConstDB: 0 ShapeSum: 6964ceaa RouteDB: 15f972f0
Post Restoration Checksum: NetGraph: 8245905d | NumContArr: dac4f836 | Constraints: c2a8fa9d | Timing: c2a8fa9d
Phase 1 Build RT Design | Checksum: 2e25c7dcd

Time (s): cpu = 00:00:37 ; elapsed = 00:00:30 . Memory (MB): peak = 3692.512 ; gain = 74.570

Phase 2 Router Initialization

Phase 2.1 Fix Topology Constraints
Phase 2.1 Fix Topology Constraints | Checksum: 2e25c7dcd

Time (s): cpu = 00:00:38 ; elapsed = 00:00:30 . Memory (MB): peak = 3692.512 ; gain = 74.570

Phase 2.2 Pre Route Cleanup
Phase 2.2 Pre Route Cleanup | Checksum: 2e25c7dcd

Time (s): cpu = 00:00:38 ; elapsed = 00:00:30 . Memory (MB): peak = 3692.512 ; gain = 74.570
 Number of Nodes with overlaps = 0

Phase 2.3 Update Timing
Phase 2.3 Update Timing | Checksum: 25ab3df69

Time (s): cpu = 00:00:55 ; elapsed = 00:00:41 . Memory (MB): peak = 3692.512 ; gain = 74.570
INFO: [Route 35-416] Intermediate Timing Summary | WNS=-11.990| TNS=-1134.476| WHS=-0.362 | THS=-751.568|


Phase 2.4 Update Timing for Bus Skew

Phase 2.4.1 Update Timing
Phase 2.4.1 Update Timing | Checksum: 2492eddbe

Time (s): cpu = 00:01:05 ; elapsed = 00:00:47 . Memory (MB): peak = 3692.512 ; gain = 74.570
INFO: [Route 35-416] Intermediate Timing Summary | WNS=-11.990| TNS=-1125.102| WHS=-0.363 | THS=-36.590|

Phase 2.4 Update Timing for Bus Skew | Checksum: 2bea6fd94

Time (s): cpu = 00:01:05 ; elapsed = 00:00:47 . Memory (MB): peak = 3692.512 ; gain = 74.570

Router Utilization Summary
  Global Vertical Routing Utilization    = 0.00222636 %
  Global Horizontal Routing Utilization  = 0.00025355 %
  Routable Net Status*
  *Does not include unroutable nets such as driverless and loadless.
  Run report_route_status for detailed report.
  Number of Failed Nets               = 26385
    (Failed Nets is the sum of unrouted and partially routed nets)
  Number of Unrouted Nets             = 26384
  Number of Partially Routed Nets     = 1
  Number of Node Overlaps             = 0

Phase 2 Router Initialization | Checksum: 27158930a

Time (s): cpu = 00:01:06 ; elapsed = 00:00:48 . Memory (MB): peak = 3692.512 ; gain = 74.570

Phase 3 Global Routing
Phase 3 Global Routing | Checksum: 27158930a

Time (s): cpu = 00:01:06 ; elapsed = 00:00:48 . Memory (MB): peak = 3692.512 ; gain = 74.570

Phase 4 Initial Routing

Phase 4.1 Initial Net Routing Pass
Phase 4.1 Initial Net Routing Pass | Checksum: 1890e406d

Time (s): cpu = 00:01:19 ; elapsed = 00:00:51 . Memory (MB): peak = 3692.512 ; gain = 74.570
Phase 4 Initial Routing | Checksum: 1890e406d

Time (s): cpu = 00:01:19 ; elapsed = 00:00:51 . Memory (MB): peak = 3692.512 ; gain = 74.570
INFO: [Route 35-580] Design has 3 pins with tight setup and hold constraints.

The top 5 pins with tight setup and hold constraints:

+====================+===================+=====================================================================+
| Launch Setup Clock | Launch Hold Clock | Pin                                                                 |
+====================+===================+=====================================================================+
| clk_fpga_1         | clk_fpga_1        | design_1_i/axi_cnn_ac_0/inst/inst_dense1/MAC_UNIT/acc_reg_reg[2]/D  |
| clk_fpga_1         | clk_fpga_1        | design_1_i/axi_cnn_ac_0/inst/inst_dense1/MAC_UNIT/acc_reg_reg[11]/D |
| clk_fpga_1         | clk_fpga_1        | design_1_i/axi_cnn_ac_0/inst/inst_dense1/MAC_UNIT/acc_reg_reg[6]/D  |
+--------------------+-------------------+---------------------------------------------------------------------+

File with complete list of pins: tight_setup_hold_pins.txt


Phase 5 Rip-up And Reroute

Phase 5.1 Global Iteration 0
 Number of Nodes with overlaps = 8328
 Number of Nodes with overlaps = 3800
 Number of Nodes with overlaps = 1525
 Number of Nodes with overlaps = 331
 Number of Nodes with overlaps = 144
 Number of Nodes with overlaps = 32
 Number of Nodes with overlaps = 8
 Number of Nodes with overlaps = 46
 Number of Nodes with overlaps = 11
 Number of Nodes with overlaps = 7
 Number of Nodes with overlaps = 1
 Number of Nodes with overlaps = 0
INFO: [Route 35-416] Intermediate Timing Summary | WNS=-15.833| TNS=-3410.607| WHS=N/A    | THS=N/A    |

Phase 5.1 Global Iteration 0 | Checksum: 28c41e241

Time (s): cpu = 00:04:08 ; elapsed = 00:02:15 . Memory (MB): peak = 3692.512 ; gain = 74.570

Phase 5.2 Global Iteration 1
 Number of Nodes with overlaps = 67
 Number of Nodes with overlaps = 22
 Number of Nodes with overlaps = 4
 Number of Nodes with overlaps = 2
 Number of Nodes with overlaps = 0
INFO: [Route 35-416] Intermediate Timing Summary | WNS=-15.644| TNS=-1534.818| WHS=N/A    | THS=N/A    |

Phase 5.2 Global Iteration 1 | Checksum: 2878576cd

Time (s): cpu = 00:04:29 ; elapsed = 00:02:34 . Memory (MB): peak = 3692.512 ; gain = 74.570

Phase 5.3 Global Iteration 2
 Number of Nodes with overlaps = 77
 Number of Nodes with overlaps = 1082
 Number of Nodes with overlaps = 622
 Number of Nodes with overlaps = 255
Phase 5.3 Global Iteration 2 | Checksum: 268f41476

Time (s): cpu = 00:05:13 ; elapsed = 00:02:49 . Memory (MB): peak = 3692.512 ; gain = 74.570
Phase 5 Rip-up And Reroute | Checksum: 268f41476

Time (s): cpu = 00:05:13 ; elapsed = 00:02:49 . Memory (MB): peak = 3692.512 ; gain = 74.570

Phase 6 Delay and Skew Optimization

Phase 6.1 Delay CleanUp

Phase 6.1.1 Update Timing
Phase 6.1.1 Update Timing | Checksum: 219f891c5

Time (s): cpu = 00:05:20 ; elapsed = 00:02:53 . Memory (MB): peak = 3692.512 ; gain = 74.570
INFO: [Route 35-416] Intermediate Timing Summary | WNS=-15.529| TNS=-1527.087| WHS=N/A    | THS=N/A    |

 Number of Nodes with overlaps = 0
Phase 6.1 Delay CleanUp | Checksum: 2525b517f

Time (s): cpu = 00:05:26 ; elapsed = 00:02:54 . Memory (MB): peak = 3692.512 ; gain = 74.570

Phase 6.2 Clock Skew Optimization
Phase 6.2 Clock Skew Optimization | Checksum: 2525b517f

Time (s): cpu = 00:05:27 ; elapsed = 00:02:54 . Memory (MB): peak = 3692.512 ; gain = 74.570
Phase 6 Delay and Skew Optimization | Checksum: 2525b517f

Time (s): cpu = 00:05:27 ; elapsed = 00:02:54 . Memory (MB): peak = 3692.512 ; gain = 74.570

Phase 7 Post Hold Fix

Phase 7.1 Hold Fix Iter
INFO: [Route 35-416] Intermediate Timing Summary | WNS=-15.268| TNS=-1465.491| WHS=0.015  | THS=0.000  |

Phase 7.1 Hold Fix Iter | Checksum: 29593b011

Time (s): cpu = 00:05:33 ; elapsed = 00:02:57 . Memory (MB): peak = 3692.512 ; gain = 74.570
Phase 7 Post Hold Fix | Checksum: 29593b011

Time (s): cpu = 00:05:33 ; elapsed = 00:02:57 . Memory (MB): peak = 3692.512 ; gain = 74.570

Phase 8 Route finalize

Router Utilization Summary
  Global Vertical Routing Utilization    = 7.32117 %
  Global Horizontal Routing Utilization  = 8.21569 %
  Routable Net Status*
  *Does not include unroutable nets such as driverless and loadless.
  Run report_route_status for detailed report.
  Number of Failed Nets               = 0
    (Failed Nets is the sum of unrouted and partially routed nets)
  Number of Unrouted Nets             = 0
  Number of Partially Routed Nets     = 0
  Number of Node Overlaps             = 0


--GLOBAL Congestion:
Utilization threshold used for congestion level computation: 0.85
Congestion Report
North Dir 1x1 Area, Max Cong = 66.6667%, No Congested Regions.
South Dir 1x1 Area, Max Cong = 77.4775%, No Congested Regions.
East Dir 1x1 Area, Max Cong = 83.8235%, No Congested Regions.
West Dir 1x1 Area, Max Cong = 92.6471%, Congestion bounded by tiles (Lower Left Tile -> Upper Right Tile):
   INT_L_X40Y30 -> INT_L_X40Y30

------------------------------
Reporting congestion hotspots
------------------------------
Direction: North
----------------
Congested clusters found at Level 0
Effective congestion level: 0 Aspect Ratio: 1 Sparse Ratio: 0
Direction: South
----------------
Congested clusters found at Level 0
Effective congestion level: 0 Aspect Ratio: 1 Sparse Ratio: 0
Direction: East
----------------
Congested clusters found at Level 0
Effective congestion level: 0 Aspect Ratio: 1 Sparse Ratio: 0
Direction: West
----------------
Congested clusters found at Level 0
Effective congestion level: 0 Aspect Ratio: 1 Sparse Ratio: 1

Phase 8 Route finalize | Checksum: 29593b011

Time (s): cpu = 00:05:34 ; elapsed = 00:02:57 . Memory (MB): peak = 3692.512 ; gain = 74.570

Phase 9 Verifying routed nets

 Verification completed successfully
Phase 9 Verifying routed nets | Checksum: 29593b011

Time (s): cpu = 00:05:34 ; elapsed = 00:02:57 . Memory (MB): peak = 3692.512 ; gain = 74.570

Phase 10 Depositing Routes
Phase 10 Depositing Routes | Checksum: 23327a41d

Time (s): cpu = 00:05:39 ; elapsed = 00:03:00 . Memory (MB): peak = 3692.512 ; gain = 74.570

Phase 11 Post Process Routing
Phase 11 Post Process Routing | Checksum: 23327a41d

Time (s): cpu = 00:05:39 ; elapsed = 00:03:01 . Memory (MB): peak = 3692.512 ; gain = 74.570

Phase 12 Post Router Timing
INFO: [Route 35-57] Estimated Timing Summary | WNS=-15.268| TNS=-1465.491| WHS=0.015  | THS=0.000  |

WARNING: [Route 35-328] Router estimated timing not met.
Resolution: For a complete and accurate timing signoff, report_timing_summary must be run after route_design. Alternatively, route_design can be run with the -timing_summary option to enable a complete timing signoff at the end of route_design.
Phase 12 Post Router Timing | Checksum: 23327a41d

Time (s): cpu = 00:05:39 ; elapsed = 00:03:01 . Memory (MB): peak = 3692.512 ; gain = 74.570
Total Elapsed time in route_design: 180.562 secs

Phase 13 Post-Route Event Processing
Phase 13 Post-Route Event Processing | Checksum: 1b86fa3d6

Time (s): cpu = 00:05:40 ; elapsed = 00:03:01 . Memory (MB): peak = 3692.512 ; gain = 74.570
INFO: [Route 35-16] Router Completed Successfully
Ending Routing Task | Checksum: 1b86fa3d6

Time (s): cpu = 00:05:40 ; elapsed = 00:03:02 . Memory (MB): peak = 3692.512 ; gain = 74.570

Routing Is Done.
INFO: [Common 17-83] Releasing license: Implementation
973 Infos, 102 Warnings, 0 Critical Warnings and 0 Errors encountered.
route_design completed successfully
route_design: Time (s): cpu = 00:05:50 ; elapsed = 00:03:08 . Memory (MB): peak = 3692.512 ; gain = 83.281
INFO: [Vivado 12-24828] Executing command : report_drc -file design_1_wrapper_drc_routed.rpt -pb design_1_wrapper_drc_routed.pb -rpx design_1_wrapper_drc_routed.rpx
Command: report_drc -file design_1_wrapper_drc_routed.rpt -pb design_1_wrapper_drc_routed.pb -rpx design_1_wrapper_drc_routed.rpx
INFO: [IP_Flow 19-1839] IP Catalog is up to date.
INFO: [DRC 23-27] Running DRC with 2 threads
INFO: [Vivado_Tcl 2-168] The results of DRC are in file D:/licenta_16_layer_conv_copie/licenta_16_layer_conv.runs/impl_1/design_1_wrapper_drc_routed.rpt.
report_drc completed successfully
report_drc: Time (s): cpu = 00:00:17 ; elapsed = 00:00:09 . Memory (MB): peak = 3692.512 ; gain = 0.000
INFO: [Vivado 12-24828] Executing command : report_methodology -file design_1_wrapper_methodology_drc_routed.rpt -pb design_1_wrapper_methodology_drc_routed.pb -rpx design_1_wrapper_methodology_drc_routed.rpx
Command: report_methodology -file design_1_wrapper_methodology_drc_routed.rpt -pb design_1_wrapper_methodology_drc_routed.pb -rpx design_1_wrapper_methodology_drc_routed.rpx
INFO: [Timing 38-35] Done setting XDC timing constraints.
INFO: [DRC 23-133] Running Methodology with 2 threads
INFO: [Vivado_Tcl 2-1520] The results of Report Methodology are in file D:/licenta_16_layer_conv_copie/licenta_16_layer_conv.runs/impl_1/design_1_wrapper_methodology_drc_routed.rpt.
report_methodology completed successfully
report_methodology: Time (s): cpu = 00:00:21 ; elapsed = 00:00:12 . Memory (MB): peak = 3692.512 ; gain = 0.000
INFO: [Vivado 12-24828] Executing command : report_timing_summary -max_paths 10 -report_unconstrained -file design_1_wrapper_timing_summary_routed.rpt -pb design_1_wrapper_timing_summary_routed.pb -rpx design_1_wrapper_timing_summary_routed.rpx -warn_on_violation 
INFO: [Timing 38-35] Done setting XDC timing constraints.
INFO: [Timing 38-91] UpdateTimingParams: Speed grade: -1, Delay Type: min_max.
INFO: [Timing 38-191] Multithreading enabled for timing update using a maximum of 2 CPUs
CRITICAL WARNING: [Timing 38-282] The design failed to meet the timing requirements. Please see the timing summary report for details on the timing violations.
WARNING: [Timing 38-436] There are set_bus_skew constraint(s) in this design. Please run report_bus_skew to ensure that bus skew requirements are met.
report_timing_summary: Time (s): cpu = 00:00:11 ; elapsed = 00:00:07 . Memory (MB): peak = 3692.512 ; gain = 0.000
INFO: [Vivado 12-24838] Running report commands "report_incremental_reuse, report_route_status" in parallel.
Running report generation with 2 threads.
INFO: [Vivado 12-24828] Executing command : report_incremental_reuse -file design_1_wrapper_incremental_reuse_routed.rpt
INFO: [Vivado_Tcl 4-1062] Incremental flow is disabled. No incremental reuse Info to report.
INFO: [Vivado 12-24828] Executing command : report_route_status -file design_1_wrapper_route_status.rpt -pb design_1_wrapper_route_status.pb
INFO: [Vivado 12-24828] Executing command : report_power -file design_1_wrapper_power_routed.rpt -pb design_1_wrapper_power_summary_routed.pb -rpx design_1_wrapper_power_routed.rpx
Command: report_power -file design_1_wrapper_power_routed.rpt -pb design_1_wrapper_power_summary_routed.pb -rpx design_1_wrapper_power_routed.rpx
Running Vector-less Activity Propagation...

Finished Running Vector-less Activity Propagation
WARNING: [Power 33-332] Found switching activity that implies high-fanout reset nets being asserted for excessive periods of time which may result in inaccurate power analysis.
Resolution: To review and fix problems, please run Power Constraints Advisor in the GUI from Tools > Power Constraints Advisor or run report_power with the -advisory option to generate a text report.
990 Infos, 104 Warnings, 1 Critical Warnings and 0 Errors encountered.
report_power completed successfully
report_power: Time (s): cpu = 00:00:13 ; elapsed = 00:00:09 . Memory (MB): peak = 3692.512 ; gain = 0.000
INFO: [Vivado 12-24828] Executing command : report_clock_utilization -file design_1_wrapper_clock_utilization_routed.rpt
WARNING: [Device 21-9320] Failed to find the Oracle tile group with name 'HSR_BOUNDARY_TOP'. This is required for Clock regions and Virtual grid.
WARNING: [Device 21-2174] Failed to initialize Virtual grid.
INFO: [Vivado 12-24828] Executing command : report_bus_skew -warn_on_violation -file design_1_wrapper_bus_skew_routed.rpt -pb design_1_wrapper_bus_skew_routed.pb -rpx design_1_wrapper_bus_skew_routed.rpx
INFO: [Timing 38-91] UpdateTimingParams: Speed grade: -1, Delay Type: min_max.
INFO: [Timing 38-191] Multithreading enabled for timing update using a maximum of 2 CPUs
generate_parallel_reports: Time (s): cpu = 00:01:05 ; elapsed = 00:00:40 . Memory (MB): peak = 3692.512 ; gain = 0.000
INFO: [Timing 38-480] Writing timing data to binary archive.
Write ShapeDB Complete: Time (s): cpu = 00:00:01 ; elapsed = 00:00:00.113 . Memory (MB): peak = 3692.512 ; gain = 0.000
Wrote PlaceDB: Time (s): cpu = 00:00:10 ; elapsed = 00:00:03 . Memory (MB): peak = 3692.512 ; gain = 0.000
Wrote PulsedLatchDB: Time (s): cpu = 00:00:00 ; elapsed = 00:00:00.001 . Memory (MB): peak = 3692.512 ; gain = 0.000
Writing XDEF routing.
Writing XDEF routing logical nets.
Writing XDEF routing special nets.
Wrote RouteStorage: Time (s): cpu = 00:00:01 ; elapsed = 00:00:00.621 . Memory (MB): peak = 3692.512 ; gain = 0.000
Wrote Netlist Cache: Time (s): cpu = 00:00:00 ; elapsed = 00:00:00.049 . Memory (MB): peak = 3692.512 ; gain = 0.000
Wrote Device Cache: Time (s): cpu = 00:00:00 ; elapsed = 00:00:00.010 . Memory (MB): peak = 3692.512 ; gain = 0.000
Write Physdb Complete: Time (s): cpu = 00:00:11 ; elapsed = 00:00:04 . Memory (MB): peak = 3692.512 ; gain = 0.000
INFO: [Common 17-1381] The checkpoint 'D:/licenta_16_layer_conv_copie/licenta_16_layer_conv.runs/impl_1/design_1_wrapper_routed.dcp' has been generated.
write_checkpoint: Time (s): cpu = 00:00:13 ; elapsed = 00:00:08 . Memory (MB): peak = 3692.512 ; gain = 0.000
INFO: [Memdata 28-208] The XPM instance: <design_1_i/hdmi/v_axi4s_vid_out_0/inst/COUPLER_INST/generate_async_fifo.FIFO_INST/XPM_FIFO_ASYNC_INST/gnuram_async_fifo.xpm_fifo_base_inst/gen_sdpram.xpm_memory_base_inst> is part of IP: <design_1_i/hdmi/v_axi4s_vid_out_0>. This XPM instance will be excluded from the .mmi because updatemem is prohibited from making changes to an XPM that is part of an IP.
INFO: [Memdata 28-208] The XPM instance: <design_1_i/hdmi/axi_vdma_0/U0/I_PRMRY_DATAMOVER/GEN_MM2S_FULL.I_MM2S_FULL_WRAPPER/GEN_INCLUDE_MM2S_SF.I_RD_SF/I_DATA_FIFO/BLK_MEM.I_SYNC_FIFOGEN_FIFO/xpm_fifo_instance.xpm_fifo_sync_inst/xpm_fifo_base_inst/gen_sdpram.xpm_memory_base_inst> is part of IP: <design_1_i/hdmi/axi_vdma_0>. This XPM instance will be excluded from the .mmi because updatemem is prohibited from making changes to an XPM that is part of an IP.
INFO: [Memdata 28-208] The XPM instance: <design_1_i/hdmi/axi_vdma_0/U0/GEN_SPRT_FOR_MM2S.MM2S_LINEBUFFER_I/GEN_LINEBUF_NO_SOF.GEN_LINEBUFFER.GEN_SYNC_FIFO.I_LINEBUFFER_FIFO/xpm_fifo_sync_inst/xpm_fifo_base_inst/gen_sdpram.xpm_memory_base_inst> is part of IP: <design_1_i/hdmi/axi_vdma_0>. This XPM instance will be excluded from the .mmi because updatemem is prohibited from making changes to an XPM that is part of an IP.
INFO: [Memdata 28-167] Found XPM memory block design_1_i/axi_smc/inst/s00_nodes/s00_w_node/inst/inst_mi_handler/gen_normal_area.inst_fifo_node_payld/gen_xpm_memory_fifo.inst_fifo/gen_mem_rep[0].inst_xpm_memory/xpm_memory_base_inst with a P_MEMORY_PRIMITIVE property set to distributed. A value of block is required. You will not be able to use the updatemem program to update the bitstream with new data for the design_1_i/axi_smc/inst/s00_nodes/s00_w_node/inst/inst_mi_handler/gen_normal_area.inst_fifo_node_payld/gen_xpm_memory_fifo.inst_fifo/gen_mem_rep[0].inst_xpm_memory/xpm_memory_base_inst block.
INFO: [Memdata 28-167] Found XPM memory block design_1_i/axi_smc/inst/s00_nodes/s00_w_node/inst/inst_mi_handler/gen_normal_area.gen_fifo_req.inst_fifo_req/gen_xpm_memory_fifo.inst_fifo/gen_mem_rep[0].inst_xpm_memory/xpm_memory_base_inst with a P_MEMORY_PRIMITIVE property set to distributed. A value of block is required. You will not be able to use the updatemem program to update the bitstream with new data for the design_1_i/axi_smc/inst/s00_nodes/s00_w_node/inst/inst_mi_handler/gen_normal_area.gen_fifo_req.inst_fifo_req/gen_xpm_memory_fifo.inst_fifo/gen_mem_rep[0].inst_xpm_memory/xpm_memory_base_inst block.
INFO: [Memdata 28-167] Found XPM memory block design_1_i/axi_smc/inst/s00_nodes/s00_r_node/inst/inst_mi_handler/gen_normal_area.inst_fifo_node_payld/gen_xpm_memory_fifo.inst_fifo/gen_mem_rep[0].inst_xpm_memory/xpm_memory_base_inst with a P_MEMORY_PRIMITIVE property set to distributed. A value of block is required. You will not be able to use the updatemem program to update the bitstream with new data for the design_1_i/axi_smc/inst/s00_nodes/s00_r_node/inst/inst_mi_handler/gen_normal_area.inst_fifo_node_payld/gen_xpm_memory_fifo.inst_fifo/gen_mem_rep[0].inst_xpm_memory/xpm_memory_base_inst block.
INFO: [Memdata 28-167] Found XPM memory block design_1_i/axi_smc/inst/s00_nodes/s00_b_node/inst/inst_mi_handler/gen_normal_area.inst_fifo_node_payld/gen_xpm_memory_fifo.inst_fifo/gen_mem_rep[0].inst_xpm_memory/xpm_memory_base_inst with a P_MEMORY_PRIMITIVE property set to distributed. A value of block is required. You will not be able to use the updatemem program to update the bitstream with new data for the design_1_i/axi_smc/inst/s00_nodes/s00_b_node/inst/inst_mi_handler/gen_normal_area.inst_fifo_node_payld/gen_xpm_memory_fifo.inst_fifo/gen_mem_rep[0].inst_xpm_memory/xpm_memory_base_inst block.
INFO: [Memdata 28-167] Found XPM memory block design_1_i/axi_smc/inst/s00_nodes/s00_aw_node/inst/inst_mi_handler/gen_normal_area.inst_fifo_node_payld/gen_xpm_memory_fifo.inst_fifo/gen_mem_rep[0].inst_xpm_memory/xpm_memory_base_inst with a P_MEMORY_PRIMITIVE property set to distributed. A value of block is required. You will not be able to use the updatemem program to update the bitstream with new data for the design_1_i/axi_smc/inst/s00_nodes/s00_aw_node/inst/inst_mi_handler/gen_normal_area.inst_fifo_node_payld/gen_xpm_memory_fifo.inst_fifo/gen_mem_rep[0].inst_xpm_memory/xpm_memory_base_inst block.
INFO: [Memdata 28-167] Found XPM memory block design_1_i/axi_smc/inst/s00_nodes/s00_aw_node/inst/inst_mi_handler/gen_normal_area.gen_fifo_req.inst_fifo_req/gen_xpm_memory_fifo.inst_fifo/gen_mem_rep[0].inst_xpm_memory/xpm_memory_base_inst with a P_MEMORY_PRIMITIVE property set to distributed. A value of block is required. You will not be able to use the updatemem program to update the bitstream with new data for the design_1_i/axi_smc/inst/s00_nodes/s00_aw_node/inst/inst_mi_handler/gen_normal_area.gen_fifo_req.inst_fifo_req/gen_xpm_memory_fifo.inst_fifo/gen_mem_rep[0].inst_xpm_memory/xpm_memory_base_inst block.
INFO: [Memdata 28-167] Found XPM memory block design_1_i/axi_smc/inst/s00_nodes/s00_ar_node/inst/inst_mi_handler/gen_normal_area.inst_fifo_node_payld/gen_xpm_memory_fifo.inst_fifo/gen_mem_rep[0].inst_xpm_memory/xpm_memory_base_inst with a P_MEMORY_PRIMITIVE property set to distributed. A value of block is required. You will not be able to use the updatemem program to update the bitstream with new data for the design_1_i/axi_smc/inst/s00_nodes/s00_ar_node/inst/inst_mi_handler/gen_normal_area.inst_fifo_node_payld/gen_xpm_memory_fifo.inst_fifo/gen_mem_rep[0].inst_xpm_memory/xpm_memory_base_inst block.
INFO: [Memdata 28-167] Found XPM memory block design_1_i/axi_smc/inst/s00_nodes/s00_ar_node/inst/inst_mi_handler/gen_normal_area.gen_fifo_req.inst_fifo_req/gen_xpm_memory_fifo.inst_fifo/gen_mem_rep[0].inst_xpm_memory/xpm_memory_base_inst with a P_MEMORY_PRIMITIVE property set to distributed. A value of block is required. You will not be able to use the updatemem program to update the bitstream with new data for the design_1_i/axi_smc/inst/s00_nodes/s00_ar_node/inst/inst_mi_handler/gen_normal_area.gen_fifo_req.inst_fifo_req/gen_xpm_memory_fifo.inst_fifo/gen_mem_rep[0].inst_xpm_memory/xpm_memory_base_inst block.
INFO: [Memdata 28-167] Found XPM memory block design_1_i/axi_smc/inst/m06_nodes/m06_w_node/inst/inst_mi_handler/gen_normal_area.inst_fifo_node_payld/gen_xpm_memory_fifo.inst_fifo/gen_mem_rep[0].inst_xpm_memory/xpm_memory_base_inst with a P_MEMORY_PRIMITIVE property set to distributed. A value of block is required. You will not be able to use the updatemem program to update the bitstream with new data for the design_1_i/axi_smc/inst/m06_nodes/m06_w_node/inst/inst_mi_handler/gen_normal_area.inst_fifo_node_payld/gen_xpm_memory_fifo.inst_fifo/gen_mem_rep[0].inst_xpm_memory/xpm_memory_base_inst block.
INFO: [Memdata 28-167] Found XPM memory block design_1_i/axi_smc/inst/m06_nodes/m06_r_node/inst/inst_mi_handler/gen_normal_area.inst_fifo_node_payld/gen_xpm_memory_fifo.inst_fifo/gen_mem_rep[0].inst_xpm_memory/xpm_memory_base_inst with a P_MEMORY_PRIMITIVE property set to distributed. A value of block is required. You will not be able to use the updatemem program to update the bitstream with new data for the design_1_i/axi_smc/inst/m06_nodes/m06_r_node/inst/inst_mi_handler/gen_normal_area.inst_fifo_node_payld/gen_xpm_memory_fifo.inst_fifo/gen_mem_rep[0].inst_xpm_memory/xpm_memory_base_inst block.
INFO: [Memdata 28-167] Found XPM memory block design_1_i/axi_smc/inst/m06_nodes/m06_b_node/inst/inst_mi_handler/gen_normal_area.inst_fifo_node_payld/gen_xpm_memory_fifo.inst_fifo/gen_mem_rep[0].inst_xpm_memory/xpm_memory_base_inst with a P_MEMORY_PRIMITIVE property set to distributed. A value of block is required. You will not be able to use the updatemem program to update the bitstream with new data for the design_1_i/axi_smc/inst/m06_nodes/m06_b_node/inst/inst_mi_handler/gen_normal_area.inst_fifo_node_payld/gen_xpm_memory_fifo.inst_fifo/gen_mem_rep[0].inst_xpm_memory/xpm_memory_base_inst block.
INFO: [Memdata 28-167] Found XPM memory block design_1_i/axi_smc/inst/m06_nodes/m06_aw_node/inst/inst_mi_handler/gen_normal_area.inst_fifo_node_payld/gen_xpm_memory_fifo.inst_fifo/gen_mem_rep[0].inst_xpm_memory/xpm_memory_base_inst with a P_MEMORY_PRIMITIVE property set to distributed. A value of block is required. You will not be able to use the updatemem program to update the bitstream with new data for the design_1_i/axi_smc/inst/m06_nodes/m06_aw_node/inst/inst_mi_handler/gen_normal_area.inst_fifo_node_payld/gen_xpm_memory_fifo.inst_fifo/gen_mem_rep[0].inst_xpm_memory/xpm_memory_base_inst block.
INFO: [Memdata 28-167] Found XPM memory block design_1_i/axi_smc/inst/m06_nodes/m06_ar_node/inst/inst_mi_handler/gen_normal_area.inst_fifo_node_payld/gen_xpm_memory_fifo.inst_fifo/gen_mem_rep[0].inst_xpm_memory/xpm_memory_base_inst with a P_MEMORY_PRIMITIVE property set to distributed. A value of block is required. You will not be able to use the updatemem program to update the bitstream with new data for the design_1_i/axi_smc/inst/m06_nodes/m06_ar_node/inst/inst_mi_handler/gen_normal_area.inst_fifo_node_payld/gen_xpm_memory_fifo.inst_fifo/gen_mem_rep[0].inst_xpm_memory/xpm_memory_base_inst block.
INFO: [Memdata 28-167] Found XPM memory block design_1_i/axi_smc/inst/m05_nodes/m05_w_node/inst/inst_mi_handler/gen_normal_area.inst_fifo_node_payld/gen_xpm_memory_fifo.inst_fifo/gen_mem_rep[0].inst_xpm_memory/xpm_memory_base_inst with a P_MEMORY_PRIMITIVE property set to distributed. A value of block is required. You will not be able to use the updatemem program to update the bitstream with new data for the design_1_i/axi_smc/inst/m05_nodes/m05_w_node/inst/inst_mi_handler/gen_normal_area.inst_fifo_node_payld/gen_xpm_memory_fifo.inst_fifo/gen_mem_rep[0].inst_xpm_memory/xpm_memory_base_inst block.
INFO: [Memdata 28-167] Found XPM memory block design_1_i/axi_smc/inst/m05_nodes/m05_r_node/inst/inst_mi_handler/gen_normal_area.inst_fifo_node_payld/gen_xpm_memory_fifo.inst_fifo/gen_mem_rep[0].inst_xpm_memory/xpm_memory_base_inst with a P_MEMORY_PRIMITIVE property set to distributed. A value of block is required. You will not be able to use the updatemem program to update the bitstream with new data for the design_1_i/axi_smc/inst/m05_nodes/m05_r_node/inst/inst_mi_handler/gen_normal_area.inst_fifo_node_payld/gen_xpm_memory_fifo.inst_fifo/gen_mem_rep[0].inst_xpm_memory/xpm_memory_base_inst block.
INFO: [Memdata 28-167] Found XPM memory block design_1_i/axi_smc/inst/m05_nodes/m05_b_node/inst/inst_mi_handler/gen_normal_area.inst_fifo_node_payld/gen_xpm_memory_fifo.inst_fifo/gen_mem_rep[0].inst_xpm_memory/xpm_memory_base_inst with a P_MEMORY_PRIMITIVE property set to distributed. A value of block is required. You will not be able to use the updatemem program to update the bitstream with new data for the design_1_i/axi_smc/inst/m05_nodes/m05_b_node/inst/inst_mi_handler/gen_normal_area.inst_fifo_node_payld/gen_xpm_memory_fifo.inst_fifo/gen_mem_rep[0].inst_xpm_memory/xpm_memory_base_inst block.
INFO: [Memdata 28-167] Found XPM memory block design_1_i/axi_smc/inst/m05_nodes/m05_aw_node/inst/inst_mi_handler/gen_normal_area.inst_fifo_node_payld/gen_xpm_memory_fifo.inst_fifo/gen_mem_rep[0].inst_xpm_memory/xpm_memory_base_inst with a P_MEMORY_PRIMITIVE property set to distributed. A value of block is required. You will not be able to use the updatemem program to update the bitstream with new data for the design_1_i/axi_smc/inst/m05_nodes/m05_aw_node/inst/inst_mi_handler/gen_normal_area.inst_fifo_node_payld/gen_xpm_memory_fifo.inst_fifo/gen_mem_rep[0].inst_xpm_memory/xpm_memory_base_inst block.
INFO: [Memdata 28-167] Found XPM memory block design_1_i/axi_smc/inst/m05_nodes/m05_ar_node/inst/inst_mi_handler/gen_normal_area.inst_fifo_node_payld/gen_xpm_memory_fifo.inst_fifo/gen_mem_rep[0].inst_xpm_memory/xpm_memory_base_inst with a P_MEMORY_PRIMITIVE property set to distributed. A value of block is required. You will not be able to use the updatemem program to update the bitstream with new data for the design_1_i/axi_smc/inst/m05_nodes/m05_ar_node/inst/inst_mi_handler/gen_normal_area.inst_fifo_node_payld/gen_xpm_memory_fifo.inst_fifo/gen_mem_rep[0].inst_xpm_memory/xpm_memory_base_inst block.
INFO: [Memdata 28-167] Found XPM memory block design_1_i/axi_smc/inst/m04_nodes/m04_w_node/inst/inst_mi_handler/gen_normal_area.inst_fifo_node_payld/gen_xpm_memory_fifo.inst_fifo/gen_mem_rep[0].inst_xpm_memory/xpm_memory_base_inst with a P_MEMORY_PRIMITIVE property set to distributed. A value of block is required. You will not be able to use the updatemem program to update the bitstream with new data for the design_1_i/axi_smc/inst/m04_nodes/m04_w_node/inst/inst_mi_handler/gen_normal_area.inst_fifo_node_payld/gen_xpm_memory_fifo.inst_fifo/gen_mem_rep[0].inst_xpm_memory/xpm_memory_base_inst block.
INFO: [Memdata 28-167] Found XPM memory block design_1_i/axi_smc/inst/m04_nodes/m04_r_node/inst/inst_mi_handler/gen_normal_area.inst_fifo_node_payld/gen_xpm_memory_fifo.inst_fifo/gen_mem_rep[0].inst_xpm_memory/xpm_memory_base_inst with a P_MEMORY_PRIMITIVE property set to distributed. A value of block is required. You will not be able to use the updatemem program to update the bitstream with new data for the design_1_i/axi_smc/inst/m04_nodes/m04_r_node/inst/inst_mi_handler/gen_normal_area.inst_fifo_node_payld/gen_xpm_memory_fifo.inst_fifo/gen_mem_rep[0].inst_xpm_memory/xpm_memory_base_inst block.
INFO: [Memdata 28-167] Found XPM memory block design_1_i/axi_smc/inst/m04_nodes/m04_b_node/inst/inst_mi_handler/gen_normal_area.inst_fifo_node_payld/gen_xpm_memory_fifo.inst_fifo/gen_mem_rep[0].inst_xpm_memory/xpm_memory_base_inst with a P_MEMORY_PRIMITIVE property set to distributed. A value of block is required. You will not be able to use the updatemem program to update the bitstream with new data for the design_1_i/axi_smc/inst/m04_nodes/m04_b_node/inst/inst_mi_handler/gen_normal_area.inst_fifo_node_payld/gen_xpm_memory_fifo.inst_fifo/gen_mem_rep[0].inst_xpm_memory/xpm_memory_base_inst block.
INFO: [Memdata 28-167] Found XPM memory block design_1_i/axi_smc/inst/m04_nodes/m04_aw_node/inst/inst_mi_handler/gen_normal_area.inst_fifo_node_payld/gen_xpm_memory_fifo.inst_fifo/gen_mem_rep[0].inst_xpm_memory/xpm_memory_base_inst with a P_MEMORY_PRIMITIVE property set to distributed. A value of block is required. You will not be able to use the updatemem program to update the bitstream with new data for the design_1_i/axi_smc/inst/m04_nodes/m04_aw_node/inst/inst_mi_handler/gen_normal_area.inst_fifo_node_payld/gen_xpm_memory_fifo.inst_fifo/gen_mem_rep[0].inst_xpm_memory/xpm_memory_base_inst block.
INFO: [Memdata 28-167] Found XPM memory block design_1_i/axi_smc/inst/m04_nodes/m04_ar_node/inst/inst_mi_handler/gen_normal_area.inst_fifo_node_payld/gen_xpm_memory_fifo.inst_fifo/gen_mem_rep[0].inst_xpm_memory/xpm_memory_base_inst with a P_MEMORY_PRIMITIVE property set to distributed. A value of block is required. You will not be able to use the updatemem program to update the bitstream with new data for the design_1_i/axi_smc/inst/m04_nodes/m04_ar_node/inst/inst_mi_handler/gen_normal_area.inst_fifo_node_payld/gen_xpm_memory_fifo.inst_fifo/gen_mem_rep[0].inst_xpm_memory/xpm_memory_base_inst block.
INFO: [Memdata 28-167] Found XPM memory block design_1_i/axi_smc/inst/m03_nodes/m03_w_node/inst/inst_mi_handler/gen_normal_area.inst_fifo_node_payld/gen_xpm_memory_fifo.inst_fifo/gen_mem_rep[0].inst_xpm_memory/xpm_memory_base_inst with a P_MEMORY_PRIMITIVE property set to distributed. A value of block is required. You will not be able to use the updatemem program to update the bitstream with new data for the design_1_i/axi_smc/inst/m03_nodes/m03_w_node/inst/inst_mi_handler/gen_normal_area.inst_fifo_node_payld/gen_xpm_memory_fifo.inst_fifo/gen_mem_rep[0].inst_xpm_memory/xpm_memory_base_inst block.
INFO: [Memdata 28-167] Found XPM memory block design_1_i/axi_smc/inst/m03_nodes/m03_r_node/inst/inst_mi_handler/gen_normal_area.inst_fifo_node_payld/gen_xpm_memory_fifo.inst_fifo/gen_mem_rep[0].inst_xpm_memory/xpm_memory_base_inst with a P_MEMORY_PRIMITIVE property set to distributed. A value of block is required. You will not be able to use the updatemem program to update the bitstream with new data for the design_1_i/axi_smc/inst/m03_nodes/m03_r_node/inst/inst_mi_handler/gen_normal_area.inst_fifo_node_payld/gen_xpm_memory_fifo.inst_fifo/gen_mem_rep[0].inst_xpm_memory/xpm_memory_base_inst block.
INFO: [Memdata 28-167] Found XPM memory block design_1_i/axi_smc/inst/m03_nodes/m03_b_node/inst/inst_mi_handler/gen_normal_area.inst_fifo_node_payld/gen_xpm_memory_fifo.inst_fifo/gen_mem_rep[0].inst_xpm_memory/xpm_memory_base_inst with a P_MEMORY_PRIMITIVE property set to distributed. A value of block is required. You will not be able to use the updatemem program to update the bitstream with new data for the design_1_i/axi_smc/inst/m03_nodes/m03_b_node/inst/inst_mi_handler/gen_normal_area.inst_fifo_node_payld/gen_xpm_memory_fifo.inst_fifo/gen_mem_rep[0].inst_xpm_memory/xpm_memory_base_inst block.
INFO: [Memdata 28-167] Found XPM memory block design_1_i/axi_smc/inst/m03_nodes/m03_aw_node/inst/inst_mi_handler/gen_normal_area.inst_fifo_node_payld/gen_xpm_memory_fifo.inst_fifo/gen_mem_rep[0].inst_xpm_memory/xpm_memory_base_inst with a P_MEMORY_PRIMITIVE property set to distributed. A value of block is required. You will not be able to use the updatemem program to update the bitstream with new data for the design_1_i/axi_smc/inst/m03_nodes/m03_aw_node/inst/inst_mi_handler/gen_normal_area.inst_fifo_node_payld/gen_xpm_memory_fifo.inst_fifo/gen_mem_rep[0].inst_xpm_memory/xpm_memory_base_inst block.
INFO: [Memdata 28-167] Found XPM memory block design_1_i/axi_smc/inst/m03_nodes/m03_ar_node/inst/inst_mi_handler/gen_normal_area.inst_fifo_node_payld/gen_xpm_memory_fifo.inst_fifo/gen_mem_rep[0].inst_xpm_memory/xpm_memory_base_inst with a P_MEMORY_PRIMITIVE property set to distributed. A value of block is required. You will not be able to use the updatemem program to update the bitstream with new data for the design_1_i/axi_smc/inst/m03_nodes/m03_ar_node/inst/inst_mi_handler/gen_normal_area.inst_fifo_node_payld/gen_xpm_memory_fifo.inst_fifo/gen_mem_rep[0].inst_xpm_memory/xpm_memory_base_inst block.
INFO: [Memdata 28-167] Found XPM memory block design_1_i/axi_smc/inst/m02_nodes/m02_w_node/inst/inst_mi_handler/gen_normal_area.inst_fifo_node_payld/gen_xpm_memory_fifo.inst_fifo/gen_mem_rep[0].inst_xpm_memory/xpm_memory_base_inst with a P_MEMORY_PRIMITIVE property set to distributed. A value of block is required. You will not be able to use the updatemem program to update the bitstream with new data for the design_1_i/axi_smc/inst/m02_nodes/m02_w_node/inst/inst_mi_handler/gen_normal_area.inst_fifo_node_payld/gen_xpm_memory_fifo.inst_fifo/gen_mem_rep[0].inst_xpm_memory/xpm_memory_base_inst block.
INFO: [Memdata 28-167] Found XPM memory block design_1_i/axi_smc/inst/m02_nodes/m02_r_node/inst/inst_mi_handler/gen_normal_area.inst_fifo_node_payld/gen_xpm_memory_fifo.inst_fifo/gen_mem_rep[0].inst_xpm_memory/xpm_memory_base_inst with a P_MEMORY_PRIMITIVE property set to distributed. A value of block is required. You will not be able to use the updatemem program to update the bitstream with new data for the design_1_i/axi_smc/inst/m02_nodes/m02_r_node/inst/inst_mi_handler/gen_normal_area.inst_fifo_node_payld/gen_xpm_memory_fifo.inst_fifo/gen_mem_rep[0].inst_xpm_memory/xpm_memory_base_inst block.
INFO: [Memdata 28-167] Found XPM memory block design_1_i/axi_smc/inst/m02_nodes/m02_b_node/inst/inst_mi_handler/gen_normal_area.inst_fifo_node_payld/gen_xpm_memory_fifo.inst_fifo/gen_mem_rep[0].inst_xpm_memory/xpm_memory_base_inst with a P_MEMORY_PRIMITIVE property set to distributed. A value of block is required. You will not be able to use the updatemem program to update the bitstream with new data for the design_1_i/axi_smc/inst/m02_nodes/m02_b_node/inst/inst_mi_handler/gen_normal_area.inst_fifo_node_payld/gen_xpm_memory_fifo.inst_fifo/gen_mem_rep[0].inst_xpm_memory/xpm_memory_base_inst block.
INFO: [Memdata 28-167] Found XPM memory block design_1_i/axi_smc/inst/m02_nodes/m02_aw_node/inst/inst_mi_handler/gen_normal_area.inst_fifo_node_payld/gen_xpm_memory_fifo.inst_fifo/gen_mem_rep[0].inst_xpm_memory/xpm_memory_base_inst with a P_MEMORY_PRIMITIVE property set to distributed. A value of block is required. You will not be able to use the updatemem program to update the bitstream with new data for the design_1_i/axi_smc/inst/m02_nodes/m02_aw_node/inst/inst_mi_handler/gen_normal_area.inst_fifo_node_payld/gen_xpm_memory_fifo.inst_fifo/gen_mem_rep[0].inst_xpm_memory/xpm_memory_base_inst block.
INFO: [Memdata 28-167] Found XPM memory block design_1_i/axi_smc/inst/m02_nodes/m02_ar_node/inst/inst_mi_handler/gen_normal_area.inst_fifo_node_payld/gen_xpm_memory_fifo.inst_fifo/gen_mem_rep[0].inst_xpm_memory/xpm_memory_base_inst with a P_MEMORY_PRIMITIVE property set to distributed. A value of block is required. You will not be able to use the updatemem program to update the bitstream with new data for the design_1_i/axi_smc/inst/m02_nodes/m02_ar_node/inst/inst_mi_handler/gen_normal_area.inst_fifo_node_payld/gen_xpm_memory_fifo.inst_fifo/gen_mem_rep[0].inst_xpm_memory/xpm_memory_base_inst block.
INFO: [Memdata 28-167] Found XPM memory block design_1_i/axi_smc/inst/m01_nodes/m01_w_node/inst/inst_mi_handler/gen_normal_area.inst_fifo_node_payld/gen_xpm_memory_fifo.inst_fifo/gen_mem_rep[0].inst_xpm_memory/xpm_memory_base_inst with a P_MEMORY_PRIMITIVE property set to distributed. A value of block is required. You will not be able to use the updatemem program to update the bitstream with new data for the design_1_i/axi_smc/inst/m01_nodes/m01_w_node/inst/inst_mi_handler/gen_normal_area.inst_fifo_node_payld/gen_xpm_memory_fifo.inst_fifo/gen_mem_rep[0].inst_xpm_memory/xpm_memory_base_inst block.
INFO: [Memdata 28-167] Found XPM memory block design_1_i/axi_smc/inst/m01_nodes/m01_r_node/inst/inst_mi_handler/gen_normal_area.inst_fifo_node_payld/gen_xpm_memory_fifo.inst_fifo/gen_mem_rep[0].inst_xpm_memory/xpm_memory_base_inst with a P_MEMORY_PRIMITIVE property set to distributed. A value of block is required. You will not be able to use the updatemem program to update the bitstream with new data for the design_1_i/axi_smc/inst/m01_nodes/m01_r_node/inst/inst_mi_handler/gen_normal_area.inst_fifo_node_payld/gen_xpm_memory_fifo.inst_fifo/gen_mem_rep[0].inst_xpm_memory/xpm_memory_base_inst block.
INFO: [Memdata 28-167] Found XPM memory block design_1_i/axi_smc/inst/m01_nodes/m01_b_node/inst/inst_mi_handler/gen_normal_area.inst_fifo_node_payld/gen_xpm_memory_fifo.inst_fifo/gen_mem_rep[0].inst_xpm_memory/xpm_memory_base_inst with a P_MEMORY_PRIMITIVE property set to distributed. A value of block is required. You will not be able to use the updatemem program to update the bitstream with new data for the design_1_i/axi_smc/inst/m01_nodes/m01_b_node/inst/inst_mi_handler/gen_normal_area.inst_fifo_node_payld/gen_xpm_memory_fifo.inst_fifo/gen_mem_rep[0].inst_xpm_memory/xpm_memory_base_inst block.
INFO: [Memdata 28-167] Found XPM memory block design_1_i/axi_smc/inst/m01_nodes/m01_aw_node/inst/inst_mi_handler/gen_normal_area.inst_fifo_node_payld/gen_xpm_memory_fifo.inst_fifo/gen_mem_rep[0].inst_xpm_memory/xpm_memory_base_inst with a P_MEMORY_PRIMITIVE property set to distributed. A value of block is required. You will not be able to use the updatemem program to update the bitstream with new data for the design_1_i/axi_smc/inst/m01_nodes/m01_aw_node/inst/inst_mi_handler/gen_normal_area.inst_fifo_node_payld/gen_xpm_memory_fifo.inst_fifo/gen_mem_rep[0].inst_xpm_memory/xpm_memory_base_inst block.
INFO: [Memdata 28-167] Found XPM memory block design_1_i/axi_smc/inst/m01_nodes/m01_ar_node/inst/inst_mi_handler/gen_normal_area.inst_fifo_node_payld/gen_xpm_memory_fifo.inst_fifo/gen_mem_rep[0].inst_xpm_memory/xpm_memory_base_inst with a P_MEMORY_PRIMITIVE property set to distributed. A value of block is required. You will not be able to use the updatemem program to update the bitstream with new data for the design_1_i/axi_smc/inst/m01_nodes/m01_ar_node/inst/inst_mi_handler/gen_normal_area.inst_fifo_node_payld/gen_xpm_memory_fifo.inst_fifo/gen_mem_rep[0].inst_xpm_memory/xpm_memory_base_inst block.
INFO: [Memdata 28-167] Found XPM memory block design_1_i/axi_smc/inst/m00_nodes/m00_w_node/inst/inst_mi_handler/gen_normal_area.inst_fifo_node_payld/gen_xpm_memory_fifo.inst_fifo/gen_mem_rep[0].inst_xpm_memory/xpm_memory_base_inst with a P_MEMORY_PRIMITIVE property set to distributed. A value of block is required. You will not be able to use the updatemem program to update the bitstream with new data for the design_1_i/axi_smc/inst/m00_nodes/m00_w_node/inst/inst_mi_handler/gen_normal_area.inst_fifo_node_payld/gen_xpm_memory_fifo.inst_fifo/gen_mem_rep[0].inst_xpm_memory/xpm_memory_base_inst block.
INFO: [Memdata 28-167] Found XPM memory block design_1_i/axi_smc/inst/m00_nodes/m00_r_node/inst/inst_mi_handler/gen_normal_area.inst_fifo_node_payld/gen_xpm_memory_fifo.inst_fifo/gen_mem_rep[0].inst_xpm_memory/xpm_memory_base_inst with a P_MEMORY_PRIMITIVE property set to distributed. A value of block is required. You will not be able to use the updatemem program to update the bitstream with new data for the design_1_i/axi_smc/inst/m00_nodes/m00_r_node/inst/inst_mi_handler/gen_normal_area.inst_fifo_node_payld/gen_xpm_memory_fifo.inst_fifo/gen_mem_rep[0].inst_xpm_memory/xpm_memory_base_inst block.
INFO: [Memdata 28-167] Found XPM memory block design_1_i/axi_smc/inst/m00_nodes/m00_b_node/inst/inst_mi_handler/gen_normal_area.inst_fifo_node_payld/gen_xpm_memory_fifo.inst_fifo/gen_mem_rep[0].inst_xpm_memory/xpm_memory_base_inst with a P_MEMORY_PRIMITIVE property set to distributed. A value of block is required. You will not be able to use the updatemem program to update the bitstream with new data for the design_1_i/axi_smc/inst/m00_nodes/m00_b_node/inst/inst_mi_handler/gen_normal_area.inst_fifo_node_payld/gen_xpm_memory_fifo.inst_fifo/gen_mem_rep[0].inst_xpm_memory/xpm_memory_base_inst block.
INFO: [Memdata 28-167] Found XPM memory block design_1_i/axi_smc/inst/m00_nodes/m00_aw_node/inst/inst_mi_handler/gen_normal_area.inst_fifo_node_payld/gen_xpm_memory_fifo.inst_fifo/gen_mem_rep[0].inst_xpm_memory/xpm_memory_base_inst with a P_MEMORY_PRIMITIVE property set to distributed. A value of block is required. You will not be able to use the updatemem program to update the bitstream with new data for the design_1_i/axi_smc/inst/m00_nodes/m00_aw_node/inst/inst_mi_handler/gen_normal_area.inst_fifo_node_payld/gen_xpm_memory_fifo.inst_fifo/gen_mem_rep[0].inst_xpm_memory/xpm_memory_base_inst block.
INFO: [Memdata 28-167] Found XPM memory block design_1_i/axi_smc/inst/m00_nodes/m00_ar_node/inst/inst_mi_handler/gen_normal_area.inst_fifo_node_payld/gen_xpm_memory_fifo.inst_fifo/gen_mem_rep[0].inst_xpm_memory/xpm_memory_base_inst with a P_MEMORY_PRIMITIVE property set to distributed. A value of block is required. You will not be able to use the updatemem program to update the bitstream with new data for the design_1_i/axi_smc/inst/m00_nodes/m00_ar_node/inst/inst_mi_handler/gen_normal_area.inst_fifo_node_payld/gen_xpm_memory_fifo.inst_fifo/gen_mem_rep[0].inst_xpm_memory/xpm_memory_base_inst block.
Command: write_bitstream -force design_1_wrapper.bit
Attempting to get a license for feature 'Implementation' and/or device 'xc7z020'
INFO: [Common 17-349] Got license for feature 'Implementation' and/or device 'xc7z020'
Running DRC as a precondition to command write_bitstream
INFO: [IP_Flow 19-1839] IP Catalog is up to date.
INFO: [DRC 23-27] Running DRC with 2 threads
WARNING: [DRC DPIP-1] Input pipelining: DSP design_1_i/axi_cnn_ac_0/inst/inst_conv/bram_addr3 input design_1_i/axi_cnn_ac_0/inst/inst_conv/bram_addr3/A[29:0] is not pipelined. Pipelining DSP48 input will improve performance.
WARNING: [DRC DPIP-1] Input pipelining: DSP design_1_i/axi_cnn_ac_0/inst/inst_conv/bram_addr3__0 input design_1_i/axi_cnn_ac_0/inst/inst_conv/bram_addr3__0/A[29:0] is not pipelined. Pipelining DSP48 input will improve performance.
WARNING: [DRC DPIP-1] Input pipelining: DSP design_1_i/axi_cnn_ac_0/inst/inst_pool/addr_p1_s3 input design_1_i/axi_cnn_ac_0/inst/inst_pool/addr_p1_s3/A[29:0] is not pipelined. Pipelining DSP48 input will improve performance.
WARNING: [DRC DPIP-1] Input pipelining: DSP design_1_i/axi_cnn_ac_0/inst/inst_pool/addr_p1_s3__0 input design_1_i/axi_cnn_ac_0/inst/inst_pool/addr_p1_s3__0/A[29:0] is not pipelined. Pipelining DSP48 input will improve performance.
WARNING: [DRC DPIP-1] Input pipelining: DSP design_1_i/axi_cnn_ac_0/inst/inst_pool/bram_addr4 input design_1_i/axi_cnn_ac_0/inst/inst_pool/bram_addr4/A[29:0] is not pipelined. Pipelining DSP48 input will improve performance.
WARNING: [DRC DPIP-1] Input pipelining: DSP design_1_i/axi_cnn_ac_0/inst/inst_pool/bram_addr4__0 input design_1_i/axi_cnn_ac_0/inst/inst_pool/bram_addr4__0/A[29:0] is not pipelined. Pipelining DSP48 input will improve performance.
WARNING: [DRC DPOP-1] PREG Output pipelining: DSP design_1_i/axi_cnn_ac_0/inst/inst_conv/bram_addr3 output design_1_i/axi_cnn_ac_0/inst/inst_conv/bram_addr3/P[47:0] is not pipelined (PREG=0). Pipelining the DSP48 output will improve performance and often saves power so it is suggested whenever possible to fully pipeline this function.  If this DSP48 function was inferred, it is suggested to describe an additional register stage after this function.  If the DSP48 was instantiated in the design, it is suggested to set the PREG attribute to 1.
WARNING: [DRC DPOP-1] PREG Output pipelining: DSP design_1_i/axi_cnn_ac_0/inst/inst_conv/bram_addr3__0 output design_1_i/axi_cnn_ac_0/inst/inst_conv/bram_addr3__0/P[47:0] is not pipelined (PREG=0). Pipelining the DSP48 output will improve performance and often saves power so it is suggested whenever possible to fully pipeline this function.  If this DSP48 function was inferred, it is suggested to describe an additional register stage after this function.  If the DSP48 was instantiated in the design, it is suggested to set the PREG attribute to 1.
WARNING: [DRC DPOP-1] PREG Output pipelining: DSP design_1_i/axi_cnn_ac_0/inst/inst_conv/bram_addr3__1 output design_1_i/axi_cnn_ac_0/inst/inst_conv/bram_addr3__1/P[47:0] is not pipelined (PREG=0). Pipelining the DSP48 output will improve performance and often saves power so it is suggested whenever possible to fully pipeline this function.  If this DSP48 function was inferred, it is suggested to describe an additional register stage after this function.  If the DSP48 was instantiated in the design, it is suggested to set the PREG attribute to 1.
WARNING: [DRC DPOP-1] PREG Output pipelining: DSP design_1_i/axi_cnn_ac_0/inst/inst_conv/bram_addr4 output design_1_i/axi_cnn_ac_0/inst/inst_conv/bram_addr4/P[47:0] is not pipelined (PREG=0). Pipelining the DSP48 output will improve performance and often saves power so it is suggested whenever possible to fully pipeline this function.  If this DSP48 function was inferred, it is suggested to describe an additional register stage after this function.  If the DSP48 was instantiated in the design, it is suggested to set the PREG attribute to 1.
WARNING: [DRC DPOP-1] PREG Output pipelining: DSP design_1_i/axi_cnn_ac_0/inst/inst_conv/bram_addr4__0 output design_1_i/axi_cnn_ac_0/inst/inst_conv/bram_addr4__0/P[47:0] is not pipelined (PREG=0). Pipelining the DSP48 output will improve performance and often saves power so it is suggested whenever possible to fully pipeline this function.  If this DSP48 function was inferred, it is suggested to describe an additional register stage after this function.  If the DSP48 was instantiated in the design, it is suggested to set the PREG attribute to 1.
WARNING: [DRC DPOP-1] PREG Output pipelining: DSP design_1_i/axi_cnn_ac_0/inst/inst_pool/addr_p1_s3 output design_1_i/axi_cnn_ac_0/inst/inst_pool/addr_p1_s3/P[47:0] is not pipelined (PREG=0). Pipelining the DSP48 output will improve performance and often saves power so it is suggested whenever possible to fully pipeline this function.  If this DSP48 function was inferred, it is suggested to describe an additional register stage after this function.  If the DSP48 was instantiated in the design, it is suggested to set the PREG attribute to 1.
WARNING: [DRC DPOP-1] PREG Output pipelining: DSP design_1_i/axi_cnn_ac_0/inst/inst_pool/addr_p1_s3__0 output design_1_i/axi_cnn_ac_0/inst/inst_pool/addr_p1_s3__0/P[47:0] is not pipelined (PREG=0). Pipelining the DSP48 output will improve performance and often saves power so it is suggested whenever possible to fully pipeline this function.  If this DSP48 function was inferred, it is suggested to describe an additional register stage after this function.  If the DSP48 was instantiated in the design, it is suggested to set the PREG attribute to 1.
WARNING: [DRC DPOP-1] PREG Output pipelining: DSP design_1_i/axi_cnn_ac_0/inst/inst_pool/addr_p1_s3__1 output design_1_i/axi_cnn_ac_0/inst/inst_pool/addr_p1_s3__1/P[47:0] is not pipelined (PREG=0). Pipelining the DSP48 output will improve performance and often saves power so it is suggested whenever possible to fully pipeline this function.  If this DSP48 function was inferred, it is suggested to describe an additional register stage after this function.  If the DSP48 was instantiated in the design, it is suggested to set the PREG attribute to 1.
WARNING: [DRC DPOP-1] PREG Output pipelining: DSP design_1_i/axi_cnn_ac_0/inst/inst_pool/addr_p1_s4 output design_1_i/axi_cnn_ac_0/inst/inst_pool/addr_p1_s4/P[47:0] is not pipelined (PREG=0). Pipelining the DSP48 output will improve performance and often saves power so it is suggested whenever possible to fully pipeline this function.  If this DSP48 function was inferred, it is suggested to describe an additional register stage after this function.  If the DSP48 was instantiated in the design, it is suggested to set the PREG attribute to 1.
WARNING: [DRC DPOP-1] PREG Output pipelining: DSP design_1_i/axi_cnn_ac_0/inst/inst_pool/addr_p1_s4__0 output design_1_i/axi_cnn_ac_0/inst/inst_pool/addr_p1_s4__0/P[47:0] is not pipelined (PREG=0). Pipelining the DSP48 output will improve performance and often saves power so it is suggested whenever possible to fully pipeline this function.  If this DSP48 function was inferred, it is suggested to describe an additional register stage after this function.  If the DSP48 was instantiated in the design, it is suggested to set the PREG attribute to 1.
WARNING: [DRC DPOP-1] PREG Output pipelining: DSP design_1_i/axi_cnn_ac_0/inst/inst_pool/bram_addr3 output design_1_i/axi_cnn_ac_0/inst/inst_pool/bram_addr3/P[47:0] is not pipelined (PREG=0). Pipelining the DSP48 output will improve performance and often saves power so it is suggested whenever possible to fully pipeline this function.  If this DSP48 function was inferred, it is suggested to describe an additional register stage after this function.  If the DSP48 was instantiated in the design, it is suggested to set the PREG attribute to 1.
WARNING: [DRC DPOP-1] PREG Output pipelining: DSP design_1_i/axi_cnn_ac_0/inst/inst_pool/bram_addr3__0 output design_1_i/axi_cnn_ac_0/inst/inst_pool/bram_addr3__0/P[47:0] is not pipelined (PREG=0). Pipelining the DSP48 output will improve performance and often saves power so it is suggested whenever possible to fully pipeline this function.  If this DSP48 function was inferred, it is suggested to describe an additional register stage after this function.  If the DSP48 was instantiated in the design, it is suggested to set the PREG attribute to 1.
WARNING: [DRC DPOP-1] PREG Output pipelining: DSP design_1_i/axi_cnn_ac_0/inst/inst_pool/bram_addr4 output design_1_i/axi_cnn_ac_0/inst/inst_pool/bram_addr4/P[47:0] is not pipelined (PREG=0). Pipelining the DSP48 output will improve performance and often saves power so it is suggested whenever possible to fully pipeline this function.  If this DSP48 function was inferred, it is suggested to describe an additional register stage after this function.  If the DSP48 was instantiated in the design, it is suggested to set the PREG attribute to 1.
WARNING: [DRC DPOP-1] PREG Output pipelining: DSP design_1_i/axi_cnn_ac_0/inst/inst_pool/bram_addr4__0 output design_1_i/axi_cnn_ac_0/inst/inst_pool/bram_addr4__0/P[47:0] is not pipelined (PREG=0). Pipelining the DSP48 output will improve performance and often saves power so it is suggested whenever possible to fully pipeline this function.  If this DSP48 function was inferred, it is suggested to describe an additional register stage after this function.  If the DSP48 was instantiated in the design, it is suggested to set the PREG attribute to 1.
WARNING: [DRC DPOP-1] PREG Output pipelining: DSP design_1_i/axi_cnn_ac_0/inst/inst_pool/bram_addr4__1 output design_1_i/axi_cnn_ac_0/inst/inst_pool/bram_addr4__1/P[47:0] is not pipelined (PREG=0). Pipelining the DSP48 output will improve performance and often saves power so it is suggested whenever possible to fully pipeline this function.  If this DSP48 function was inferred, it is suggested to describe an additional register stage after this function.  If the DSP48 was instantiated in the design, it is suggested to set the PREG attribute to 1.
WARNING: [DRC DPOP-1] PREG Output pipelining: DSP design_1_i/axi_cnn_ac_0/inst/inst_pool/bram_addr5 output design_1_i/axi_cnn_ac_0/inst/inst_pool/bram_addr5/P[47:0] is not pipelined (PREG=0). Pipelining the DSP48 output will improve performance and often saves power so it is suggested whenever possible to fully pipeline this function.  If this DSP48 function was inferred, it is suggested to describe an additional register stage after this function.  If the DSP48 was instantiated in the design, it is suggested to set the PREG attribute to 1.
WARNING: [DRC DPOP-1] PREG Output pipelining: DSP design_1_i/axi_cnn_ac_0/inst/inst_pool/bram_addr5__0 output design_1_i/axi_cnn_ac_0/inst/inst_pool/bram_addr5__0/P[47:0] is not pipelined (PREG=0). Pipelining the DSP48 output will improve performance and often saves power so it is suggested whenever possible to fully pipeline this function.  If this DSP48 function was inferred, it is suggested to describe an additional register stage after this function.  If the DSP48 was instantiated in the design, it is suggested to set the PREG attribute to 1.
WARNING: [DRC DPOP-2] MREG Output pipelining: DSP design_1_i/axi_cnn_ac_0/inst/inst_conv/bram_addr3 multiplier stage design_1_i/axi_cnn_ac_0/inst/inst_conv/bram_addr3/P[47:0] is not pipelined (MREG=0). Pipelining the multiplier function will improve performance and will save significant power so it is suggested whenever possible to fully pipeline this function.  If this multiplier was inferred, it is suggested to describe an additional register stage after this function.  If there is no registered adder/accumulator following the multiply function, two pipeline stages are suggested to allow both the MREG and PREG registers to be used.  If the DSP48 was instantiated in the design, it is suggested to set both the MREG and PREG attributes to 1 when performing multiply functions.
WARNING: [DRC DPOP-2] MREG Output pipelining: DSP design_1_i/axi_cnn_ac_0/inst/inst_conv/bram_addr3__0 multiplier stage design_1_i/axi_cnn_ac_0/inst/inst_conv/bram_addr3__0/P[47:0] is not pipelined (MREG=0). Pipelining the multiplier function will improve performance and will save significant power so it is suggested whenever possible to fully pipeline this function.  If this multiplier was inferred, it is suggested to describe an additional register stage after this function.  If there is no registered adder/accumulator following the multiply function, two pipeline stages are suggested to allow both the MREG and PREG registers to be used.  If the DSP48 was instantiated in the design, it is suggested to set both the MREG and PREG attributes to 1 when performing multiply functions.
WARNING: [DRC DPOP-2] MREG Output pipelining: DSP design_1_i/axi_cnn_ac_0/inst/inst_conv/bram_addr3__1 multiplier stage design_1_i/axi_cnn_ac_0/inst/inst_conv/bram_addr3__1/P[47:0] is not pipelined (MREG=0). Pipelining the multiplier function will improve performance and will save significant power so it is suggested whenever possible to fully pipeline this function.  If this multiplier was inferred, it is suggested to describe an additional register stage after this function.  If there is no registered adder/accumulator following the multiply function, two pipeline stages are suggested to allow both the MREG and PREG registers to be used.  If the DSP48 was instantiated in the design, it is suggested to set both the MREG and PREG attributes to 1 when performing multiply functions.
WARNING: [DRC DPOP-2] MREG Output pipelining: DSP design_1_i/axi_cnn_ac_0/inst/inst_conv/bram_addr4 multiplier stage design_1_i/axi_cnn_ac_0/inst/inst_conv/bram_addr4/P[47:0] is not pipelined (MREG=0). Pipelining the multiplier function will improve performance and will save significant power so it is suggested whenever possible to fully pipeline this function.  If this multiplier was inferred, it is suggested to describe an additional register stage after this function.  If there is no registered adder/accumulator following the multiply function, two pipeline stages are suggested to allow both the MREG and PREG registers to be used.  If the DSP48 was instantiated in the design, it is suggested to set both the MREG and PREG attributes to 1 when performing multiply functions.
WARNING: [DRC DPOP-2] MREG Output pipelining: DSP design_1_i/axi_cnn_ac_0/inst/inst_conv/bram_addr4__0 multiplier stage design_1_i/axi_cnn_ac_0/inst/inst_conv/bram_addr4__0/P[47:0] is not pipelined (MREG=0). Pipelining the multiplier function will improve performance and will save significant power so it is suggested whenever possible to fully pipeline this function.  If this multiplier was inferred, it is suggested to describe an additional register stage after this function.  If there is no registered adder/accumulator following the multiply function, two pipeline stages are suggested to allow both the MREG and PREG registers to be used.  If the DSP48 was instantiated in the design, it is suggested to set both the MREG and PREG attributes to 1 when performing multiply functions.
WARNING: [DRC DPOP-2] MREG Output pipelining: DSP design_1_i/axi_cnn_ac_0/inst/inst_pool/addr_p1_s3 multiplier stage design_1_i/axi_cnn_ac_0/inst/inst_pool/addr_p1_s3/P[47:0] is not pipelined (MREG=0). Pipelining the multiplier function will improve performance and will save significant power so it is suggested whenever possible to fully pipeline this function.  If this multiplier was inferred, it is suggested to describe an additional register stage after this function.  If there is no registered adder/accumulator following the multiply function, two pipeline stages are suggested to allow both the MREG and PREG registers to be used.  If the DSP48 was instantiated in the design, it is suggested to set both the MREG and PREG attributes to 1 when performing multiply functions.
WARNING: [DRC DPOP-2] MREG Output pipelining: DSP design_1_i/axi_cnn_ac_0/inst/inst_pool/addr_p1_s3__0 multiplier stage design_1_i/axi_cnn_ac_0/inst/inst_pool/addr_p1_s3__0/P[47:0] is not pipelined (MREG=0). Pipelining the multiplier function will improve performance and will save significant power so it is suggested whenever possible to fully pipeline this function.  If this multiplier was inferred, it is suggested to describe an additional register stage after this function.  If there is no registered adder/accumulator following the multiply function, two pipeline stages are suggested to allow both the MREG and PREG registers to be used.  If the DSP48 was instantiated in the design, it is suggested to set both the MREG and PREG attributes to 1 when performing multiply functions.
WARNING: [DRC DPOP-2] MREG Output pipelining: DSP design_1_i/axi_cnn_ac_0/inst/inst_pool/addr_p1_s3__1 multiplier stage design_1_i/axi_cnn_ac_0/inst/inst_pool/addr_p1_s3__1/P[47:0] is not pipelined (MREG=0). Pipelining the multiplier function will improve performance and will save significant power so it is suggested whenever possible to fully pipeline this function.  If this multiplier was inferred, it is suggested to describe an additional register stage after this function.  If there is no registered adder/accumulator following the multiply function, two pipeline stages are suggested to allow both the MREG and PREG registers to be used.  If the DSP48 was instantiated in the design, it is suggested to set both the MREG and PREG attributes to 1 when performing multiply functions.
WARNING: [DRC DPOP-2] MREG Output pipelining: DSP design_1_i/axi_cnn_ac_0/inst/inst_pool/addr_p1_s4 multiplier stage design_1_i/axi_cnn_ac_0/inst/inst_pool/addr_p1_s4/P[47:0] is not pipelined (MREG=0). Pipelining the multiplier function will improve performance and will save significant power so it is suggested whenever possible to fully pipeline this function.  If this multiplier was inferred, it is suggested to describe an additional register stage after this function.  If there is no registered adder/accumulator following the multiply function, two pipeline stages are suggested to allow both the MREG and PREG registers to be used.  If the DSP48 was instantiated in the design, it is suggested to set both the MREG and PREG attributes to 1 when performing multiply functions.
WARNING: [DRC DPOP-2] MREG Output pipelining: DSP design_1_i/axi_cnn_ac_0/inst/inst_pool/addr_p1_s4__0 multiplier stage design_1_i/axi_cnn_ac_0/inst/inst_pool/addr_p1_s4__0/P[47:0] is not pipelined (MREG=0). Pipelining the multiplier function will improve performance and will save significant power so it is suggested whenever possible to fully pipeline this function.  If this multiplier was inferred, it is suggested to describe an additional register stage after this function.  If there is no registered adder/accumulator following the multiply function, two pipeline stages are suggested to allow both the MREG and PREG registers to be used.  If the DSP48 was instantiated in the design, it is suggested to set both the MREG and PREG attributes to 1 when performing multiply functions.
WARNING: [DRC DPOP-2] MREG Output pipelining: DSP design_1_i/axi_cnn_ac_0/inst/inst_pool/bram_addr3 multiplier stage design_1_i/axi_cnn_ac_0/inst/inst_pool/bram_addr3/P[47:0] is not pipelined (MREG=0). Pipelining the multiplier function will improve performance and will save significant power so it is suggested whenever possible to fully pipeline this function.  If this multiplier was inferred, it is suggested to describe an additional register stage after this function.  If there is no registered adder/accumulator following the multiply function, two pipeline stages are suggested to allow both the MREG and PREG registers to be used.  If the DSP48 was instantiated in the design, it is suggested to set both the MREG and PREG attributes to 1 when performing multiply functions.
WARNING: [DRC DPOP-2] MREG Output pipelining: DSP design_1_i/axi_cnn_ac_0/inst/inst_pool/bram_addr3__0 multiplier stage design_1_i/axi_cnn_ac_0/inst/inst_pool/bram_addr3__0/P[47:0] is not pipelined (MREG=0). Pipelining the multiplier function will improve performance and will save significant power so it is suggested whenever possible to fully pipeline this function.  If this multiplier was inferred, it is suggested to describe an additional register stage after this function.  If there is no registered adder/accumulator following the multiply function, two pipeline stages are suggested to allow both the MREG and PREG registers to be used.  If the DSP48 was instantiated in the design, it is suggested to set both the MREG and PREG attributes to 1 when performing multiply functions.
WARNING: [DRC DPOP-2] MREG Output pipelining: DSP design_1_i/axi_cnn_ac_0/inst/inst_pool/bram_addr4 multiplier stage design_1_i/axi_cnn_ac_0/inst/inst_pool/bram_addr4/P[47:0] is not pipelined (MREG=0). Pipelining the multiplier function will improve performance and will save significant power so it is suggested whenever possible to fully pipeline this function.  If this multiplier was inferred, it is suggested to describe an additional register stage after this function.  If there is no registered adder/accumulator following the multiply function, two pipeline stages are suggested to allow both the MREG and PREG registers to be used.  If the DSP48 was instantiated in the design, it is suggested to set both the MREG and PREG attributes to 1 when performing multiply functions.
WARNING: [DRC DPOP-2] MREG Output pipelining: DSP design_1_i/axi_cnn_ac_0/inst/inst_pool/bram_addr4__0 multiplier stage design_1_i/axi_cnn_ac_0/inst/inst_pool/bram_addr4__0/P[47:0] is not pipelined (MREG=0). Pipelining the multiplier function will improve performance and will save significant power so it is suggested whenever possible to fully pipeline this function.  If this multiplier was inferred, it is suggested to describe an additional register stage after this function.  If there is no registered adder/accumulator following the multiply function, two pipeline stages are suggested to allow both the MREG and PREG registers to be used.  If the DSP48 was instantiated in the design, it is suggested to set both the MREG and PREG attributes to 1 when performing multiply functions.
WARNING: [DRC DPOP-2] MREG Output pipelining: DSP design_1_i/axi_cnn_ac_0/inst/inst_pool/bram_addr4__1 multiplier stage design_1_i/axi_cnn_ac_0/inst/inst_pool/bram_addr4__1/P[47:0] is not pipelined (MREG=0). Pipelining the multiplier function will improve performance and will save significant power so it is suggested whenever possible to fully pipeline this function.  If this multiplier was inferred, it is suggested to describe an additional register stage after this function.  If there is no registered adder/accumulator following the multiply function, two pipeline stages are suggested to allow both the MREG and PREG registers to be used.  If the DSP48 was instantiated in the design, it is suggested to set both the MREG and PREG attributes to 1 when performing multiply functions.
WARNING: [DRC DPOP-2] MREG Output pipelining: DSP design_1_i/axi_cnn_ac_0/inst/inst_pool/bram_addr5 multiplier stage design_1_i/axi_cnn_ac_0/inst/inst_pool/bram_addr5/P[47:0] is not pipelined (MREG=0). Pipelining the multiplier function will improve performance and will save significant power so it is suggested whenever possible to fully pipeline this function.  If this multiplier was inferred, it is suggested to describe an additional register stage after this function.  If there is no registered adder/accumulator following the multiply function, two pipeline stages are suggested to allow both the MREG and PREG registers to be used.  If the DSP48 was instantiated in the design, it is suggested to set both the MREG and PREG attributes to 1 when performing multiply functions.
WARNING: [DRC DPOP-2] MREG Output pipelining: DSP design_1_i/axi_cnn_ac_0/inst/inst_pool/bram_addr5__0 multiplier stage design_1_i/axi_cnn_ac_0/inst/inst_pool/bram_addr5__0/P[47:0] is not pipelined (MREG=0). Pipelining the multiplier function will improve performance and will save significant power so it is suggested whenever possible to fully pipeline this function.  If this multiplier was inferred, it is suggested to describe an additional register stage after this function.  If there is no registered adder/accumulator following the multiply function, two pipeline stages are suggested to allow both the MREG and PREG registers to be used.  If the DSP48 was instantiated in the design, it is suggested to set both the MREG and PREG attributes to 1 when performing multiply functions.
WARNING: [DRC PDCN-1569] LUT equation term check: Used physical LUT pin 'A2' of cell design_1_i/hdmi/axi_mem_intercon/s00_couplers/auto_pc/inst/gen_axi4_axi3.axi3_conv_inst/USE_READ.USE_SPLIT_R.read_addr_inst/USE_R_CHANNEL.cmd_queue/inst/fifo_gen_inst/inst_fifo_gen/gconvfifo.rf/grf.rf/gntv_or_sync_fifo.gl0.rd/gr1.gr1_int.rfwft/gpregsm1.user_valid_i_1 (pin design_1_i/hdmi/axi_mem_intercon/s00_couplers/auto_pc/inst/gen_axi4_axi3.axi3_conv_inst/USE_READ.USE_SPLIT_R.read_addr_inst/USE_R_CHANNEL.cmd_queue/inst/fifo_gen_inst/inst_fifo_gen/gconvfifo.rf/grf.rf/gntv_or_sync_fifo.gl0.rd/gr1.gr1_int.rfwft/gpregsm1.user_valid_i_1/I1) is not included in the LUT equation: 'O6=(A5)+((~A5)*(~A3)*A4)'. If this cell is a user instantiated LUT in the design, please remove connectivity to the pin or change the equation and/or INIT string of the LUT to prevent this issue. If the cell is inferred or IP created LUT, please regenerate the IP and/or resynthesize the design to attempt to correct the issue.
WARNING: [DRC REQP-1839] RAMB36 async control check: The RAMB36E1 design_1_i/hdmi/axi_vdma_0/U0/I_PRMRY_DATAMOVER/GEN_MM2S_FULL.I_MM2S_FULL_WRAPPER/GEN_INCLUDE_MM2S_SF.I_RD_SF/I_DATA_FIFO/BLK_MEM.I_SYNC_FIFOGEN_FIFO/xpm_fifo_instance.xpm_fifo_sync_inst/xpm_fifo_base_inst/gen_sdpram.xpm_memory_base_inst/gen_wr_a.gen_word_narrow.mem_reg has an input control pin design_1_i/hdmi/axi_vdma_0/U0/I_PRMRY_DATAMOVER/GEN_MM2S_FULL.I_MM2S_FULL_WRAPPER/GEN_INCLUDE_MM2S_SF.I_RD_SF/I_DATA_FIFO/BLK_MEM.I_SYNC_FIFOGEN_FIFO/xpm_fifo_instance.xpm_fifo_sync_inst/xpm_fifo_base_inst/gen_sdpram.xpm_memory_base_inst/gen_wr_a.gen_word_narrow.mem_reg/WEBWE[0] (net: design_1_i/hdmi/axi_vdma_0/U0/I_PRMRY_DATAMOVER/GEN_MM2S_FULL.I_MM2S_FULL_WRAPPER/GEN_INCLUDE_MM2S_SF.I_RD_SF/I_DATA_FIFO/BLK_MEM.I_SYNC_FIFOGEN_FIFO/xpm_fifo_instance.xpm_fifo_sync_inst/xpm_fifo_base_inst/gen_sdpram.xpm_memory_base_inst/wea[0]) which is driven by a register (design_1_i/hdmi/axi_mem_intercon/s00_couplers/auto_pc/inst/gen_axi4_axi3.axi3_conv_inst/USE_READ.USE_SPLIT_R.read_addr_inst/USE_R_CHANNEL.cmd_queue/inst/fifo_gen_inst/inst_fifo_gen/gconvfifo.rf/grf.rf/gntv_or_sync_fifo.gl0.rd/gr1.gr1_int.rfwft/empty_fwft_i_reg) that has an active asychronous set or reset. This may cause corruption of the memory contents and/or read values when the set/reset is asserted and is not analyzed by the default static timing analysis. It is suggested to eliminate the use of a set/reset to registers driving this RAMB pin or else use a synchronous reset in which the assertion of the reset is timed by default.
WARNING: [DRC REQP-1839] RAMB36 async control check: The RAMB36E1 design_1_i/hdmi/axi_vdma_0/U0/I_PRMRY_DATAMOVER/GEN_MM2S_FULL.I_MM2S_FULL_WRAPPER/GEN_INCLUDE_MM2S_SF.I_RD_SF/I_DATA_FIFO/BLK_MEM.I_SYNC_FIFOGEN_FIFO/xpm_fifo_instance.xpm_fifo_sync_inst/xpm_fifo_base_inst/gen_sdpram.xpm_memory_base_inst/gen_wr_a.gen_word_narrow.mem_reg has an input control pin design_1_i/hdmi/axi_vdma_0/U0/I_PRMRY_DATAMOVER/GEN_MM2S_FULL.I_MM2S_FULL_WRAPPER/GEN_INCLUDE_MM2S_SF.I_RD_SF/I_DATA_FIFO/BLK_MEM.I_SYNC_FIFOGEN_FIFO/xpm_fifo_instance.xpm_fifo_sync_inst/xpm_fifo_base_inst/gen_sdpram.xpm_memory_base_inst/gen_wr_a.gen_word_narrow.mem_reg/WEBWE[1] (net: design_1_i/hdmi/axi_vdma_0/U0/I_PRMRY_DATAMOVER/GEN_MM2S_FULL.I_MM2S_FULL_WRAPPER/GEN_INCLUDE_MM2S_SF.I_RD_SF/I_DATA_FIFO/BLK_MEM.I_SYNC_FIFOGEN_FIFO/xpm_fifo_instance.xpm_fifo_sync_inst/xpm_fifo_base_inst/gen_sdpram.xpm_memory_base_inst/wea[0]) which is driven by a register (design_1_i/hdmi/axi_mem_intercon/s00_couplers/auto_pc/inst/gen_axi4_axi3.axi3_conv_inst/USE_READ.USE_SPLIT_R.read_addr_inst/USE_R_CHANNEL.cmd_queue/inst/fifo_gen_inst/inst_fifo_gen/gconvfifo.rf/grf.rf/gntv_or_sync_fifo.gl0.rd/gr1.gr1_int.rfwft/empty_fwft_i_reg) that has an active asychronous set or reset. This may cause corruption of the memory contents and/or read values when the set/reset is asserted and is not analyzed by the default static timing analysis. It is suggested to eliminate the use of a set/reset to registers driving this RAMB pin or else use a synchronous reset in which the assertion of the reset is timed by default.
WARNING: [DRC REQP-1839] RAMB36 async control check: The RAMB36E1 design_1_i/hdmi/axi_vdma_0/U0/I_PRMRY_DATAMOVER/GEN_MM2S_FULL.I_MM2S_FULL_WRAPPER/GEN_INCLUDE_MM2S_SF.I_RD_SF/I_DATA_FIFO/BLK_MEM.I_SYNC_FIFOGEN_FIFO/xpm_fifo_instance.xpm_fifo_sync_inst/xpm_fifo_base_inst/gen_sdpram.xpm_memory_base_inst/gen_wr_a.gen_word_narrow.mem_reg has an input control pin design_1_i/hdmi/axi_vdma_0/U0/I_PRMRY_DATAMOVER/GEN_MM2S_FULL.I_MM2S_FULL_WRAPPER/GEN_INCLUDE_MM2S_SF.I_RD_SF/I_DATA_FIFO/BLK_MEM.I_SYNC_FIFOGEN_FIFO/xpm_fifo_instance.xpm_fifo_sync_inst/xpm_fifo_base_inst/gen_sdpram.xpm_memory_base_inst/gen_wr_a.gen_word_narrow.mem_reg/WEBWE[2] (net: design_1_i/hdmi/axi_vdma_0/U0/I_PRMRY_DATAMOVER/GEN_MM2S_FULL.I_MM2S_FULL_WRAPPER/GEN_INCLUDE_MM2S_SF.I_RD_SF/I_DATA_FIFO/BLK_MEM.I_SYNC_FIFOGEN_FIFO/xpm_fifo_instance.xpm_fifo_sync_inst/xpm_fifo_base_inst/gen_sdpram.xpm_memory_base_inst/wea[0]) which is driven by a register (design_1_i/hdmi/axi_mem_intercon/s00_couplers/auto_pc/inst/gen_axi4_axi3.axi3_conv_inst/USE_READ.USE_SPLIT_R.read_addr_inst/USE_R_CHANNEL.cmd_queue/inst/fifo_gen_inst/inst_fifo_gen/gconvfifo.rf/grf.rf/gntv_or_sync_fifo.gl0.rd/gr1.gr1_int.rfwft/empty_fwft_i_reg) that has an active asychronous set or reset. This may cause corruption of the memory contents and/or read values when the set/reset is asserted and is not analyzed by the default static timing analysis. It is suggested to eliminate the use of a set/reset to registers driving this RAMB pin or else use a synchronous reset in which the assertion of the reset is timed by default.
WARNING: [DRC REQP-1839] RAMB36 async control check: The RAMB36E1 design_1_i/hdmi/axi_vdma_0/U0/I_PRMRY_DATAMOVER/GEN_MM2S_FULL.I_MM2S_FULL_WRAPPER/GEN_INCLUDE_MM2S_SF.I_RD_SF/I_DATA_FIFO/BLK_MEM.I_SYNC_FIFOGEN_FIFO/xpm_fifo_instance.xpm_fifo_sync_inst/xpm_fifo_base_inst/gen_sdpram.xpm_memory_base_inst/gen_wr_a.gen_word_narrow.mem_reg has an input control pin design_1_i/hdmi/axi_vdma_0/U0/I_PRMRY_DATAMOVER/GEN_MM2S_FULL.I_MM2S_FULL_WRAPPER/GEN_INCLUDE_MM2S_SF.I_RD_SF/I_DATA_FIFO/BLK_MEM.I_SYNC_FIFOGEN_FIFO/xpm_fifo_instance.xpm_fifo_sync_inst/xpm_fifo_base_inst/gen_sdpram.xpm_memory_base_inst/gen_wr_a.gen_word_narrow.mem_reg/WEBWE[3] (net: design_1_i/hdmi/axi_vdma_0/U0/I_PRMRY_DATAMOVER/GEN_MM2S_FULL.I_MM2S_FULL_WRAPPER/GEN_INCLUDE_MM2S_SF.I_RD_SF/I_DATA_FIFO/BLK_MEM.I_SYNC_FIFOGEN_FIFO/xpm_fifo_instance.xpm_fifo_sync_inst/xpm_fifo_base_inst/gen_sdpram.xpm_memory_base_inst/wea[0]) which is driven by a register (design_1_i/hdmi/axi_mem_intercon/s00_couplers/auto_pc/inst/gen_axi4_axi3.axi3_conv_inst/USE_READ.USE_SPLIT_R.read_addr_inst/USE_R_CHANNEL.cmd_queue/inst/fifo_gen_inst/inst_fifo_gen/gconvfifo.rf/grf.rf/gntv_or_sync_fifo.gl0.rd/gr1.gr1_int.rfwft/empty_fwft_i_reg) that has an active asychronous set or reset. This may cause corruption of the memory contents and/or read values when the set/reset is asserted and is not analyzed by the default static timing analysis. It is suggested to eliminate the use of a set/reset to registers driving this RAMB pin or else use a synchronous reset in which the assertion of the reset is timed by default.
WARNING: [DRC REQP-1839] RAMB36 async control check: The RAMB36E1 design_1_i/hdmi/axi_vdma_0/U0/I_PRMRY_DATAMOVER/GEN_MM2S_FULL.I_MM2S_FULL_WRAPPER/GEN_INCLUDE_MM2S_SF.I_RD_SF/I_DATA_FIFO/BLK_MEM.I_SYNC_FIFOGEN_FIFO/xpm_fifo_instance.xpm_fifo_sync_inst/xpm_fifo_base_inst/gen_sdpram.xpm_memory_base_inst/gen_wr_a.gen_word_narrow.mem_reg has an input control pin design_1_i/hdmi/axi_vdma_0/U0/I_PRMRY_DATAMOVER/GEN_MM2S_FULL.I_MM2S_FULL_WRAPPER/GEN_INCLUDE_MM2S_SF.I_RD_SF/I_DATA_FIFO/BLK_MEM.I_SYNC_FIFOGEN_FIFO/xpm_fifo_instance.xpm_fifo_sync_inst/xpm_fifo_base_inst/gen_sdpram.xpm_memory_base_inst/gen_wr_a.gen_word_narrow.mem_reg/WEBWE[4] (net: design_1_i/hdmi/axi_vdma_0/U0/I_PRMRY_DATAMOVER/GEN_MM2S_FULL.I_MM2S_FULL_WRAPPER/GEN_INCLUDE_MM2S_SF.I_RD_SF/I_DATA_FIFO/BLK_MEM.I_SYNC_FIFOGEN_FIFO/xpm_fifo_instance.xpm_fifo_sync_inst/xpm_fifo_base_inst/gen_sdpram.xpm_memory_base_inst/wea[0]) which is driven by a register (design_1_i/hdmi/axi_mem_intercon/s00_couplers/auto_pc/inst/gen_axi4_axi3.axi3_conv_inst/USE_READ.USE_SPLIT_R.read_addr_inst/USE_R_CHANNEL.cmd_queue/inst/fifo_gen_inst/inst_fifo_gen/gconvfifo.rf/grf.rf/gntv_or_sync_fifo.gl0.rd/gr1.gr1_int.rfwft/empty_fwft_i_reg) that has an active asychronous set or reset. This may cause corruption of the memory contents and/or read values when the set/reset is asserted and is not analyzed by the default static timing analysis. It is suggested to eliminate the use of a set/reset to registers driving this RAMB pin or else use a synchronous reset in which the assertion of the reset is timed by default.
WARNING: [DRC REQP-1839] RAMB36 async control check: The RAMB36E1 design_1_i/hdmi/axi_vdma_0/U0/I_PRMRY_DATAMOVER/GEN_MM2S_FULL.I_MM2S_FULL_WRAPPER/GEN_INCLUDE_MM2S_SF.I_RD_SF/I_DATA_FIFO/BLK_MEM.I_SYNC_FIFOGEN_FIFO/xpm_fifo_instance.xpm_fifo_sync_inst/xpm_fifo_base_inst/gen_sdpram.xpm_memory_base_inst/gen_wr_a.gen_word_narrow.mem_reg has an input control pin design_1_i/hdmi/axi_vdma_0/U0/I_PRMRY_DATAMOVER/GEN_MM2S_FULL.I_MM2S_FULL_WRAPPER/GEN_INCLUDE_MM2S_SF.I_RD_SF/I_DATA_FIFO/BLK_MEM.I_SYNC_FIFOGEN_FIFO/xpm_fifo_instance.xpm_fifo_sync_inst/xpm_fifo_base_inst/gen_sdpram.xpm_memory_base_inst/gen_wr_a.gen_word_narrow.mem_reg/WEBWE[5] (net: design_1_i/hdmi/axi_vdma_0/U0/I_PRMRY_DATAMOVER/GEN_MM2S_FULL.I_MM2S_FULL_WRAPPER/GEN_INCLUDE_MM2S_SF.I_RD_SF/I_DATA_FIFO/BLK_MEM.I_SYNC_FIFOGEN_FIFO/xpm_fifo_instance.xpm_fifo_sync_inst/xpm_fifo_base_inst/gen_sdpram.xpm_memory_base_inst/wea[0]) which is driven by a register (design_1_i/hdmi/axi_mem_intercon/s00_couplers/auto_pc/inst/gen_axi4_axi3.axi3_conv_inst/USE_READ.USE_SPLIT_R.read_addr_inst/USE_R_CHANNEL.cmd_queue/inst/fifo_gen_inst/inst_fifo_gen/gconvfifo.rf/grf.rf/gntv_or_sync_fifo.gl0.rd/gr1.gr1_int.rfwft/empty_fwft_i_reg) that has an active asychronous set or reset. This may cause corruption of the memory contents and/or read values when the set/reset is asserted and is not analyzed by the default static timing analysis. It is suggested to eliminate the use of a set/reset to registers driving this RAMB pin or else use a synchronous reset in which the assertion of the reset is timed by default.
WARNING: [DRC REQP-1839] RAMB36 async control check: The RAMB36E1 design_1_i/hdmi/axi_vdma_0/U0/I_PRMRY_DATAMOVER/GEN_MM2S_FULL.I_MM2S_FULL_WRAPPER/GEN_INCLUDE_MM2S_SF.I_RD_SF/I_DATA_FIFO/BLK_MEM.I_SYNC_FIFOGEN_FIFO/xpm_fifo_instance.xpm_fifo_sync_inst/xpm_fifo_base_inst/gen_sdpram.xpm_memory_base_inst/gen_wr_a.gen_word_narrow.mem_reg has an input control pin design_1_i/hdmi/axi_vdma_0/U0/I_PRMRY_DATAMOVER/GEN_MM2S_FULL.I_MM2S_FULL_WRAPPER/GEN_INCLUDE_MM2S_SF.I_RD_SF/I_DATA_FIFO/BLK_MEM.I_SYNC_FIFOGEN_FIFO/xpm_fifo_instance.xpm_fifo_sync_inst/xpm_fifo_base_inst/gen_sdpram.xpm_memory_base_inst/gen_wr_a.gen_word_narrow.mem_reg/WEBWE[6] (net: design_1_i/hdmi/axi_vdma_0/U0/I_PRMRY_DATAMOVER/GEN_MM2S_FULL.I_MM2S_FULL_WRAPPER/GEN_INCLUDE_MM2S_SF.I_RD_SF/I_DATA_FIFO/BLK_MEM.I_SYNC_FIFOGEN_FIFO/xpm_fifo_instance.xpm_fifo_sync_inst/xpm_fifo_base_inst/gen_sdpram.xpm_memory_base_inst/wea[0]) which is driven by a register (design_1_i/hdmi/axi_mem_intercon/s00_couplers/auto_pc/inst/gen_axi4_axi3.axi3_conv_inst/USE_READ.USE_SPLIT_R.read_addr_inst/USE_R_CHANNEL.cmd_queue/inst/fifo_gen_inst/inst_fifo_gen/gconvfifo.rf/grf.rf/gntv_or_sync_fifo.gl0.rd/gr1.gr1_int.rfwft/empty_fwft_i_reg) that has an active asychronous set or reset. This may cause corruption of the memory contents and/or read values when the set/reset is asserted and is not analyzed by the default static timing analysis. It is suggested to eliminate the use of a set/reset to registers driving this RAMB pin or else use a synchronous reset in which the assertion of the reset is timed by default.
WARNING: [DRC REQP-1839] RAMB36 async control check: The RAMB36E1 design_1_i/hdmi/axi_vdma_0/U0/I_PRMRY_DATAMOVER/GEN_MM2S_FULL.I_MM2S_FULL_WRAPPER/GEN_INCLUDE_MM2S_SF.I_RD_SF/I_DATA_FIFO/BLK_MEM.I_SYNC_FIFOGEN_FIFO/xpm_fifo_instance.xpm_fifo_sync_inst/xpm_fifo_base_inst/gen_sdpram.xpm_memory_base_inst/gen_wr_a.gen_word_narrow.mem_reg has an input control pin design_1_i/hdmi/axi_vdma_0/U0/I_PRMRY_DATAMOVER/GEN_MM2S_FULL.I_MM2S_FULL_WRAPPER/GEN_INCLUDE_MM2S_SF.I_RD_SF/I_DATA_FIFO/BLK_MEM.I_SYNC_FIFOGEN_FIFO/xpm_fifo_instance.xpm_fifo_sync_inst/xpm_fifo_base_inst/gen_sdpram.xpm_memory_base_inst/gen_wr_a.gen_word_narrow.mem_reg/WEBWE[7] (net: design_1_i/hdmi/axi_vdma_0/U0/I_PRMRY_DATAMOVER/GEN_MM2S_FULL.I_MM2S_FULL_WRAPPER/GEN_INCLUDE_MM2S_SF.I_RD_SF/I_DATA_FIFO/BLK_MEM.I_SYNC_FIFOGEN_FIFO/xpm_fifo_instance.xpm_fifo_sync_inst/xpm_fifo_base_inst/gen_sdpram.xpm_memory_base_inst/wea[0]) which is driven by a register (design_1_i/hdmi/axi_mem_intercon/s00_couplers/auto_pc/inst/gen_axi4_axi3.axi3_conv_inst/USE_READ.USE_SPLIT_R.read_addr_inst/USE_R_CHANNEL.cmd_queue/inst/fifo_gen_inst/inst_fifo_gen/gconvfifo.rf/grf.rf/gntv_or_sync_fifo.gl0.rd/gr1.gr1_int.rfwft/empty_fwft_i_reg) that has an active asychronous set or reset. This may cause corruption of the memory contents and/or read values when the set/reset is asserted and is not analyzed by the default static timing analysis. It is suggested to eliminate the use of a set/reset to registers driving this RAMB pin or else use a synchronous reset in which the assertion of the reset is timed by default.
WARNING: [DRC RTSTAT-10] No routable loads: 11 net(s) have no routable loads. The problem bus(es) and/or net(s) are design_1_i/hdmi/axi_mem_intercon/s00_couplers/auto_pc/inst/gen_axi4_axi3.axi3_conv_inst/USE_READ.USE_SPLIT_R.read_addr_inst/USE_R_CHANNEL.cmd_queue/inst/fifo_gen_inst/inst_fifo_gen/gconvfifo.rf/grf.rf/gntv_or_sync_fifo.gl0.rd/gr1.gr1_int.rfwft/aempty_fwft_i, design_1_i/hdmi/axi_mem_intercon/s00_couplers/auto_pc/inst/gen_axi4_axi3.axi3_conv_inst/USE_READ.USE_SPLIT_R.read_addr_inst/USE_R_CHANNEL.cmd_queue/inst/fifo_gen_inst/inst_fifo_gen/gconvfifo.rf/grf.rf/rstblk/ngwrdrst.grst.rd_rst_reg[2:0], design_1_i/hdmi/axi_mem_intercon/s00_couplers/auto_pc/inst/gen_axi4_axi3.axi3_conv_inst/USE_READ.USE_SPLIT_R.read_addr_inst/USE_R_CHANNEL.cmd_queue/inst/fifo_gen_inst/inst_fifo_gen/gconvfifo.rf/grf.rf/rstblk/ngwrdrst.grst.wr_rst_reg[2:0], design_1_i/hdmi/axi_mem_intercon/s00_couplers/auto_pc/inst/gen_axi4_axi3.axi3_conv_inst/USE_READ.USE_SPLIT_R.read_addr_inst/USE_R_CHANNEL.cmd_queue/inst/fifo_gen_inst/inst_fifo_gen/gconvfifo.rf/grf.rf/gntv_or_sync_fifo.gl0.wr/gwss.wsts/ram_afull_fb, design_1_i/hdmi/axi_mem_intercon/s00_couplers/auto_pc/inst/gen_axi4_axi3.axi3_conv_inst/USE_READ.USE_SPLIT_R.read_addr_inst/USE_R_CHANNEL.cmd_queue/inst/fifo_gen_inst/inst_fifo_gen/gconvfifo.rf/grf.rf/gntv_or_sync_fifo.gl0.wr/gwss.wsts/ram_afull_i, design_1_i/hdmi/axi_mem_intercon/s00_couplers/auto_pc/inst/gen_axi4_axi3.axi3_conv_inst/USE_READ.USE_SPLIT_R.read_addr_inst/USE_R_CHANNEL.cmd_queue/inst/fifo_gen_inst/inst_fifo_gen/gconvfifo.rf/grf.rf/gntv_or_sync_fifo.gl0.rd/grss.rsts/ram_empty_i, and design_1_i/hdmi/axi_mem_intercon/s00_couplers/auto_pc/inst/gen_axi4_axi3.axi3_conv_inst/USE_READ.USE_SPLIT_R.read_addr_inst/USE_R_CHANNEL.cmd_queue/inst/fifo_gen_inst/inst_fifo_gen/gconvfifo.rf/grf.rf/gntv_or_sync_fifo.gl0.rd/gr1.gr1_int.rfwft/user_valid.
INFO: [DRC REQP-181] writefirst: Synchronous clocking is detected for BRAM (design_1_i/hdmi/axi_vdma_0/U0/I_PRMRY_DATAMOVER/GEN_MM2S_FULL.I_MM2S_FULL_WRAPPER/GEN_INCLUDE_MM2S_SF.I_RD_SF/I_DATA_FIFO/BLK_MEM.I_SYNC_FIFOGEN_FIFO/xpm_fifo_instance.xpm_fifo_sync_inst/xpm_fifo_base_inst/gen_sdpram.xpm_memory_base_inst/gen_wr_a.gen_word_narrow.mem_reg) in SDP mode with WRITE_FIRST write-mode. This is the preferred mode for best power characteristics, however it may exhibit address collisions if the same address appears on both read and write ports resulting in unknown or corrupted read data. It is suggested to confirm via simulation that an address collision never occurs and if so it is suggested to try and avoid this situation. If address collisions cannot be avoided, the write-mode may be set to READ_FIRST which guarantees that the read data is the prior contents of the memory at the cost of additional power in the design. See the FPGA Memory Resources User Guide for additional information.
INFO: [Vivado 12-3199] DRC finished with 0 Errors, 50 Warnings, 1 Advisories
INFO: [Vivado 12-3200] Please refer to the DRC report (report_drc) for more information.
INFO: [Designutils 20-2272] Running write_bitstream with 2 threads.
Loading data files...
Loading site data...
Loading route data...
Processing options...
Creating bitmap...
Creating bitstream...
Writing bitstream ./design_1_wrapper.bit...
INFO: [Vivado 12-1842] Bitgen Completed Successfully.
INFO: [Project 1-1876] WebTalk data collection is mandatory when using a ULT device. To see the specific WebTalk data collected for your design, open the usage_statistics_webtalk.html or usage_statistics_webtalk.xml file in the implementation directory.
INFO: [Common 17-83] Releasing license: Implementation
1052 Infos, 156 Warnings, 1 Critical Warnings and 0 Errors encountered.
write_bitstream completed successfully
write_bitstream: Time (s): cpu = 00:00:39 ; elapsed = 00:00:27 . Memory (MB): peak = 3692.512 ; gain = 0.000
INFO: [Common 17-206] Exiting Vivado at Wed Apr  1 19:59:10 2026...
