Copyright 1986-2022 Xilinx, Inc. All Rights Reserved.
---------------------------------------------------------------------------------------------------------------------------------------------------------------------------------------------------------------------------------------------
| Tool Version : Vivado v.2022.2 (lin64) Build 3671981 Fri Oct 14 04:59:54 MDT 2022
| Date         : Fri Apr 17 11:02:54 2026
| Host         : DESKTOP-N2392HC running 64-bit Ubuntu 24.04.4 LTS
| Command      : report_timing_summary -max_paths 10 -report_unconstrained -file design_1_wrapper_timing_summary_routed.rpt -pb design_1_wrapper_timing_summary_routed.pb -rpx design_1_wrapper_timing_summary_routed.rpx -warn_on_violation
| Design       : design_1_wrapper
| Device       : 7z020-clg400
| Speed File   : -1  PRODUCTION 1.12 2019-11-22
---------------------------------------------------------------------------------------------------------------------------------------------------------------------------------------------------------------------------------------------

Timing Summary Report

------------------------------------------------------------------------------------------------
| Timer Settings
| --------------
------------------------------------------------------------------------------------------------

  Enable Multi Corner Analysis               :  Yes
  Enable Pessimism Removal                   :  Yes
  Pessimism Removal Resolution               :  Nearest Common Node
  Enable Input Delay Default Clock           :  No
  Enable Preset / Clear Arcs                 :  No
  Disable Flight Delays                      :  No
  Ignore I/O Paths                           :  No
  Timing Early Launch at Borrowing Latches   :  No
  Borrow Time for Max Delay Exceptions       :  Yes
  Merge Timing Exceptions                    :  Yes

  Corner  Analyze    Analyze    
  Name    Max Paths  Min Paths  
  ------  ---------  ---------  
  Slow    Yes        Yes        
  Fast    Yes        Yes        


------------------------------------------------------------------------------------------------
| Report Methodology
| ------------------
------------------------------------------------------------------------------------------------

No report available as report_methodology has not been run prior. Run report_methodology on the current design for the summary of methodology violations.



check_timing report

Table of Contents
-----------------
1. checking no_clock (0)
2. checking constant_clock (0)
3. checking pulse_width_clock (0)
4. checking unconstrained_internal_endpoints (0)
5. checking no_input_delay (0)
6. checking no_output_delay (0)
7. checking multiple_clock (0)
8. checking generated_clocks (0)
9. checking loops (0)
10. checking partial_input_delay (0)
11. checking partial_output_delay (0)
12. checking latch_loops (0)

1. checking no_clock (0)
------------------------
 There are 0 register/latch pins with no clock.


2. checking constant_clock (0)
------------------------------
 There are 0 register/latch pins with constant_clock.


3. checking pulse_width_clock (0)
---------------------------------
 There are 0 register/latch pins which need pulse_width check


4. checking unconstrained_internal_endpoints (0)
------------------------------------------------
 There are 0 pins that are not constrained for maximum delay.

 There are 0 pins that are not constrained for maximum delay due to constant clock.


5. checking no_input_delay (0)
------------------------------
 There are 0 input ports with no input delay specified.

 There are 0 input ports with no input delay but user has a false path constraint.


6. checking no_output_delay (0)
-------------------------------
 There are 0 ports with no output delay specified.

 There are 0 ports with no output delay but user has a false path constraint

 There are 0 ports with no output delay but with a timing clock defined on it or propagating through it


7. checking multiple_clock (0)
------------------------------
 There are 0 register/latch pins with multiple clocks.


8. checking generated_clocks (0)
--------------------------------
 There are 0 generated clocks that are not connected to a clock source.


9. checking loops (0)
---------------------
 There are 0 combinational loops in the design.


10. checking partial_input_delay (0)
------------------------------------
 There are 0 input ports with partial input delay specified.


11. checking partial_output_delay (0)
-------------------------------------
 There are 0 ports with partial output delay specified.


12. checking latch_loops (0)
----------------------------
 There are 0 combinational latch loops in the design through latch input



------------------------------------------------------------------------------------------------
| Design Timing Summary
| ---------------------
------------------------------------------------------------------------------------------------

    WNS(ns)      TNS(ns)  TNS Failing Endpoints  TNS Total Endpoints      WHS(ns)      THS(ns)  THS Failing Endpoints  THS Total Endpoints     WPWS(ns)     TPWS(ns)  TPWS Failing Endpoints  TPWS Total Endpoints  
    -------      -------  ---------------------  -------------------      -------      -------  ---------------------  -------------------     --------     --------  ----------------------  --------------------  
      0.144        0.000                      0                82170        0.015        0.000                      0                82170        3.750        0.000                       0                 36654  


All user specified timing constraints are met.


------------------------------------------------------------------------------------------------
| Clock Summary
| -------------
------------------------------------------------------------------------------------------------

Clock       Waveform(ns)       Period(ns)      Frequency(MHz)
-----       ------------       ----------      --------------
clk_fpga_0  {0.000 5.000}      10.000          100.000         


------------------------------------------------------------------------------------------------
| Intra Clock Table
| -----------------
------------------------------------------------------------------------------------------------

Clock             WNS(ns)      TNS(ns)  TNS Failing Endpoints  TNS Total Endpoints      WHS(ns)      THS(ns)  THS Failing Endpoints  THS Total Endpoints     WPWS(ns)     TPWS(ns)  TPWS Failing Endpoints  TPWS Total Endpoints  
-----             -------      -------  ---------------------  -------------------      -------      -------  ---------------------  -------------------     --------     --------  ----------------------  --------------------  
clk_fpga_0          0.144        0.000                      0                82170        0.015        0.000                      0                82170        3.750        0.000                       0                 36654  


------------------------------------------------------------------------------------------------
| Inter Clock Table
| -----------------
------------------------------------------------------------------------------------------------

From Clock    To Clock          WNS(ns)      TNS(ns)  TNS Failing Endpoints  TNS Total Endpoints      WHS(ns)      THS(ns)  THS Failing Endpoints  THS Total Endpoints  
----------    --------          -------      -------  ---------------------  -------------------      -------      -------  ---------------------  -------------------  


------------------------------------------------------------------------------------------------
| Other Path Groups Table
| -----------------------
------------------------------------------------------------------------------------------------

Path Group    From Clock    To Clock          WNS(ns)      TNS(ns)  TNS Failing Endpoints  TNS Total Endpoints      WHS(ns)      THS(ns)  THS Failing Endpoints  THS Total Endpoints  
----------    ----------    --------          -------      -------  ---------------------  -------------------      -------      -------  ---------------------  -------------------  


------------------------------------------------------------------------------------------------
| User Ignored Path Table
| -----------------------
------------------------------------------------------------------------------------------------

Path Group    From Clock    To Clock    
----------    ----------    --------    
(none)                      clk_fpga_0    
(none)        clk_fpga_0    clk_fpga_0    


------------------------------------------------------------------------------------------------
| Unconstrained Path Table
| ------------------------
------------------------------------------------------------------------------------------------

Path Group    From Clock    To Clock    
----------    ----------    --------    


------------------------------------------------------------------------------------------------
| Timing Details
| --------------
------------------------------------------------------------------------------------------------


---------------------------------------------------------------------------------------------------
From Clock:  clk_fpga_0
  To Clock:  clk_fpga_0

Setup :            0  Failing Endpoints,  Worst Slack        0.144ns,  Total Violation        0.000ns
Hold  :            0  Failing Endpoints,  Worst Slack        0.015ns,  Total Violation        0.000ns
PW    :            0  Failing Endpoints,  Worst Slack        3.750ns,  Total Violation        0.000ns
---------------------------------------------------------------------------------------------------


Max Delay Paths
--------------------------------------------------------------------------------------
Slack (MET) :             0.144ns  (required time - arrival time)
  Source:                 design_1_i/finn_design_wrapper_0/inst/finn_design_i/MVAU_hls_1/MVAU_hls_1/inst/grp_Matrix_Vector_Activate_Stream_Batch_fu_540/flow_control_loop_pipe_sequential_init_U/ap_loop_init_int_reg/C
                            (rising edge-triggered cell FDRE clocked by clk_fpga_0  {rise@0.000ns fall@5.000ns period=10.000ns})
  Destination:            design_1_i/finn_design_wrapper_0/inst/finn_design_i/MVAU_hls_1/MVAU_hls_1/inst/grp_Matrix_Vector_Activate_Stream_Batch_fu_540/ap_phi_reg_pp0_iter1_inElem_1_reg_6292_reg[41]/D
                            (rising edge-triggered cell FDRE clocked by clk_fpga_0  {rise@0.000ns fall@5.000ns period=10.000ns})
  Path Group:             clk_fpga_0
  Path Type:              Setup (Max at Slow Process Corner)
  Requirement:            10.000ns  (clk_fpga_0 rise@10.000ns - clk_fpga_0 rise@0.000ns)
  Data Path Delay:        9.552ns  (logic 1.942ns (20.331%)  route 7.610ns (79.669%))
  Logic Levels:           7  (LUT3=1 LUT6=3 MUXF7=2 MUXF8=1)
  Clock Path Skew:        -0.231ns (DCD - SCD + CPR)
    Destination Clock Delay (DCD):    2.646ns = ( 12.646 - 10.000 ) 
    Source Clock Delay      (SCD):    3.006ns
    Clock Pessimism Removal (CPR):    0.129ns
  Clock Uncertainty:      0.154ns  ((TSJ^2 + TIJ^2)^1/2 + DJ) / 2 + PE
    Total System Jitter     (TSJ):    0.071ns
    Total Input Jitter      (TIJ):    0.300ns
    Discrete Jitter          (DJ):    0.000ns
    Phase Error              (PE):    0.000ns

    Location             Delay type                Incr(ns)  Path(ns)    Netlist Resource(s)
  -------------------------------------------------------------------    -------------------
                         (clock clk_fpga_0 rise edge)
                                                      0.000     0.000 r  
    PS7_X0Y0             PS7                          0.000     0.000 r  design_1_i/processing_system7_0/inst/PS7_i/FCLKCLK[0]
                         net (fo=1, routed)           1.193     1.193    design_1_i/processing_system7_0/inst/FCLK_CLK_unbuffered[0]
    BUFGCTRL_X0Y16       BUFG (Prop_bufg_I_O)         0.101     1.294 r  design_1_i/processing_system7_0/inst/buffer_fclk_clk_0.FCLK_CLK_0_BUFG/O
                         net (fo=36655, routed)       1.712     3.006    design_1_i/finn_design_wrapper_0/inst/finn_design_i/MVAU_hls_1/MVAU_hls_1/inst/grp_Matrix_Vector_Activate_Stream_Batch_fu_540/flow_control_loop_pipe_sequential_init_U/ap_clk
    SLICE_X66Y88         FDRE                                         r  design_1_i/finn_design_wrapper_0/inst/finn_design_i/MVAU_hls_1/MVAU_hls_1/inst/grp_Matrix_Vector_Activate_Stream_Batch_fu_540/flow_control_loop_pipe_sequential_init_U/ap_loop_init_int_reg/C
  -------------------------------------------------------------------    -------------------
    SLICE_X66Y88         FDRE (Prop_fdre_C_Q)         0.518     3.524 f  design_1_i/finn_design_wrapper_0/inst/finn_design_i/MVAU_hls_1/MVAU_hls_1/inst/grp_Matrix_Vector_Activate_Stream_Batch_fu_540/flow_control_loop_pipe_sequential_init_U/ap_loop_init_int_reg/Q
                         net (fo=247, routed)         1.594     5.118    design_1_i/finn_design_wrapper_0/inst/finn_design_i/MVAU_hls_1/MVAU_hls_1/inst/grp_Matrix_Vector_Activate_Stream_Batch_fu_540/flow_control_loop_pipe_sequential_init_U/ap_loop_init_int
    SLICE_X67Y77         LUT3 (Prop_lut3_I2_O)        0.124     5.242 r  design_1_i/finn_design_wrapper_0/inst/finn_design_i/MVAU_hls_1/MVAU_hls_1/inst/grp_Matrix_Vector_Activate_Stream_Batch_fu_540/flow_control_loop_pipe_sequential_init_U/sf_fu_1374[4]_i_2/O
                         net (fo=1049, routed)        2.666     7.907    design_1_i/finn_design_wrapper_0/inst/finn_design_i/MVAU_hls_1/MVAU_hls_1/inst/grp_Matrix_Vector_Activate_Stream_Batch_fu_540/flow_control_loop_pipe_sequential_init_U/ap_sig_allocacmp_sf_1[0]
    SLICE_X76Y27         LUT6 (Prop_lut6_I4_O)        0.124     8.031 r  design_1_i/finn_design_wrapper_0/inst/finn_design_i/MVAU_hls_1/MVAU_hls_1/inst/grp_Matrix_Vector_Activate_Stream_Batch_fu_540/flow_control_loop_pipe_sequential_init_U/ap_phi_reg_pp0_iter1_inElem_1_reg_6292[41]_i_171/O
                         net (fo=1, routed)           0.000     8.031    design_1_i/finn_design_wrapper_0/inst/finn_design_i/MVAU_hls_1/MVAU_hls_1/inst/grp_Matrix_Vector_Activate_Stream_Batch_fu_540/flow_control_loop_pipe_sequential_init_U/mux_3929_64_1_1_U1/mux_2_25[41]
    SLICE_X76Y27         MUXF7 (Prop_muxf7_I1_O)      0.245     8.276 r  design_1_i/finn_design_wrapper_0/inst/finn_design_i/MVAU_hls_1/MVAU_hls_1/inst/grp_Matrix_Vector_Activate_Stream_Batch_fu_540/flow_control_loop_pipe_sequential_init_U/ap_phi_reg_pp0_iter1_inElem_1_reg_6292_reg[41]_i_80/O
                         net (fo=1, routed)           0.000     8.276    design_1_i/finn_design_wrapper_0/inst/finn_design_i/MVAU_hls_1/MVAU_hls_1/inst/grp_Matrix_Vector_Activate_Stream_Batch_fu_540/flow_control_loop_pipe_sequential_init_U/mux_3929_64_1_1_U1/mux_3_12[41]
    SLICE_X76Y27         MUXF8 (Prop_muxf8_I0_O)      0.104     8.380 r  design_1_i/finn_design_wrapper_0/inst/finn_design_i/MVAU_hls_1/MVAU_hls_1/inst/grp_Matrix_Vector_Activate_Stream_Batch_fu_540/flow_control_loop_pipe_sequential_init_U/ap_phi_reg_pp0_iter1_inElem_1_reg_6292_reg[41]_i_35/O
                         net (fo=1, routed)           2.168    10.548    design_1_i/finn_design_wrapper_0/inst/finn_design_i/MVAU_hls_1/MVAU_hls_1/inst/grp_Matrix_Vector_Activate_Stream_Batch_fu_540/flow_control_loop_pipe_sequential_init_U/mux_3929_64_1_1_U1/mux_4_6[41]
    SLICE_X50Y68         LUT6 (Prop_lut6_I1_O)        0.316    10.864 r  design_1_i/finn_design_wrapper_0/inst/finn_design_i/MVAU_hls_1/MVAU_hls_1/inst/grp_Matrix_Vector_Activate_Stream_Batch_fu_540/flow_control_loop_pipe_sequential_init_U/ap_phi_reg_pp0_iter1_inElem_1_reg_6292[41]_i_13/O
                         net (fo=1, routed)           0.000    10.864    design_1_i/finn_design_wrapper_0/inst/finn_design_i/MVAU_hls_1/MVAU_hls_1/inst/grp_Matrix_Vector_Activate_Stream_Batch_fu_540/flow_control_loop_pipe_sequential_init_U/mux_3929_64_1_1_U1/mux_6_1[41]
    SLICE_X50Y68         MUXF7 (Prop_muxf7_I1_O)      0.214    11.078 r  design_1_i/finn_design_wrapper_0/inst/finn_design_i/MVAU_hls_1/MVAU_hls_1/inst/grp_Matrix_Vector_Activate_Stream_Batch_fu_540/flow_control_loop_pipe_sequential_init_U/ap_phi_reg_pp0_iter1_inElem_1_reg_6292_reg[41]_i_5/O
                         net (fo=1, routed)           1.183    12.261    design_1_i/finn_design_wrapper_0/inst/finn_design_i/MVAU_hls_1/MVAU_hls_1/inst/grp_Matrix_Vector_Activate_Stream_Batch_fu_540/flow_control_loop_pipe_sequential_init_U/mux_3929_64_1_1_U1/mux_7_0[41]
    SLICE_X46Y79         LUT6 (Prop_lut6_I5_O)        0.297    12.558 r  design_1_i/finn_design_wrapper_0/inst/finn_design_i/MVAU_hls_1/MVAU_hls_1/inst/grp_Matrix_Vector_Activate_Stream_Batch_fu_540/flow_control_loop_pipe_sequential_init_U/ap_phi_reg_pp0_iter1_inElem_1_reg_6292[41]_i_1/O
                         net (fo=1, routed)           0.000    12.558    design_1_i/finn_design_wrapper_0/inst/finn_design_i/MVAU_hls_1/MVAU_hls_1/inst/grp_Matrix_Vector_Activate_Stream_Batch_fu_540/tmp_fu_7523_p394[41]
    SLICE_X46Y79         FDRE                                         r  design_1_i/finn_design_wrapper_0/inst/finn_design_i/MVAU_hls_1/MVAU_hls_1/inst/grp_Matrix_Vector_Activate_Stream_Batch_fu_540/ap_phi_reg_pp0_iter1_inElem_1_reg_6292_reg[41]/D
  -------------------------------------------------------------------    -------------------

                         (clock clk_fpga_0 rise edge)
                                                     10.000    10.000 r  
    PS7_X0Y0             PS7                          0.000    10.000 r  design_1_i/processing_system7_0/inst/PS7_i/FCLKCLK[0]
                         net (fo=1, routed)           1.088    11.088    design_1_i/processing_system7_0/inst/FCLK_CLK_unbuffered[0]
    BUFGCTRL_X0Y16       BUFG (Prop_bufg_I_O)         0.091    11.179 r  design_1_i/processing_system7_0/inst/buffer_fclk_clk_0.FCLK_CLK_0_BUFG/O
                         net (fo=36655, routed)       1.467    12.646    design_1_i/finn_design_wrapper_0/inst/finn_design_i/MVAU_hls_1/MVAU_hls_1/inst/grp_Matrix_Vector_Activate_Stream_Batch_fu_540/ap_clk
    SLICE_X46Y79         FDRE                                         r  design_1_i/finn_design_wrapper_0/inst/finn_design_i/MVAU_hls_1/MVAU_hls_1/inst/grp_Matrix_Vector_Activate_Stream_Batch_fu_540/ap_phi_reg_pp0_iter1_inElem_1_reg_6292_reg[41]/C
                         clock pessimism              0.129    12.775    
                         clock uncertainty           -0.154    12.621    
    SLICE_X46Y79         FDRE (Setup_fdre_C_D)        0.081    12.702    design_1_i/finn_design_wrapper_0/inst/finn_design_i/MVAU_hls_1/MVAU_hls_1/inst/grp_Matrix_Vector_Activate_Stream_Batch_fu_540/ap_phi_reg_pp0_iter1_inElem_1_reg_6292_reg[41]
  -------------------------------------------------------------------
                         required time                         12.702    
                         arrival time                         -12.558    
  -------------------------------------------------------------------
                         slack                                  0.144    

Slack (MET) :             0.205ns  (required time - arrival time)
  Source:                 design_1_i/finn_design_wrapper_0/inst/finn_design_i/MVAU_hls_1/MVAU_hls_1/inst/grp_Matrix_Vector_Activate_Stream_Batch_fu_540/flow_control_loop_pipe_sequential_init_U/ap_loop_init_int_reg/C
                            (rising edge-triggered cell FDRE clocked by clk_fpga_0  {rise@0.000ns fall@5.000ns period=10.000ns})
  Destination:            design_1_i/finn_design_wrapper_0/inst/finn_design_i/MVAU_hls_1/MVAU_hls_1/inst/grp_Matrix_Vector_Activate_Stream_Batch_fu_540/ap_phi_reg_pp0_iter1_inElem_1_reg_6292_reg[53]/D
                            (rising edge-triggered cell FDRE clocked by clk_fpga_0  {rise@0.000ns fall@5.000ns period=10.000ns})
  Path Group:             clk_fpga_0
  Path Type:              Setup (Max at Slow Process Corner)
  Requirement:            10.000ns  (clk_fpga_0 rise@10.000ns - clk_fpga_0 rise@0.000ns)
  Data Path Delay:        9.711ns  (logic 1.963ns (20.213%)  route 7.748ns (79.787%))
  Logic Levels:           7  (LUT3=1 LUT6=3 MUXF7=2 MUXF8=1)
  Clock Path Skew:        -0.010ns (DCD - SCD + CPR)
    Destination Clock Delay (DCD):    2.767ns = ( 12.767 - 10.000 ) 
    Source Clock Delay      (SCD):    3.006ns
    Clock Pessimism Removal (CPR):    0.229ns
  Clock Uncertainty:      0.154ns  ((TSJ^2 + TIJ^2)^1/2 + DJ) / 2 + PE
    Total System Jitter     (TSJ):    0.071ns
    Total Input Jitter      (TIJ):    0.300ns
    Discrete Jitter          (DJ):    0.000ns
    Phase Error              (PE):    0.000ns

    Location             Delay type                Incr(ns)  Path(ns)    Netlist Resource(s)
  -------------------------------------------------------------------    -------------------
                         (clock clk_fpga_0 rise edge)
                                                      0.000     0.000 r  
    PS7_X0Y0             PS7                          0.000     0.000 r  design_1_i/processing_system7_0/inst/PS7_i/FCLKCLK[0]
                         net (fo=1, routed)           1.193     1.193    design_1_i/processing_system7_0/inst/FCLK_CLK_unbuffered[0]
    BUFGCTRL_X0Y16       BUFG (Prop_bufg_I_O)         0.101     1.294 r  design_1_i/processing_system7_0/inst/buffer_fclk_clk_0.FCLK_CLK_0_BUFG/O
                         net (fo=36655, routed)       1.712     3.006    design_1_i/finn_design_wrapper_0/inst/finn_design_i/MVAU_hls_1/MVAU_hls_1/inst/grp_Matrix_Vector_Activate_Stream_Batch_fu_540/flow_control_loop_pipe_sequential_init_U/ap_clk
    SLICE_X66Y88         FDRE                                         r  design_1_i/finn_design_wrapper_0/inst/finn_design_i/MVAU_hls_1/MVAU_hls_1/inst/grp_Matrix_Vector_Activate_Stream_Batch_fu_540/flow_control_loop_pipe_sequential_init_U/ap_loop_init_int_reg/C
  -------------------------------------------------------------------    -------------------
    SLICE_X66Y88         FDRE (Prop_fdre_C_Q)         0.518     3.524 f  design_1_i/finn_design_wrapper_0/inst/finn_design_i/MVAU_hls_1/MVAU_hls_1/inst/grp_Matrix_Vector_Activate_Stream_Batch_fu_540/flow_control_loop_pipe_sequential_init_U/ap_loop_init_int_reg/Q
                         net (fo=247, routed)         1.594     5.118    design_1_i/finn_design_wrapper_0/inst/finn_design_i/MVAU_hls_1/MVAU_hls_1/inst/grp_Matrix_Vector_Activate_Stream_Batch_fu_540/flow_control_loop_pipe_sequential_init_U/ap_loop_init_int
    SLICE_X67Y77         LUT3 (Prop_lut3_I2_O)        0.124     5.242 r  design_1_i/finn_design_wrapper_0/inst/finn_design_i/MVAU_hls_1/MVAU_hls_1/inst/grp_Matrix_Vector_Activate_Stream_Batch_fu_540/flow_control_loop_pipe_sequential_init_U/sf_fu_1374[4]_i_2/O
                         net (fo=1049, routed)        3.380     8.622    design_1_i/finn_design_wrapper_0/inst/finn_design_i/MVAU_hls_1/MVAU_hls_1/inst/grp_Matrix_Vector_Activate_Stream_Batch_fu_540/flow_control_loop_pipe_sequential_init_U/ap_sig_allocacmp_sf_1[0]
    SLICE_X100Y23        LUT6 (Prop_lut6_I4_O)        0.124     8.746 r  design_1_i/finn_design_wrapper_0/inst/finn_design_i/MVAU_hls_1/MVAU_hls_1/inst/grp_Matrix_Vector_Activate_Stream_Batch_fu_540/flow_control_loop_pipe_sequential_init_U/ap_phi_reg_pp0_iter1_inElem_1_reg_6292[53]_i_151/O
                         net (fo=1, routed)           0.000     8.746    design_1_i/finn_design_wrapper_0/inst/finn_design_i/MVAU_hls_1/MVAU_hls_1/inst/grp_Matrix_Vector_Activate_Stream_Batch_fu_540/flow_control_loop_pipe_sequential_init_U/mux_3929_64_1_1_U1/mux_2_12[53]
    SLICE_X100Y23        MUXF7 (Prop_muxf7_I0_O)      0.241     8.987 r  design_1_i/finn_design_wrapper_0/inst/finn_design_i/MVAU_hls_1/MVAU_hls_1/inst/grp_Matrix_Vector_Activate_Stream_Batch_fu_540/flow_control_loop_pipe_sequential_init_U/ap_phi_reg_pp0_iter1_inElem_1_reg_6292_reg[53]_i_71/O
                         net (fo=1, routed)           0.000     8.987    design_1_i/finn_design_wrapper_0/inst/finn_design_i/MVAU_hls_1/MVAU_hls_1/inst/grp_Matrix_Vector_Activate_Stream_Batch_fu_540/flow_control_loop_pipe_sequential_init_U/mux_3929_64_1_1_U1/mux_3_6[53]
    SLICE_X100Y23        MUXF8 (Prop_muxf8_I0_O)      0.098     9.085 r  design_1_i/finn_design_wrapper_0/inst/finn_design_i/MVAU_hls_1/MVAU_hls_1/inst/grp_Matrix_Vector_Activate_Stream_Batch_fu_540/flow_control_loop_pipe_sequential_init_U/ap_phi_reg_pp0_iter1_inElem_1_reg_6292_reg[53]_i_31/O
                         net (fo=1, routed)           1.548    10.633    design_1_i/finn_design_wrapper_0/inst/finn_design_i/MVAU_hls_1/MVAU_hls_1/inst/grp_Matrix_Vector_Activate_Stream_Batch_fu_540/flow_control_loop_pipe_sequential_init_U/mux_3929_64_1_1_U1/mux_4_3[53]
    SLICE_X90Y54         LUT6 (Prop_lut6_I0_O)        0.319    10.952 r  design_1_i/finn_design_wrapper_0/inst/finn_design_i/MVAU_hls_1/MVAU_hls_1/inst/grp_Matrix_Vector_Activate_Stream_Batch_fu_540/flow_control_loop_pipe_sequential_init_U/ap_phi_reg_pp0_iter1_inElem_1_reg_6292[53]_i_13/O
                         net (fo=1, routed)           0.000    10.952    design_1_i/finn_design_wrapper_0/inst/finn_design_i/MVAU_hls_1/MVAU_hls_1/inst/grp_Matrix_Vector_Activate_Stream_Batch_fu_540/flow_control_loop_pipe_sequential_init_U/mux_3929_64_1_1_U1/mux_6_0[53]
    SLICE_X90Y54         MUXF7 (Prop_muxf7_I0_O)      0.241    11.193 r  design_1_i/finn_design_wrapper_0/inst/finn_design_i/MVAU_hls_1/MVAU_hls_1/inst/grp_Matrix_Vector_Activate_Stream_Batch_fu_540/flow_control_loop_pipe_sequential_init_U/ap_phi_reg_pp0_iter1_inElem_1_reg_6292_reg[53]_i_5/O
                         net (fo=1, routed)           1.226    12.419    design_1_i/finn_design_wrapper_0/inst/finn_design_i/MVAU_hls_1/MVAU_hls_1/inst/grp_Matrix_Vector_Activate_Stream_Batch_fu_540/flow_control_loop_pipe_sequential_init_U/mux_3929_64_1_1_U1/mux_7_0[53]
    SLICE_X90Y74         LUT6 (Prop_lut6_I5_O)        0.298    12.717 r  design_1_i/finn_design_wrapper_0/inst/finn_design_i/MVAU_hls_1/MVAU_hls_1/inst/grp_Matrix_Vector_Activate_Stream_Batch_fu_540/flow_control_loop_pipe_sequential_init_U/ap_phi_reg_pp0_iter1_inElem_1_reg_6292[53]_i_1/O
                         net (fo=1, routed)           0.000    12.717    design_1_i/finn_design_wrapper_0/inst/finn_design_i/MVAU_hls_1/MVAU_hls_1/inst/grp_Matrix_Vector_Activate_Stream_Batch_fu_540/tmp_fu_7523_p394[53]
    SLICE_X90Y74         FDRE                                         r  design_1_i/finn_design_wrapper_0/inst/finn_design_i/MVAU_hls_1/MVAU_hls_1/inst/grp_Matrix_Vector_Activate_Stream_Batch_fu_540/ap_phi_reg_pp0_iter1_inElem_1_reg_6292_reg[53]/D
  -------------------------------------------------------------------    -------------------

                         (clock clk_fpga_0 rise edge)
                                                     10.000    10.000 r  
    PS7_X0Y0             PS7                          0.000    10.000 r  design_1_i/processing_system7_0/inst/PS7_i/FCLKCLK[0]
                         net (fo=1, routed)           1.088    11.088    design_1_i/processing_system7_0/inst/FCLK_CLK_unbuffered[0]
    BUFGCTRL_X0Y16       BUFG (Prop_bufg_I_O)         0.091    11.179 r  design_1_i/processing_system7_0/inst/buffer_fclk_clk_0.FCLK_CLK_0_BUFG/O
                         net (fo=36655, routed)       1.588    12.767    design_1_i/finn_design_wrapper_0/inst/finn_design_i/MVAU_hls_1/MVAU_hls_1/inst/grp_Matrix_Vector_Activate_Stream_Batch_fu_540/ap_clk
    SLICE_X90Y74         FDRE                                         r  design_1_i/finn_design_wrapper_0/inst/finn_design_i/MVAU_hls_1/MVAU_hls_1/inst/grp_Matrix_Vector_Activate_Stream_Batch_fu_540/ap_phi_reg_pp0_iter1_inElem_1_reg_6292_reg[53]/C
                         clock pessimism              0.229    12.996    
                         clock uncertainty           -0.154    12.842    
    SLICE_X90Y74         FDRE (Setup_fdre_C_D)        0.081    12.923    design_1_i/finn_design_wrapper_0/inst/finn_design_i/MVAU_hls_1/MVAU_hls_1/inst/grp_Matrix_Vector_Activate_Stream_Batch_fu_540/ap_phi_reg_pp0_iter1_inElem_1_reg_6292_reg[53]
  -------------------------------------------------------------------
                         required time                         12.923    
                         arrival time                         -12.717    
  -------------------------------------------------------------------
                         slack                                  0.205    

Slack (MET) :             0.223ns  (required time - arrival time)
  Source:                 design_1_i/finn_design_wrapper_0/inst/finn_design_i/MVAU_hls_1/MVAU_hls_1/inst/grp_Matrix_Vector_Activate_Stream_Batch_fu_540/flow_control_loop_pipe_sequential_init_U/ap_loop_init_int_reg/C
                            (rising edge-triggered cell FDRE clocked by clk_fpga_0  {rise@0.000ns fall@5.000ns period=10.000ns})
  Destination:            design_1_i/finn_design_wrapper_0/inst/finn_design_i/MVAU_hls_1/MVAU_hls_1/inst/grp_Matrix_Vector_Activate_Stream_Batch_fu_540/ap_phi_reg_pp0_iter1_inElem_1_reg_6292_reg[1]/D
                            (rising edge-triggered cell FDRE clocked by clk_fpga_0  {rise@0.000ns fall@5.000ns period=10.000ns})
  Path Group:             clk_fpga_0
  Path Type:              Setup (Max at Slow Process Corner)
  Requirement:            10.000ns  (clk_fpga_0 rise@10.000ns - clk_fpga_0 rise@0.000ns)
  Data Path Delay:        9.588ns  (logic 1.941ns (20.245%)  route 7.647ns (79.755%))
  Logic Levels:           7  (LUT3=1 LUT6=3 MUXF7=2 MUXF8=1)
  Clock Path Skew:        -0.064ns (DCD - SCD + CPR)
    Destination Clock Delay (DCD):    2.713ns = ( 12.713 - 10.000 ) 
    Source Clock Delay      (SCD):    3.006ns
    Clock Pessimism Removal (CPR):    0.229ns
  Clock Uncertainty:      0.154ns  ((TSJ^2 + TIJ^2)^1/2 + DJ) / 2 + PE
    Total System Jitter     (TSJ):    0.071ns
    Total Input Jitter      (TIJ):    0.300ns
    Discrete Jitter          (DJ):    0.000ns
    Phase Error              (PE):    0.000ns

    Location             Delay type                Incr(ns)  Path(ns)    Netlist Resource(s)
  -------------------------------------------------------------------    -------------------
                         (clock clk_fpga_0 rise edge)
                                                      0.000     0.000 r  
    PS7_X0Y0             PS7                          0.000     0.000 r  design_1_i/processing_system7_0/inst/PS7_i/FCLKCLK[0]
                         net (fo=1, routed)           1.193     1.193    design_1_i/processing_system7_0/inst/FCLK_CLK_unbuffered[0]
    BUFGCTRL_X0Y16       BUFG (Prop_bufg_I_O)         0.101     1.294 r  design_1_i/processing_system7_0/inst/buffer_fclk_clk_0.FCLK_CLK_0_BUFG/O
                         net (fo=36655, routed)       1.712     3.006    design_1_i/finn_design_wrapper_0/inst/finn_design_i/MVAU_hls_1/MVAU_hls_1/inst/grp_Matrix_Vector_Activate_Stream_Batch_fu_540/flow_control_loop_pipe_sequential_init_U/ap_clk
    SLICE_X66Y88         FDRE                                         r  design_1_i/finn_design_wrapper_0/inst/finn_design_i/MVAU_hls_1/MVAU_hls_1/inst/grp_Matrix_Vector_Activate_Stream_Batch_fu_540/flow_control_loop_pipe_sequential_init_U/ap_loop_init_int_reg/C
  -------------------------------------------------------------------    -------------------
    SLICE_X66Y88         FDRE (Prop_fdre_C_Q)         0.518     3.524 f  design_1_i/finn_design_wrapper_0/inst/finn_design_i/MVAU_hls_1/MVAU_hls_1/inst/grp_Matrix_Vector_Activate_Stream_Batch_fu_540/flow_control_loop_pipe_sequential_init_U/ap_loop_init_int_reg/Q
                         net (fo=247, routed)         1.594     5.118    design_1_i/finn_design_wrapper_0/inst/finn_design_i/MVAU_hls_1/MVAU_hls_1/inst/grp_Matrix_Vector_Activate_Stream_Batch_fu_540/flow_control_loop_pipe_sequential_init_U/ap_loop_init_int
    SLICE_X67Y77         LUT3 (Prop_lut3_I2_O)        0.124     5.242 r  design_1_i/finn_design_wrapper_0/inst/finn_design_i/MVAU_hls_1/MVAU_hls_1/inst/grp_Matrix_Vector_Activate_Stream_Batch_fu_540/flow_control_loop_pipe_sequential_init_U/sf_fu_1374[4]_i_2/O
                         net (fo=1049, routed)        3.295     8.537    design_1_i/finn_design_wrapper_0/inst/finn_design_i/MVAU_hls_1/MVAU_hls_1/inst/grp_Matrix_Vector_Activate_Stream_Batch_fu_540/flow_control_loop_pipe_sequential_init_U/ap_sig_allocacmp_sf_1[0]
    SLICE_X112Y33        LUT6 (Prop_lut6_I4_O)        0.124     8.661 r  design_1_i/finn_design_wrapper_0/inst/finn_design_i/MVAU_hls_1/MVAU_hls_1/inst/grp_Matrix_Vector_Activate_Stream_Batch_fu_540/flow_control_loop_pipe_sequential_init_U/ap_phi_reg_pp0_iter1_inElem_1_reg_6292[1]_i_156/O
                         net (fo=1, routed)           0.000     8.661    design_1_i/finn_design_wrapper_0/inst/finn_design_i/MVAU_hls_1/MVAU_hls_1/inst/grp_Matrix_Vector_Activate_Stream_Batch_fu_540/flow_control_loop_pipe_sequential_init_U/mux_3929_64_1_1_U1/mux_2_9[1]
    SLICE_X112Y33        MUXF7 (Prop_muxf7_I1_O)      0.247     8.908 r  design_1_i/finn_design_wrapper_0/inst/finn_design_i/MVAU_hls_1/MVAU_hls_1/inst/grp_Matrix_Vector_Activate_Stream_Batch_fu_540/flow_control_loop_pipe_sequential_init_U/ap_phi_reg_pp0_iter1_inElem_1_reg_6292_reg[1]_i_73/O
                         net (fo=1, routed)           0.000     8.908    design_1_i/finn_design_wrapper_0/inst/finn_design_i/MVAU_hls_1/MVAU_hls_1/inst/grp_Matrix_Vector_Activate_Stream_Batch_fu_540/flow_control_loop_pipe_sequential_init_U/mux_3929_64_1_1_U1/mux_3_4[1]
    SLICE_X112Y33        MUXF8 (Prop_muxf8_I0_O)      0.098     9.006 r  design_1_i/finn_design_wrapper_0/inst/finn_design_i/MVAU_hls_1/MVAU_hls_1/inst/grp_Matrix_Vector_Activate_Stream_Batch_fu_540/flow_control_loop_pipe_sequential_init_U/ap_phi_reg_pp0_iter1_inElem_1_reg_6292_reg[1]_i_32/O
                         net (fo=1, routed)           1.290    10.296    design_1_i/finn_design_wrapper_0/inst/finn_design_i/MVAU_hls_1/MVAU_hls_1/inst/grp_Matrix_Vector_Activate_Stream_Batch_fu_540/flow_control_loop_pipe_sequential_init_U/mux_3929_64_1_1_U1/mux_4_2[1]
    SLICE_X91Y46         LUT6 (Prop_lut6_I1_O)        0.319    10.615 r  design_1_i/finn_design_wrapper_0/inst/finn_design_i/MVAU_hls_1/MVAU_hls_1/inst/grp_Matrix_Vector_Activate_Stream_Batch_fu_540/flow_control_loop_pipe_sequential_init_U/ap_phi_reg_pp0_iter1_inElem_1_reg_6292[1]_i_13/O
                         net (fo=1, routed)           0.000    10.615    design_1_i/finn_design_wrapper_0/inst/finn_design_i/MVAU_hls_1/MVAU_hls_1/inst/grp_Matrix_Vector_Activate_Stream_Batch_fu_540/flow_control_loop_pipe_sequential_init_U/mux_3929_64_1_1_U1/mux_6_0[1]
    SLICE_X91Y46         MUXF7 (Prop_muxf7_I0_O)      0.212    10.827 r  design_1_i/finn_design_wrapper_0/inst/finn_design_i/MVAU_hls_1/MVAU_hls_1/inst/grp_Matrix_Vector_Activate_Stream_Batch_fu_540/flow_control_loop_pipe_sequential_init_U/ap_phi_reg_pp0_iter1_inElem_1_reg_6292_reg[1]_i_5/O
                         net (fo=1, routed)           1.468    12.295    design_1_i/finn_design_wrapper_0/inst/finn_design_i/MVAU_hls_1/MVAU_hls_1/inst/grp_Matrix_Vector_Activate_Stream_Batch_fu_540/flow_control_loop_pipe_sequential_init_U/mux_3929_64_1_1_U1/mux_7_0[1]
    SLICE_X65Y66         LUT6 (Prop_lut6_I5_O)        0.299    12.594 r  design_1_i/finn_design_wrapper_0/inst/finn_design_i/MVAU_hls_1/MVAU_hls_1/inst/grp_Matrix_Vector_Activate_Stream_Batch_fu_540/flow_control_loop_pipe_sequential_init_U/ap_phi_reg_pp0_iter1_inElem_1_reg_6292[1]_i_1/O
                         net (fo=1, routed)           0.000    12.594    design_1_i/finn_design_wrapper_0/inst/finn_design_i/MVAU_hls_1/MVAU_hls_1/inst/grp_Matrix_Vector_Activate_Stream_Batch_fu_540/tmp_fu_7523_p394[1]
    SLICE_X65Y66         FDRE                                         r  design_1_i/finn_design_wrapper_0/inst/finn_design_i/MVAU_hls_1/MVAU_hls_1/inst/grp_Matrix_Vector_Activate_Stream_Batch_fu_540/ap_phi_reg_pp0_iter1_inElem_1_reg_6292_reg[1]/D
  -------------------------------------------------------------------    -------------------

                         (clock clk_fpga_0 rise edge)
                                                     10.000    10.000 r  
    PS7_X0Y0             PS7                          0.000    10.000 r  design_1_i/processing_system7_0/inst/PS7_i/FCLKCLK[0]
                         net (fo=1, routed)           1.088    11.088    design_1_i/processing_system7_0/inst/FCLK_CLK_unbuffered[0]
    BUFGCTRL_X0Y16       BUFG (Prop_bufg_I_O)         0.091    11.179 r  design_1_i/processing_system7_0/inst/buffer_fclk_clk_0.FCLK_CLK_0_BUFG/O
                         net (fo=36655, routed)       1.534    12.713    design_1_i/finn_design_wrapper_0/inst/finn_design_i/MVAU_hls_1/MVAU_hls_1/inst/grp_Matrix_Vector_Activate_Stream_Batch_fu_540/ap_clk
    SLICE_X65Y66         FDRE                                         r  design_1_i/finn_design_wrapper_0/inst/finn_design_i/MVAU_hls_1/MVAU_hls_1/inst/grp_Matrix_Vector_Activate_Stream_Batch_fu_540/ap_phi_reg_pp0_iter1_inElem_1_reg_6292_reg[1]/C
                         clock pessimism              0.229    12.942    
                         clock uncertainty           -0.154    12.788    
    SLICE_X65Y66         FDRE (Setup_fdre_C_D)        0.029    12.817    design_1_i/finn_design_wrapper_0/inst/finn_design_i/MVAU_hls_1/MVAU_hls_1/inst/grp_Matrix_Vector_Activate_Stream_Batch_fu_540/ap_phi_reg_pp0_iter1_inElem_1_reg_6292_reg[1]
  -------------------------------------------------------------------
                         required time                         12.817    
                         arrival time                         -12.594    
  -------------------------------------------------------------------
                         slack                                  0.223    

Slack (MET) :             0.273ns  (required time - arrival time)
  Source:                 design_1_i/finn_design_wrapper_0/inst/finn_design_i/MVAU_hls_1/MVAU_hls_1/inst/grp_Matrix_Vector_Activate_Stream_Batch_fu_540/flow_control_loop_pipe_sequential_init_U/ap_loop_init_int_reg/C
                            (rising edge-triggered cell FDRE clocked by clk_fpga_0  {rise@0.000ns fall@5.000ns period=10.000ns})
  Destination:            design_1_i/finn_design_wrapper_0/inst/finn_design_i/MVAU_hls_1/MVAU_hls_1/inst/grp_Matrix_Vector_Activate_Stream_Batch_fu_540/ap_phi_reg_pp0_iter1_inElem_1_reg_6292_reg[43]/D
                            (rising edge-triggered cell FDRE clocked by clk_fpga_0  {rise@0.000ns fall@5.000ns period=10.000ns})
  Path Group:             clk_fpga_0
  Path Type:              Setup (Max at Slow Process Corner)
  Requirement:            10.000ns  (clk_fpga_0 rise@10.000ns - clk_fpga_0 rise@0.000ns)
  Data Path Delay:        9.457ns  (logic 1.946ns (20.577%)  route 7.511ns (79.423%))
  Logic Levels:           7  (LUT3=1 LUT6=3 MUXF7=2 MUXF8=1)
  Clock Path Skew:        -0.147ns (DCD - SCD + CPR)
    Destination Clock Delay (DCD):    2.630ns = ( 12.630 - 10.000 ) 
    Source Clock Delay      (SCD):    3.006ns
    Clock Pessimism Removal (CPR):    0.229ns
  Clock Uncertainty:      0.154ns  ((TSJ^2 + TIJ^2)^1/2 + DJ) / 2 + PE
    Total System Jitter     (TSJ):    0.071ns
    Total Input Jitter      (TIJ):    0.300ns
    Discrete Jitter          (DJ):    0.000ns
    Phase Error              (PE):    0.000ns

    Location             Delay type                Incr(ns)  Path(ns)    Netlist Resource(s)
  -------------------------------------------------------------------    -------------------
                         (clock clk_fpga_0 rise edge)
                                                      0.000     0.000 r  
    PS7_X0Y0             PS7                          0.000     0.000 r  design_1_i/processing_system7_0/inst/PS7_i/FCLKCLK[0]
                         net (fo=1, routed)           1.193     1.193    design_1_i/processing_system7_0/inst/FCLK_CLK_unbuffered[0]
    BUFGCTRL_X0Y16       BUFG (Prop_bufg_I_O)         0.101     1.294 r  design_1_i/processing_system7_0/inst/buffer_fclk_clk_0.FCLK_CLK_0_BUFG/O
                         net (fo=36655, routed)       1.712     3.006    design_1_i/finn_design_wrapper_0/inst/finn_design_i/MVAU_hls_1/MVAU_hls_1/inst/grp_Matrix_Vector_Activate_Stream_Batch_fu_540/flow_control_loop_pipe_sequential_init_U/ap_clk
    SLICE_X66Y88         FDRE                                         r  design_1_i/finn_design_wrapper_0/inst/finn_design_i/MVAU_hls_1/MVAU_hls_1/inst/grp_Matrix_Vector_Activate_Stream_Batch_fu_540/flow_control_loop_pipe_sequential_init_U/ap_loop_init_int_reg/C
  -------------------------------------------------------------------    -------------------
    SLICE_X66Y88         FDRE (Prop_fdre_C_Q)         0.518     3.524 f  design_1_i/finn_design_wrapper_0/inst/finn_design_i/MVAU_hls_1/MVAU_hls_1/inst/grp_Matrix_Vector_Activate_Stream_Batch_fu_540/flow_control_loop_pipe_sequential_init_U/ap_loop_init_int_reg/Q
                         net (fo=247, routed)         1.594     5.118    design_1_i/finn_design_wrapper_0/inst/finn_design_i/MVAU_hls_1/MVAU_hls_1/inst/grp_Matrix_Vector_Activate_Stream_Batch_fu_540/flow_control_loop_pipe_sequential_init_U/ap_loop_init_int
    SLICE_X67Y77         LUT3 (Prop_lut3_I2_O)        0.124     5.242 r  design_1_i/finn_design_wrapper_0/inst/finn_design_i/MVAU_hls_1/MVAU_hls_1/inst/grp_Matrix_Vector_Activate_Stream_Batch_fu_540/flow_control_loop_pipe_sequential_init_U/sf_fu_1374[4]_i_2/O
                         net (fo=1049, routed)        2.717     7.958    design_1_i/finn_design_wrapper_0/inst/finn_design_i/MVAU_hls_1/MVAU_hls_1/inst/grp_Matrix_Vector_Activate_Stream_Batch_fu_540/flow_control_loop_pipe_sequential_init_U/ap_sig_allocacmp_sf_1[0]
    SLICE_X82Y26         LUT6 (Prop_lut6_I4_O)        0.124     8.082 r  design_1_i/finn_design_wrapper_0/inst/finn_design_i/MVAU_hls_1/MVAU_hls_1/inst/grp_Matrix_Vector_Activate_Stream_Batch_fu_540/flow_control_loop_pipe_sequential_init_U/ap_phi_reg_pp0_iter1_inElem_1_reg_6292[43]_i_173/O
                         net (fo=1, routed)           0.000     8.082    design_1_i/finn_design_wrapper_0/inst/finn_design_i/MVAU_hls_1/MVAU_hls_1/inst/grp_Matrix_Vector_Activate_Stream_Batch_fu_540/flow_control_loop_pipe_sequential_init_U/mux_3929_64_1_1_U1/mux_2_25[43]
    SLICE_X82Y26         MUXF7 (Prop_muxf7_I1_O)      0.247     8.329 r  design_1_i/finn_design_wrapper_0/inst/finn_design_i/MVAU_hls_1/MVAU_hls_1/inst/grp_Matrix_Vector_Activate_Stream_Batch_fu_540/flow_control_loop_pipe_sequential_init_U/ap_phi_reg_pp0_iter1_inElem_1_reg_6292_reg[43]_i_82/O
                         net (fo=1, routed)           0.000     8.329    design_1_i/finn_design_wrapper_0/inst/finn_design_i/MVAU_hls_1/MVAU_hls_1/inst/grp_Matrix_Vector_Activate_Stream_Batch_fu_540/flow_control_loop_pipe_sequential_init_U/mux_3929_64_1_1_U1/mux_3_12[43]
    SLICE_X82Y26         MUXF8 (Prop_muxf8_I0_O)      0.098     8.427 r  design_1_i/finn_design_wrapper_0/inst/finn_design_i/MVAU_hls_1/MVAU_hls_1/inst/grp_Matrix_Vector_Activate_Stream_Batch_fu_540/flow_control_loop_pipe_sequential_init_U/ap_phi_reg_pp0_iter1_inElem_1_reg_6292_reg[43]_i_37/O
                         net (fo=1, routed)           2.162    10.590    design_1_i/finn_design_wrapper_0/inst/finn_design_i/MVAU_hls_1/MVAU_hls_1/inst/grp_Matrix_Vector_Activate_Stream_Batch_fu_540/flow_control_loop_pipe_sequential_init_U/mux_3929_64_1_1_U1/mux_4_6[43]
    SLICE_X53Y60         LUT6 (Prop_lut6_I1_O)        0.319    10.909 r  design_1_i/finn_design_wrapper_0/inst/finn_design_i/MVAU_hls_1/MVAU_hls_1/inst/grp_Matrix_Vector_Activate_Stream_Batch_fu_540/flow_control_loop_pipe_sequential_init_U/ap_phi_reg_pp0_iter1_inElem_1_reg_6292[43]_i_13/O
                         net (fo=1, routed)           0.000    10.909    design_1_i/finn_design_wrapper_0/inst/finn_design_i/MVAU_hls_1/MVAU_hls_1/inst/grp_Matrix_Vector_Activate_Stream_Batch_fu_540/flow_control_loop_pipe_sequential_init_U/mux_3929_64_1_1_U1/mux_6_1[43]
    SLICE_X53Y60         MUXF7 (Prop_muxf7_I1_O)      0.217    11.126 r  design_1_i/finn_design_wrapper_0/inst/finn_design_i/MVAU_hls_1/MVAU_hls_1/inst/grp_Matrix_Vector_Activate_Stream_Batch_fu_540/flow_control_loop_pipe_sequential_init_U/ap_phi_reg_pp0_iter1_inElem_1_reg_6292_reg[43]_i_5/O
                         net (fo=1, routed)           1.038    12.164    design_1_i/finn_design_wrapper_0/inst/finn_design_i/MVAU_hls_1/MVAU_hls_1/inst/grp_Matrix_Vector_Activate_Stream_Batch_fu_540/flow_control_loop_pipe_sequential_init_U/mux_3929_64_1_1_U1/mux_7_0[43]
    SLICE_X51Y76         LUT6 (Prop_lut6_I5_O)        0.299    12.463 r  design_1_i/finn_design_wrapper_0/inst/finn_design_i/MVAU_hls_1/MVAU_hls_1/inst/grp_Matrix_Vector_Activate_Stream_Batch_fu_540/flow_control_loop_pipe_sequential_init_U/ap_phi_reg_pp0_iter1_inElem_1_reg_6292[43]_i_1/O
                         net (fo=1, routed)           0.000    12.463    design_1_i/finn_design_wrapper_0/inst/finn_design_i/MVAU_hls_1/MVAU_hls_1/inst/grp_Matrix_Vector_Activate_Stream_Batch_fu_540/tmp_fu_7523_p394[43]
    SLICE_X51Y76         FDRE                                         r  design_1_i/finn_design_wrapper_0/inst/finn_design_i/MVAU_hls_1/MVAU_hls_1/inst/grp_Matrix_Vector_Activate_Stream_Batch_fu_540/ap_phi_reg_pp0_iter1_inElem_1_reg_6292_reg[43]/D
  -------------------------------------------------------------------    -------------------

                         (clock clk_fpga_0 rise edge)
                                                     10.000    10.000 r  
    PS7_X0Y0             PS7                          0.000    10.000 r  design_1_i/processing_system7_0/inst/PS7_i/FCLKCLK[0]
                         net (fo=1, routed)           1.088    11.088    design_1_i/processing_system7_0/inst/FCLK_CLK_unbuffered[0]
    BUFGCTRL_X0Y16       BUFG (Prop_bufg_I_O)         0.091    11.179 r  design_1_i/processing_system7_0/inst/buffer_fclk_clk_0.FCLK_CLK_0_BUFG/O
                         net (fo=36655, routed)       1.451    12.630    design_1_i/finn_design_wrapper_0/inst/finn_design_i/MVAU_hls_1/MVAU_hls_1/inst/grp_Matrix_Vector_Activate_Stream_Batch_fu_540/ap_clk
    SLICE_X51Y76         FDRE                                         r  design_1_i/finn_design_wrapper_0/inst/finn_design_i/MVAU_hls_1/MVAU_hls_1/inst/grp_Matrix_Vector_Activate_Stream_Batch_fu_540/ap_phi_reg_pp0_iter1_inElem_1_reg_6292_reg[43]/C
                         clock pessimism              0.229    12.859    
                         clock uncertainty           -0.154    12.705    
    SLICE_X51Y76         FDRE (Setup_fdre_C_D)        0.031    12.736    design_1_i/finn_design_wrapper_0/inst/finn_design_i/MVAU_hls_1/MVAU_hls_1/inst/grp_Matrix_Vector_Activate_Stream_Batch_fu_540/ap_phi_reg_pp0_iter1_inElem_1_reg_6292_reg[43]
  -------------------------------------------------------------------
                         required time                         12.736    
                         arrival time                         -12.463    
  -------------------------------------------------------------------
                         slack                                  0.273    

Slack (MET) :             0.290ns  (required time - arrival time)
  Source:                 design_1_i/finn_design_wrapper_0/inst/finn_design_i/MVAU_hls_1/MVAU_hls_1/inst/grp_Matrix_Vector_Activate_Stream_Batch_fu_540_ap_start_reg_reg/C
                            (rising edge-triggered cell FDRE clocked by clk_fpga_0  {rise@0.000ns fall@5.000ns period=10.000ns})
  Destination:            design_1_i/finn_design_wrapper_0/inst/finn_design_i/MVAU_hls_1/MVAU_hls_1/inst/grp_Matrix_Vector_Activate_Stream_Batch_fu_540/ap_phi_reg_pp0_iter1_inElem_1_reg_6292_reg[59]/D
                            (rising edge-triggered cell FDRE clocked by clk_fpga_0  {rise@0.000ns fall@5.000ns period=10.000ns})
  Path Group:             clk_fpga_0
  Path Type:              Setup (Max at Slow Process Corner)
  Requirement:            10.000ns  (clk_fpga_0 rise@10.000ns - clk_fpga_0 rise@0.000ns)
  Data Path Delay:        9.403ns  (logic 2.064ns (21.950%)  route 7.339ns (78.050%))
  Logic Levels:           7  (LUT3=1 LUT6=3 MUXF7=2 MUXF8=1)
  Clock Path Skew:        -0.231ns (DCD - SCD + CPR)
    Destination Clock Delay (DCD):    2.646ns = ( 12.646 - 10.000 ) 
    Source Clock Delay      (SCD):    3.006ns
    Clock Pessimism Removal (CPR):    0.129ns
  Clock Uncertainty:      0.154ns  ((TSJ^2 + TIJ^2)^1/2 + DJ) / 2 + PE
    Total System Jitter     (TSJ):    0.071ns
    Total Input Jitter      (TIJ):    0.300ns
    Discrete Jitter          (DJ):    0.000ns
    Phase Error              (PE):    0.000ns

    Location             Delay type                Incr(ns)  Path(ns)    Netlist Resource(s)
  -------------------------------------------------------------------    -------------------
                         (clock clk_fpga_0 rise edge)
                                                      0.000     0.000 r  
    PS7_X0Y0             PS7                          0.000     0.000 r  design_1_i/processing_system7_0/inst/PS7_i/FCLKCLK[0]
                         net (fo=1, routed)           1.193     1.193    design_1_i/processing_system7_0/inst/FCLK_CLK_unbuffered[0]
    BUFGCTRL_X0Y16       BUFG (Prop_bufg_I_O)         0.101     1.294 r  design_1_i/processing_system7_0/inst/buffer_fclk_clk_0.FCLK_CLK_0_BUFG/O
                         net (fo=36655, routed)       1.712     3.006    design_1_i/finn_design_wrapper_0/inst/finn_design_i/MVAU_hls_1/MVAU_hls_1/inst/ap_clk
    SLICE_X64Y88         FDRE                                         r  design_1_i/finn_design_wrapper_0/inst/finn_design_i/MVAU_hls_1/MVAU_hls_1/inst/grp_Matrix_Vector_Activate_Stream_Batch_fu_540_ap_start_reg_reg/C
  -------------------------------------------------------------------    -------------------
    SLICE_X64Y88         FDRE (Prop_fdre_C_Q)         0.456     3.462 f  design_1_i/finn_design_wrapper_0/inst/finn_design_i/MVAU_hls_1/MVAU_hls_1/inst/grp_Matrix_Vector_Activate_Stream_Batch_fu_540_ap_start_reg_reg/Q
                         net (fo=254, routed)         1.199     4.661    design_1_i/finn_design_wrapper_0/inst/finn_design_i/MVAU_hls_1/MVAU_hls_1/inst/grp_Matrix_Vector_Activate_Stream_Batch_fu_540/flow_control_loop_pipe_sequential_init_U/grp_Matrix_Vector_Activate_Stream_Batch_fu_540_ap_start_reg
    SLICE_X67Y92         LUT3 (Prop_lut3_I1_O)        0.150     4.811 r  design_1_i/finn_design_wrapper_0/inst/finn_design_i/MVAU_hls_1/MVAU_hls_1/inst/grp_Matrix_Vector_Activate_Stream_Batch_fu_540/flow_control_loop_pipe_sequential_init_U/ap_phi_reg_pp0_iter1_inElem_1_reg_6292[63]_i_198/O
                         net (fo=1048, routed)        2.921     7.732    design_1_i/finn_design_wrapper_0/inst/finn_design_i/MVAU_hls_1/MVAU_hls_1/inst/grp_Matrix_Vector_Activate_Stream_Batch_fu_540/flow_control_loop_pipe_sequential_init_U/ap_phi_reg_pp0_iter1_inElem_1_reg_6292[63]_i_198_n_3
    SLICE_X30Y135        LUT6 (Prop_lut6_I4_O)        0.326     8.058 r  design_1_i/finn_design_wrapper_0/inst/finn_design_i/MVAU_hls_1/MVAU_hls_1/inst/grp_Matrix_Vector_Activate_Stream_Batch_fu_540/flow_control_loop_pipe_sequential_init_U/ap_phi_reg_pp0_iter1_inElem_1_reg_6292[59]_i_145/O
                         net (fo=1, routed)           0.000     8.058    design_1_i/finn_design_wrapper_0/inst/finn_design_i/MVAU_hls_1/MVAU_hls_1/inst/grp_Matrix_Vector_Activate_Stream_Batch_fu_540/flow_control_loop_pipe_sequential_init_U/mux_3929_64_1_1_U1/mux_2_54[59]
    SLICE_X30Y135        MUXF7 (Prop_muxf7_I0_O)      0.209     8.267 r  design_1_i/finn_design_wrapper_0/inst/finn_design_i/MVAU_hls_1/MVAU_hls_1/inst/grp_Matrix_Vector_Activate_Stream_Batch_fu_540/flow_control_loop_pipe_sequential_init_U/ap_phi_reg_pp0_iter1_inElem_1_reg_6292_reg[59]_i_68/O
                         net (fo=1, routed)           0.000     8.267    design_1_i/finn_design_wrapper_0/inst/finn_design_i/MVAU_hls_1/MVAU_hls_1/inst/grp_Matrix_Vector_Activate_Stream_Batch_fu_540/flow_control_loop_pipe_sequential_init_U/mux_3929_64_1_1_U1/mux_3_27[59]
    SLICE_X30Y135        MUXF8 (Prop_muxf8_I1_O)      0.088     8.355 r  design_1_i/finn_design_wrapper_0/inst/finn_design_i/MVAU_hls_1/MVAU_hls_1/inst/grp_Matrix_Vector_Activate_Stream_Batch_fu_540/flow_control_loop_pipe_sequential_init_U/ap_phi_reg_pp0_iter1_inElem_1_reg_6292_reg[59]_i_29/O
                         net (fo=1, routed)           2.240    10.595    design_1_i/finn_design_wrapper_0/inst/finn_design_i/MVAU_hls_1/MVAU_hls_1/inst/grp_Matrix_Vector_Activate_Stream_Batch_fu_540/flow_control_loop_pipe_sequential_init_U/mux_3929_64_1_1_U1/mux_4_13[59]
    SLICE_X45Y89         LUT6 (Prop_lut6_I3_O)        0.319    10.914 r  design_1_i/finn_design_wrapper_0/inst/finn_design_i/MVAU_hls_1/MVAU_hls_1/inst/grp_Matrix_Vector_Activate_Stream_Batch_fu_540/flow_control_loop_pipe_sequential_init_U/ap_phi_reg_pp0_iter1_inElem_1_reg_6292[59]_i_12/O
                         net (fo=1, routed)           0.000    10.914    design_1_i/finn_design_wrapper_0/inst/finn_design_i/MVAU_hls_1/MVAU_hls_1/inst/grp_Matrix_Vector_Activate_Stream_Batch_fu_540/flow_control_loop_pipe_sequential_init_U/mux_3929_64_1_1_U1/mux_6_3[59]
    SLICE_X45Y89         MUXF7 (Prop_muxf7_I1_O)      0.217    11.131 r  design_1_i/finn_design_wrapper_0/inst/finn_design_i/MVAU_hls_1/MVAU_hls_1/inst/grp_Matrix_Vector_Activate_Stream_Batch_fu_540/flow_control_loop_pipe_sequential_init_U/ap_phi_reg_pp0_iter1_inElem_1_reg_6292_reg[59]_i_4/O
                         net (fo=1, routed)           0.979    12.110    design_1_i/finn_design_wrapper_0/inst/finn_design_i/MVAU_hls_1/MVAU_hls_1/inst/grp_Matrix_Vector_Activate_Stream_Batch_fu_540/flow_control_loop_pipe_sequential_init_U/mux_3929_64_1_1_U1/mux_7_1[59]
    SLICE_X46Y79         LUT6 (Prop_lut6_I3_O)        0.299    12.409 r  design_1_i/finn_design_wrapper_0/inst/finn_design_i/MVAU_hls_1/MVAU_hls_1/inst/grp_Matrix_Vector_Activate_Stream_Batch_fu_540/flow_control_loop_pipe_sequential_init_U/ap_phi_reg_pp0_iter1_inElem_1_reg_6292[59]_i_1/O
                         net (fo=1, routed)           0.000    12.409    design_1_i/finn_design_wrapper_0/inst/finn_design_i/MVAU_hls_1/MVAU_hls_1/inst/grp_Matrix_Vector_Activate_Stream_Batch_fu_540/tmp_fu_7523_p394[59]
    SLICE_X46Y79         FDRE                                         r  design_1_i/finn_design_wrapper_0/inst/finn_design_i/MVAU_hls_1/MVAU_hls_1/inst/grp_Matrix_Vector_Activate_Stream_Batch_fu_540/ap_phi_reg_pp0_iter1_inElem_1_reg_6292_reg[59]/D
  -------------------------------------------------------------------    -------------------

                         (clock clk_fpga_0 rise edge)
                                                     10.000    10.000 r  
    PS7_X0Y0             PS7                          0.000    10.000 r  design_1_i/processing_system7_0/inst/PS7_i/FCLKCLK[0]
                         net (fo=1, routed)           1.088    11.088    design_1_i/processing_system7_0/inst/FCLK_CLK_unbuffered[0]
    BUFGCTRL_X0Y16       BUFG (Prop_bufg_I_O)         0.091    11.179 r  design_1_i/processing_system7_0/inst/buffer_fclk_clk_0.FCLK_CLK_0_BUFG/O
                         net (fo=36655, routed)       1.467    12.646    design_1_i/finn_design_wrapper_0/inst/finn_design_i/MVAU_hls_1/MVAU_hls_1/inst/grp_Matrix_Vector_Activate_Stream_Batch_fu_540/ap_clk
    SLICE_X46Y79         FDRE                                         r  design_1_i/finn_design_wrapper_0/inst/finn_design_i/MVAU_hls_1/MVAU_hls_1/inst/grp_Matrix_Vector_Activate_Stream_Batch_fu_540/ap_phi_reg_pp0_iter1_inElem_1_reg_6292_reg[59]/C
                         clock pessimism              0.129    12.775    
                         clock uncertainty           -0.154    12.621    
    SLICE_X46Y79         FDRE (Setup_fdre_C_D)        0.079    12.700    design_1_i/finn_design_wrapper_0/inst/finn_design_i/MVAU_hls_1/MVAU_hls_1/inst/grp_Matrix_Vector_Activate_Stream_Batch_fu_540/ap_phi_reg_pp0_iter1_inElem_1_reg_6292_reg[59]
  -------------------------------------------------------------------
                         required time                         12.700    
                         arrival time                         -12.409    
  -------------------------------------------------------------------
                         slack                                  0.290    

Slack (MET) :             0.309ns  (required time - arrival time)
  Source:                 design_1_i/finn_design_wrapper_0/inst/finn_design_i/MVAU_hls_1/MVAU_hls_1/inst/grp_Matrix_Vector_Activate_Stream_Batch_fu_540/flow_control_loop_pipe_sequential_init_U/ap_loop_init_int_reg/C
                            (rising edge-triggered cell FDRE clocked by clk_fpga_0  {rise@0.000ns fall@5.000ns period=10.000ns})
  Destination:            design_1_i/finn_design_wrapper_0/inst/finn_design_i/MVAU_hls_1/MVAU_hls_1/inst/grp_Matrix_Vector_Activate_Stream_Batch_fu_540/ap_phi_reg_pp0_iter1_inElem_1_reg_6292_reg[25]/D
                            (rising edge-triggered cell FDRE clocked by clk_fpga_0  {rise@0.000ns fall@5.000ns period=10.000ns})
  Path Group:             clk_fpga_0
  Path Type:              Setup (Max at Slow Process Corner)
  Requirement:            10.000ns  (clk_fpga_0 rise@10.000ns - clk_fpga_0 rise@0.000ns)
  Data Path Delay:        9.501ns  (logic 1.929ns (20.302%)  route 7.572ns (79.698%))
  Logic Levels:           7  (LUT3=1 LUT6=3 MUXF7=2 MUXF8=1)
  Clock Path Skew:        -0.064ns (DCD - SCD + CPR)
    Destination Clock Delay (DCD):    2.713ns = ( 12.713 - 10.000 ) 
    Source Clock Delay      (SCD):    3.006ns
    Clock Pessimism Removal (CPR):    0.229ns
  Clock Uncertainty:      0.154ns  ((TSJ^2 + TIJ^2)^1/2 + DJ) / 2 + PE
    Total System Jitter     (TSJ):    0.071ns
    Total Input Jitter      (TIJ):    0.300ns
    Discrete Jitter          (DJ):    0.000ns
    Phase Error              (PE):    0.000ns

    Location             Delay type                Incr(ns)  Path(ns)    Netlist Resource(s)
  -------------------------------------------------------------------    -------------------
                         (clock clk_fpga_0 rise edge)
                                                      0.000     0.000 r  
    PS7_X0Y0             PS7                          0.000     0.000 r  design_1_i/processing_system7_0/inst/PS7_i/FCLKCLK[0]
                         net (fo=1, routed)           1.193     1.193    design_1_i/processing_system7_0/inst/FCLK_CLK_unbuffered[0]
    BUFGCTRL_X0Y16       BUFG (Prop_bufg_I_O)         0.101     1.294 r  design_1_i/processing_system7_0/inst/buffer_fclk_clk_0.FCLK_CLK_0_BUFG/O
                         net (fo=36655, routed)       1.712     3.006    design_1_i/finn_design_wrapper_0/inst/finn_design_i/MVAU_hls_1/MVAU_hls_1/inst/grp_Matrix_Vector_Activate_Stream_Batch_fu_540/flow_control_loop_pipe_sequential_init_U/ap_clk
    SLICE_X66Y88         FDRE                                         r  design_1_i/finn_design_wrapper_0/inst/finn_design_i/MVAU_hls_1/MVAU_hls_1/inst/grp_Matrix_Vector_Activate_Stream_Batch_fu_540/flow_control_loop_pipe_sequential_init_U/ap_loop_init_int_reg/C
  -------------------------------------------------------------------    -------------------
    SLICE_X66Y88         FDRE (Prop_fdre_C_Q)         0.518     3.524 f  design_1_i/finn_design_wrapper_0/inst/finn_design_i/MVAU_hls_1/MVAU_hls_1/inst/grp_Matrix_Vector_Activate_Stream_Batch_fu_540/flow_control_loop_pipe_sequential_init_U/ap_loop_init_int_reg/Q
                         net (fo=247, routed)         1.594     5.118    design_1_i/finn_design_wrapper_0/inst/finn_design_i/MVAU_hls_1/MVAU_hls_1/inst/grp_Matrix_Vector_Activate_Stream_Batch_fu_540/flow_control_loop_pipe_sequential_init_U/ap_loop_init_int
    SLICE_X67Y77         LUT3 (Prop_lut3_I2_O)        0.124     5.242 r  design_1_i/finn_design_wrapper_0/inst/finn_design_i/MVAU_hls_1/MVAU_hls_1/inst/grp_Matrix_Vector_Activate_Stream_Batch_fu_540/flow_control_loop_pipe_sequential_init_U/sf_fu_1374[4]_i_2/O
                         net (fo=1049, routed)        3.151     8.393    design_1_i/finn_design_wrapper_0/inst/finn_design_i/MVAU_hls_1/MVAU_hls_1/inst/grp_Matrix_Vector_Activate_Stream_Batch_fu_540/flow_control_loop_pipe_sequential_init_U/ap_sig_allocacmp_sf_1[0]
    SLICE_X99Y23         LUT6 (Prop_lut6_I4_O)        0.124     8.517 r  design_1_i/finn_design_wrapper_0/inst/finn_design_i/MVAU_hls_1/MVAU_hls_1/inst/grp_Matrix_Vector_Activate_Stream_Batch_fu_540/flow_control_loop_pipe_sequential_init_U/ap_phi_reg_pp0_iter1_inElem_1_reg_6292[25]_i_154/O
                         net (fo=1, routed)           0.000     8.517    design_1_i/finn_design_wrapper_0/inst/finn_design_i/MVAU_hls_1/MVAU_hls_1/inst/grp_Matrix_Vector_Activate_Stream_Batch_fu_540/flow_control_loop_pipe_sequential_init_U/mux_3929_64_1_1_U1/mux_2_15[25]
    SLICE_X99Y23         MUXF7 (Prop_muxf7_I1_O)      0.217     8.734 r  design_1_i/finn_design_wrapper_0/inst/finn_design_i/MVAU_hls_1/MVAU_hls_1/inst/grp_Matrix_Vector_Activate_Stream_Batch_fu_540/flow_control_loop_pipe_sequential_init_U/ap_phi_reg_pp0_iter1_inElem_1_reg_6292_reg[25]_i_72/O
                         net (fo=1, routed)           0.000     8.734    design_1_i/finn_design_wrapper_0/inst/finn_design_i/MVAU_hls_1/MVAU_hls_1/inst/grp_Matrix_Vector_Activate_Stream_Batch_fu_540/flow_control_loop_pipe_sequential_init_U/mux_3929_64_1_1_U1/mux_3_7[25]
    SLICE_X99Y23         MUXF8 (Prop_muxf8_I1_O)      0.094     8.828 r  design_1_i/finn_design_wrapper_0/inst/finn_design_i/MVAU_hls_1/MVAU_hls_1/inst/grp_Matrix_Vector_Activate_Stream_Batch_fu_540/flow_control_loop_pipe_sequential_init_U/ap_phi_reg_pp0_iter1_inElem_1_reg_6292_reg[25]_i_31/O
                         net (fo=1, routed)           2.172    11.000    design_1_i/finn_design_wrapper_0/inst/finn_design_i/MVAU_hls_1/MVAU_hls_1/inst/grp_Matrix_Vector_Activate_Stream_Batch_fu_540/flow_control_loop_pipe_sequential_init_U/mux_3929_64_1_1_U1/mux_4_3[25]
    SLICE_X81Y75         LUT6 (Prop_lut6_I0_O)        0.316    11.316 r  design_1_i/finn_design_wrapper_0/inst/finn_design_i/MVAU_hls_1/MVAU_hls_1/inst/grp_Matrix_Vector_Activate_Stream_Batch_fu_540/flow_control_loop_pipe_sequential_init_U/ap_phi_reg_pp0_iter1_inElem_1_reg_6292[25]_i_13/O
                         net (fo=1, routed)           0.000    11.316    design_1_i/finn_design_wrapper_0/inst/finn_design_i/MVAU_hls_1/MVAU_hls_1/inst/grp_Matrix_Vector_Activate_Stream_Batch_fu_540/flow_control_loop_pipe_sequential_init_U/mux_3929_64_1_1_U1/mux_6_0[25]
    SLICE_X81Y75         MUXF7 (Prop_muxf7_I0_O)      0.238    11.554 r  design_1_i/finn_design_wrapper_0/inst/finn_design_i/MVAU_hls_1/MVAU_hls_1/inst/grp_Matrix_Vector_Activate_Stream_Batch_fu_540/flow_control_loop_pipe_sequential_init_U/ap_phi_reg_pp0_iter1_inElem_1_reg_6292_reg[25]_i_5/O
                         net (fo=1, routed)           0.655    12.209    design_1_i/finn_design_wrapper_0/inst/finn_design_i/MVAU_hls_1/MVAU_hls_1/inst/grp_Matrix_Vector_Activate_Stream_Batch_fu_540/flow_control_loop_pipe_sequential_init_U/mux_3929_64_1_1_U1/mux_7_0[25]
    SLICE_X80Y70         LUT6 (Prop_lut6_I5_O)        0.298    12.507 r  design_1_i/finn_design_wrapper_0/inst/finn_design_i/MVAU_hls_1/MVAU_hls_1/inst/grp_Matrix_Vector_Activate_Stream_Batch_fu_540/flow_control_loop_pipe_sequential_init_U/ap_phi_reg_pp0_iter1_inElem_1_reg_6292[25]_i_1/O
                         net (fo=1, routed)           0.000    12.507    design_1_i/finn_design_wrapper_0/inst/finn_design_i/MVAU_hls_1/MVAU_hls_1/inst/grp_Matrix_Vector_Activate_Stream_Batch_fu_540/tmp_fu_7523_p394[25]
    SLICE_X80Y70         FDRE                                         r  design_1_i/finn_design_wrapper_0/inst/finn_design_i/MVAU_hls_1/MVAU_hls_1/inst/grp_Matrix_Vector_Activate_Stream_Batch_fu_540/ap_phi_reg_pp0_iter1_inElem_1_reg_6292_reg[25]/D
  -------------------------------------------------------------------    -------------------

                         (clock clk_fpga_0 rise edge)
                                                     10.000    10.000 r  
    PS7_X0Y0             PS7                          0.000    10.000 r  design_1_i/processing_system7_0/inst/PS7_i/FCLKCLK[0]
                         net (fo=1, routed)           1.088    11.088    design_1_i/processing_system7_0/inst/FCLK_CLK_unbuffered[0]
    BUFGCTRL_X0Y16       BUFG (Prop_bufg_I_O)         0.091    11.179 r  design_1_i/processing_system7_0/inst/buffer_fclk_clk_0.FCLK_CLK_0_BUFG/O
                         net (fo=36655, routed)       1.534    12.713    design_1_i/finn_design_wrapper_0/inst/finn_design_i/MVAU_hls_1/MVAU_hls_1/inst/grp_Matrix_Vector_Activate_Stream_Batch_fu_540/ap_clk
    SLICE_X80Y70         FDRE                                         r  design_1_i/finn_design_wrapper_0/inst/finn_design_i/MVAU_hls_1/MVAU_hls_1/inst/grp_Matrix_Vector_Activate_Stream_Batch_fu_540/ap_phi_reg_pp0_iter1_inElem_1_reg_6292_reg[25]/C
                         clock pessimism              0.229    12.942    
                         clock uncertainty           -0.154    12.788    
    SLICE_X80Y70         FDRE (Setup_fdre_C_D)        0.029    12.817    design_1_i/finn_design_wrapper_0/inst/finn_design_i/MVAU_hls_1/MVAU_hls_1/inst/grp_Matrix_Vector_Activate_Stream_Batch_fu_540/ap_phi_reg_pp0_iter1_inElem_1_reg_6292_reg[25]
  -------------------------------------------------------------------
                         required time                         12.817    
                         arrival time                         -12.507    
  -------------------------------------------------------------------
                         slack                                  0.309    

Slack (MET) :             0.321ns  (required time - arrival time)
  Source:                 design_1_i/finn_design_wrapper_0/inst/finn_design_i/MVAU_hls_1/MVAU_hls_1/inst/grp_Matrix_Vector_Activate_Stream_Batch_fu_540_ap_start_reg_reg/C
                            (rising edge-triggered cell FDRE clocked by clk_fpga_0  {rise@0.000ns fall@5.000ns period=10.000ns})
  Destination:            design_1_i/finn_design_wrapper_0/inst/finn_design_i/MVAU_hls_1/MVAU_hls_1/inst/grp_Matrix_Vector_Activate_Stream_Batch_fu_540/ap_phi_reg_pp0_iter1_inElem_1_reg_6292_reg[34]/D
                            (rising edge-triggered cell FDRE clocked by clk_fpga_0  {rise@0.000ns fall@5.000ns period=10.000ns})
  Path Group:             clk_fpga_0
  Path Type:              Setup (Max at Slow Process Corner)
  Requirement:            10.000ns  (clk_fpga_0 rise@10.000ns - clk_fpga_0 rise@0.000ns)
  Data Path Delay:        9.577ns  (logic 2.113ns (22.062%)  route 7.464ns (77.938%))
  Logic Levels:           7  (LUT3=1 LUT6=3 MUXF7=2 MUXF8=1)
  Clock Path Skew:        0.023ns (DCD - SCD + CPR)
    Destination Clock Delay (DCD):    2.900ns = ( 12.900 - 10.000 ) 
    Source Clock Delay      (SCD):    3.006ns
    Clock Pessimism Removal (CPR):    0.129ns
  Clock Uncertainty:      0.154ns  ((TSJ^2 + TIJ^2)^1/2 + DJ) / 2 + PE
    Total System Jitter     (TSJ):    0.071ns
    Total Input Jitter      (TIJ):    0.300ns
    Discrete Jitter          (DJ):    0.000ns
    Phase Error              (PE):    0.000ns

    Location             Delay type                Incr(ns)  Path(ns)    Netlist Resource(s)
  -------------------------------------------------------------------    -------------------
                         (clock clk_fpga_0 rise edge)
                                                      0.000     0.000 r  
    PS7_X0Y0             PS7                          0.000     0.000 r  design_1_i/processing_system7_0/inst/PS7_i/FCLKCLK[0]
                         net (fo=1, routed)           1.193     1.193    design_1_i/processing_system7_0/inst/FCLK_CLK_unbuffered[0]
    BUFGCTRL_X0Y16       BUFG (Prop_bufg_I_O)         0.101     1.294 r  design_1_i/processing_system7_0/inst/buffer_fclk_clk_0.FCLK_CLK_0_BUFG/O
                         net (fo=36655, routed)       1.712     3.006    design_1_i/finn_design_wrapper_0/inst/finn_design_i/MVAU_hls_1/MVAU_hls_1/inst/ap_clk
    SLICE_X64Y88         FDRE                                         r  design_1_i/finn_design_wrapper_0/inst/finn_design_i/MVAU_hls_1/MVAU_hls_1/inst/grp_Matrix_Vector_Activate_Stream_Batch_fu_540_ap_start_reg_reg/C
  -------------------------------------------------------------------    -------------------
    SLICE_X64Y88         FDRE (Prop_fdre_C_Q)         0.456     3.462 f  design_1_i/finn_design_wrapper_0/inst/finn_design_i/MVAU_hls_1/MVAU_hls_1/inst/grp_Matrix_Vector_Activate_Stream_Batch_fu_540_ap_start_reg_reg/Q
                         net (fo=254, routed)         1.199     4.661    design_1_i/finn_design_wrapper_0/inst/finn_design_i/MVAU_hls_1/MVAU_hls_1/inst/grp_Matrix_Vector_Activate_Stream_Batch_fu_540/flow_control_loop_pipe_sequential_init_U/grp_Matrix_Vector_Activate_Stream_Batch_fu_540_ap_start_reg
    SLICE_X67Y92         LUT3 (Prop_lut3_I1_O)        0.150     4.811 r  design_1_i/finn_design_wrapper_0/inst/finn_design_i/MVAU_hls_1/MVAU_hls_1/inst/grp_Matrix_Vector_Activate_Stream_Batch_fu_540/flow_control_loop_pipe_sequential_init_U/ap_phi_reg_pp0_iter1_inElem_1_reg_6292[63]_i_198/O
                         net (fo=1048, routed)        3.334     8.145    design_1_i/finn_design_wrapper_0/inst/finn_design_i/MVAU_hls_1/MVAU_hls_1/inst/grp_Matrix_Vector_Activate_Stream_Batch_fu_540/flow_control_loop_pipe_sequential_init_U/ap_phi_reg_pp0_iter1_inElem_1_reg_6292[63]_i_198_n_3
    SLICE_X107Y144       LUT6 (Prop_lut6_I4_O)        0.326     8.471 r  design_1_i/finn_design_wrapper_0/inst/finn_design_i/MVAU_hls_1/MVAU_hls_1/inst/grp_Matrix_Vector_Activate_Stream_Batch_fu_540/flow_control_loop_pipe_sequential_init_U/ap_phi_reg_pp0_iter1_inElem_1_reg_6292[34]_i_140/O
                         net (fo=1, routed)           0.000     8.471    design_1_i/finn_design_wrapper_0/inst/finn_design_i/MVAU_hls_1/MVAU_hls_1/inst/grp_Matrix_Vector_Activate_Stream_Batch_fu_540/flow_control_loop_pipe_sequential_init_U/mux_3929_64_1_1_U1/mux_2_57[34]
    SLICE_X107Y144       MUXF7 (Prop_muxf7_I1_O)      0.245     8.716 r  design_1_i/finn_design_wrapper_0/inst/finn_design_i/MVAU_hls_1/MVAU_hls_1/inst/grp_Matrix_Vector_Activate_Stream_Batch_fu_540/flow_control_loop_pipe_sequential_init_U/ap_phi_reg_pp0_iter1_inElem_1_reg_6292_reg[34]_i_65/O
                         net (fo=1, routed)           0.000     8.716    design_1_i/finn_design_wrapper_0/inst/finn_design_i/MVAU_hls_1/MVAU_hls_1/inst/grp_Matrix_Vector_Activate_Stream_Batch_fu_540/flow_control_loop_pipe_sequential_init_U/mux_3929_64_1_1_U1/mux_3_28[34]
    SLICE_X107Y144       MUXF8 (Prop_muxf8_I0_O)      0.104     8.820 r  design_1_i/finn_design_wrapper_0/inst/finn_design_i/MVAU_hls_1/MVAU_hls_1/inst/grp_Matrix_Vector_Activate_Stream_Batch_fu_540/flow_control_loop_pipe_sequential_init_U/ap_phi_reg_pp0_iter1_inElem_1_reg_6292_reg[34]_i_27/O
                         net (fo=1, routed)           1.747    10.567    design_1_i/finn_design_wrapper_0/inst/finn_design_i/MVAU_hls_1/MVAU_hls_1/inst/grp_Matrix_Vector_Activate_Stream_Batch_fu_540/flow_control_loop_pipe_sequential_init_U/mux_3929_64_1_1_U1/mux_4_14[34]
    SLICE_X88Y109        LUT6 (Prop_lut6_I1_O)        0.316    10.883 r  design_1_i/finn_design_wrapper_0/inst/finn_design_i/MVAU_hls_1/MVAU_hls_1/inst/grp_Matrix_Vector_Activate_Stream_Batch_fu_540/flow_control_loop_pipe_sequential_init_U/ap_phi_reg_pp0_iter1_inElem_1_reg_6292[34]_i_11/O
                         net (fo=1, routed)           0.000    10.883    design_1_i/finn_design_wrapper_0/inst/finn_design_i/MVAU_hls_1/MVAU_hls_1/inst/grp_Matrix_Vector_Activate_Stream_Batch_fu_540/flow_control_loop_pipe_sequential_init_U/mux_3929_64_1_1_U1/mux_6_3[34]
    SLICE_X88Y109        MUXF7 (Prop_muxf7_I1_O)      0.217    11.100 r  design_1_i/finn_design_wrapper_0/inst/finn_design_i/MVAU_hls_1/MVAU_hls_1/inst/grp_Matrix_Vector_Activate_Stream_Batch_fu_540/flow_control_loop_pipe_sequential_init_U/ap_phi_reg_pp0_iter1_inElem_1_reg_6292_reg[34]_i_4/O
                         net (fo=1, routed)           1.184    12.284    design_1_i/finn_design_wrapper_0/inst/finn_design_i/MVAU_hls_1/MVAU_hls_1/inst/grp_Matrix_Vector_Activate_Stream_Batch_fu_540/flow_control_loop_pipe_sequential_init_U/mux_3929_64_1_1_U1/mux_7_1[34]
    SLICE_X87Y101        LUT6 (Prop_lut6_I3_O)        0.299    12.583 r  design_1_i/finn_design_wrapper_0/inst/finn_design_i/MVAU_hls_1/MVAU_hls_1/inst/grp_Matrix_Vector_Activate_Stream_Batch_fu_540/flow_control_loop_pipe_sequential_init_U/ap_phi_reg_pp0_iter1_inElem_1_reg_6292[34]_i_1/O
                         net (fo=1, routed)           0.000    12.583    design_1_i/finn_design_wrapper_0/inst/finn_design_i/MVAU_hls_1/MVAU_hls_1/inst/grp_Matrix_Vector_Activate_Stream_Batch_fu_540/tmp_fu_7523_p394[34]
    SLICE_X87Y101        FDRE                                         r  design_1_i/finn_design_wrapper_0/inst/finn_design_i/MVAU_hls_1/MVAU_hls_1/inst/grp_Matrix_Vector_Activate_Stream_Batch_fu_540/ap_phi_reg_pp0_iter1_inElem_1_reg_6292_reg[34]/D
  -------------------------------------------------------------------    -------------------

                         (clock clk_fpga_0 rise edge)
                                                     10.000    10.000 r  
    PS7_X0Y0             PS7                          0.000    10.000 r  design_1_i/processing_system7_0/inst/PS7_i/FCLKCLK[0]
                         net (fo=1, routed)           1.088    11.088    design_1_i/processing_system7_0/inst/FCLK_CLK_unbuffered[0]
    BUFGCTRL_X0Y16       BUFG (Prop_bufg_I_O)         0.091    11.179 r  design_1_i/processing_system7_0/inst/buffer_fclk_clk_0.FCLK_CLK_0_BUFG/O
                         net (fo=36655, routed)       1.721    12.900    design_1_i/finn_design_wrapper_0/inst/finn_design_i/MVAU_hls_1/MVAU_hls_1/inst/grp_Matrix_Vector_Activate_Stream_Batch_fu_540/ap_clk
    SLICE_X87Y101        FDRE                                         r  design_1_i/finn_design_wrapper_0/inst/finn_design_i/MVAU_hls_1/MVAU_hls_1/inst/grp_Matrix_Vector_Activate_Stream_Batch_fu_540/ap_phi_reg_pp0_iter1_inElem_1_reg_6292_reg[34]/C
                         clock pessimism              0.129    13.029    
                         clock uncertainty           -0.154    12.875    
    SLICE_X87Y101        FDRE (Setup_fdre_C_D)        0.029    12.904    design_1_i/finn_design_wrapper_0/inst/finn_design_i/MVAU_hls_1/MVAU_hls_1/inst/grp_Matrix_Vector_Activate_Stream_Batch_fu_540/ap_phi_reg_pp0_iter1_inElem_1_reg_6292_reg[34]
  -------------------------------------------------------------------
                         required time                         12.904    
                         arrival time                         -12.583    
  -------------------------------------------------------------------
                         slack                                  0.321    

Slack (MET) :             0.347ns  (required time - arrival time)
  Source:                 design_1_i/finn_design_wrapper_0/inst/finn_design_i/MVAU_hls_1/MVAU_hls_1/inst/grp_Matrix_Vector_Activate_Stream_Batch_fu_540/flow_control_loop_pipe_sequential_init_U/ap_loop_init_int_reg/C
                            (rising edge-triggered cell FDRE clocked by clk_fpga_0  {rise@0.000ns fall@5.000ns period=10.000ns})
  Destination:            design_1_i/finn_design_wrapper_0/inst/finn_design_i/MVAU_hls_1/MVAU_hls_1/inst/grp_Matrix_Vector_Activate_Stream_Batch_fu_540/ap_phi_reg_pp0_iter1_inElem_1_reg_6292_reg[63]/D
                            (rising edge-triggered cell FDRE clocked by clk_fpga_0  {rise@0.000ns fall@5.000ns period=10.000ns})
  Path Group:             clk_fpga_0
  Path Type:              Setup (Max at Slow Process Corner)
  Requirement:            10.000ns  (clk_fpga_0 rise@10.000ns - clk_fpga_0 rise@0.000ns)
  Data Path Delay:        9.566ns  (logic 1.940ns (20.280%)  route 7.626ns (79.720%))
  Logic Levels:           7  (LUT3=1 LUT6=3 MUXF7=2 MUXF8=1)
  Clock Path Skew:        -0.010ns (DCD - SCD + CPR)
    Destination Clock Delay (DCD):    2.767ns = ( 12.767 - 10.000 ) 
    Source Clock Delay      (SCD):    3.006ns
    Clock Pessimism Removal (CPR):    0.229ns
  Clock Uncertainty:      0.154ns  ((TSJ^2 + TIJ^2)^1/2 + DJ) / 2 + PE
    Total System Jitter     (TSJ):    0.071ns
    Total Input Jitter      (TIJ):    0.300ns
    Discrete Jitter          (DJ):    0.000ns
    Phase Error              (PE):    0.000ns

    Location             Delay type                Incr(ns)  Path(ns)    Netlist Resource(s)
  -------------------------------------------------------------------    -------------------
                         (clock clk_fpga_0 rise edge)
                                                      0.000     0.000 r  
    PS7_X0Y0             PS7                          0.000     0.000 r  design_1_i/processing_system7_0/inst/PS7_i/FCLKCLK[0]
                         net (fo=1, routed)           1.193     1.193    design_1_i/processing_system7_0/inst/FCLK_CLK_unbuffered[0]
    BUFGCTRL_X0Y16       BUFG (Prop_bufg_I_O)         0.101     1.294 r  design_1_i/processing_system7_0/inst/buffer_fclk_clk_0.FCLK_CLK_0_BUFG/O
                         net (fo=36655, routed)       1.712     3.006    design_1_i/finn_design_wrapper_0/inst/finn_design_i/MVAU_hls_1/MVAU_hls_1/inst/grp_Matrix_Vector_Activate_Stream_Batch_fu_540/flow_control_loop_pipe_sequential_init_U/ap_clk
    SLICE_X66Y88         FDRE                                         r  design_1_i/finn_design_wrapper_0/inst/finn_design_i/MVAU_hls_1/MVAU_hls_1/inst/grp_Matrix_Vector_Activate_Stream_Batch_fu_540/flow_control_loop_pipe_sequential_init_U/ap_loop_init_int_reg/C
  -------------------------------------------------------------------    -------------------
    SLICE_X66Y88         FDRE (Prop_fdre_C_Q)         0.518     3.524 f  design_1_i/finn_design_wrapper_0/inst/finn_design_i/MVAU_hls_1/MVAU_hls_1/inst/grp_Matrix_Vector_Activate_Stream_Batch_fu_540/flow_control_loop_pipe_sequential_init_U/ap_loop_init_int_reg/Q
                         net (fo=247, routed)         1.594     5.118    design_1_i/finn_design_wrapper_0/inst/finn_design_i/MVAU_hls_1/MVAU_hls_1/inst/grp_Matrix_Vector_Activate_Stream_Batch_fu_540/flow_control_loop_pipe_sequential_init_U/ap_loop_init_int
    SLICE_X67Y77         LUT3 (Prop_lut3_I2_O)        0.124     5.242 r  design_1_i/finn_design_wrapper_0/inst/finn_design_i/MVAU_hls_1/MVAU_hls_1/inst/grp_Matrix_Vector_Activate_Stream_Batch_fu_540/flow_control_loop_pipe_sequential_init_U/sf_fu_1374[4]_i_2/O
                         net (fo=1049, routed)        3.389     8.631    design_1_i/finn_design_wrapper_0/inst/finn_design_i/MVAU_hls_1/MVAU_hls_1/inst/grp_Matrix_Vector_Activate_Stream_Batch_fu_540/flow_control_loop_pipe_sequential_init_U/ap_sig_allocacmp_sf_1[0]
    SLICE_X104Y21        LUT6 (Prop_lut6_I4_O)        0.124     8.755 r  design_1_i/finn_design_wrapper_0/inst/finn_design_i/MVAU_hls_1/MVAU_hls_1/inst/grp_Matrix_Vector_Activate_Stream_Batch_fu_540/flow_control_loop_pipe_sequential_init_U/ap_phi_reg_pp0_iter1_inElem_1_reg_6292[63]_i_179/O
                         net (fo=1, routed)           0.000     8.755    design_1_i/finn_design_wrapper_0/inst/finn_design_i/MVAU_hls_1/MVAU_hls_1/inst/grp_Matrix_Vector_Activate_Stream_Batch_fu_540/flow_control_loop_pipe_sequential_init_U/mux_3929_64_1_1_U1/mux_2_24[63]
    SLICE_X104Y21        MUXF7 (Prop_muxf7_I0_O)      0.241     8.996 r  design_1_i/finn_design_wrapper_0/inst/finn_design_i/MVAU_hls_1/MVAU_hls_1/inst/grp_Matrix_Vector_Activate_Stream_Batch_fu_540/flow_control_loop_pipe_sequential_init_U/ap_phi_reg_pp0_iter1_inElem_1_reg_6292_reg[63]_i_89/O
                         net (fo=1, routed)           0.000     8.996    design_1_i/finn_design_wrapper_0/inst/finn_design_i/MVAU_hls_1/MVAU_hls_1/inst/grp_Matrix_Vector_Activate_Stream_Batch_fu_540/flow_control_loop_pipe_sequential_init_U/mux_3929_64_1_1_U1/mux_3_12[63]
    SLICE_X104Y21        MUXF8 (Prop_muxf8_I0_O)      0.098     9.094 r  design_1_i/finn_design_wrapper_0/inst/finn_design_i/MVAU_hls_1/MVAU_hls_1/inst/grp_Matrix_Vector_Activate_Stream_Batch_fu_540/flow_control_loop_pipe_sequential_init_U/ap_phi_reg_pp0_iter1_inElem_1_reg_6292_reg[63]_i_43/O
                         net (fo=1, routed)           1.519    10.613    design_1_i/finn_design_wrapper_0/inst/finn_design_i/MVAU_hls_1/MVAU_hls_1/inst/grp_Matrix_Vector_Activate_Stream_Batch_fu_540/flow_control_loop_pipe_sequential_init_U/mux_3929_64_1_1_U1/mux_4_6[63]
    SLICE_X95Y53         LUT6 (Prop_lut6_I1_O)        0.319    10.932 r  design_1_i/finn_design_wrapper_0/inst/finn_design_i/MVAU_hls_1/MVAU_hls_1/inst/grp_Matrix_Vector_Activate_Stream_Batch_fu_540/flow_control_loop_pipe_sequential_init_U/ap_phi_reg_pp0_iter1_inElem_1_reg_6292[63]_i_17/O
                         net (fo=1, routed)           0.000    10.932    design_1_i/finn_design_wrapper_0/inst/finn_design_i/MVAU_hls_1/MVAU_hls_1/inst/grp_Matrix_Vector_Activate_Stream_Batch_fu_540/flow_control_loop_pipe_sequential_init_U/mux_3929_64_1_1_U1/mux_6_1[63]
    SLICE_X95Y53         MUXF7 (Prop_muxf7_I1_O)      0.217    11.149 r  design_1_i/finn_design_wrapper_0/inst/finn_design_i/MVAU_hls_1/MVAU_hls_1/inst/grp_Matrix_Vector_Activate_Stream_Batch_fu_540/flow_control_loop_pipe_sequential_init_U/ap_phi_reg_pp0_iter1_inElem_1_reg_6292_reg[63]_i_7/O
                         net (fo=1, routed)           1.124    12.273    design_1_i/finn_design_wrapper_0/inst/finn_design_i/MVAU_hls_1/MVAU_hls_1/inst/grp_Matrix_Vector_Activate_Stream_Batch_fu_540/flow_control_loop_pipe_sequential_init_U/mux_3929_64_1_1_U1/mux_7_0[63]
    SLICE_X90Y74         LUT6 (Prop_lut6_I5_O)        0.299    12.572 r  design_1_i/finn_design_wrapper_0/inst/finn_design_i/MVAU_hls_1/MVAU_hls_1/inst/grp_Matrix_Vector_Activate_Stream_Batch_fu_540/flow_control_loop_pipe_sequential_init_U/ap_phi_reg_pp0_iter1_inElem_1_reg_6292[63]_i_1/O
                         net (fo=1, routed)           0.000    12.572    design_1_i/finn_design_wrapper_0/inst/finn_design_i/MVAU_hls_1/MVAU_hls_1/inst/grp_Matrix_Vector_Activate_Stream_Batch_fu_540/tmp_fu_7523_p394[63]
    SLICE_X90Y74         FDRE                                         r  design_1_i/finn_design_wrapper_0/inst/finn_design_i/MVAU_hls_1/MVAU_hls_1/inst/grp_Matrix_Vector_Activate_Stream_Batch_fu_540/ap_phi_reg_pp0_iter1_inElem_1_reg_6292_reg[63]/D
  -------------------------------------------------------------------    -------------------

                         (clock clk_fpga_0 rise edge)
                                                     10.000    10.000 r  
    PS7_X0Y0             PS7                          0.000    10.000 r  design_1_i/processing_system7_0/inst/PS7_i/FCLKCLK[0]
                         net (fo=1, routed)           1.088    11.088    design_1_i/processing_system7_0/inst/FCLK_CLK_unbuffered[0]
    BUFGCTRL_X0Y16       BUFG (Prop_bufg_I_O)         0.091    11.179 r  design_1_i/processing_system7_0/inst/buffer_fclk_clk_0.FCLK_CLK_0_BUFG/O
                         net (fo=36655, routed)       1.588    12.767    design_1_i/finn_design_wrapper_0/inst/finn_design_i/MVAU_hls_1/MVAU_hls_1/inst/grp_Matrix_Vector_Activate_Stream_Batch_fu_540/ap_clk
    SLICE_X90Y74         FDRE                                         r  design_1_i/finn_design_wrapper_0/inst/finn_design_i/MVAU_hls_1/MVAU_hls_1/inst/grp_Matrix_Vector_Activate_Stream_Batch_fu_540/ap_phi_reg_pp0_iter1_inElem_1_reg_6292_reg[63]/C
                         clock pessimism              0.229    12.996    
                         clock uncertainty           -0.154    12.842    
    SLICE_X90Y74         FDRE (Setup_fdre_C_D)        0.077    12.919    design_1_i/finn_design_wrapper_0/inst/finn_design_i/MVAU_hls_1/MVAU_hls_1/inst/grp_Matrix_Vector_Activate_Stream_Batch_fu_540/ap_phi_reg_pp0_iter1_inElem_1_reg_6292_reg[63]
  -------------------------------------------------------------------
                         required time                         12.919    
                         arrival time                         -12.572    
  -------------------------------------------------------------------
                         slack                                  0.347    

Slack (MET) :             0.370ns  (required time - arrival time)
  Source:                 design_1_i/finn_design_wrapper_0/inst/finn_design_i/MVAU_hls_1/MVAU_hls_1/inst/grp_Matrix_Vector_Activate_Stream_Batch_fu_540/flow_control_loop_pipe_sequential_init_U/ap_loop_init_int_reg/C
                            (rising edge-triggered cell FDRE clocked by clk_fpga_0  {rise@0.000ns fall@5.000ns period=10.000ns})
  Destination:            design_1_i/finn_design_wrapper_0/inst/finn_design_i/MVAU_hls_1/MVAU_hls_1/inst/grp_Matrix_Vector_Activate_Stream_Batch_fu_540/ap_phi_reg_pp0_iter1_inElem_1_reg_6292_reg[56]/D
                            (rising edge-triggered cell FDRE clocked by clk_fpga_0  {rise@0.000ns fall@5.000ns period=10.000ns})
  Path Group:             clk_fpga_0
  Path Type:              Setup (Max at Slow Process Corner)
  Requirement:            10.000ns  (clk_fpga_0 rise@10.000ns - clk_fpga_0 rise@0.000ns)
  Data Path Delay:        9.560ns  (logic 1.921ns (20.093%)  route 7.639ns (79.907%))
  Logic Levels:           7  (LUT3=1 LUT6=3 MUXF7=2 MUXF8=1)
  Clock Path Skew:        0.007ns (DCD - SCD + CPR)
    Destination Clock Delay (DCD):    2.784ns = ( 12.784 - 10.000 ) 
    Source Clock Delay      (SCD):    3.006ns
    Clock Pessimism Removal (CPR):    0.229ns
  Clock Uncertainty:      0.154ns  ((TSJ^2 + TIJ^2)^1/2 + DJ) / 2 + PE
    Total System Jitter     (TSJ):    0.071ns
    Total Input Jitter      (TIJ):    0.300ns
    Discrete Jitter          (DJ):    0.000ns
    Phase Error              (PE):    0.000ns

    Location             Delay type                Incr(ns)  Path(ns)    Netlist Resource(s)
  -------------------------------------------------------------------    -------------------
                         (clock clk_fpga_0 rise edge)
                                                      0.000     0.000 r  
    PS7_X0Y0             PS7                          0.000     0.000 r  design_1_i/processing_system7_0/inst/PS7_i/FCLKCLK[0]
                         net (fo=1, routed)           1.193     1.193    design_1_i/processing_system7_0/inst/FCLK_CLK_unbuffered[0]
    BUFGCTRL_X0Y16       BUFG (Prop_bufg_I_O)         0.101     1.294 r  design_1_i/processing_system7_0/inst/buffer_fclk_clk_0.FCLK_CLK_0_BUFG/O
                         net (fo=36655, routed)       1.712     3.006    design_1_i/finn_design_wrapper_0/inst/finn_design_i/MVAU_hls_1/MVAU_hls_1/inst/grp_Matrix_Vector_Activate_Stream_Batch_fu_540/flow_control_loop_pipe_sequential_init_U/ap_clk
    SLICE_X66Y88         FDRE                                         r  design_1_i/finn_design_wrapper_0/inst/finn_design_i/MVAU_hls_1/MVAU_hls_1/inst/grp_Matrix_Vector_Activate_Stream_Batch_fu_540/flow_control_loop_pipe_sequential_init_U/ap_loop_init_int_reg/C
  -------------------------------------------------------------------    -------------------
    SLICE_X66Y88         FDRE (Prop_fdre_C_Q)         0.518     3.524 f  design_1_i/finn_design_wrapper_0/inst/finn_design_i/MVAU_hls_1/MVAU_hls_1/inst/grp_Matrix_Vector_Activate_Stream_Batch_fu_540/flow_control_loop_pipe_sequential_init_U/ap_loop_init_int_reg/Q
                         net (fo=247, routed)         1.594     5.118    design_1_i/finn_design_wrapper_0/inst/finn_design_i/MVAU_hls_1/MVAU_hls_1/inst/grp_Matrix_Vector_Activate_Stream_Batch_fu_540/flow_control_loop_pipe_sequential_init_U/ap_loop_init_int
    SLICE_X67Y77         LUT3 (Prop_lut3_I2_O)        0.124     5.242 r  design_1_i/finn_design_wrapper_0/inst/finn_design_i/MVAU_hls_1/MVAU_hls_1/inst/grp_Matrix_Vector_Activate_Stream_Batch_fu_540/flow_control_loop_pipe_sequential_init_U/sf_fu_1374[4]_i_2/O
                         net (fo=1049, routed)        3.060     8.302    design_1_i/finn_design_wrapper_0/inst/finn_design_i/MVAU_hls_1/MVAU_hls_1/inst/grp_Matrix_Vector_Activate_Stream_Batch_fu_540/flow_control_loop_pipe_sequential_init_U/ap_sig_allocacmp_sf_1[0]
    SLICE_X96Y24         LUT6 (Prop_lut6_I4_O)        0.124     8.426 r  design_1_i/finn_design_wrapper_0/inst/finn_design_i/MVAU_hls_1/MVAU_hls_1/inst/grp_Matrix_Vector_Activate_Stream_Batch_fu_540/flow_control_loop_pipe_sequential_init_U/ap_phi_reg_pp0_iter1_inElem_1_reg_6292[56]_i_156/O
                         net (fo=1, routed)           0.000     8.426    design_1_i/finn_design_wrapper_0/inst/finn_design_i/MVAU_hls_1/MVAU_hls_1/inst/grp_Matrix_Vector_Activate_Stream_Batch_fu_540/flow_control_loop_pipe_sequential_init_U/mux_3929_64_1_1_U1/mux_2_10[56]
    SLICE_X96Y24         MUXF7 (Prop_muxf7_I0_O)      0.209     8.635 r  design_1_i/finn_design_wrapper_0/inst/finn_design_i/MVAU_hls_1/MVAU_hls_1/inst/grp_Matrix_Vector_Activate_Stream_Batch_fu_540/flow_control_loop_pipe_sequential_init_U/ap_phi_reg_pp0_iter1_inElem_1_reg_6292_reg[56]_i_73/O
                         net (fo=1, routed)           0.000     8.635    design_1_i/finn_design_wrapper_0/inst/finn_design_i/MVAU_hls_1/MVAU_hls_1/inst/grp_Matrix_Vector_Activate_Stream_Batch_fu_540/flow_control_loop_pipe_sequential_init_U/mux_3929_64_1_1_U1/mux_3_5[56]
    SLICE_X96Y24         MUXF8 (Prop_muxf8_I1_O)      0.088     8.723 r  design_1_i/finn_design_wrapper_0/inst/finn_design_i/MVAU_hls_1/MVAU_hls_1/inst/grp_Matrix_Vector_Activate_Stream_Batch_fu_540/flow_control_loop_pipe_sequential_init_U/ap_phi_reg_pp0_iter1_inElem_1_reg_6292_reg[56]_i_31/O
                         net (fo=1, routed)           1.829    10.551    design_1_i/finn_design_wrapper_0/inst/finn_design_i/MVAU_hls_1/MVAU_hls_1/inst/grp_Matrix_Vector_Activate_Stream_Batch_fu_540/flow_control_loop_pipe_sequential_init_U/mux_3929_64_1_1_U1/mux_4_2[56]
    SLICE_X94Y65         LUT6 (Prop_lut6_I1_O)        0.319    10.870 r  design_1_i/finn_design_wrapper_0/inst/finn_design_i/MVAU_hls_1/MVAU_hls_1/inst/grp_Matrix_Vector_Activate_Stream_Batch_fu_540/flow_control_loop_pipe_sequential_init_U/ap_phi_reg_pp0_iter1_inElem_1_reg_6292[56]_i_12/O
                         net (fo=1, routed)           0.000    10.870    design_1_i/finn_design_wrapper_0/inst/finn_design_i/MVAU_hls_1/MVAU_hls_1/inst/grp_Matrix_Vector_Activate_Stream_Batch_fu_540/flow_control_loop_pipe_sequential_init_U/mux_3929_64_1_1_U1/mux_6_0[56]
    SLICE_X94Y65         MUXF7 (Prop_muxf7_I0_O)      0.241    11.111 r  design_1_i/finn_design_wrapper_0/inst/finn_design_i/MVAU_hls_1/MVAU_hls_1/inst/grp_Matrix_Vector_Activate_Stream_Batch_fu_540/flow_control_loop_pipe_sequential_init_U/ap_phi_reg_pp0_iter1_inElem_1_reg_6292_reg[56]_i_5/O
                         net (fo=1, routed)           1.157    12.268    design_1_i/finn_design_wrapper_0/inst/finn_design_i/MVAU_hls_1/MVAU_hls_1/inst/grp_Matrix_Vector_Activate_Stream_Batch_fu_540/flow_control_loop_pipe_sequential_init_U/mux_3929_64_1_1_U1/mux_7_0[56]
    SLICE_X96Y88         LUT6 (Prop_lut6_I5_O)        0.298    12.566 r  design_1_i/finn_design_wrapper_0/inst/finn_design_i/MVAU_hls_1/MVAU_hls_1/inst/grp_Matrix_Vector_Activate_Stream_Batch_fu_540/flow_control_loop_pipe_sequential_init_U/ap_phi_reg_pp0_iter1_inElem_1_reg_6292[56]_i_1/O
                         net (fo=1, routed)           0.000    12.566    design_1_i/finn_design_wrapper_0/inst/finn_design_i/MVAU_hls_1/MVAU_hls_1/inst/grp_Matrix_Vector_Activate_Stream_Batch_fu_540/tmp_fu_7523_p394[56]
    SLICE_X96Y88         FDRE                                         r  design_1_i/finn_design_wrapper_0/inst/finn_design_i/MVAU_hls_1/MVAU_hls_1/inst/grp_Matrix_Vector_Activate_Stream_Batch_fu_540/ap_phi_reg_pp0_iter1_inElem_1_reg_6292_reg[56]/D
  -------------------------------------------------------------------    -------------------

                         (clock clk_fpga_0 rise edge)
                                                     10.000    10.000 r  
    PS7_X0Y0             PS7                          0.000    10.000 r  design_1_i/processing_system7_0/inst/PS7_i/FCLKCLK[0]
                         net (fo=1, routed)           1.088    11.088    design_1_i/processing_system7_0/inst/FCLK_CLK_unbuffered[0]
    BUFGCTRL_X0Y16       BUFG (Prop_bufg_I_O)         0.091    11.179 r  design_1_i/processing_system7_0/inst/buffer_fclk_clk_0.FCLK_CLK_0_BUFG/O
                         net (fo=36655, routed)       1.605    12.784    design_1_i/finn_design_wrapper_0/inst/finn_design_i/MVAU_hls_1/MVAU_hls_1/inst/grp_Matrix_Vector_Activate_Stream_Batch_fu_540/ap_clk
    SLICE_X96Y88         FDRE                                         r  design_1_i/finn_design_wrapper_0/inst/finn_design_i/MVAU_hls_1/MVAU_hls_1/inst/grp_Matrix_Vector_Activate_Stream_Batch_fu_540/ap_phi_reg_pp0_iter1_inElem_1_reg_6292_reg[56]/C
                         clock pessimism              0.229    13.013    
                         clock uncertainty           -0.154    12.859    
    SLICE_X96Y88         FDRE (Setup_fdre_C_D)        0.077    12.936    design_1_i/finn_design_wrapper_0/inst/finn_design_i/MVAU_hls_1/MVAU_hls_1/inst/grp_Matrix_Vector_Activate_Stream_Batch_fu_540/ap_phi_reg_pp0_iter1_inElem_1_reg_6292_reg[56]
  -------------------------------------------------------------------
                         required time                         12.936    
                         arrival time                         -12.566    
  -------------------------------------------------------------------
                         slack                                  0.370    

Slack (MET) :             0.371ns  (required time - arrival time)
  Source:                 design_1_i/finn_design_wrapper_0/inst/finn_design_i/MVAU_hls_1/MVAU_hls_1/inst/grp_Matrix_Vector_Activate_Stream_Batch_fu_540/flow_control_loop_pipe_sequential_init_U/ap_loop_init_int_reg/C
                            (rising edge-triggered cell FDRE clocked by clk_fpga_0  {rise@0.000ns fall@5.000ns period=10.000ns})
  Destination:            design_1_i/finn_design_wrapper_0/inst/finn_design_i/MVAU_hls_1/MVAU_hls_1/inst/grp_Matrix_Vector_Activate_Stream_Batch_fu_540/ap_phi_reg_pp0_iter1_inElem_1_reg_6292_reg[14]/D
                            (rising edge-triggered cell FDRE clocked by clk_fpga_0  {rise@0.000ns fall@5.000ns period=10.000ns})
  Path Group:             clk_fpga_0
  Path Type:              Setup (Max at Slow Process Corner)
  Requirement:            10.000ns  (clk_fpga_0 rise@10.000ns - clk_fpga_0 rise@0.000ns)
  Data Path Delay:        9.280ns  (logic 1.942ns (20.926%)  route 7.338ns (79.074%))
  Logic Levels:           7  (LUT3=1 LUT6=3 MUXF7=2 MUXF8=1)
  Clock Path Skew:        -0.223ns (DCD - SCD + CPR)
    Destination Clock Delay (DCD):    2.654ns = ( 12.654 - 10.000 ) 
    Source Clock Delay      (SCD):    3.006ns
    Clock Pessimism Removal (CPR):    0.129ns
  Clock Uncertainty:      0.154ns  ((TSJ^2 + TIJ^2)^1/2 + DJ) / 2 + PE
    Total System Jitter     (TSJ):    0.071ns
    Total Input Jitter      (TIJ):    0.300ns
    Discrete Jitter          (DJ):    0.000ns
    Phase Error              (PE):    0.000ns

    Location             Delay type                Incr(ns)  Path(ns)    Netlist Resource(s)
  -------------------------------------------------------------------    -------------------
                         (clock clk_fpga_0 rise edge)
                                                      0.000     0.000 r  
    PS7_X0Y0             PS7                          0.000     0.000 r  design_1_i/processing_system7_0/inst/PS7_i/FCLKCLK[0]
                         net (fo=1, routed)           1.193     1.193    design_1_i/processing_system7_0/inst/FCLK_CLK_unbuffered[0]
    BUFGCTRL_X0Y16       BUFG (Prop_bufg_I_O)         0.101     1.294 r  design_1_i/processing_system7_0/inst/buffer_fclk_clk_0.FCLK_CLK_0_BUFG/O
                         net (fo=36655, routed)       1.712     3.006    design_1_i/finn_design_wrapper_0/inst/finn_design_i/MVAU_hls_1/MVAU_hls_1/inst/grp_Matrix_Vector_Activate_Stream_Batch_fu_540/flow_control_loop_pipe_sequential_init_U/ap_clk
    SLICE_X66Y88         FDRE                                         r  design_1_i/finn_design_wrapper_0/inst/finn_design_i/MVAU_hls_1/MVAU_hls_1/inst/grp_Matrix_Vector_Activate_Stream_Batch_fu_540/flow_control_loop_pipe_sequential_init_U/ap_loop_init_int_reg/C
  -------------------------------------------------------------------    -------------------
    SLICE_X66Y88         FDRE (Prop_fdre_C_Q)         0.518     3.524 f  design_1_i/finn_design_wrapper_0/inst/finn_design_i/MVAU_hls_1/MVAU_hls_1/inst/grp_Matrix_Vector_Activate_Stream_Batch_fu_540/flow_control_loop_pipe_sequential_init_U/ap_loop_init_int_reg/Q
                         net (fo=247, routed)         2.381     5.905    design_1_i/finn_design_wrapper_0/inst/finn_design_i/MVAU_hls_1/MVAU_hls_1/inst/grp_Matrix_Vector_Activate_Stream_Batch_fu_540/flow_control_loop_pipe_sequential_init_U/ap_loop_init_int
    SLICE_X76Y43         LUT3 (Prop_lut3_I2_O)        0.124     6.029 r  design_1_i/finn_design_wrapper_0/inst/finn_design_i/MVAU_hls_1/MVAU_hls_1/inst/grp_Matrix_Vector_Activate_Stream_Batch_fu_540/flow_control_loop_pipe_sequential_init_U/inputBuf_V_391_fu_2950[63]_i_50/O
                         net (fo=1049, routed)        1.741     7.769    design_1_i/finn_design_wrapper_0/inst/finn_design_i/MVAU_hls_1/MVAU_hls_1/inst/grp_Matrix_Vector_Activate_Stream_Batch_fu_540/flow_control_loop_pipe_sequential_init_U/ap_sig_allocacmp_sf_1[1]
    SLICE_X99Y57         LUT6 (Prop_lut6_I2_O)        0.124     7.893 r  design_1_i/finn_design_wrapper_0/inst/finn_design_i/MVAU_hls_1/MVAU_hls_1/inst/grp_Matrix_Vector_Activate_Stream_Batch_fu_540/flow_control_loop_pipe_sequential_init_U/ap_phi_reg_pp0_iter1_inElem_1_reg_6292[14]_i_155/O
                         net (fo=1, routed)           0.000     7.893    design_1_i/finn_design_wrapper_0/inst/finn_design_i/MVAU_hls_1/MVAU_hls_1/inst/grp_Matrix_Vector_Activate_Stream_Batch_fu_540/flow_control_loop_pipe_sequential_init_U/mux_3929_64_1_1_U1/mux_2_9[14]
    SLICE_X99Y57         MUXF7 (Prop_muxf7_I1_O)      0.245     8.138 r  design_1_i/finn_design_wrapper_0/inst/finn_design_i/MVAU_hls_1/MVAU_hls_1/inst/grp_Matrix_Vector_Activate_Stream_Batch_fu_540/flow_control_loop_pipe_sequential_init_U/ap_phi_reg_pp0_iter1_inElem_1_reg_6292_reg[14]_i_72/O
                         net (fo=1, routed)           0.000     8.138    design_1_i/finn_design_wrapper_0/inst/finn_design_i/MVAU_hls_1/MVAU_hls_1/inst/grp_Matrix_Vector_Activate_Stream_Batch_fu_540/flow_control_loop_pipe_sequential_init_U/mux_3929_64_1_1_U1/mux_3_4[14]
    SLICE_X99Y57         MUXF8 (Prop_muxf8_I0_O)      0.104     8.242 r  design_1_i/finn_design_wrapper_0/inst/finn_design_i/MVAU_hls_1/MVAU_hls_1/inst/grp_Matrix_Vector_Activate_Stream_Batch_fu_540/flow_control_loop_pipe_sequential_init_U/ap_phi_reg_pp0_iter1_inElem_1_reg_6292_reg[14]_i_31/O
                         net (fo=1, routed)           1.918    10.160    design_1_i/finn_design_wrapper_0/inst/finn_design_i/MVAU_hls_1/MVAU_hls_1/inst/grp_Matrix_Vector_Activate_Stream_Batch_fu_540/flow_control_loop_pipe_sequential_init_U/mux_3929_64_1_1_U1/mux_4_2[14]
    SLICE_X63Y79         LUT6 (Prop_lut6_I1_O)        0.316    10.476 r  design_1_i/finn_design_wrapper_0/inst/finn_design_i/MVAU_hls_1/MVAU_hls_1/inst/grp_Matrix_Vector_Activate_Stream_Batch_fu_540/flow_control_loop_pipe_sequential_init_U/ap_phi_reg_pp0_iter1_inElem_1_reg_6292[14]_i_12/O
                         net (fo=1, routed)           0.000    10.476    design_1_i/finn_design_wrapper_0/inst/finn_design_i/MVAU_hls_1/MVAU_hls_1/inst/grp_Matrix_Vector_Activate_Stream_Batch_fu_540/flow_control_loop_pipe_sequential_init_U/mux_3929_64_1_1_U1/mux_6_0[14]
    SLICE_X63Y79         MUXF7 (Prop_muxf7_I0_O)      0.212    10.688 r  design_1_i/finn_design_wrapper_0/inst/finn_design_i/MVAU_hls_1/MVAU_hls_1/inst/grp_Matrix_Vector_Activate_Stream_Batch_fu_540/flow_control_loop_pipe_sequential_init_U/ap_phi_reg_pp0_iter1_inElem_1_reg_6292_reg[14]_i_5/O
                         net (fo=1, routed)           1.300    11.987    design_1_i/finn_design_wrapper_0/inst/finn_design_i/MVAU_hls_1/MVAU_hls_1/inst/grp_Matrix_Vector_Activate_Stream_Batch_fu_540/flow_control_loop_pipe_sequential_init_U/mux_3929_64_1_1_U1/mux_7_0[14]
    SLICE_X49Y90         LUT6 (Prop_lut6_I5_O)        0.299    12.286 r  design_1_i/finn_design_wrapper_0/inst/finn_design_i/MVAU_hls_1/MVAU_hls_1/inst/grp_Matrix_Vector_Activate_Stream_Batch_fu_540/flow_control_loop_pipe_sequential_init_U/ap_phi_reg_pp0_iter1_inElem_1_reg_6292[14]_i_1/O
                         net (fo=1, routed)           0.000    12.286    design_1_i/finn_design_wrapper_0/inst/finn_design_i/MVAU_hls_1/MVAU_hls_1/inst/grp_Matrix_Vector_Activate_Stream_Batch_fu_540/tmp_fu_7523_p394[14]
    SLICE_X49Y90         FDRE                                         r  design_1_i/finn_design_wrapper_0/inst/finn_design_i/MVAU_hls_1/MVAU_hls_1/inst/grp_Matrix_Vector_Activate_Stream_Batch_fu_540/ap_phi_reg_pp0_iter1_inElem_1_reg_6292_reg[14]/D
  -------------------------------------------------------------------    -------------------

                         (clock clk_fpga_0 rise edge)
                                                     10.000    10.000 r  
    PS7_X0Y0             PS7                          0.000    10.000 r  design_1_i/processing_system7_0/inst/PS7_i/FCLKCLK[0]
                         net (fo=1, routed)           1.088    11.088    design_1_i/processing_system7_0/inst/FCLK_CLK_unbuffered[0]
    BUFGCTRL_X0Y16       BUFG (Prop_bufg_I_O)         0.091    11.179 r  design_1_i/processing_system7_0/inst/buffer_fclk_clk_0.FCLK_CLK_0_BUFG/O
                         net (fo=36655, routed)       1.475    12.654    design_1_i/finn_design_wrapper_0/inst/finn_design_i/MVAU_hls_1/MVAU_hls_1/inst/grp_Matrix_Vector_Activate_Stream_Batch_fu_540/ap_clk
    SLICE_X49Y90         FDRE                                         r  design_1_i/finn_design_wrapper_0/inst/finn_design_i/MVAU_hls_1/MVAU_hls_1/inst/grp_Matrix_Vector_Activate_Stream_Batch_fu_540/ap_phi_reg_pp0_iter1_inElem_1_reg_6292_reg[14]/C
                         clock pessimism              0.129    12.783    
                         clock uncertainty           -0.154    12.629    
    SLICE_X49Y90         FDRE (Setup_fdre_C_D)        0.029    12.658    design_1_i/finn_design_wrapper_0/inst/finn_design_i/MVAU_hls_1/MVAU_hls_1/inst/grp_Matrix_Vector_Activate_Stream_Batch_fu_540/ap_phi_reg_pp0_iter1_inElem_1_reg_6292_reg[14]
  -------------------------------------------------------------------
                         required time                         12.658    
                         arrival time                         -12.286    
  -------------------------------------------------------------------
                         slack                                  0.371    





Min Delay Paths
--------------------------------------------------------------------------------------
Slack (MET) :             0.015ns  (arrival time - required time)
  Source:                 design_1_i/smartconnect_0/inst/s00_entry_pipeline/s00_mmu/inst/r_sreg/m_vector_i_reg[1075]/C
                            (rising edge-triggered cell FDRE clocked by clk_fpga_0  {rise@0.000ns fall@5.000ns period=10.000ns})
  Destination:            design_1_i/axi_dma_0/U0/I_PRMRY_DATAMOVER/GEN_MM2S_FULL.I_MM2S_FULL_WRAPPER/GEN_INCLUDE_MM2S_SF.I_RD_SF/I_DATA_FIFO/BLK_MEM.I_SYNC_FIFOGEN_FIFO/xpm_fifo_instance.xpm_fifo_sync_inst/xpm_fifo_base_inst/gen_sdpram.xpm_memory_base_inst/gen_wr_a.gen_word_narrow.mem_reg/DIADI[16]
                            (rising edge-triggered cell RAMB36E1 clocked by clk_fpga_0  {rise@0.000ns fall@5.000ns period=10.000ns})
  Path Group:             clk_fpga_0
  Path Type:              Hold (Min at Fast Process Corner)
  Requirement:            0.000ns  (clk_fpga_0 rise@0.000ns - clk_fpga_0 rise@0.000ns)
  Data Path Delay:        0.388ns  (logic 0.141ns (36.313%)  route 0.247ns (63.687%))
  Logic Levels:           0  
  Clock Path Skew:        0.077ns (DCD - SCD - CPR)
    Destination Clock Delay (DCD):    1.271ns
    Source Clock Delay      (SCD):    0.931ns
    Clock Pessimism Removal (CPR):    0.263ns

    Location             Delay type                Incr(ns)  Path(ns)    Netlist Resource(s)
  -------------------------------------------------------------------    -------------------
                         (clock clk_fpga_0 rise edge)
                                                      0.000     0.000 r  
    PS7_X0Y0             PS7                          0.000     0.000 r  design_1_i/processing_system7_0/inst/PS7_i/FCLKCLK[0]
                         net (fo=1, routed)           0.310     0.310    design_1_i/processing_system7_0/inst/FCLK_CLK_unbuffered[0]
    BUFGCTRL_X0Y16       BUFG (Prop_bufg_I_O)         0.026     0.336 r  design_1_i/processing_system7_0/inst/buffer_fclk_clk_0.FCLK_CLK_0_BUFG/O
                         net (fo=36655, routed)       0.595     0.931    design_1_i/smartconnect_0/inst/s00_entry_pipeline/s00_mmu/inst/r_sreg/aclk
    SLICE_X17Y45         FDRE                                         r  design_1_i/smartconnect_0/inst/s00_entry_pipeline/s00_mmu/inst/r_sreg/m_vector_i_reg[1075]/C
  -------------------------------------------------------------------    -------------------
    SLICE_X17Y45         FDRE (Prop_fdre_C_Q)         0.141     1.072 r  design_1_i/smartconnect_0/inst/s00_entry_pipeline/s00_mmu/inst/r_sreg/m_vector_i_reg[1075]/Q
                         net (fo=1, routed)           0.247     1.319    design_1_i/axi_dma_0/U0/I_PRMRY_DATAMOVER/GEN_MM2S_FULL.I_MM2S_FULL_WRAPPER/GEN_INCLUDE_MM2S_SF.I_RD_SF/I_DATA_FIFO/BLK_MEM.I_SYNC_FIFOGEN_FIFO/xpm_fifo_instance.xpm_fifo_sync_inst/xpm_fifo_base_inst/gen_sdpram.xpm_memory_base_inst/dina[16]
    RAMB36_X1Y9          RAMB36E1                                     r  design_1_i/axi_dma_0/U0/I_PRMRY_DATAMOVER/GEN_MM2S_FULL.I_MM2S_FULL_WRAPPER/GEN_INCLUDE_MM2S_SF.I_RD_SF/I_DATA_FIFO/BLK_MEM.I_SYNC_FIFOGEN_FIFO/xpm_fifo_instance.xpm_fifo_sync_inst/xpm_fifo_base_inst/gen_sdpram.xpm_memory_base_inst/gen_wr_a.gen_word_narrow.mem_reg/DIADI[16]
  -------------------------------------------------------------------    -------------------

                         (clock clk_fpga_0 rise edge)
                                                      0.000     0.000 r  
    PS7_X0Y0             PS7                          0.000     0.000 r  design_1_i/processing_system7_0/inst/PS7_i/FCLKCLK[0]
                         net (fo=1, routed)           0.337     0.337    design_1_i/processing_system7_0/inst/FCLK_CLK_unbuffered[0]
    BUFGCTRL_X0Y16       BUFG (Prop_bufg_I_O)         0.029     0.366 r  design_1_i/processing_system7_0/inst/buffer_fclk_clk_0.FCLK_CLK_0_BUFG/O
                         net (fo=36655, routed)       0.905     1.271    design_1_i/axi_dma_0/U0/I_PRMRY_DATAMOVER/GEN_MM2S_FULL.I_MM2S_FULL_WRAPPER/GEN_INCLUDE_MM2S_SF.I_RD_SF/I_DATA_FIFO/BLK_MEM.I_SYNC_FIFOGEN_FIFO/xpm_fifo_instance.xpm_fifo_sync_inst/xpm_fifo_base_inst/gen_sdpram.xpm_memory_base_inst/clka
    RAMB36_X1Y9          RAMB36E1                                     r  design_1_i/axi_dma_0/U0/I_PRMRY_DATAMOVER/GEN_MM2S_FULL.I_MM2S_FULL_WRAPPER/GEN_INCLUDE_MM2S_SF.I_RD_SF/I_DATA_FIFO/BLK_MEM.I_SYNC_FIFOGEN_FIFO/xpm_fifo_instance.xpm_fifo_sync_inst/xpm_fifo_base_inst/gen_sdpram.xpm_memory_base_inst/gen_wr_a.gen_word_narrow.mem_reg/CLKBWRCLK
                         clock pessimism             -0.263     1.008    
    RAMB36_X1Y9          RAMB36E1 (Hold_ramb36e1_CLKBWRCLK_DIADI[16])
                                                      0.296     1.304    design_1_i/axi_dma_0/U0/I_PRMRY_DATAMOVER/GEN_MM2S_FULL.I_MM2S_FULL_WRAPPER/GEN_INCLUDE_MM2S_SF.I_RD_SF/I_DATA_FIFO/BLK_MEM.I_SYNC_FIFOGEN_FIFO/xpm_fifo_instance.xpm_fifo_sync_inst/xpm_fifo_base_inst/gen_sdpram.xpm_memory_base_inst/gen_wr_a.gen_word_narrow.mem_reg
  -------------------------------------------------------------------
                         required time                         -1.304    
                         arrival time                           1.319    
  -------------------------------------------------------------------
                         slack                                  0.015    

Slack (MET) :             0.019ns  (arrival time - required time)
  Source:                 design_1_i/smartconnect_0/inst/m00_exit_pipeline/m00_exit/inst/splitter_inst/gen_axi3.splitter_inst/ar_cmd_reg/skid_buffer_reg[1077]/C
                            (rising edge-triggered cell FDRE clocked by clk_fpga_0  {rise@0.000ns fall@5.000ns period=10.000ns})
  Destination:            design_1_i/smartconnect_0/inst/m00_exit_pipeline/m00_exit/inst/splitter_inst/gen_axi3.splitter_inst/ar_cmd_reg/m_vector_i_reg[1077]/D
                            (rising edge-triggered cell FDRE clocked by clk_fpga_0  {rise@0.000ns fall@5.000ns period=10.000ns})
  Path Group:             clk_fpga_0
  Path Type:              Hold (Min at Fast Process Corner)
  Requirement:            0.000ns  (clk_fpga_0 rise@0.000ns - clk_fpga_0 rise@0.000ns)
  Data Path Delay:        0.426ns  (logic 0.247ns (57.985%)  route 0.179ns (42.015%))
  Logic Levels:           1  (LUT5=1)
  Clock Path Skew:        0.286ns (DCD - SCD - CPR)
    Destination Clock Delay (DCD):    1.226ns
    Source Clock Delay      (SCD):    0.910ns
    Clock Pessimism Removal (CPR):    0.030ns

    Location             Delay type                Incr(ns)  Path(ns)    Netlist Resource(s)
  -------------------------------------------------------------------    -------------------
                         (clock clk_fpga_0 rise edge)
                                                      0.000     0.000 r  
    PS7_X0Y0             PS7                          0.000     0.000 r  design_1_i/processing_system7_0/inst/PS7_i/FCLKCLK[0]
                         net (fo=1, routed)           0.310     0.310    design_1_i/processing_system7_0/inst/FCLK_CLK_unbuffered[0]
    BUFGCTRL_X0Y16       BUFG (Prop_bufg_I_O)         0.026     0.336 r  design_1_i/processing_system7_0/inst/buffer_fclk_clk_0.FCLK_CLK_0_BUFG/O
                         net (fo=36655, routed)       0.574     0.910    design_1_i/smartconnect_0/inst/m00_exit_pipeline/m00_exit/inst/splitter_inst/gen_axi3.splitter_inst/ar_cmd_reg/aclk
    SLICE_X26Y50         FDRE                                         r  design_1_i/smartconnect_0/inst/m00_exit_pipeline/m00_exit/inst/splitter_inst/gen_axi3.splitter_inst/ar_cmd_reg/skid_buffer_reg[1077]/C
  -------------------------------------------------------------------    -------------------
    SLICE_X26Y50         FDRE (Prop_fdre_C_Q)         0.148     1.058 r  design_1_i/smartconnect_0/inst/m00_exit_pipeline/m00_exit/inst/splitter_inst/gen_axi3.splitter_inst/ar_cmd_reg/skid_buffer_reg[1077]/Q
                         net (fo=1, routed)           0.179     1.237    design_1_i/smartconnect_0/inst/m00_exit_pipeline/m00_exit/inst/splitter_inst/gen_axi3.splitter_inst/ar_cmd_reg/skid_buffer_reg_n_0_[1077]
    SLICE_X26Y49         LUT5 (Prop_lut5_I0_O)        0.099     1.336 r  design_1_i/smartconnect_0/inst/m00_exit_pipeline/m00_exit/inst/splitter_inst/gen_axi3.splitter_inst/ar_cmd_reg/m_vector_i[1077]_i_1/O
                         net (fo=1, routed)           0.000     1.336    design_1_i/smartconnect_0/inst/m00_exit_pipeline/m00_exit/inst/splitter_inst/gen_axi3.splitter_inst/ar_cmd_reg/m_vector_i[1077]_i_1_n_0
    SLICE_X26Y49         FDRE                                         r  design_1_i/smartconnect_0/inst/m00_exit_pipeline/m00_exit/inst/splitter_inst/gen_axi3.splitter_inst/ar_cmd_reg/m_vector_i_reg[1077]/D
  -------------------------------------------------------------------    -------------------

                         (clock clk_fpga_0 rise edge)
                                                      0.000     0.000 r  
    PS7_X0Y0             PS7                          0.000     0.000 r  design_1_i/processing_system7_0/inst/PS7_i/FCLKCLK[0]
                         net (fo=1, routed)           0.337     0.337    design_1_i/processing_system7_0/inst/FCLK_CLK_unbuffered[0]
    BUFGCTRL_X0Y16       BUFG (Prop_bufg_I_O)         0.029     0.366 r  design_1_i/processing_system7_0/inst/buffer_fclk_clk_0.FCLK_CLK_0_BUFG/O
                         net (fo=36655, routed)       0.860     1.226    design_1_i/smartconnect_0/inst/m00_exit_pipeline/m00_exit/inst/splitter_inst/gen_axi3.splitter_inst/ar_cmd_reg/aclk
    SLICE_X26Y49         FDRE                                         r  design_1_i/smartconnect_0/inst/m00_exit_pipeline/m00_exit/inst/splitter_inst/gen_axi3.splitter_inst/ar_cmd_reg/m_vector_i_reg[1077]/C
                         clock pessimism             -0.030     1.196    
    SLICE_X26Y49         FDRE (Hold_fdre_C_D)         0.121     1.317    design_1_i/smartconnect_0/inst/m00_exit_pipeline/m00_exit/inst/splitter_inst/gen_axi3.splitter_inst/ar_cmd_reg/m_vector_i_reg[1077]
  -------------------------------------------------------------------
                         required time                         -1.317    
                         arrival time                           1.336    
  -------------------------------------------------------------------
                         slack                                  0.019    

Slack (MET) :             0.036ns  (arrival time - required time)
  Source:                 design_1_i/smartconnect_0/inst/s00_nodes/s00_ar_node/inst/inst_mi_handler/gen_normal_area.inst_fifo_node_payld/gen_xpm_memory_fifo.inst_fifo/gen_mem_rep[0].inst_xpm_memory/xpm_memory_base_inst/gen_rd_b.gen_rd_b_synth_template.gen_rf_narrow_reg.doutb_reg_reg[104]/C
                            (rising edge-triggered cell FDRE clocked by clk_fpga_0  {rise@0.000ns fall@5.000ns period=10.000ns})
  Destination:            design_1_i/smartconnect_0/inst/switchboards/ar_switchboard/inst/gen_mi[0].inst_opipe_payld/gen_pipe[1].pipe_reg[1][104]/D
                            (rising edge-triggered cell FDRE clocked by clk_fpga_0  {rise@0.000ns fall@5.000ns period=10.000ns})
  Path Group:             clk_fpga_0
  Path Type:              Hold (Min at Fast Process Corner)
  Requirement:            0.000ns  (clk_fpga_0 rise@0.000ns - clk_fpga_0 rise@0.000ns)
  Data Path Delay:        0.324ns  (logic 0.148ns (45.633%)  route 0.176ns (54.367%))
  Logic Levels:           0  
  Clock Path Skew:        0.272ns (DCD - SCD - CPR)
    Destination Clock Delay (DCD):    1.197ns
    Source Clock Delay      (SCD):    0.895ns
    Clock Pessimism Removal (CPR):    0.030ns

    Location             Delay type                Incr(ns)  Path(ns)    Netlist Resource(s)
  -------------------------------------------------------------------    -------------------
                         (clock clk_fpga_0 rise edge)
                                                      0.000     0.000 r  
    PS7_X0Y0             PS7                          0.000     0.000 r  design_1_i/processing_system7_0/inst/PS7_i/FCLKCLK[0]
                         net (fo=1, routed)           0.310     0.310    design_1_i/processing_system7_0/inst/FCLK_CLK_unbuffered[0]
    BUFGCTRL_X0Y16       BUFG (Prop_bufg_I_O)         0.026     0.336 r  design_1_i/processing_system7_0/inst/buffer_fclk_clk_0.FCLK_CLK_0_BUFG/O
                         net (fo=36655, routed)       0.559     0.895    design_1_i/smartconnect_0/inst/s00_nodes/s00_ar_node/inst/inst_mi_handler/gen_normal_area.inst_fifo_node_payld/gen_xpm_memory_fifo.inst_fifo/gen_mem_rep[0].inst_xpm_memory/xpm_memory_base_inst/clka
    SLICE_X34Y50         FDRE                                         r  design_1_i/smartconnect_0/inst/s00_nodes/s00_ar_node/inst/inst_mi_handler/gen_normal_area.inst_fifo_node_payld/gen_xpm_memory_fifo.inst_fifo/gen_mem_rep[0].inst_xpm_memory/xpm_memory_base_inst/gen_rd_b.gen_rd_b_synth_template.gen_rf_narrow_reg.doutb_reg_reg[104]/C
  -------------------------------------------------------------------    -------------------
    SLICE_X34Y50         FDRE (Prop_fdre_C_Q)         0.148     1.043 r  design_1_i/smartconnect_0/inst/s00_nodes/s00_ar_node/inst/inst_mi_handler/gen_normal_area.inst_fifo_node_payld/gen_xpm_memory_fifo.inst_fifo/gen_mem_rep[0].inst_xpm_memory/xpm_memory_base_inst/gen_rd_b.gen_rd_b_synth_template.gen_rf_narrow_reg.doutb_reg_reg[104]/Q
                         net (fo=1, routed)           0.176     1.219    design_1_i/smartconnect_0/inst/switchboards/ar_switchboard/inst/gen_mi[0].inst_opipe_payld/s_sc_payld[43]
    SLICE_X33Y49         FDRE                                         r  design_1_i/smartconnect_0/inst/switchboards/ar_switchboard/inst/gen_mi[0].inst_opipe_payld/gen_pipe[1].pipe_reg[1][104]/D
  -------------------------------------------------------------------    -------------------

                         (clock clk_fpga_0 rise edge)
                                                      0.000     0.000 r  
    PS7_X0Y0             PS7                          0.000     0.000 r  design_1_i/processing_system7_0/inst/PS7_i/FCLKCLK[0]
                         net (fo=1, routed)           0.337     0.337    design_1_i/processing_system7_0/inst/FCLK_CLK_unbuffered[0]
    BUFGCTRL_X0Y16       BUFG (Prop_bufg_I_O)         0.029     0.366 r  design_1_i/processing_system7_0/inst/buffer_fclk_clk_0.FCLK_CLK_0_BUFG/O
                         net (fo=36655, routed)       0.831     1.197    design_1_i/smartconnect_0/inst/switchboards/ar_switchboard/inst/gen_mi[0].inst_opipe_payld/aclk
    SLICE_X33Y49         FDRE                                         r  design_1_i/smartconnect_0/inst/switchboards/ar_switchboard/inst/gen_mi[0].inst_opipe_payld/gen_pipe[1].pipe_reg[1][104]/C
                         clock pessimism             -0.030     1.167    
    SLICE_X33Y49         FDRE (Hold_fdre_C_D)         0.016     1.183    design_1_i/smartconnect_0/inst/switchboards/ar_switchboard/inst/gen_mi[0].inst_opipe_payld/gen_pipe[1].pipe_reg[1][104]
  -------------------------------------------------------------------
                         required time                         -1.183    
                         arrival time                           1.219    
  -------------------------------------------------------------------
                         slack                                  0.036    

Slack (MET) :             0.037ns  (arrival time - required time)
  Source:                 design_1_i/smartconnect_0/inst/switchboards/ar_switchboard/inst/gen_mi[0].inst_opipe_payld/gen_pipe[1].pipe_reg[1][102]/C
                            (rising edge-triggered cell FDRE clocked by clk_fpga_0  {rise@0.000ns fall@5.000ns period=10.000ns})
  Destination:            design_1_i/smartconnect_0/inst/m00_nodes/m00_ar_node/inst/inst_mi_handler/gen_normal_area.inst_fifo_node_payld/gen_xpm_memory_fifo.inst_fifo/gen_mem_rep[0].inst_xpm_memory/xpm_memory_base_inst/gen_wr_a.gen_word_narrow.mem_reg_0_31_102_107/RAMA/I
                            (rising edge-triggered cell RAMD32 clocked by clk_fpga_0  {rise@0.000ns fall@5.000ns period=10.000ns})
  Path Group:             clk_fpga_0
  Path Type:              Hold (Min at Fast Process Corner)
  Requirement:            0.000ns  (clk_fpga_0 rise@0.000ns - clk_fpga_0 rise@0.000ns)
  Data Path Delay:        0.197ns  (logic 0.141ns (71.611%)  route 0.056ns (28.389%))
  Logic Levels:           0  
  Clock Path Skew:        0.013ns (DCD - SCD - CPR)
    Destination Clock Delay (DCD):    1.197ns
    Source Clock Delay      (SCD):    0.901ns
    Clock Pessimism Removal (CPR):    0.283ns

    Location             Delay type                Incr(ns)  Path(ns)    Netlist Resource(s)
  -------------------------------------------------------------------    -------------------
                         (clock clk_fpga_0 rise edge)
                                                      0.000     0.000 r  
    PS7_X0Y0             PS7                          0.000     0.000 r  design_1_i/processing_system7_0/inst/PS7_i/FCLKCLK[0]
                         net (fo=1, routed)           0.310     0.310    design_1_i/processing_system7_0/inst/FCLK_CLK_unbuffered[0]
    BUFGCTRL_X0Y16       BUFG (Prop_bufg_I_O)         0.026     0.336 r  design_1_i/processing_system7_0/inst/buffer_fclk_clk_0.FCLK_CLK_0_BUFG/O
                         net (fo=36655, routed)       0.565     0.901    design_1_i/smartconnect_0/inst/switchboards/ar_switchboard/inst/gen_mi[0].inst_opipe_payld/aclk
    SLICE_X33Y48         FDRE                                         r  design_1_i/smartconnect_0/inst/switchboards/ar_switchboard/inst/gen_mi[0].inst_opipe_payld/gen_pipe[1].pipe_reg[1][102]/C
  -------------------------------------------------------------------    -------------------
    SLICE_X33Y48         FDRE (Prop_fdre_C_Q)         0.141     1.042 r  design_1_i/smartconnect_0/inst/switchboards/ar_switchboard/inst/gen_mi[0].inst_opipe_payld/gen_pipe[1].pipe_reg[1][102]/Q
                         net (fo=1, routed)           0.056     1.097    design_1_i/smartconnect_0/inst/m00_nodes/m00_ar_node/inst/inst_mi_handler/gen_normal_area.inst_fifo_node_payld/gen_xpm_memory_fifo.inst_fifo/gen_mem_rep[0].inst_xpm_memory/xpm_memory_base_inst/gen_wr_a.gen_word_narrow.mem_reg_0_31_102_107/DIA0
    SLICE_X32Y48         RAMD32                                       r  design_1_i/smartconnect_0/inst/m00_nodes/m00_ar_node/inst/inst_mi_handler/gen_normal_area.inst_fifo_node_payld/gen_xpm_memory_fifo.inst_fifo/gen_mem_rep[0].inst_xpm_memory/xpm_memory_base_inst/gen_wr_a.gen_word_narrow.mem_reg_0_31_102_107/RAMA/I
  -------------------------------------------------------------------    -------------------

                         (clock clk_fpga_0 rise edge)
                                                      0.000     0.000 r  
    PS7_X0Y0             PS7                          0.000     0.000 r  design_1_i/processing_system7_0/inst/PS7_i/FCLKCLK[0]
                         net (fo=1, routed)           0.337     0.337    design_1_i/processing_system7_0/inst/FCLK_CLK_unbuffered[0]
    BUFGCTRL_X0Y16       BUFG (Prop_bufg_I_O)         0.029     0.366 r  design_1_i/processing_system7_0/inst/buffer_fclk_clk_0.FCLK_CLK_0_BUFG/O
                         net (fo=36655, routed)       0.831     1.197    design_1_i/smartconnect_0/inst/m00_nodes/m00_ar_node/inst/inst_mi_handler/gen_normal_area.inst_fifo_node_payld/gen_xpm_memory_fifo.inst_fifo/gen_mem_rep[0].inst_xpm_memory/xpm_memory_base_inst/gen_wr_a.gen_word_narrow.mem_reg_0_31_102_107/WCLK
    SLICE_X32Y48         RAMD32                                       r  design_1_i/smartconnect_0/inst/m00_nodes/m00_ar_node/inst/inst_mi_handler/gen_normal_area.inst_fifo_node_payld/gen_xpm_memory_fifo.inst_fifo/gen_mem_rep[0].inst_xpm_memory/xpm_memory_base_inst/gen_wr_a.gen_word_narrow.mem_reg_0_31_102_107/RAMA/CLK
                         clock pessimism             -0.283     0.914    
    SLICE_X32Y48         RAMD32 (Hold_ramd32_CLK_I)
                                                      0.147     1.061    design_1_i/smartconnect_0/inst/m00_nodes/m00_ar_node/inst/inst_mi_handler/gen_normal_area.inst_fifo_node_payld/gen_xpm_memory_fifo.inst_fifo/gen_mem_rep[0].inst_xpm_memory/xpm_memory_base_inst/gen_wr_a.gen_word_narrow.mem_reg_0_31_102_107/RAMA
  -------------------------------------------------------------------
                         required time                         -1.061    
                         arrival time                           1.097    
  -------------------------------------------------------------------
                         slack                                  0.037    

Slack (MET) :             0.037ns  (arrival time - required time)
  Source:                 design_1_i/smartconnect_0/inst/switchboards/w_switchboard/inst/gen_mi[0].inst_opipe_payld/gen_pipe[1].pipe_reg[1][12]/C
                            (rising edge-triggered cell FDRE clocked by clk_fpga_0  {rise@0.000ns fall@5.000ns period=10.000ns})
  Destination:            design_1_i/smartconnect_0/inst/m00_nodes/m00_w_node/inst/inst_mi_handler/gen_normal_area.inst_fifo_node_payld/gen_xpm_memory_fifo.inst_fifo/gen_mem_rep[0].inst_xpm_memory/xpm_memory_base_inst/gen_wr_a.gen_word_narrow.mem_reg_0_31_12_17/RAMA/I
                            (rising edge-triggered cell RAMD32 clocked by clk_fpga_0  {rise@0.000ns fall@5.000ns period=10.000ns})
  Path Group:             clk_fpga_0
  Path Type:              Hold (Min at Fast Process Corner)
  Requirement:            0.000ns  (clk_fpga_0 rise@0.000ns - clk_fpga_0 rise@0.000ns)
  Data Path Delay:        0.197ns  (logic 0.141ns (71.611%)  route 0.056ns (28.389%))
  Logic Levels:           0  
  Clock Path Skew:        0.013ns (DCD - SCD - CPR)
    Destination Clock Delay (DCD):    1.189ns
    Source Clock Delay      (SCD):    0.891ns
    Clock Pessimism Removal (CPR):    0.285ns

    Location             Delay type                Incr(ns)  Path(ns)    Netlist Resource(s)
  -------------------------------------------------------------------    -------------------
                         (clock clk_fpga_0 rise edge)
                                                      0.000     0.000 r  
    PS7_X0Y0             PS7                          0.000     0.000 r  design_1_i/processing_system7_0/inst/PS7_i/FCLKCLK[0]
                         net (fo=1, routed)           0.310     0.310    design_1_i/processing_system7_0/inst/FCLK_CLK_unbuffered[0]
    BUFGCTRL_X0Y16       BUFG (Prop_bufg_I_O)         0.026     0.336 r  design_1_i/processing_system7_0/inst/buffer_fclk_clk_0.FCLK_CLK_0_BUFG/O
                         net (fo=36655, routed)       0.555     0.891    design_1_i/smartconnect_0/inst/switchboards/w_switchboard/inst/gen_mi[0].inst_opipe_payld/aclk
    SLICE_X43Y57         FDRE                                         r  design_1_i/smartconnect_0/inst/switchboards/w_switchboard/inst/gen_mi[0].inst_opipe_payld/gen_pipe[1].pipe_reg[1][12]/C
  -------------------------------------------------------------------    -------------------
    SLICE_X43Y57         FDRE (Prop_fdre_C_Q)         0.141     1.032 r  design_1_i/smartconnect_0/inst/switchboards/w_switchboard/inst/gen_mi[0].inst_opipe_payld/gen_pipe[1].pipe_reg[1][12]/Q
                         net (fo=1, routed)           0.056     1.087    design_1_i/smartconnect_0/inst/m00_nodes/m00_w_node/inst/inst_mi_handler/gen_normal_area.inst_fifo_node_payld/gen_xpm_memory_fifo.inst_fifo/gen_mem_rep[0].inst_xpm_memory/xpm_memory_base_inst/gen_wr_a.gen_word_narrow.mem_reg_0_31_12_17/DIA0
    SLICE_X42Y57         RAMD32                                       r  design_1_i/smartconnect_0/inst/m00_nodes/m00_w_node/inst/inst_mi_handler/gen_normal_area.inst_fifo_node_payld/gen_xpm_memory_fifo.inst_fifo/gen_mem_rep[0].inst_xpm_memory/xpm_memory_base_inst/gen_wr_a.gen_word_narrow.mem_reg_0_31_12_17/RAMA/I
  -------------------------------------------------------------------    -------------------

                         (clock clk_fpga_0 rise edge)
                                                      0.000     0.000 r  
    PS7_X0Y0             PS7                          0.000     0.000 r  design_1_i/processing_system7_0/inst/PS7_i/FCLKCLK[0]
                         net (fo=1, routed)           0.337     0.337    design_1_i/processing_system7_0/inst/FCLK_CLK_unbuffered[0]
    BUFGCTRL_X0Y16       BUFG (Prop_bufg_I_O)         0.029     0.366 r  design_1_i/processing_system7_0/inst/buffer_fclk_clk_0.FCLK_CLK_0_BUFG/O
                         net (fo=36655, routed)       0.823     1.189    design_1_i/smartconnect_0/inst/m00_nodes/m00_w_node/inst/inst_mi_handler/gen_normal_area.inst_fifo_node_payld/gen_xpm_memory_fifo.inst_fifo/gen_mem_rep[0].inst_xpm_memory/xpm_memory_base_inst/gen_wr_a.gen_word_narrow.mem_reg_0_31_12_17/WCLK
    SLICE_X42Y57         RAMD32                                       r  design_1_i/smartconnect_0/inst/m00_nodes/m00_w_node/inst/inst_mi_handler/gen_normal_area.inst_fifo_node_payld/gen_xpm_memory_fifo.inst_fifo/gen_mem_rep[0].inst_xpm_memory/xpm_memory_base_inst/gen_wr_a.gen_word_narrow.mem_reg_0_31_12_17/RAMA/CLK
                         clock pessimism             -0.285     0.904    
    SLICE_X42Y57         RAMD32 (Hold_ramd32_CLK_I)
                                                      0.147     1.051    design_1_i/smartconnect_0/inst/m00_nodes/m00_w_node/inst/inst_mi_handler/gen_normal_area.inst_fifo_node_payld/gen_xpm_memory_fifo.inst_fifo/gen_mem_rep[0].inst_xpm_memory/xpm_memory_base_inst/gen_wr_a.gen_word_narrow.mem_reg_0_31_12_17/RAMA
  -------------------------------------------------------------------
                         required time                         -1.051    
                         arrival time                           1.087    
  -------------------------------------------------------------------
                         slack                                  0.037    

Slack (MET) :             0.037ns  (arrival time - required time)
  Source:                 design_1_i/smartconnect_0/inst/switchboards/w_switchboard/inst/gen_mi[0].inst_opipe_payld/gen_pipe[1].pipe_reg[1][18]/C
                            (rising edge-triggered cell FDRE clocked by clk_fpga_0  {rise@0.000ns fall@5.000ns period=10.000ns})
  Destination:            design_1_i/smartconnect_0/inst/m00_nodes/m00_w_node/inst/inst_mi_handler/gen_normal_area.inst_fifo_node_payld/gen_xpm_memory_fifo.inst_fifo/gen_mem_rep[0].inst_xpm_memory/xpm_memory_base_inst/gen_wr_a.gen_word_narrow.mem_reg_0_31_18_23/RAMA/I
                            (rising edge-triggered cell RAMD32 clocked by clk_fpga_0  {rise@0.000ns fall@5.000ns period=10.000ns})
  Path Group:             clk_fpga_0
  Path Type:              Hold (Min at Fast Process Corner)
  Requirement:            0.000ns  (clk_fpga_0 rise@0.000ns - clk_fpga_0 rise@0.000ns)
  Data Path Delay:        0.197ns  (logic 0.141ns (71.611%)  route 0.056ns (28.389%))
  Logic Levels:           0  
  Clock Path Skew:        0.013ns (DCD - SCD - CPR)
    Destination Clock Delay (DCD):    1.191ns
    Source Clock Delay      (SCD):    0.893ns
    Clock Pessimism Removal (CPR):    0.285ns

    Location             Delay type                Incr(ns)  Path(ns)    Netlist Resource(s)
  -------------------------------------------------------------------    -------------------
                         (clock clk_fpga_0 rise edge)
                                                      0.000     0.000 r  
    PS7_X0Y0             PS7                          0.000     0.000 r  design_1_i/processing_system7_0/inst/PS7_i/FCLKCLK[0]
                         net (fo=1, routed)           0.310     0.310    design_1_i/processing_system7_0/inst/FCLK_CLK_unbuffered[0]
    BUFGCTRL_X0Y16       BUFG (Prop_bufg_I_O)         0.026     0.336 r  design_1_i/processing_system7_0/inst/buffer_fclk_clk_0.FCLK_CLK_0_BUFG/O
                         net (fo=36655, routed)       0.557     0.893    design_1_i/smartconnect_0/inst/switchboards/w_switchboard/inst/gen_mi[0].inst_opipe_payld/aclk
    SLICE_X37Y52         FDRE                                         r  design_1_i/smartconnect_0/inst/switchboards/w_switchboard/inst/gen_mi[0].inst_opipe_payld/gen_pipe[1].pipe_reg[1][18]/C
  -------------------------------------------------------------------    -------------------
    SLICE_X37Y52         FDRE (Prop_fdre_C_Q)         0.141     1.034 r  design_1_i/smartconnect_0/inst/switchboards/w_switchboard/inst/gen_mi[0].inst_opipe_payld/gen_pipe[1].pipe_reg[1][18]/Q
                         net (fo=1, routed)           0.056     1.089    design_1_i/smartconnect_0/inst/m00_nodes/m00_w_node/inst/inst_mi_handler/gen_normal_area.inst_fifo_node_payld/gen_xpm_memory_fifo.inst_fifo/gen_mem_rep[0].inst_xpm_memory/xpm_memory_base_inst/gen_wr_a.gen_word_narrow.mem_reg_0_31_18_23/DIA0
    SLICE_X36Y52         RAMD32                                       r  design_1_i/smartconnect_0/inst/m00_nodes/m00_w_node/inst/inst_mi_handler/gen_normal_area.inst_fifo_node_payld/gen_xpm_memory_fifo.inst_fifo/gen_mem_rep[0].inst_xpm_memory/xpm_memory_base_inst/gen_wr_a.gen_word_narrow.mem_reg_0_31_18_23/RAMA/I
  -------------------------------------------------------------------    -------------------

                         (clock clk_fpga_0 rise edge)
                                                      0.000     0.000 r  
    PS7_X0Y0             PS7                          0.000     0.000 r  design_1_i/processing_system7_0/inst/PS7_i/FCLKCLK[0]
                         net (fo=1, routed)           0.337     0.337    design_1_i/processing_system7_0/inst/FCLK_CLK_unbuffered[0]
    BUFGCTRL_X0Y16       BUFG (Prop_bufg_I_O)         0.029     0.366 r  design_1_i/processing_system7_0/inst/buffer_fclk_clk_0.FCLK_CLK_0_BUFG/O
                         net (fo=36655, routed)       0.825     1.191    design_1_i/smartconnect_0/inst/m00_nodes/m00_w_node/inst/inst_mi_handler/gen_normal_area.inst_fifo_node_payld/gen_xpm_memory_fifo.inst_fifo/gen_mem_rep[0].inst_xpm_memory/xpm_memory_base_inst/gen_wr_a.gen_word_narrow.mem_reg_0_31_18_23/WCLK
    SLICE_X36Y52         RAMD32                                       r  design_1_i/smartconnect_0/inst/m00_nodes/m00_w_node/inst/inst_mi_handler/gen_normal_area.inst_fifo_node_payld/gen_xpm_memory_fifo.inst_fifo/gen_mem_rep[0].inst_xpm_memory/xpm_memory_base_inst/gen_wr_a.gen_word_narrow.mem_reg_0_31_18_23/RAMA/CLK
                         clock pessimism             -0.285     0.906    
    SLICE_X36Y52         RAMD32 (Hold_ramd32_CLK_I)
                                                      0.147     1.053    design_1_i/smartconnect_0/inst/m00_nodes/m00_w_node/inst/inst_mi_handler/gen_normal_area.inst_fifo_node_payld/gen_xpm_memory_fifo.inst_fifo/gen_mem_rep[0].inst_xpm_memory/xpm_memory_base_inst/gen_wr_a.gen_word_narrow.mem_reg_0_31_18_23/RAMA
  -------------------------------------------------------------------
                         required time                         -1.053    
                         arrival time                           1.089    
  -------------------------------------------------------------------
                         slack                                  0.037    

Slack (MET) :             0.037ns  (arrival time - required time)
  Source:                 design_1_i/smartconnect_0/inst/switchboards/w_switchboard/inst/gen_mi[0].inst_opipe_payld/gen_pipe[1].pipe_reg[1][84]/C
                            (rising edge-triggered cell FDRE clocked by clk_fpga_0  {rise@0.000ns fall@5.000ns period=10.000ns})
  Destination:            design_1_i/smartconnect_0/inst/m00_nodes/m00_w_node/inst/inst_mi_handler/gen_normal_area.inst_fifo_node_payld/gen_xpm_memory_fifo.inst_fifo/gen_mem_rep[0].inst_xpm_memory/xpm_memory_base_inst/gen_wr_a.gen_word_narrow.mem_reg_0_31_84_89/RAMA/I
                            (rising edge-triggered cell RAMD32 clocked by clk_fpga_0  {rise@0.000ns fall@5.000ns period=10.000ns})
  Path Group:             clk_fpga_0
  Path Type:              Hold (Min at Fast Process Corner)
  Requirement:            0.000ns  (clk_fpga_0 rise@0.000ns - clk_fpga_0 rise@0.000ns)
  Data Path Delay:        0.197ns  (logic 0.141ns (71.611%)  route 0.056ns (28.389%))
  Logic Levels:           0  
  Clock Path Skew:        0.013ns (DCD - SCD - CPR)
    Destination Clock Delay (DCD):    1.190ns
    Source Clock Delay      (SCD):    0.893ns
    Clock Pessimism Removal (CPR):    0.284ns

    Location             Delay type                Incr(ns)  Path(ns)    Netlist Resource(s)
  -------------------------------------------------------------------    -------------------
                         (clock clk_fpga_0 rise edge)
                                                      0.000     0.000 r  
    PS7_X0Y0             PS7                          0.000     0.000 r  design_1_i/processing_system7_0/inst/PS7_i/FCLKCLK[0]
                         net (fo=1, routed)           0.310     0.310    design_1_i/processing_system7_0/inst/FCLK_CLK_unbuffered[0]
    BUFGCTRL_X0Y16       BUFG (Prop_bufg_I_O)         0.026     0.336 r  design_1_i/processing_system7_0/inst/buffer_fclk_clk_0.FCLK_CLK_0_BUFG/O
                         net (fo=36655, routed)       0.557     0.893    design_1_i/smartconnect_0/inst/switchboards/w_switchboard/inst/gen_mi[0].inst_opipe_payld/aclk
    SLICE_X35Y57         FDRE                                         r  design_1_i/smartconnect_0/inst/switchboards/w_switchboard/inst/gen_mi[0].inst_opipe_payld/gen_pipe[1].pipe_reg[1][84]/C
  -------------------------------------------------------------------    -------------------
    SLICE_X35Y57         FDRE (Prop_fdre_C_Q)         0.141     1.034 r  design_1_i/smartconnect_0/inst/switchboards/w_switchboard/inst/gen_mi[0].inst_opipe_payld/gen_pipe[1].pipe_reg[1][84]/Q
                         net (fo=1, routed)           0.056     1.089    design_1_i/smartconnect_0/inst/m00_nodes/m00_w_node/inst/inst_mi_handler/gen_normal_area.inst_fifo_node_payld/gen_xpm_memory_fifo.inst_fifo/gen_mem_rep[0].inst_xpm_memory/xpm_memory_base_inst/gen_wr_a.gen_word_narrow.mem_reg_0_31_84_89/DIA0
    SLICE_X34Y57         RAMD32                                       r  design_1_i/smartconnect_0/inst/m00_nodes/m00_w_node/inst/inst_mi_handler/gen_normal_area.inst_fifo_node_payld/gen_xpm_memory_fifo.inst_fifo/gen_mem_rep[0].inst_xpm_memory/xpm_memory_base_inst/gen_wr_a.gen_word_narrow.mem_reg_0_31_84_89/RAMA/I
  -------------------------------------------------------------------    -------------------

                         (clock clk_fpga_0 rise edge)
                                                      0.000     0.000 r  
    PS7_X0Y0             PS7                          0.000     0.000 r  design_1_i/processing_system7_0/inst/PS7_i/FCLKCLK[0]
                         net (fo=1, routed)           0.337     0.337    design_1_i/processing_system7_0/inst/FCLK_CLK_unbuffered[0]
    BUFGCTRL_X0Y16       BUFG (Prop_bufg_I_O)         0.029     0.366 r  design_1_i/processing_system7_0/inst/buffer_fclk_clk_0.FCLK_CLK_0_BUFG/O
                         net (fo=36655, routed)       0.824     1.190    design_1_i/smartconnect_0/inst/m00_nodes/m00_w_node/inst/inst_mi_handler/gen_normal_area.inst_fifo_node_payld/gen_xpm_memory_fifo.inst_fifo/gen_mem_rep[0].inst_xpm_memory/xpm_memory_base_inst/gen_wr_a.gen_word_narrow.mem_reg_0_31_84_89/WCLK
    SLICE_X34Y57         RAMD32                                       r  design_1_i/smartconnect_0/inst/m00_nodes/m00_w_node/inst/inst_mi_handler/gen_normal_area.inst_fifo_node_payld/gen_xpm_memory_fifo.inst_fifo/gen_mem_rep[0].inst_xpm_memory/xpm_memory_base_inst/gen_wr_a.gen_word_narrow.mem_reg_0_31_84_89/RAMA/CLK
                         clock pessimism             -0.284     0.906    
    SLICE_X34Y57         RAMD32 (Hold_ramd32_CLK_I)
                                                      0.147     1.053    design_1_i/smartconnect_0/inst/m00_nodes/m00_w_node/inst/inst_mi_handler/gen_normal_area.inst_fifo_node_payld/gen_xpm_memory_fifo.inst_fifo/gen_mem_rep[0].inst_xpm_memory/xpm_memory_base_inst/gen_wr_a.gen_word_narrow.mem_reg_0_31_84_89/RAMA
  -------------------------------------------------------------------
                         required time                         -1.053    
                         arrival time                           1.089    
  -------------------------------------------------------------------
                         slack                                  0.037    

Slack (MET) :             0.038ns  (arrival time - required time)
  Source:                 design_1_i/smartconnect_0/inst/s00_entry_pipeline/s00_mmu/inst/r_sreg/m_vector_i_reg[1067]/C
                            (rising edge-triggered cell FDRE clocked by clk_fpga_0  {rise@0.000ns fall@5.000ns period=10.000ns})
  Destination:            design_1_i/axi_dma_0/U0/I_PRMRY_DATAMOVER/GEN_MM2S_FULL.I_MM2S_FULL_WRAPPER/GEN_INCLUDE_MM2S_SF.I_RD_SF/I_DATA_FIFO/BLK_MEM.I_SYNC_FIFOGEN_FIFO/xpm_fifo_instance.xpm_fifo_sync_inst/xpm_fifo_base_inst/gen_sdpram.xpm_memory_base_inst/gen_wr_a.gen_word_narrow.mem_reg/DIADI[8]
                            (rising edge-triggered cell RAMB36E1 clocked by clk_fpga_0  {rise@0.000ns fall@5.000ns period=10.000ns})
  Path Group:             clk_fpga_0
  Path Type:              Hold (Min at Fast Process Corner)
  Requirement:            0.000ns  (clk_fpga_0 rise@0.000ns - clk_fpga_0 rise@0.000ns)
  Data Path Delay:        0.411ns  (logic 0.164ns (39.875%)  route 0.247ns (60.125%))
  Logic Levels:           0  
  Clock Path Skew:        0.077ns (DCD - SCD - CPR)
    Destination Clock Delay (DCD):    1.271ns
    Source Clock Delay      (SCD):    0.931ns
    Clock Pessimism Removal (CPR):    0.263ns

    Location             Delay type                Incr(ns)  Path(ns)    Netlist Resource(s)
  -------------------------------------------------------------------    -------------------
                         (clock clk_fpga_0 rise edge)
                                                      0.000     0.000 r  
    PS7_X0Y0             PS7                          0.000     0.000 r  design_1_i/processing_system7_0/inst/PS7_i/FCLKCLK[0]
                         net (fo=1, routed)           0.310     0.310    design_1_i/processing_system7_0/inst/FCLK_CLK_unbuffered[0]
    BUFGCTRL_X0Y16       BUFG (Prop_bufg_I_O)         0.026     0.336 r  design_1_i/processing_system7_0/inst/buffer_fclk_clk_0.FCLK_CLK_0_BUFG/O
                         net (fo=36655, routed)       0.595     0.931    design_1_i/smartconnect_0/inst/s00_entry_pipeline/s00_mmu/inst/r_sreg/aclk
    SLICE_X16Y46         FDRE                                         r  design_1_i/smartconnect_0/inst/s00_entry_pipeline/s00_mmu/inst/r_sreg/m_vector_i_reg[1067]/C
  -------------------------------------------------------------------    -------------------
    SLICE_X16Y46         FDRE (Prop_fdre_C_Q)         0.164     1.095 r  design_1_i/smartconnect_0/inst/s00_entry_pipeline/s00_mmu/inst/r_sreg/m_vector_i_reg[1067]/Q
                         net (fo=1, routed)           0.247     1.342    design_1_i/axi_dma_0/U0/I_PRMRY_DATAMOVER/GEN_MM2S_FULL.I_MM2S_FULL_WRAPPER/GEN_INCLUDE_MM2S_SF.I_RD_SF/I_DATA_FIFO/BLK_MEM.I_SYNC_FIFOGEN_FIFO/xpm_fifo_instance.xpm_fifo_sync_inst/xpm_fifo_base_inst/gen_sdpram.xpm_memory_base_inst/dina[8]
    RAMB36_X1Y9          RAMB36E1                                     r  design_1_i/axi_dma_0/U0/I_PRMRY_DATAMOVER/GEN_MM2S_FULL.I_MM2S_FULL_WRAPPER/GEN_INCLUDE_MM2S_SF.I_RD_SF/I_DATA_FIFO/BLK_MEM.I_SYNC_FIFOGEN_FIFO/xpm_fifo_instance.xpm_fifo_sync_inst/xpm_fifo_base_inst/gen_sdpram.xpm_memory_base_inst/gen_wr_a.gen_word_narrow.mem_reg/DIADI[8]
  -------------------------------------------------------------------    -------------------

                         (clock clk_fpga_0 rise edge)
                                                      0.000     0.000 r  
    PS7_X0Y0             PS7                          0.000     0.000 r  design_1_i/processing_system7_0/inst/PS7_i/FCLKCLK[0]
                         net (fo=1, routed)           0.337     0.337    design_1_i/processing_system7_0/inst/FCLK_CLK_unbuffered[0]
    BUFGCTRL_X0Y16       BUFG (Prop_bufg_I_O)         0.029     0.366 r  design_1_i/processing_system7_0/inst/buffer_fclk_clk_0.FCLK_CLK_0_BUFG/O
                         net (fo=36655, routed)       0.905     1.271    design_1_i/axi_dma_0/U0/I_PRMRY_DATAMOVER/GEN_MM2S_FULL.I_MM2S_FULL_WRAPPER/GEN_INCLUDE_MM2S_SF.I_RD_SF/I_DATA_FIFO/BLK_MEM.I_SYNC_FIFOGEN_FIFO/xpm_fifo_instance.xpm_fifo_sync_inst/xpm_fifo_base_inst/gen_sdpram.xpm_memory_base_inst/clka
    RAMB36_X1Y9          RAMB36E1                                     r  design_1_i/axi_dma_0/U0/I_PRMRY_DATAMOVER/GEN_MM2S_FULL.I_MM2S_FULL_WRAPPER/GEN_INCLUDE_MM2S_SF.I_RD_SF/I_DATA_FIFO/BLK_MEM.I_SYNC_FIFOGEN_FIFO/xpm_fifo_instance.xpm_fifo_sync_inst/xpm_fifo_base_inst/gen_sdpram.xpm_memory_base_inst/gen_wr_a.gen_word_narrow.mem_reg/CLKBWRCLK
                         clock pessimism             -0.263     1.008    
    RAMB36_X1Y9          RAMB36E1 (Hold_ramb36e1_CLKBWRCLK_DIADI[8])
                                                      0.296     1.304    design_1_i/axi_dma_0/U0/I_PRMRY_DATAMOVER/GEN_MM2S_FULL.I_MM2S_FULL_WRAPPER/GEN_INCLUDE_MM2S_SF.I_RD_SF/I_DATA_FIFO/BLK_MEM.I_SYNC_FIFOGEN_FIFO/xpm_fifo_instance.xpm_fifo_sync_inst/xpm_fifo_base_inst/gen_sdpram.xpm_memory_base_inst/gen_wr_a.gen_word_narrow.mem_reg
  -------------------------------------------------------------------
                         required time                         -1.304    
                         arrival time                           1.342    
  -------------------------------------------------------------------
                         slack                                  0.038    

Slack (MET) :             0.040ns  (arrival time - required time)
  Source:                 design_1_i/smartconnect_0/inst/s00_entry_pipeline/s00_mmu/inst/r_sreg/m_vector_i_reg[1079]/C
                            (rising edge-triggered cell FDRE clocked by clk_fpga_0  {rise@0.000ns fall@5.000ns period=10.000ns})
  Destination:            design_1_i/axi_dma_0/U0/I_PRMRY_DATAMOVER/GEN_MM2S_FULL.I_MM2S_FULL_WRAPPER/GEN_INCLUDE_MM2S_SF.I_RD_SF/I_DATA_FIFO/BLK_MEM.I_SYNC_FIFOGEN_FIFO/xpm_fifo_instance.xpm_fifo_sync_inst/xpm_fifo_base_inst/gen_sdpram.xpm_memory_base_inst/gen_wr_a.gen_word_narrow.mem_reg/DIADI[20]
                            (rising edge-triggered cell RAMB36E1 clocked by clk_fpga_0  {rise@0.000ns fall@5.000ns period=10.000ns})
  Path Group:             clk_fpga_0
  Path Type:              Hold (Min at Fast Process Corner)
  Requirement:            0.000ns  (clk_fpga_0 rise@0.000ns - clk_fpga_0 rise@0.000ns)
  Data Path Delay:        0.412ns  (logic 0.164ns (39.778%)  route 0.248ns (60.222%))
  Logic Levels:           0  
  Clock Path Skew:        0.076ns (DCD - SCD - CPR)
    Destination Clock Delay (DCD):    1.271ns
    Source Clock Delay      (SCD):    0.932ns
    Clock Pessimism Removal (CPR):    0.263ns

    Location             Delay type                Incr(ns)  Path(ns)    Netlist Resource(s)
  -------------------------------------------------------------------    -------------------
                         (clock clk_fpga_0 rise edge)
                                                      0.000     0.000 r  
    PS7_X0Y0             PS7                          0.000     0.000 r  design_1_i/processing_system7_0/inst/PS7_i/FCLKCLK[0]
                         net (fo=1, routed)           0.310     0.310    design_1_i/processing_system7_0/inst/FCLK_CLK_unbuffered[0]
    BUFGCTRL_X0Y16       BUFG (Prop_bufg_I_O)         0.026     0.336 r  design_1_i/processing_system7_0/inst/buffer_fclk_clk_0.FCLK_CLK_0_BUFG/O
                         net (fo=36655, routed)       0.596     0.932    design_1_i/smartconnect_0/inst/s00_entry_pipeline/s00_mmu/inst/r_sreg/aclk
    SLICE_X16Y47         FDRE                                         r  design_1_i/smartconnect_0/inst/s00_entry_pipeline/s00_mmu/inst/r_sreg/m_vector_i_reg[1079]/C
  -------------------------------------------------------------------    -------------------
    SLICE_X16Y47         FDRE (Prop_fdre_C_Q)         0.164     1.096 r  design_1_i/smartconnect_0/inst/s00_entry_pipeline/s00_mmu/inst/r_sreg/m_vector_i_reg[1079]/Q
                         net (fo=1, routed)           0.248     1.344    design_1_i/axi_dma_0/U0/I_PRMRY_DATAMOVER/GEN_MM2S_FULL.I_MM2S_FULL_WRAPPER/GEN_INCLUDE_MM2S_SF.I_RD_SF/I_DATA_FIFO/BLK_MEM.I_SYNC_FIFOGEN_FIFO/xpm_fifo_instance.xpm_fifo_sync_inst/xpm_fifo_base_inst/gen_sdpram.xpm_memory_base_inst/dina[20]
    RAMB36_X1Y9          RAMB36E1                                     r  design_1_i/axi_dma_0/U0/I_PRMRY_DATAMOVER/GEN_MM2S_FULL.I_MM2S_FULL_WRAPPER/GEN_INCLUDE_MM2S_SF.I_RD_SF/I_DATA_FIFO/BLK_MEM.I_SYNC_FIFOGEN_FIFO/xpm_fifo_instance.xpm_fifo_sync_inst/xpm_fifo_base_inst/gen_sdpram.xpm_memory_base_inst/gen_wr_a.gen_word_narrow.mem_reg/DIADI[20]
  -------------------------------------------------------------------    -------------------

                         (clock clk_fpga_0 rise edge)
                                                      0.000     0.000 r  
    PS7_X0Y0             PS7                          0.000     0.000 r  design_1_i/processing_system7_0/inst/PS7_i/FCLKCLK[0]
                         net (fo=1, routed)           0.337     0.337    design_1_i/processing_system7_0/inst/FCLK_CLK_unbuffered[0]
    BUFGCTRL_X0Y16       BUFG (Prop_bufg_I_O)         0.029     0.366 r  design_1_i/processing_system7_0/inst/buffer_fclk_clk_0.FCLK_CLK_0_BUFG/O
                         net (fo=36655, routed)       0.905     1.271    design_1_i/axi_dma_0/U0/I_PRMRY_DATAMOVER/GEN_MM2S_FULL.I_MM2S_FULL_WRAPPER/GEN_INCLUDE_MM2S_SF.I_RD_SF/I_DATA_FIFO/BLK_MEM.I_SYNC_FIFOGEN_FIFO/xpm_fifo_instance.xpm_fifo_sync_inst/xpm_fifo_base_inst/gen_sdpram.xpm_memory_base_inst/clka
    RAMB36_X1Y9          RAMB36E1                                     r  design_1_i/axi_dma_0/U0/I_PRMRY_DATAMOVER/GEN_MM2S_FULL.I_MM2S_FULL_WRAPPER/GEN_INCLUDE_MM2S_SF.I_RD_SF/I_DATA_FIFO/BLK_MEM.I_SYNC_FIFOGEN_FIFO/xpm_fifo_instance.xpm_fifo_sync_inst/xpm_fifo_base_inst/gen_sdpram.xpm_memory_base_inst/gen_wr_a.gen_word_narrow.mem_reg/CLKBWRCLK
                         clock pessimism             -0.263     1.008    
    RAMB36_X1Y9          RAMB36E1 (Hold_ramb36e1_CLKBWRCLK_DIADI[20])
                                                      0.296     1.304    design_1_i/axi_dma_0/U0/I_PRMRY_DATAMOVER/GEN_MM2S_FULL.I_MM2S_FULL_WRAPPER/GEN_INCLUDE_MM2S_SF.I_RD_SF/I_DATA_FIFO/BLK_MEM.I_SYNC_FIFOGEN_FIFO/xpm_fifo_instance.xpm_fifo_sync_inst/xpm_fifo_base_inst/gen_sdpram.xpm_memory_base_inst/gen_wr_a.gen_word_narrow.mem_reg
  -------------------------------------------------------------------
                         required time                         -1.304    
                         arrival time                           1.344    
  -------------------------------------------------------------------
                         slack                                  0.040    

Slack (MET) :             0.043ns  (arrival time - required time)
  Source:                 design_1_i/smartconnect_0/inst/s00_nodes/s00_ar_node/inst/inst_mi_handler/gen_normal_area.inst_fifo_node_payld/gen_xpm_memory_fifo.inst_fifo/gen_mem_rep[0].inst_xpm_memory/xpm_memory_base_inst/gen_rd_b.gen_rd_b_synth_template.gen_rf_narrow_reg.doutb_reg_reg[4]/C
                            (rising edge-triggered cell FDRE clocked by clk_fpga_0  {rise@0.000ns fall@5.000ns period=10.000ns})
  Destination:            design_1_i/smartconnect_0/inst/switchboards/ar_switchboard/inst/gen_mi[0].inst_opipe_payld/gen_pipe[1].pipe_reg[1][4]/D
                            (rising edge-triggered cell FDRE clocked by clk_fpga_0  {rise@0.000ns fall@5.000ns period=10.000ns})
  Path Group:             clk_fpga_0
  Path Type:              Hold (Min at Fast Process Corner)
  Requirement:            0.000ns  (clk_fpga_0 rise@0.000ns - clk_fpga_0 rise@0.000ns)
  Data Path Delay:        0.309ns  (logic 0.148ns (47.849%)  route 0.161ns (52.151%))
  Logic Levels:           0  
  Clock Path Skew:        0.273ns (DCD - SCD - CPR)
    Destination Clock Delay (DCD):    1.196ns
    Source Clock Delay      (SCD):    0.893ns
    Clock Pessimism Removal (CPR):    0.030ns

    Location             Delay type                Incr(ns)  Path(ns)    Netlist Resource(s)
  -------------------------------------------------------------------    -------------------
                         (clock clk_fpga_0 rise edge)
                                                      0.000     0.000 r  
    PS7_X0Y0             PS7                          0.000     0.000 r  design_1_i/processing_system7_0/inst/PS7_i/FCLKCLK[0]
                         net (fo=1, routed)           0.310     0.310    design_1_i/processing_system7_0/inst/FCLK_CLK_unbuffered[0]
    BUFGCTRL_X0Y16       BUFG (Prop_bufg_I_O)         0.026     0.336 r  design_1_i/processing_system7_0/inst/buffer_fclk_clk_0.FCLK_CLK_0_BUFG/O
                         net (fo=36655, routed)       0.557     0.893    design_1_i/smartconnect_0/inst/s00_nodes/s00_ar_node/inst/inst_mi_handler/gen_normal_area.inst_fifo_node_payld/gen_xpm_memory_fifo.inst_fifo/gen_mem_rep[0].inst_xpm_memory/xpm_memory_base_inst/clka
    SLICE_X42Y50         FDRE                                         r  design_1_i/smartconnect_0/inst/s00_nodes/s00_ar_node/inst/inst_mi_handler/gen_normal_area.inst_fifo_node_payld/gen_xpm_memory_fifo.inst_fifo/gen_mem_rep[0].inst_xpm_memory/xpm_memory_base_inst/gen_rd_b.gen_rd_b_synth_template.gen_rf_narrow_reg.doutb_reg_reg[4]/C
  -------------------------------------------------------------------    -------------------
    SLICE_X42Y50         FDRE (Prop_fdre_C_Q)         0.148     1.041 r  design_1_i/smartconnect_0/inst/s00_nodes/s00_ar_node/inst/inst_mi_handler/gen_normal_area.inst_fifo_node_payld/gen_xpm_memory_fifo.inst_fifo/gen_mem_rep[0].inst_xpm_memory/xpm_memory_base_inst/gen_rd_b.gen_rd_b_synth_template.gen_rf_narrow_reg.doutb_reg_reg[4]/Q
                         net (fo=1, routed)           0.161     1.202    design_1_i/smartconnect_0/inst/switchboards/ar_switchboard/inst/gen_mi[0].inst_opipe_payld/s_sc_payld[3]
    SLICE_X41Y49         FDRE                                         r  design_1_i/smartconnect_0/inst/switchboards/ar_switchboard/inst/gen_mi[0].inst_opipe_payld/gen_pipe[1].pipe_reg[1][4]/D
  -------------------------------------------------------------------    -------------------

                         (clock clk_fpga_0 rise edge)
                                                      0.000     0.000 r  
    PS7_X0Y0             PS7                          0.000     0.000 r  design_1_i/processing_system7_0/inst/PS7_i/FCLKCLK[0]
                         net (fo=1, routed)           0.337     0.337    design_1_i/processing_system7_0/inst/FCLK_CLK_unbuffered[0]
    BUFGCTRL_X0Y16       BUFG (Prop_bufg_I_O)         0.029     0.366 r  design_1_i/processing_system7_0/inst/buffer_fclk_clk_0.FCLK_CLK_0_BUFG/O
                         net (fo=36655, routed)       0.830     1.196    design_1_i/smartconnect_0/inst/switchboards/ar_switchboard/inst/gen_mi[0].inst_opipe_payld/aclk
    SLICE_X41Y49         FDRE                                         r  design_1_i/smartconnect_0/inst/switchboards/ar_switchboard/inst/gen_mi[0].inst_opipe_payld/gen_pipe[1].pipe_reg[1][4]/C
                         clock pessimism             -0.030     1.166    
    SLICE_X41Y49         FDRE (Hold_fdre_C_D)        -0.007     1.159    design_1_i/smartconnect_0/inst/switchboards/ar_switchboard/inst/gen_mi[0].inst_opipe_payld/gen_pipe[1].pipe_reg[1][4]
  -------------------------------------------------------------------
                         required time                         -1.159    
                         arrival time                           1.202    
  -------------------------------------------------------------------
                         slack                                  0.043    





Pulse Width Checks
--------------------------------------------------------------------------------------
Clock Name:         clk_fpga_0
Waveform(ns):       { 0.000 5.000 }
Period(ns):         10.000
Sources:            { design_1_i/processing_system7_0/inst/PS7_i/FCLKCLK[0] }

Check Type        Corner  Lib Pin             Reference Pin  Required(ns)  Actual(ns)  Slack(ns)  Location      Pin
Min Period        n/a     DSP48E1/CLK         n/a            3.884         10.000      6.116      DSP48_X0Y3    design_1_i/finn_design_wrapper_0/inst/finn_design_i/MVAU_hls_0/MVAU_hls_0/inst/grp_Matrix_Vector_Activate_Stream_Batch_fu_540/mac_muladd_8s_8s_16s_17_4_1_U4/MVAU_hls_0_mac_muladd_8s_8s_16s_17_4_1_DSP48_1_U/m_reg_reg/CLK
Min Period        n/a     DSP48E1/CLK         n/a            3.884         10.000      6.116      DSP48_X0Y4    design_1_i/finn_design_wrapper_0/inst/finn_design_i/MVAU_hls_0/MVAU_hls_0/inst/grp_Matrix_Vector_Activate_Stream_Batch_fu_540/mac_muladd_8s_8s_16s_17_4_1_U4/MVAU_hls_0_mac_muladd_8s_8s_16s_17_4_1_DSP48_1_U/p_reg_reg/CLK
Min Period        n/a     RAMB18E1/CLKARDCLK  n/a            2.944         10.000      7.056      RAMB18_X1Y2   design_1_i/finn_design_wrapper_0/inst/finn_design_i/MVAU_hls_0/MVAU_hls_0_wstrm/inst/core/mem/blkStage2.Mem_reg/CLKARDCLK
Min Period        n/a     RAMB18E1/CLKBWRCLK  n/a            2.944         10.000      7.056      RAMB18_X1Y2   design_1_i/finn_design_wrapper_0/inst/finn_design_i/MVAU_hls_0/MVAU_hls_0_wstrm/inst/core/mem/blkStage2.Mem_reg/CLKBWRCLK
Min Period        n/a     RAMB18E1/CLKARDCLK  n/a            2.944         10.000      7.056      RAMB18_X0Y14  design_1_i/finn_design_wrapper_0/inst/finn_design_i/StreamingFIFO_rtl_1/fifo/inst/gen_fifo.xpm_fifo_axis_inst/xpm_fifo_base_inst/gen_sdpram.xpm_memory_base_inst/gen_wr_a.gen_word_narrow.mem_reg/CLKARDCLK
Min Period        n/a     RAMB36E1/CLKARDCLK  n/a            2.944         10.000      7.056      RAMB36_X0Y3   design_1_i/finn_design_wrapper_0/inst/finn_design_i/StreamingFIFO_rtl_2/fifo/inst/gen_fifo.xpm_fifo_axis_inst/xpm_fifo_base_inst/gen_sdpram.xpm_memory_base_inst/gen_wr_a.gen_word_narrow.mem_reg_0/CLKARDCLK
Min Period        n/a     RAMB36E1/CLKARDCLK  n/a            2.944         10.000      7.056      RAMB36_X0Y4   design_1_i/finn_design_wrapper_0/inst/finn_design_i/StreamingFIFO_rtl_2/fifo/inst/gen_fifo.xpm_fifo_axis_inst/xpm_fifo_base_inst/gen_sdpram.xpm_memory_base_inst/gen_wr_a.gen_word_narrow.mem_reg_1/CLKARDCLK
Min Period        n/a     RAMB36E1/CLKARDCLK  n/a            2.944         10.000      7.056      RAMB36_X0Y2   design_1_i/finn_design_wrapper_0/inst/finn_design_i/StreamingFIFO_rtl_3/fifo/inst/gen_fifo.xpm_fifo_axis_inst/xpm_fifo_base_inst/gen_sdpram.xpm_memory_base_inst/gen_wr_a.gen_word_narrow.mem_reg_0/CLKARDCLK
Min Period        n/a     RAMB36E1/CLKARDCLK  n/a            2.944         10.000      7.056      RAMB36_X0Y1   design_1_i/finn_design_wrapper_0/inst/finn_design_i/StreamingFIFO_rtl_3/fifo/inst/gen_fifo.xpm_fifo_axis_inst/xpm_fifo_base_inst/gen_sdpram.xpm_memory_base_inst/gen_wr_a.gen_word_narrow.mem_reg_1/CLKARDCLK
Min Period        n/a     RAMB36E1/CLKARDCLK  n/a            2.944         10.000      7.056      RAMB36_X0Y0   design_1_i/finn_design_wrapper_0/inst/finn_design_i/StreamingFIFO_rtl_3/fifo/inst/gen_fifo.xpm_fifo_axis_inst/xpm_fifo_base_inst/gen_sdpram.xpm_memory_base_inst/gen_wr_a.gen_word_narrow.mem_reg_2/CLKARDCLK
Low Pulse Width   Slow    RAMD32/CLK          n/a            1.250         5.000       3.750      SLICE_X42Y87  design_1_i/axi_dma_0/U0/I_PRMRY_DATAMOVER/GEN_S2MM_FULL.I_S2MM_FULL_WRAPPER/GEN_ENABLE_INDET_BTT_SF.I_INDET_BTT/I_XD_FIFO/NON_BLK_MEM.I_SYNC_FIFOGEN_FIFO/xpm_fifo_instance.xpm_fifo_sync_inst/xpm_fifo_base_inst/gen_sdpram.xpm_memory_base_inst/gen_wr_a.gen_word_narrow.mem_reg_0_15_0_5/RAMA/CLK
Low Pulse Width   Fast    RAMD32/CLK          n/a            1.250         5.000       3.750      SLICE_X42Y87  design_1_i/axi_dma_0/U0/I_PRMRY_DATAMOVER/GEN_S2MM_FULL.I_S2MM_FULL_WRAPPER/GEN_ENABLE_INDET_BTT_SF.I_INDET_BTT/I_XD_FIFO/NON_BLK_MEM.I_SYNC_FIFOGEN_FIFO/xpm_fifo_instance.xpm_fifo_sync_inst/xpm_fifo_base_inst/gen_sdpram.xpm_memory_base_inst/gen_wr_a.gen_word_narrow.mem_reg_0_15_0_5/RAMA/CLK
Low Pulse Width   Slow    RAMD32/CLK          n/a            1.250         5.000       3.750      SLICE_X42Y87  design_1_i/axi_dma_0/U0/I_PRMRY_DATAMOVER/GEN_S2MM_FULL.I_S2MM_FULL_WRAPPER/GEN_ENABLE_INDET_BTT_SF.I_INDET_BTT/I_XD_FIFO/NON_BLK_MEM.I_SYNC_FIFOGEN_FIFO/xpm_fifo_instance.xpm_fifo_sync_inst/xpm_fifo_base_inst/gen_sdpram.xpm_memory_base_inst/gen_wr_a.gen_word_narrow.mem_reg_0_15_0_5/RAMA_D1/CLK
Low Pulse Width   Fast    RAMD32/CLK          n/a            1.250         5.000       3.750      SLICE_X42Y87  design_1_i/axi_dma_0/U0/I_PRMRY_DATAMOVER/GEN_S2MM_FULL.I_S2MM_FULL_WRAPPER/GEN_ENABLE_INDET_BTT_SF.I_INDET_BTT/I_XD_FIFO/NON_BLK_MEM.I_SYNC_FIFOGEN_FIFO/xpm_fifo_instance.xpm_fifo_sync_inst/xpm_fifo_base_inst/gen_sdpram.xpm_memory_base_inst/gen_wr_a.gen_word_narrow.mem_reg_0_15_0_5/RAMA_D1/CLK
Low Pulse Width   Slow    RAMD32/CLK          n/a            1.250         5.000       3.750      SLICE_X42Y87  design_1_i/axi_dma_0/U0/I_PRMRY_DATAMOVER/GEN_S2MM_FULL.I_S2MM_FULL_WRAPPER/GEN_ENABLE_INDET_BTT_SF.I_INDET_BTT/I_XD_FIFO/NON_BLK_MEM.I_SYNC_FIFOGEN_FIFO/xpm_fifo_instance.xpm_fifo_sync_inst/xpm_fifo_base_inst/gen_sdpram.xpm_memory_base_inst/gen_wr_a.gen_word_narrow.mem_reg_0_15_0_5/RAMB/CLK
Low Pulse Width   Fast    RAMD32/CLK          n/a            1.250         5.000       3.750      SLICE_X42Y87  design_1_i/axi_dma_0/U0/I_PRMRY_DATAMOVER/GEN_S2MM_FULL.I_S2MM_FULL_WRAPPER/GEN_ENABLE_INDET_BTT_SF.I_INDET_BTT/I_XD_FIFO/NON_BLK_MEM.I_SYNC_FIFOGEN_FIFO/xpm_fifo_instance.xpm_fifo_sync_inst/xpm_fifo_base_inst/gen_sdpram.xpm_memory_base_inst/gen_wr_a.gen_word_narrow.mem_reg_0_15_0_5/RAMB/CLK
Low Pulse Width   Slow    RAMD32/CLK          n/a            1.250         5.000       3.750      SLICE_X42Y87  design_1_i/axi_dma_0/U0/I_PRMRY_DATAMOVER/GEN_S2MM_FULL.I_S2MM_FULL_WRAPPER/GEN_ENABLE_INDET_BTT_SF.I_INDET_BTT/I_XD_FIFO/NON_BLK_MEM.I_SYNC_FIFOGEN_FIFO/xpm_fifo_instance.xpm_fifo_sync_inst/xpm_fifo_base_inst/gen_sdpram.xpm_memory_base_inst/gen_wr_a.gen_word_narrow.mem_reg_0_15_0_5/RAMB_D1/CLK
Low Pulse Width   Fast    RAMD32/CLK          n/a            1.250         5.000       3.750      SLICE_X42Y87  design_1_i/axi_dma_0/U0/I_PRMRY_DATAMOVER/GEN_S2MM_FULL.I_S2MM_FULL_WRAPPER/GEN_ENABLE_INDET_BTT_SF.I_INDET_BTT/I_XD_FIFO/NON_BLK_MEM.I_SYNC_FIFOGEN_FIFO/xpm_fifo_instance.xpm_fifo_sync_inst/xpm_fifo_base_inst/gen_sdpram.xpm_memory_base_inst/gen_wr_a.gen_word_narrow.mem_reg_0_15_0_5/RAMB_D1/CLK
Low Pulse Width   Slow    RAMD32/CLK          n/a            1.250         5.000       3.750      SLICE_X42Y87  design_1_i/axi_dma_0/U0/I_PRMRY_DATAMOVER/GEN_S2MM_FULL.I_S2MM_FULL_WRAPPER/GEN_ENABLE_INDET_BTT_SF.I_INDET_BTT/I_XD_FIFO/NON_BLK_MEM.I_SYNC_FIFOGEN_FIFO/xpm_fifo_instance.xpm_fifo_sync_inst/xpm_fifo_base_inst/gen_sdpram.xpm_memory_base_inst/gen_wr_a.gen_word_narrow.mem_reg_0_15_0_5/RAMC/CLK
Low Pulse Width   Fast    RAMD32/CLK          n/a            1.250         5.000       3.750      SLICE_X42Y87  design_1_i/axi_dma_0/U0/I_PRMRY_DATAMOVER/GEN_S2MM_FULL.I_S2MM_FULL_WRAPPER/GEN_ENABLE_INDET_BTT_SF.I_INDET_BTT/I_XD_FIFO/NON_BLK_MEM.I_SYNC_FIFOGEN_FIFO/xpm_fifo_instance.xpm_fifo_sync_inst/xpm_fifo_base_inst/gen_sdpram.xpm_memory_base_inst/gen_wr_a.gen_word_narrow.mem_reg_0_15_0_5/RAMC/CLK
High Pulse Width  Slow    RAMD32/CLK          n/a            1.250         5.000       3.750      SLICE_X42Y87  design_1_i/axi_dma_0/U0/I_PRMRY_DATAMOVER/GEN_S2MM_FULL.I_S2MM_FULL_WRAPPER/GEN_ENABLE_INDET_BTT_SF.I_INDET_BTT/I_XD_FIFO/NON_BLK_MEM.I_SYNC_FIFOGEN_FIFO/xpm_fifo_instance.xpm_fifo_sync_inst/xpm_fifo_base_inst/gen_sdpram.xpm_memory_base_inst/gen_wr_a.gen_word_narrow.mem_reg_0_15_0_5/RAMA/CLK
High Pulse Width  Fast    RAMD32/CLK          n/a            1.250         5.000       3.750      SLICE_X42Y87  design_1_i/axi_dma_0/U0/I_PRMRY_DATAMOVER/GEN_S2MM_FULL.I_S2MM_FULL_WRAPPER/GEN_ENABLE_INDET_BTT_SF.I_INDET_BTT/I_XD_FIFO/NON_BLK_MEM.I_SYNC_FIFOGEN_FIFO/xpm_fifo_instance.xpm_fifo_sync_inst/xpm_fifo_base_inst/gen_sdpram.xpm_memory_base_inst/gen_wr_a.gen_word_narrow.mem_reg_0_15_0_5/RAMA/CLK
High Pulse Width  Slow    RAMD32/CLK          n/a            1.250         5.000       3.750      SLICE_X42Y87  design_1_i/axi_dma_0/U0/I_PRMRY_DATAMOVER/GEN_S2MM_FULL.I_S2MM_FULL_WRAPPER/GEN_ENABLE_INDET_BTT_SF.I_INDET_BTT/I_XD_FIFO/NON_BLK_MEM.I_SYNC_FIFOGEN_FIFO/xpm_fifo_instance.xpm_fifo_sync_inst/xpm_fifo_base_inst/gen_sdpram.xpm_memory_base_inst/gen_wr_a.gen_word_narrow.mem_reg_0_15_0_5/RAMA_D1/CLK
High Pulse Width  Fast    RAMD32/CLK          n/a            1.250         5.000       3.750      SLICE_X42Y87  design_1_i/axi_dma_0/U0/I_PRMRY_DATAMOVER/GEN_S2MM_FULL.I_S2MM_FULL_WRAPPER/GEN_ENABLE_INDET_BTT_SF.I_INDET_BTT/I_XD_FIFO/NON_BLK_MEM.I_SYNC_FIFOGEN_FIFO/xpm_fifo_instance.xpm_fifo_sync_inst/xpm_fifo_base_inst/gen_sdpram.xpm_memory_base_inst/gen_wr_a.gen_word_narrow.mem_reg_0_15_0_5/RAMA_D1/CLK
High Pulse Width  Slow    RAMD32/CLK          n/a            1.250         5.000       3.750      SLICE_X42Y87  design_1_i/axi_dma_0/U0/I_PRMRY_DATAMOVER/GEN_S2MM_FULL.I_S2MM_FULL_WRAPPER/GEN_ENABLE_INDET_BTT_SF.I_INDET_BTT/I_XD_FIFO/NON_BLK_MEM.I_SYNC_FIFOGEN_FIFO/xpm_fifo_instance.xpm_fifo_sync_inst/xpm_fifo_base_inst/gen_sdpram.xpm_memory_base_inst/gen_wr_a.gen_word_narrow.mem_reg_0_15_0_5/RAMB/CLK
High Pulse Width  Fast    RAMD32/CLK          n/a            1.250         5.000       3.750      SLICE_X42Y87  design_1_i/axi_dma_0/U0/I_PRMRY_DATAMOVER/GEN_S2MM_FULL.I_S2MM_FULL_WRAPPER/GEN_ENABLE_INDET_BTT_SF.I_INDET_BTT/I_XD_FIFO/NON_BLK_MEM.I_SYNC_FIFOGEN_FIFO/xpm_fifo_instance.xpm_fifo_sync_inst/xpm_fifo_base_inst/gen_sdpram.xpm_memory_base_inst/gen_wr_a.gen_word_narrow.mem_reg_0_15_0_5/RAMB/CLK
High Pulse Width  Slow    RAMD32/CLK          n/a            1.250         5.000       3.750      SLICE_X42Y87  design_1_i/axi_dma_0/U0/I_PRMRY_DATAMOVER/GEN_S2MM_FULL.I_S2MM_FULL_WRAPPER/GEN_ENABLE_INDET_BTT_SF.I_INDET_BTT/I_XD_FIFO/NON_BLK_MEM.I_SYNC_FIFOGEN_FIFO/xpm_fifo_instance.xpm_fifo_sync_inst/xpm_fifo_base_inst/gen_sdpram.xpm_memory_base_inst/gen_wr_a.gen_word_narrow.mem_reg_0_15_0_5/RAMB_D1/CLK
High Pulse Width  Fast    RAMD32/CLK          n/a            1.250         5.000       3.750      SLICE_X42Y87  design_1_i/axi_dma_0/U0/I_PRMRY_DATAMOVER/GEN_S2MM_FULL.I_S2MM_FULL_WRAPPER/GEN_ENABLE_INDET_BTT_SF.I_INDET_BTT/I_XD_FIFO/NON_BLK_MEM.I_SYNC_FIFOGEN_FIFO/xpm_fifo_instance.xpm_fifo_sync_inst/xpm_fifo_base_inst/gen_sdpram.xpm_memory_base_inst/gen_wr_a.gen_word_narrow.mem_reg_0_15_0_5/RAMB_D1/CLK
High Pulse Width  Slow    RAMD32/CLK          n/a            1.250         5.000       3.750      SLICE_X42Y87  design_1_i/axi_dma_0/U0/I_PRMRY_DATAMOVER/GEN_S2MM_FULL.I_S2MM_FULL_WRAPPER/GEN_ENABLE_INDET_BTT_SF.I_INDET_BTT/I_XD_FIFO/NON_BLK_MEM.I_SYNC_FIFOGEN_FIFO/xpm_fifo_instance.xpm_fifo_sync_inst/xpm_fifo_base_inst/gen_sdpram.xpm_memory_base_inst/gen_wr_a.gen_word_narrow.mem_reg_0_15_0_5/RAMC/CLK
High Pulse Width  Fast    RAMD32/CLK          n/a            1.250         5.000       3.750      SLICE_X42Y87  design_1_i/axi_dma_0/U0/I_PRMRY_DATAMOVER/GEN_S2MM_FULL.I_S2MM_FULL_WRAPPER/GEN_ENABLE_INDET_BTT_SF.I_INDET_BTT/I_XD_FIFO/NON_BLK_MEM.I_SYNC_FIFOGEN_FIFO/xpm_fifo_instance.xpm_fifo_sync_inst/xpm_fifo_base_inst/gen_sdpram.xpm_memory_base_inst/gen_wr_a.gen_word_narrow.mem_reg_0_15_0_5/RAMC/CLK



--------------------------------------------------------------------------------------
Path Group:  (none)
From Clock:  
  To Clock:  clk_fpga_0

Max Delay             1 Endpoint
Min Delay             1 Endpoint
--------------------------------------------------------------------------------------


Max Delay Paths
--------------------------------------------------------------------------------------
Slack:                    inf
  Source:                 design_1_i/processing_system7_0/inst/PS7_i/FCLKRESETN[0]
                            (internal pin)
  Destination:            design_1_i/rst_ps7_0_100M/U0/EXT_LPF/ACTIVE_LOW_EXT.ACT_LO_EXT/GENERATE_LEVEL_P_S_CDC.SINGLE_BIT.CROSS_PLEVEL_IN2SCNDRY_IN_cdc_to/D
                            (rising edge-triggered cell FDRE clocked by clk_fpga_0  {rise@0.000ns fall@5.000ns period=10.000ns})
  Path Group:             (none)
  Path Type:              Setup (Max at Slow Process Corner)
  Data Path Delay:        1.936ns  (logic 0.124ns (6.404%)  route 1.812ns (93.596%))
  Logic Levels:           1  (LUT1=1)
  Clock Uncertainty:      0.152ns  ((TSJ^2 + TIJ^2)^1/2 + DJ) / 2 + PE
    Total System Jitter     (TSJ):    0.050ns
    Total Input Jitter      (TIJ):    0.300ns
    Discrete Jitter          (DJ):    0.000ns
    Phase Error              (PE):    0.000ns
  Timing Exception:       False Path

    Location             Delay type                Incr(ns)  Path(ns)    Netlist Resource(s)
  -------------------------------------------------------------------    -------------------
    PS7_X0Y0             PS7                          0.000     0.000 f  design_1_i/processing_system7_0/inst/PS7_i/FCLKRESETN[0]
                         net (fo=1, routed)           0.825     0.825    design_1_i/rst_ps7_0_100M/U0/EXT_LPF/ACTIVE_LOW_EXT.ACT_LO_EXT/ext_reset_in
    SLICE_X28Y89         LUT1 (Prop_lut1_I0_O)        0.124     0.949 r  design_1_i/rst_ps7_0_100M/U0/EXT_LPF/ACTIVE_LOW_EXT.ACT_LO_EXT/GENERATE_LEVEL_P_S_CDC.SINGLE_BIT.CROSS_PLEVEL_IN2SCNDRY_IN_cdc_to_i_1/O
                         net (fo=1, routed)           0.988     1.936    design_1_i/rst_ps7_0_100M/U0/EXT_LPF/ACTIVE_LOW_EXT.ACT_LO_EXT/exr_d1
    SLICE_X26Y102        FDRE                                         r  design_1_i/rst_ps7_0_100M/U0/EXT_LPF/ACTIVE_LOW_EXT.ACT_LO_EXT/GENERATE_LEVEL_P_S_CDC.SINGLE_BIT.CROSS_PLEVEL_IN2SCNDRY_IN_cdc_to/D
  -------------------------------------------------------------------    -------------------

                         (clock clk_fpga_0 rise edge)
                                                      0.000     0.000 r  
    PS7_X0Y0             PS7                          0.000     0.000 r  design_1_i/processing_system7_0/inst/PS7_i/FCLKCLK[0]
                         net (fo=1, routed)           1.088     1.088    design_1_i/processing_system7_0/inst/FCLK_CLK_unbuffered[0]
    BUFGCTRL_X0Y16       BUFG (Prop_bufg_I_O)         0.091     1.179 r  design_1_i/processing_system7_0/inst/buffer_fclk_clk_0.FCLK_CLK_0_BUFG/O
                         net (fo=36655, routed)       1.696     2.875    design_1_i/rst_ps7_0_100M/U0/EXT_LPF/ACTIVE_LOW_EXT.ACT_LO_EXT/slowest_sync_clk
    SLICE_X26Y102        FDRE                                         r  design_1_i/rst_ps7_0_100M/U0/EXT_LPF/ACTIVE_LOW_EXT.ACT_LO_EXT/GENERATE_LEVEL_P_S_CDC.SINGLE_BIT.CROSS_PLEVEL_IN2SCNDRY_IN_cdc_to/C





Min Delay Paths
--------------------------------------------------------------------------------------
Slack:                    inf
  Source:                 design_1_i/processing_system7_0/inst/PS7_i/FCLKRESETN[0]
                            (internal pin)
  Destination:            design_1_i/rst_ps7_0_100M/U0/EXT_LPF/ACTIVE_LOW_EXT.ACT_LO_EXT/GENERATE_LEVEL_P_S_CDC.SINGLE_BIT.CROSS_PLEVEL_IN2SCNDRY_IN_cdc_to/D
                            (rising edge-triggered cell FDRE clocked by clk_fpga_0  {rise@0.000ns fall@5.000ns period=10.000ns})
  Path Group:             (none)
  Path Type:              Hold (Min at Fast Process Corner)
  Data Path Delay:        0.693ns  (logic 0.045ns (6.490%)  route 0.648ns (93.510%))
  Logic Levels:           1  (LUT1=1)
  Clock Uncertainty:      0.152ns  ((TSJ^2 + TIJ^2)^1/2 + DJ) / 2 + PE
    Total System Jitter     (TSJ):    0.050ns
    Total Input Jitter      (TIJ):    0.300ns
    Discrete Jitter          (DJ):    0.000ns
    Phase Error              (PE):    0.000ns
  Timing Exception:       False Path

    Location             Delay type                Incr(ns)  Path(ns)    Netlist Resource(s)
  -------------------------------------------------------------------    -------------------
    PS7_X0Y0             PS7                          0.000     0.000 f  design_1_i/processing_system7_0/inst/PS7_i/FCLKRESETN[0]
                         net (fo=1, routed)           0.275     0.275    design_1_i/rst_ps7_0_100M/U0/EXT_LPF/ACTIVE_LOW_EXT.ACT_LO_EXT/ext_reset_in
    SLICE_X28Y89         LUT1 (Prop_lut1_I0_O)        0.045     0.320 r  design_1_i/rst_ps7_0_100M/U0/EXT_LPF/ACTIVE_LOW_EXT.ACT_LO_EXT/GENERATE_LEVEL_P_S_CDC.SINGLE_BIT.CROSS_PLEVEL_IN2SCNDRY_IN_cdc_to_i_1/O
                         net (fo=1, routed)           0.374     0.693    design_1_i/rst_ps7_0_100M/U0/EXT_LPF/ACTIVE_LOW_EXT.ACT_LO_EXT/exr_d1
    SLICE_X26Y102        FDRE                                         r  design_1_i/rst_ps7_0_100M/U0/EXT_LPF/ACTIVE_LOW_EXT.ACT_LO_EXT/GENERATE_LEVEL_P_S_CDC.SINGLE_BIT.CROSS_PLEVEL_IN2SCNDRY_IN_cdc_to/D
  -------------------------------------------------------------------    -------------------

                         (clock clk_fpga_0 rise edge)
                                                      0.000     0.000 r  
    PS7_X0Y0             PS7                          0.000     0.000 r  design_1_i/processing_system7_0/inst/PS7_i/FCLKCLK[0]
                         net (fo=1, routed)           0.337     0.337    design_1_i/processing_system7_0/inst/FCLK_CLK_unbuffered[0]
    BUFGCTRL_X0Y16       BUFG (Prop_bufg_I_O)         0.029     0.366 r  design_1_i/processing_system7_0/inst/buffer_fclk_clk_0.FCLK_CLK_0_BUFG/O
                         net (fo=36655, routed)       0.930     1.296    design_1_i/rst_ps7_0_100M/U0/EXT_LPF/ACTIVE_LOW_EXT.ACT_LO_EXT/slowest_sync_clk
    SLICE_X26Y102        FDRE                                         r  design_1_i/rst_ps7_0_100M/U0/EXT_LPF/ACTIVE_LOW_EXT.ACT_LO_EXT/GENERATE_LEVEL_P_S_CDC.SINGLE_BIT.CROSS_PLEVEL_IN2SCNDRY_IN_cdc_to/C





--------------------------------------------------------------------------------------
Path Group:  (none)
From Clock:  clk_fpga_0
  To Clock:  clk_fpga_0

Max Delay            51 Endpoints
Min Delay            51 Endpoints
--------------------------------------------------------------------------------------


Max Delay Paths
--------------------------------------------------------------------------------------
Slack:                    inf
  Source:                 design_1_i/rst_ps7_0_100M/U0/ACTIVE_LOW_PR_OUT_DFF[0].FDRE_PER_N/C
                            (rising edge-triggered cell FDRE clocked by clk_fpga_0  {rise@0.000ns fall@5.000ns period=10.000ns})
  Destination:            design_1_i/finn_design_wrapper_0/inst/finn_design_i/StreamingFIFO_rtl_3/fifo/inst/gen_fifo.xpm_fifo_axis_inst/gaxis_rst_sync.xpm_cdc_sync_rst_inst/syncstages_ff_reg[0]/D
                            (rising edge-triggered cell FDRE clocked by clk_fpga_0  {rise@0.000ns fall@5.000ns period=10.000ns})
  Path Group:             (none)
  Path Type:              Setup (Max at Slow Process Corner)
  Data Path Delay:        6.379ns  (logic 0.642ns (10.064%)  route 5.737ns (89.936%))
  Logic Levels:           1  (LUT1=1)
  Clock Path Skew:        -0.088ns (DCD - SCD + CPR)
    Destination Clock Delay (DCD):    2.838ns
    Source Clock Delay      (SCD):    2.926ns
    Clock Pessimism Removal (CPR):    0.000ns
  Clock Uncertainty:      0.154ns  ((TSJ^2 + TIJ^2)^1/2 + DJ) / 2 + PE
    Total System Jitter     (TSJ):    0.071ns
    Total Input Jitter      (TIJ):    0.300ns
    Discrete Jitter          (DJ):    0.000ns
    Phase Error              (PE):    0.000ns
  Timing Exception:       False Path

    Location             Delay type                Incr(ns)  Path(ns)    Netlist Resource(s)
  -------------------------------------------------------------------    -------------------
                         (clock clk_fpga_0 rise edge)
                                                      0.000     0.000 r  
    PS7_X0Y0             PS7                          0.000     0.000 r  design_1_i/processing_system7_0/inst/PS7_i/FCLKCLK[0]
                         net (fo=1, routed)           1.193     1.193    design_1_i/processing_system7_0/inst/FCLK_CLK_unbuffered[0]
    BUFGCTRL_X0Y16       BUFG (Prop_bufg_I_O)         0.101     1.294 r  design_1_i/processing_system7_0/inst/buffer_fclk_clk_0.FCLK_CLK_0_BUFG/O
                         net (fo=36655, routed)       1.632     2.926    design_1_i/rst_ps7_0_100M/U0/slowest_sync_clk
    SLICE_X36Y74         FDRE                                         r  design_1_i/rst_ps7_0_100M/U0/ACTIVE_LOW_PR_OUT_DFF[0].FDRE_PER_N/C
  -------------------------------------------------------------------    -------------------
    SLICE_X36Y74         FDRE (Prop_fdre_C_Q)         0.518     3.444 f  design_1_i/rst_ps7_0_100M/U0/ACTIVE_LOW_PR_OUT_DFF[0].FDRE_PER_N/Q
                         net (fo=72, routed)          5.272     8.716    design_1_i/finn_design_wrapper_0/inst/finn_design_i/StreamingFIFO_rtl_3/fifo/inst/gen_fifo.xpm_fifo_axis_inst/s_aresetn
    SLICE_X3Y6           LUT1 (Prop_lut1_I0_O)        0.124     8.840 r  design_1_i/finn_design_wrapper_0/inst/finn_design_i/StreamingFIFO_rtl_3/fifo/inst/gen_fifo.xpm_fifo_axis_inst/gaxis_rst_sync.xpm_cdc_sync_rst_inst_i_1/O
                         net (fo=1, routed)           0.466     9.305    design_1_i/finn_design_wrapper_0/inst/finn_design_i/StreamingFIFO_rtl_3/fifo/inst/gen_fifo.xpm_fifo_axis_inst/gaxis_rst_sync.xpm_cdc_sync_rst_inst/src_rst
    SLICE_X3Y5           FDRE                                         r  design_1_i/finn_design_wrapper_0/inst/finn_design_i/StreamingFIFO_rtl_3/fifo/inst/gen_fifo.xpm_fifo_axis_inst/gaxis_rst_sync.xpm_cdc_sync_rst_inst/syncstages_ff_reg[0]/D
  -------------------------------------------------------------------    -------------------

                         (clock clk_fpga_0 rise edge)
                                                      0.000     0.000 r  
    PS7_X0Y0             PS7                          0.000     0.000 r  design_1_i/processing_system7_0/inst/PS7_i/FCLKCLK[0]
                         net (fo=1, routed)           1.088     1.088    design_1_i/processing_system7_0/inst/FCLK_CLK_unbuffered[0]
    BUFGCTRL_X0Y16       BUFG (Prop_bufg_I_O)         0.091     1.179 r  design_1_i/processing_system7_0/inst/buffer_fclk_clk_0.FCLK_CLK_0_BUFG/O
                         net (fo=36655, routed)       1.659     2.839    design_1_i/finn_design_wrapper_0/inst/finn_design_i/StreamingFIFO_rtl_3/fifo/inst/gen_fifo.xpm_fifo_axis_inst/gaxis_rst_sync.xpm_cdc_sync_rst_inst/dest_clk
    SLICE_X3Y5           FDRE                                         r  design_1_i/finn_design_wrapper_0/inst/finn_design_i/StreamingFIFO_rtl_3/fifo/inst/gen_fifo.xpm_fifo_axis_inst/gaxis_rst_sync.xpm_cdc_sync_rst_inst/syncstages_ff_reg[0]/C

Slack:                    inf
  Source:                 design_1_i/rst_ps7_0_100M/U0/ACTIVE_LOW_PR_OUT_DFF[0].FDRE_PER_N/C
                            (rising edge-triggered cell FDRE clocked by clk_fpga_0  {rise@0.000ns fall@5.000ns period=10.000ns})
  Destination:            design_1_i/finn_design_wrapper_0/inst/finn_design_i/StreamingFIFO_rtl_2/fifo/inst/gen_fifo.xpm_fifo_axis_inst/gaxis_rst_sync.xpm_cdc_sync_rst_inst/syncstages_ff_reg[0]/D
                            (rising edge-triggered cell FDRE clocked by clk_fpga_0  {rise@0.000ns fall@5.000ns period=10.000ns})
  Path Group:             (none)
  Path Type:              Setup (Max at Slow Process Corner)
  Data Path Delay:        5.612ns  (logic 0.642ns (11.439%)  route 4.970ns (88.561%))
  Logic Levels:           1  (LUT1=1)
  Clock Path Skew:        -0.173ns (DCD - SCD + CPR)
    Destination Clock Delay (DCD):    2.753ns
    Source Clock Delay      (SCD):    2.926ns
    Clock Pessimism Removal (CPR):    0.000ns
  Clock Uncertainty:      0.154ns  ((TSJ^2 + TIJ^2)^1/2 + DJ) / 2 + PE
    Total System Jitter     (TSJ):    0.071ns
    Total Input Jitter      (TIJ):    0.300ns
    Discrete Jitter          (DJ):    0.000ns
    Phase Error              (PE):    0.000ns
  Timing Exception:       False Path

    Location             Delay type                Incr(ns)  Path(ns)    Netlist Resource(s)
  -------------------------------------------------------------------    -------------------
                         (clock clk_fpga_0 rise edge)
                                                      0.000     0.000 r  
    PS7_X0Y0             PS7                          0.000     0.000 r  design_1_i/processing_system7_0/inst/PS7_i/FCLKCLK[0]
                         net (fo=1, routed)           1.193     1.193    design_1_i/processing_system7_0/inst/FCLK_CLK_unbuffered[0]
    BUFGCTRL_X0Y16       BUFG (Prop_bufg_I_O)         0.101     1.294 r  design_1_i/processing_system7_0/inst/buffer_fclk_clk_0.FCLK_CLK_0_BUFG/O
                         net (fo=36655, routed)       1.632     2.926    design_1_i/rst_ps7_0_100M/U0/slowest_sync_clk
    SLICE_X36Y74         FDRE                                         r  design_1_i/rst_ps7_0_100M/U0/ACTIVE_LOW_PR_OUT_DFF[0].FDRE_PER_N/C
  -------------------------------------------------------------------    -------------------
    SLICE_X36Y74         FDRE (Prop_fdre_C_Q)         0.518     3.444 f  design_1_i/rst_ps7_0_100M/U0/ACTIVE_LOW_PR_OUT_DFF[0].FDRE_PER_N/Q
                         net (fo=72, routed)          4.502     7.946    design_1_i/finn_design_wrapper_0/inst/finn_design_i/StreamingFIFO_rtl_2/fifo/inst/gen_fifo.xpm_fifo_axis_inst/s_aresetn
    SLICE_X9Y17          LUT1 (Prop_lut1_I0_O)        0.124     8.070 r  design_1_i/finn_design_wrapper_0/inst/finn_design_i/StreamingFIFO_rtl_2/fifo/inst/gen_fifo.xpm_fifo_axis_inst/gaxis_rst_sync.xpm_cdc_sync_rst_inst_i_1/O
                         net (fo=1, routed)           0.468     8.538    design_1_i/finn_design_wrapper_0/inst/finn_design_i/StreamingFIFO_rtl_2/fifo/inst/gen_fifo.xpm_fifo_axis_inst/gaxis_rst_sync.xpm_cdc_sync_rst_inst/src_rst
    SLICE_X10Y17         FDRE                                         r  design_1_i/finn_design_wrapper_0/inst/finn_design_i/StreamingFIFO_rtl_2/fifo/inst/gen_fifo.xpm_fifo_axis_inst/gaxis_rst_sync.xpm_cdc_sync_rst_inst/syncstages_ff_reg[0]/D
  -------------------------------------------------------------------    -------------------

                         (clock clk_fpga_0 rise edge)
                                                      0.000     0.000 r  
    PS7_X0Y0             PS7                          0.000     0.000 r  design_1_i/processing_system7_0/inst/PS7_i/FCLKCLK[0]
                         net (fo=1, routed)           1.088     1.088    design_1_i/processing_system7_0/inst/FCLK_CLK_unbuffered[0]
    BUFGCTRL_X0Y16       BUFG (Prop_bufg_I_O)         0.091     1.179 r  design_1_i/processing_system7_0/inst/buffer_fclk_clk_0.FCLK_CLK_0_BUFG/O
                         net (fo=36655, routed)       1.573     2.753    design_1_i/finn_design_wrapper_0/inst/finn_design_i/StreamingFIFO_rtl_2/fifo/inst/gen_fifo.xpm_fifo_axis_inst/gaxis_rst_sync.xpm_cdc_sync_rst_inst/dest_clk
    SLICE_X10Y17         FDRE                                         r  design_1_i/finn_design_wrapper_0/inst/finn_design_i/StreamingFIFO_rtl_2/fifo/inst/gen_fifo.xpm_fifo_axis_inst/gaxis_rst_sync.xpm_cdc_sync_rst_inst/syncstages_ff_reg[0]/C

Slack:                    inf
  Source:                 design_1_i/rst_ps7_0_100M/U0/ACTIVE_LOW_PR_OUT_DFF[0].FDRE_PER_N/C
                            (rising edge-triggered cell FDRE clocked by clk_fpga_0  {rise@0.000ns fall@5.000ns period=10.000ns})
  Destination:            design_1_i/finn_design_wrapper_0/inst/finn_design_i/StreamingFIFO_rtl_1/fifo/inst/gen_fifo.xpm_fifo_axis_inst/gaxis_rst_sync.xpm_cdc_sync_rst_inst/syncstages_ff_reg[0]/D
                            (rising edge-triggered cell FDRE clocked by clk_fpga_0  {rise@0.000ns fall@5.000ns period=10.000ns})
  Path Group:             (none)
  Path Type:              Setup (Max at Slow Process Corner)
  Data Path Delay:        4.728ns  (logic 0.642ns (13.578%)  route 4.086ns (86.422%))
  Logic Levels:           1  (LUT1=1)
  Clock Path Skew:        -0.094ns (DCD - SCD + CPR)
    Destination Clock Delay (DCD):    2.831ns
    Source Clock Delay      (SCD):    2.926ns
    Clock Pessimism Removal (CPR):    0.000ns
  Clock Uncertainty:      0.154ns  ((TSJ^2 + TIJ^2)^1/2 + DJ) / 2 + PE
    Total System Jitter     (TSJ):    0.071ns
    Total Input Jitter      (TIJ):    0.300ns
    Discrete Jitter          (DJ):    0.000ns
    Phase Error              (PE):    0.000ns
  Timing Exception:       False Path

    Location             Delay type                Incr(ns)  Path(ns)    Netlist Resource(s)
  -------------------------------------------------------------------    -------------------
                         (clock clk_fpga_0 rise edge)
                                                      0.000     0.000 r  
    PS7_X0Y0             PS7                          0.000     0.000 r  design_1_i/processing_system7_0/inst/PS7_i/FCLKCLK[0]
                         net (fo=1, routed)           1.193     1.193    design_1_i/processing_system7_0/inst/FCLK_CLK_unbuffered[0]
    BUFGCTRL_X0Y16       BUFG (Prop_bufg_I_O)         0.101     1.294 r  design_1_i/processing_system7_0/inst/buffer_fclk_clk_0.FCLK_CLK_0_BUFG/O
                         net (fo=36655, routed)       1.632     2.926    design_1_i/rst_ps7_0_100M/U0/slowest_sync_clk
    SLICE_X36Y74         FDRE                                         r  design_1_i/rst_ps7_0_100M/U0/ACTIVE_LOW_PR_OUT_DFF[0].FDRE_PER_N/C
  -------------------------------------------------------------------    -------------------
    SLICE_X36Y74         FDRE (Prop_fdre_C_Q)         0.518     3.444 f  design_1_i/rst_ps7_0_100M/U0/ACTIVE_LOW_PR_OUT_DFF[0].FDRE_PER_N/Q
                         net (fo=72, routed)          3.473     6.917    design_1_i/finn_design_wrapper_0/inst/finn_design_i/StreamingFIFO_rtl_1/fifo/inst/gen_fifo.xpm_fifo_axis_inst/s_aresetn
    SLICE_X6Y33          LUT1 (Prop_lut1_I0_O)        0.124     7.041 r  design_1_i/finn_design_wrapper_0/inst/finn_design_i/StreamingFIFO_rtl_1/fifo/inst/gen_fifo.xpm_fifo_axis_inst/gaxis_rst_sync.xpm_cdc_sync_rst_inst_i_1/O
                         net (fo=1, routed)           0.613     7.654    design_1_i/finn_design_wrapper_0/inst/finn_design_i/StreamingFIFO_rtl_1/fifo/inst/gen_fifo.xpm_fifo_axis_inst/gaxis_rst_sync.xpm_cdc_sync_rst_inst/src_rst
    SLICE_X1Y33          FDRE                                         r  design_1_i/finn_design_wrapper_0/inst/finn_design_i/StreamingFIFO_rtl_1/fifo/inst/gen_fifo.xpm_fifo_axis_inst/gaxis_rst_sync.xpm_cdc_sync_rst_inst/syncstages_ff_reg[0]/D
  -------------------------------------------------------------------    -------------------

                         (clock clk_fpga_0 rise edge)
                                                      0.000     0.000 r  
    PS7_X0Y0             PS7                          0.000     0.000 r  design_1_i/processing_system7_0/inst/PS7_i/FCLKCLK[0]
                         net (fo=1, routed)           1.088     1.088    design_1_i/processing_system7_0/inst/FCLK_CLK_unbuffered[0]
    BUFGCTRL_X0Y16       BUFG (Prop_bufg_I_O)         0.091     1.179 r  design_1_i/processing_system7_0/inst/buffer_fclk_clk_0.FCLK_CLK_0_BUFG/O
                         net (fo=36655, routed)       1.652     2.832    design_1_i/finn_design_wrapper_0/inst/finn_design_i/StreamingFIFO_rtl_1/fifo/inst/gen_fifo.xpm_fifo_axis_inst/gaxis_rst_sync.xpm_cdc_sync_rst_inst/dest_clk
    SLICE_X1Y33          FDRE                                         r  design_1_i/finn_design_wrapper_0/inst/finn_design_i/StreamingFIFO_rtl_1/fifo/inst/gen_fifo.xpm_fifo_axis_inst/gaxis_rst_sync.xpm_cdc_sync_rst_inst/syncstages_ff_reg[0]/C

Slack:                    inf
  Source:                 design_1_i/smartconnect_0/inst/clk_map/psr_aclk/U0/ACTIVE_LOW_BSR_OUT_DFF[0].FDRE_BSR_N/C
                            (rising edge-triggered cell FDRE clocked by clk_fpga_0  {rise@0.000ns fall@5.000ns period=10.000ns})
  Destination:            design_1_i/smartconnect_0/inst/s00_nodes/s00_r_node/inst/s_sc_xpm_cdc_async_rst_inst/arststages_ff_reg[0]/CLR
                            (recovery check against rising-edge clock clk_fpga_0  {rise@0.000ns fall@5.000ns period=10.000ns})
  Path Group:             (none)
  Path Type:              Recovery (Max at Slow Process Corner)
  Data Path Delay:        3.643ns  (logic 0.610ns (16.744%)  route 3.033ns (83.256%))
  Logic Levels:           1  (LUT1=1)
  Clock Path Skew:        -0.255ns (DCD - SCD + CPR)
    Destination Clock Delay (DCD):    2.672ns
    Source Clock Delay      (SCD):    2.927ns
    Clock Pessimism Removal (CPR):    0.000ns
  Clock Uncertainty:      0.154ns  ((TSJ^2 + TIJ^2)^1/2 + DJ) / 2 + PE
    Total System Jitter     (TSJ):    0.071ns
    Total Input Jitter      (TIJ):    0.300ns
    Discrete Jitter          (DJ):    0.000ns
    Phase Error              (PE):    0.000ns
  Timing Exception:       False Path

    Location             Delay type                Incr(ns)  Path(ns)    Netlist Resource(s)
  -------------------------------------------------------------------    -------------------
                         (clock clk_fpga_0 rise edge)
                                                      0.000     0.000 r  
    PS7_X0Y0             PS7                          0.000     0.000 r  design_1_i/processing_system7_0/inst/PS7_i/FCLKCLK[0]
                         net (fo=1, routed)           1.193     1.193    design_1_i/processing_system7_0/inst/FCLK_CLK_unbuffered[0]
    BUFGCTRL_X0Y16       BUFG (Prop_bufg_I_O)         0.101     1.294 r  design_1_i/processing_system7_0/inst/buffer_fclk_clk_0.FCLK_CLK_0_BUFG/O
                         net (fo=36655, routed)       1.633     2.927    design_1_i/smartconnect_0/inst/clk_map/psr_aclk/U0/aclk
    SLICE_X45Y73         FDRE                                         r  design_1_i/smartconnect_0/inst/clk_map/psr_aclk/U0/ACTIVE_LOW_BSR_OUT_DFF[0].FDRE_BSR_N/C
  -------------------------------------------------------------------    -------------------
    SLICE_X45Y73         FDRE (Prop_fdre_C_Q)         0.456     3.383 r  design_1_i/smartconnect_0/inst/clk_map/psr_aclk/U0/ACTIVE_LOW_BSR_OUT_DFF[0].FDRE_BSR_N/Q
                         net (fo=15, routed)          2.253     5.636    design_1_i/smartconnect_0/inst/s00_nodes/s00_r_node/inst/s_sc_xpm_cdc_async_rst_inst/src_arst
    SLICE_X45Y43         LUT1 (Prop_lut1_I0_O)        0.154     5.790 f  design_1_i/smartconnect_0/inst/s00_nodes/s00_r_node/inst/s_sc_xpm_cdc_async_rst_inst/arststages_ff[2]_i_1/O
                         net (fo=3, routed)           0.780     6.570    design_1_i/smartconnect_0/inst/s00_nodes/s00_r_node/inst/s_sc_xpm_cdc_async_rst_inst/reset_pol
    SLICE_X45Y41         FDCE                                         f  design_1_i/smartconnect_0/inst/s00_nodes/s00_r_node/inst/s_sc_xpm_cdc_async_rst_inst/arststages_ff_reg[0]/CLR
  -------------------------------------------------------------------    -------------------

                         (clock clk_fpga_0 rise edge)
                                                      0.000     0.000 r  
    PS7_X0Y0             PS7                          0.000     0.000 r  design_1_i/processing_system7_0/inst/PS7_i/FCLKCLK[0]
                         net (fo=1, routed)           1.088     1.088    design_1_i/processing_system7_0/inst/FCLK_CLK_unbuffered[0]
    BUFGCTRL_X0Y16       BUFG (Prop_bufg_I_O)         0.091     1.179 r  design_1_i/processing_system7_0/inst/buffer_fclk_clk_0.FCLK_CLK_0_BUFG/O
                         net (fo=36655, routed)       1.493     2.672    design_1_i/smartconnect_0/inst/s00_nodes/s00_r_node/inst/s_sc_xpm_cdc_async_rst_inst/dest_clk
    SLICE_X45Y41         FDCE                                         r  design_1_i/smartconnect_0/inst/s00_nodes/s00_r_node/inst/s_sc_xpm_cdc_async_rst_inst/arststages_ff_reg[0]/C

Slack:                    inf
  Source:                 design_1_i/smartconnect_0/inst/clk_map/psr_aclk/U0/ACTIVE_LOW_BSR_OUT_DFF[0].FDRE_BSR_N/C
                            (rising edge-triggered cell FDRE clocked by clk_fpga_0  {rise@0.000ns fall@5.000ns period=10.000ns})
  Destination:            design_1_i/smartconnect_0/inst/s00_nodes/s00_r_node/inst/s_sc_xpm_cdc_async_rst_inst/arststages_ff_reg[1]/CLR
                            (recovery check against rising-edge clock clk_fpga_0  {rise@0.000ns fall@5.000ns period=10.000ns})
  Path Group:             (none)
  Path Type:              Recovery (Max at Slow Process Corner)
  Data Path Delay:        3.643ns  (logic 0.610ns (16.744%)  route 3.033ns (83.256%))
  Logic Levels:           1  (LUT1=1)
  Clock Path Skew:        -0.255ns (DCD - SCD + CPR)
    Destination Clock Delay (DCD):    2.672ns
    Source Clock Delay      (SCD):    2.927ns
    Clock Pessimism Removal (CPR):    0.000ns
  Clock Uncertainty:      0.154ns  ((TSJ^2 + TIJ^2)^1/2 + DJ) / 2 + PE
    Total System Jitter     (TSJ):    0.071ns
    Total Input Jitter      (TIJ):    0.300ns
    Discrete Jitter          (DJ):    0.000ns
    Phase Error              (PE):    0.000ns
  Timing Exception:       False Path

    Location             Delay type                Incr(ns)  Path(ns)    Netlist Resource(s)
  -------------------------------------------------------------------    -------------------
                         (clock clk_fpga_0 rise edge)
                                                      0.000     0.000 r  
    PS7_X0Y0             PS7                          0.000     0.000 r  design_1_i/processing_system7_0/inst/PS7_i/FCLKCLK[0]
                         net (fo=1, routed)           1.193     1.193    design_1_i/processing_system7_0/inst/FCLK_CLK_unbuffered[0]
    BUFGCTRL_X0Y16       BUFG (Prop_bufg_I_O)         0.101     1.294 r  design_1_i/processing_system7_0/inst/buffer_fclk_clk_0.FCLK_CLK_0_BUFG/O
                         net (fo=36655, routed)       1.633     2.927    design_1_i/smartconnect_0/inst/clk_map/psr_aclk/U0/aclk
    SLICE_X45Y73         FDRE                                         r  design_1_i/smartconnect_0/inst/clk_map/psr_aclk/U0/ACTIVE_LOW_BSR_OUT_DFF[0].FDRE_BSR_N/C
  -------------------------------------------------------------------    -------------------
    SLICE_X45Y73         FDRE (Prop_fdre_C_Q)         0.456     3.383 r  design_1_i/smartconnect_0/inst/clk_map/psr_aclk/U0/ACTIVE_LOW_BSR_OUT_DFF[0].FDRE_BSR_N/Q
                         net (fo=15, routed)          2.253     5.636    design_1_i/smartconnect_0/inst/s00_nodes/s00_r_node/inst/s_sc_xpm_cdc_async_rst_inst/src_arst
    SLICE_X45Y43         LUT1 (Prop_lut1_I0_O)        0.154     5.790 f  design_1_i/smartconnect_0/inst/s00_nodes/s00_r_node/inst/s_sc_xpm_cdc_async_rst_inst/arststages_ff[2]_i_1/O
                         net (fo=3, routed)           0.780     6.570    design_1_i/smartconnect_0/inst/s00_nodes/s00_r_node/inst/s_sc_xpm_cdc_async_rst_inst/reset_pol
    SLICE_X45Y41         FDCE                                         f  design_1_i/smartconnect_0/inst/s00_nodes/s00_r_node/inst/s_sc_xpm_cdc_async_rst_inst/arststages_ff_reg[1]/CLR
  -------------------------------------------------------------------    -------------------

                         (clock clk_fpga_0 rise edge)
                                                      0.000     0.000 r  
    PS7_X0Y0             PS7                          0.000     0.000 r  design_1_i/processing_system7_0/inst/PS7_i/FCLKCLK[0]
                         net (fo=1, routed)           1.088     1.088    design_1_i/processing_system7_0/inst/FCLK_CLK_unbuffered[0]
    BUFGCTRL_X0Y16       BUFG (Prop_bufg_I_O)         0.091     1.179 r  design_1_i/processing_system7_0/inst/buffer_fclk_clk_0.FCLK_CLK_0_BUFG/O
                         net (fo=36655, routed)       1.493     2.672    design_1_i/smartconnect_0/inst/s00_nodes/s00_r_node/inst/s_sc_xpm_cdc_async_rst_inst/dest_clk
    SLICE_X45Y41         FDCE                                         r  design_1_i/smartconnect_0/inst/s00_nodes/s00_r_node/inst/s_sc_xpm_cdc_async_rst_inst/arststages_ff_reg[1]/C

Slack:                    inf
  Source:                 design_1_i/smartconnect_0/inst/clk_map/psr_aclk/U0/ACTIVE_LOW_BSR_OUT_DFF[0].FDRE_BSR_N/C
                            (rising edge-triggered cell FDRE clocked by clk_fpga_0  {rise@0.000ns fall@5.000ns period=10.000ns})
  Destination:            design_1_i/smartconnect_0/inst/s00_nodes/s00_r_node/inst/s_sc_xpm_cdc_async_rst_inst/arststages_ff_reg[2]/CLR
                            (recovery check against rising-edge clock clk_fpga_0  {rise@0.000ns fall@5.000ns period=10.000ns})
  Path Group:             (none)
  Path Type:              Recovery (Max at Slow Process Corner)
  Data Path Delay:        3.643ns  (logic 0.610ns (16.744%)  route 3.033ns (83.256%))
  Logic Levels:           1  (LUT1=1)
  Clock Path Skew:        -0.255ns (DCD - SCD + CPR)
    Destination Clock Delay (DCD):    2.672ns
    Source Clock Delay      (SCD):    2.927ns
    Clock Pessimism Removal (CPR):    0.000ns
  Clock Uncertainty:      0.154ns  ((TSJ^2 + TIJ^2)^1/2 + DJ) / 2 + PE
    Total System Jitter     (TSJ):    0.071ns
    Total Input Jitter      (TIJ):    0.300ns
    Discrete Jitter          (DJ):    0.000ns
    Phase Error              (PE):    0.000ns
  Timing Exception:       False Path

    Location             Delay type                Incr(ns)  Path(ns)    Netlist Resource(s)
  -------------------------------------------------------------------    -------------------
                         (clock clk_fpga_0 rise edge)
                                                      0.000     0.000 r  
    PS7_X0Y0             PS7                          0.000     0.000 r  design_1_i/processing_system7_0/inst/PS7_i/FCLKCLK[0]
                         net (fo=1, routed)           1.193     1.193    design_1_i/processing_system7_0/inst/FCLK_CLK_unbuffered[0]
    BUFGCTRL_X0Y16       BUFG (Prop_bufg_I_O)         0.101     1.294 r  design_1_i/processing_system7_0/inst/buffer_fclk_clk_0.FCLK_CLK_0_BUFG/O
                         net (fo=36655, routed)       1.633     2.927    design_1_i/smartconnect_0/inst/clk_map/psr_aclk/U0/aclk
    SLICE_X45Y73         FDRE                                         r  design_1_i/smartconnect_0/inst/clk_map/psr_aclk/U0/ACTIVE_LOW_BSR_OUT_DFF[0].FDRE_BSR_N/C
  -------------------------------------------------------------------    -------------------
    SLICE_X45Y73         FDRE (Prop_fdre_C_Q)         0.456     3.383 r  design_1_i/smartconnect_0/inst/clk_map/psr_aclk/U0/ACTIVE_LOW_BSR_OUT_DFF[0].FDRE_BSR_N/Q
                         net (fo=15, routed)          2.253     5.636    design_1_i/smartconnect_0/inst/s00_nodes/s00_r_node/inst/s_sc_xpm_cdc_async_rst_inst/src_arst
    SLICE_X45Y43         LUT1 (Prop_lut1_I0_O)        0.154     5.790 f  design_1_i/smartconnect_0/inst/s00_nodes/s00_r_node/inst/s_sc_xpm_cdc_async_rst_inst/arststages_ff[2]_i_1/O
                         net (fo=3, routed)           0.780     6.570    design_1_i/smartconnect_0/inst/s00_nodes/s00_r_node/inst/s_sc_xpm_cdc_async_rst_inst/reset_pol
    SLICE_X45Y41         FDCE                                         f  design_1_i/smartconnect_0/inst/s00_nodes/s00_r_node/inst/s_sc_xpm_cdc_async_rst_inst/arststages_ff_reg[2]/CLR
  -------------------------------------------------------------------    -------------------

                         (clock clk_fpga_0 rise edge)
                                                      0.000     0.000 r  
    PS7_X0Y0             PS7                          0.000     0.000 r  design_1_i/processing_system7_0/inst/PS7_i/FCLKCLK[0]
                         net (fo=1, routed)           1.088     1.088    design_1_i/processing_system7_0/inst/FCLK_CLK_unbuffered[0]
    BUFGCTRL_X0Y16       BUFG (Prop_bufg_I_O)         0.091     1.179 r  design_1_i/processing_system7_0/inst/buffer_fclk_clk_0.FCLK_CLK_0_BUFG/O
                         net (fo=36655, routed)       1.493     2.672    design_1_i/smartconnect_0/inst/s00_nodes/s00_r_node/inst/s_sc_xpm_cdc_async_rst_inst/dest_clk
    SLICE_X45Y41         FDCE                                         r  design_1_i/smartconnect_0/inst/s00_nodes/s00_r_node/inst/s_sc_xpm_cdc_async_rst_inst/arststages_ff_reg[2]/C

Slack:                    inf
  Source:                 design_1_i/smartconnect_0/inst/clk_map/psr_aclk/U0/ACTIVE_LOW_BSR_OUT_DFF[0].FDRE_BSR_N/C
                            (rising edge-triggered cell FDRE clocked by clk_fpga_0  {rise@0.000ns fall@5.000ns period=10.000ns})
  Destination:            design_1_i/smartconnect_0/inst/s00_entry_pipeline/s00_si_converter/inst/xpm_cdc_async_rst_inst/arststages_ff_reg[0]/CLR
                            (recovery check against rising-edge clock clk_fpga_0  {rise@0.000ns fall@5.000ns period=10.000ns})
  Path Group:             (none)
  Path Type:              Recovery (Max at Slow Process Corner)
  Data Path Delay:        3.279ns  (logic 0.609ns (18.570%)  route 2.670ns (81.430%))
  Logic Levels:           1  (LUT1=1)
  Clock Path Skew:        -0.269ns (DCD - SCD + CPR)
    Destination Clock Delay (DCD):    2.658ns
    Source Clock Delay      (SCD):    2.927ns
    Clock Pessimism Removal (CPR):    0.000ns
  Clock Uncertainty:      0.154ns  ((TSJ^2 + TIJ^2)^1/2 + DJ) / 2 + PE
    Total System Jitter     (TSJ):    0.071ns
    Total Input Jitter      (TIJ):    0.300ns
    Discrete Jitter          (DJ):    0.000ns
    Phase Error              (PE):    0.000ns
  Timing Exception:       False Path

    Location             Delay type                Incr(ns)  Path(ns)    Netlist Resource(s)
  -------------------------------------------------------------------    -------------------
                         (clock clk_fpga_0 rise edge)
                                                      0.000     0.000 r  
    PS7_X0Y0             PS7                          0.000     0.000 r  design_1_i/processing_system7_0/inst/PS7_i/FCLKCLK[0]
                         net (fo=1, routed)           1.193     1.193    design_1_i/processing_system7_0/inst/FCLK_CLK_unbuffered[0]
    BUFGCTRL_X0Y16       BUFG (Prop_bufg_I_O)         0.101     1.294 r  design_1_i/processing_system7_0/inst/buffer_fclk_clk_0.FCLK_CLK_0_BUFG/O
                         net (fo=36655, routed)       1.633     2.927    design_1_i/smartconnect_0/inst/clk_map/psr_aclk/U0/aclk
    SLICE_X45Y73         FDRE                                         r  design_1_i/smartconnect_0/inst/clk_map/psr_aclk/U0/ACTIVE_LOW_BSR_OUT_DFF[0].FDRE_BSR_N/C
  -------------------------------------------------------------------    -------------------
    SLICE_X45Y73         FDRE (Prop_fdre_C_Q)         0.456     3.383 r  design_1_i/smartconnect_0/inst/clk_map/psr_aclk/U0/ACTIVE_LOW_BSR_OUT_DFF[0].FDRE_BSR_N/Q
                         net (fo=15, routed)          2.020     5.403    design_1_i/smartconnect_0/inst/s00_entry_pipeline/s00_si_converter/inst/xpm_cdc_async_rst_inst/src_arst
    SLICE_X46Y49         LUT1 (Prop_lut1_I0_O)        0.153     5.556 f  design_1_i/smartconnect_0/inst/s00_entry_pipeline/s00_si_converter/inst/xpm_cdc_async_rst_inst/arststages_ff[2]_i_1/O
                         net (fo=3, routed)           0.651     6.206    design_1_i/smartconnect_0/inst/s00_entry_pipeline/s00_si_converter/inst/xpm_cdc_async_rst_inst/reset_pol
    SLICE_X45Y50         FDCE                                         f  design_1_i/smartconnect_0/inst/s00_entry_pipeline/s00_si_converter/inst/xpm_cdc_async_rst_inst/arststages_ff_reg[0]/CLR
  -------------------------------------------------------------------    -------------------

                         (clock clk_fpga_0 rise edge)
                                                      0.000     0.000 r  
    PS7_X0Y0             PS7                          0.000     0.000 r  design_1_i/processing_system7_0/inst/PS7_i/FCLKCLK[0]
                         net (fo=1, routed)           1.088     1.088    design_1_i/processing_system7_0/inst/FCLK_CLK_unbuffered[0]
    BUFGCTRL_X0Y16       BUFG (Prop_bufg_I_O)         0.091     1.179 r  design_1_i/processing_system7_0/inst/buffer_fclk_clk_0.FCLK_CLK_0_BUFG/O
                         net (fo=36655, routed)       1.479     2.658    design_1_i/smartconnect_0/inst/s00_entry_pipeline/s00_si_converter/inst/xpm_cdc_async_rst_inst/dest_clk
    SLICE_X45Y50         FDCE                                         r  design_1_i/smartconnect_0/inst/s00_entry_pipeline/s00_si_converter/inst/xpm_cdc_async_rst_inst/arststages_ff_reg[0]/C

Slack:                    inf
  Source:                 design_1_i/smartconnect_0/inst/clk_map/psr_aclk/U0/ACTIVE_LOW_BSR_OUT_DFF[0].FDRE_BSR_N/C
                            (rising edge-triggered cell FDRE clocked by clk_fpga_0  {rise@0.000ns fall@5.000ns period=10.000ns})
  Destination:            design_1_i/smartconnect_0/inst/s00_entry_pipeline/s00_si_converter/inst/xpm_cdc_async_rst_inst/arststages_ff_reg[1]/CLR
                            (recovery check against rising-edge clock clk_fpga_0  {rise@0.000ns fall@5.000ns period=10.000ns})
  Path Group:             (none)
  Path Type:              Recovery (Max at Slow Process Corner)
  Data Path Delay:        3.279ns  (logic 0.609ns (18.570%)  route 2.670ns (81.430%))
  Logic Levels:           1  (LUT1=1)
  Clock Path Skew:        -0.269ns (DCD - SCD + CPR)
    Destination Clock Delay (DCD):    2.658ns
    Source Clock Delay      (SCD):    2.927ns
    Clock Pessimism Removal (CPR):    0.000ns
  Clock Uncertainty:      0.154ns  ((TSJ^2 + TIJ^2)^1/2 + DJ) / 2 + PE
    Total System Jitter     (TSJ):    0.071ns
    Total Input Jitter      (TIJ):    0.300ns
    Discrete Jitter          (DJ):    0.000ns
    Phase Error              (PE):    0.000ns
  Timing Exception:       False Path

    Location             Delay type                Incr(ns)  Path(ns)    Netlist Resource(s)
  -------------------------------------------------------------------    -------------------
                         (clock clk_fpga_0 rise edge)
                                                      0.000     0.000 r  
    PS7_X0Y0             PS7                          0.000     0.000 r  design_1_i/processing_system7_0/inst/PS7_i/FCLKCLK[0]
                         net (fo=1, routed)           1.193     1.193    design_1_i/processing_system7_0/inst/FCLK_CLK_unbuffered[0]
    BUFGCTRL_X0Y16       BUFG (Prop_bufg_I_O)         0.101     1.294 r  design_1_i/processing_system7_0/inst/buffer_fclk_clk_0.FCLK_CLK_0_BUFG/O
                         net (fo=36655, routed)       1.633     2.927    design_1_i/smartconnect_0/inst/clk_map/psr_aclk/U0/aclk
    SLICE_X45Y73         FDRE                                         r  design_1_i/smartconnect_0/inst/clk_map/psr_aclk/U0/ACTIVE_LOW_BSR_OUT_DFF[0].FDRE_BSR_N/C
  -------------------------------------------------------------------    -------------------
    SLICE_X45Y73         FDRE (Prop_fdre_C_Q)         0.456     3.383 r  design_1_i/smartconnect_0/inst/clk_map/psr_aclk/U0/ACTIVE_LOW_BSR_OUT_DFF[0].FDRE_BSR_N/Q
                         net (fo=15, routed)          2.020     5.403    design_1_i/smartconnect_0/inst/s00_entry_pipeline/s00_si_converter/inst/xpm_cdc_async_rst_inst/src_arst
    SLICE_X46Y49         LUT1 (Prop_lut1_I0_O)        0.153     5.556 f  design_1_i/smartconnect_0/inst/s00_entry_pipeline/s00_si_converter/inst/xpm_cdc_async_rst_inst/arststages_ff[2]_i_1/O
                         net (fo=3, routed)           0.651     6.206    design_1_i/smartconnect_0/inst/s00_entry_pipeline/s00_si_converter/inst/xpm_cdc_async_rst_inst/reset_pol
    SLICE_X45Y50         FDCE                                         f  design_1_i/smartconnect_0/inst/s00_entry_pipeline/s00_si_converter/inst/xpm_cdc_async_rst_inst/arststages_ff_reg[1]/CLR
  -------------------------------------------------------------------    -------------------

                         (clock clk_fpga_0 rise edge)
                                                      0.000     0.000 r  
    PS7_X0Y0             PS7                          0.000     0.000 r  design_1_i/processing_system7_0/inst/PS7_i/FCLKCLK[0]
                         net (fo=1, routed)           1.088     1.088    design_1_i/processing_system7_0/inst/FCLK_CLK_unbuffered[0]
    BUFGCTRL_X0Y16       BUFG (Prop_bufg_I_O)         0.091     1.179 r  design_1_i/processing_system7_0/inst/buffer_fclk_clk_0.FCLK_CLK_0_BUFG/O
                         net (fo=36655, routed)       1.479     2.658    design_1_i/smartconnect_0/inst/s00_entry_pipeline/s00_si_converter/inst/xpm_cdc_async_rst_inst/dest_clk
    SLICE_X45Y50         FDCE                                         r  design_1_i/smartconnect_0/inst/s00_entry_pipeline/s00_si_converter/inst/xpm_cdc_async_rst_inst/arststages_ff_reg[1]/C

Slack:                    inf
  Source:                 design_1_i/smartconnect_0/inst/clk_map/psr_aclk/U0/ACTIVE_LOW_BSR_OUT_DFF[0].FDRE_BSR_N/C
                            (rising edge-triggered cell FDRE clocked by clk_fpga_0  {rise@0.000ns fall@5.000ns period=10.000ns})
  Destination:            design_1_i/smartconnect_0/inst/s00_entry_pipeline/s00_si_converter/inst/xpm_cdc_async_rst_inst/arststages_ff_reg[2]/CLR
                            (recovery check against rising-edge clock clk_fpga_0  {rise@0.000ns fall@5.000ns period=10.000ns})
  Path Group:             (none)
  Path Type:              Recovery (Max at Slow Process Corner)
  Data Path Delay:        3.279ns  (logic 0.609ns (18.570%)  route 2.670ns (81.430%))
  Logic Levels:           1  (LUT1=1)
  Clock Path Skew:        -0.269ns (DCD - SCD + CPR)
    Destination Clock Delay (DCD):    2.658ns
    Source Clock Delay      (SCD):    2.927ns
    Clock Pessimism Removal (CPR):    0.000ns
  Clock Uncertainty:      0.154ns  ((TSJ^2 + TIJ^2)^1/2 + DJ) / 2 + PE
    Total System Jitter     (TSJ):    0.071ns
    Total Input Jitter      (TIJ):    0.300ns
    Discrete Jitter          (DJ):    0.000ns
    Phase Error              (PE):    0.000ns
  Timing Exception:       False Path

    Location             Delay type                Incr(ns)  Path(ns)    Netlist Resource(s)
  -------------------------------------------------------------------    -------------------
                         (clock clk_fpga_0 rise edge)
                                                      0.000     0.000 r  
    PS7_X0Y0             PS7                          0.000     0.000 r  design_1_i/processing_system7_0/inst/PS7_i/FCLKCLK[0]
                         net (fo=1, routed)           1.193     1.193    design_1_i/processing_system7_0/inst/FCLK_CLK_unbuffered[0]
    BUFGCTRL_X0Y16       BUFG (Prop_bufg_I_O)         0.101     1.294 r  design_1_i/processing_system7_0/inst/buffer_fclk_clk_0.FCLK_CLK_0_BUFG/O
                         net (fo=36655, routed)       1.633     2.927    design_1_i/smartconnect_0/inst/clk_map/psr_aclk/U0/aclk
    SLICE_X45Y73         FDRE                                         r  design_1_i/smartconnect_0/inst/clk_map/psr_aclk/U0/ACTIVE_LOW_BSR_OUT_DFF[0].FDRE_BSR_N/C
  -------------------------------------------------------------------    -------------------
    SLICE_X45Y73         FDRE (Prop_fdre_C_Q)         0.456     3.383 r  design_1_i/smartconnect_0/inst/clk_map/psr_aclk/U0/ACTIVE_LOW_BSR_OUT_DFF[0].FDRE_BSR_N/Q
                         net (fo=15, routed)          2.020     5.403    design_1_i/smartconnect_0/inst/s00_entry_pipeline/s00_si_converter/inst/xpm_cdc_async_rst_inst/src_arst
    SLICE_X46Y49         LUT1 (Prop_lut1_I0_O)        0.153     5.556 f  design_1_i/smartconnect_0/inst/s00_entry_pipeline/s00_si_converter/inst/xpm_cdc_async_rst_inst/arststages_ff[2]_i_1/O
                         net (fo=3, routed)           0.651     6.206    design_1_i/smartconnect_0/inst/s00_entry_pipeline/s00_si_converter/inst/xpm_cdc_async_rst_inst/reset_pol
    SLICE_X45Y50         FDCE                                         f  design_1_i/smartconnect_0/inst/s00_entry_pipeline/s00_si_converter/inst/xpm_cdc_async_rst_inst/arststages_ff_reg[2]/CLR
  -------------------------------------------------------------------    -------------------

                         (clock clk_fpga_0 rise edge)
                                                      0.000     0.000 r  
    PS7_X0Y0             PS7                          0.000     0.000 r  design_1_i/processing_system7_0/inst/PS7_i/FCLKCLK[0]
                         net (fo=1, routed)           1.088     1.088    design_1_i/processing_system7_0/inst/FCLK_CLK_unbuffered[0]
    BUFGCTRL_X0Y16       BUFG (Prop_bufg_I_O)         0.091     1.179 r  design_1_i/processing_system7_0/inst/buffer_fclk_clk_0.FCLK_CLK_0_BUFG/O
                         net (fo=36655, routed)       1.479     2.658    design_1_i/smartconnect_0/inst/s00_entry_pipeline/s00_si_converter/inst/xpm_cdc_async_rst_inst/dest_clk
    SLICE_X45Y50         FDCE                                         r  design_1_i/smartconnect_0/inst/s00_entry_pipeline/s00_si_converter/inst/xpm_cdc_async_rst_inst/arststages_ff_reg[2]/C

Slack:                    inf
  Source:                 design_1_i/smartconnect_0/inst/clk_map/psr_aclk/U0/ACTIVE_LOW_BSR_OUT_DFF[0].FDRE_BSR_N/C
                            (rising edge-triggered cell FDRE clocked by clk_fpga_0  {rise@0.000ns fall@5.000ns period=10.000ns})
  Destination:            design_1_i/smartconnect_0/inst/m00_nodes/m00_r_node/inst/s_sc_xpm_cdc_async_rst_inst/arststages_ff_reg[0]/CLR
                            (recovery check against rising-edge clock clk_fpga_0  {rise@0.000ns fall@5.000ns period=10.000ns})
  Path Group:             (none)
  Path Type:              Recovery (Max at Slow Process Corner)
  Data Path Delay:        3.178ns  (logic 0.580ns (18.252%)  route 2.598ns (81.748%))
  Logic Levels:           1  (LUT1=1)
  Clock Path Skew:        -0.253ns (DCD - SCD + CPR)
    Destination Clock Delay (DCD):    2.674ns
    Source Clock Delay      (SCD):    2.927ns
    Clock Pessimism Removal (CPR):    0.000ns
  Clock Uncertainty:      0.154ns  ((TSJ^2 + TIJ^2)^1/2 + DJ) / 2 + PE
    Total System Jitter     (TSJ):    0.071ns
    Total Input Jitter      (TIJ):    0.300ns
    Discrete Jitter          (DJ):    0.000ns
    Phase Error              (PE):    0.000ns
  Timing Exception:       False Path

    Location             Delay type                Incr(ns)  Path(ns)    Netlist Resource(s)
  -------------------------------------------------------------------    -------------------
                         (clock clk_fpga_0 rise edge)
                                                      0.000     0.000 r  
    PS7_X0Y0             PS7                          0.000     0.000 r  design_1_i/processing_system7_0/inst/PS7_i/FCLKCLK[0]
                         net (fo=1, routed)           1.193     1.193    design_1_i/processing_system7_0/inst/FCLK_CLK_unbuffered[0]
    BUFGCTRL_X0Y16       BUFG (Prop_bufg_I_O)         0.101     1.294 r  design_1_i/processing_system7_0/inst/buffer_fclk_clk_0.FCLK_CLK_0_BUFG/O
                         net (fo=36655, routed)       1.633     2.927    design_1_i/smartconnect_0/inst/clk_map/psr_aclk/U0/aclk
    SLICE_X45Y73         FDRE                                         r  design_1_i/smartconnect_0/inst/clk_map/psr_aclk/U0/ACTIVE_LOW_BSR_OUT_DFF[0].FDRE_BSR_N/C
  -------------------------------------------------------------------    -------------------
    SLICE_X45Y73         FDRE (Prop_fdre_C_Q)         0.456     3.383 r  design_1_i/smartconnect_0/inst/clk_map/psr_aclk/U0/ACTIVE_LOW_BSR_OUT_DFF[0].FDRE_BSR_N/Q
                         net (fo=15, routed)          2.020     5.403    design_1_i/smartconnect_0/inst/m00_nodes/m00_r_node/inst/s_sc_xpm_cdc_async_rst_inst/src_arst
    SLICE_X46Y49         LUT1 (Prop_lut1_I0_O)        0.124     5.527 f  design_1_i/smartconnect_0/inst/m00_nodes/m00_r_node/inst/s_sc_xpm_cdc_async_rst_inst/arststages_ff[2]_i_1/O
                         net (fo=3, routed)           0.578     6.105    design_1_i/smartconnect_0/inst/m00_nodes/m00_r_node/inst/s_sc_xpm_cdc_async_rst_inst/reset_pol
    SLICE_X46Y49         FDCE                                         f  design_1_i/smartconnect_0/inst/m00_nodes/m00_r_node/inst/s_sc_xpm_cdc_async_rst_inst/arststages_ff_reg[0]/CLR
  -------------------------------------------------------------------    -------------------

                         (clock clk_fpga_0 rise edge)
                                                      0.000     0.000 r  
    PS7_X0Y0             PS7                          0.000     0.000 r  design_1_i/processing_system7_0/inst/PS7_i/FCLKCLK[0]
                         net (fo=1, routed)           1.088     1.088    design_1_i/processing_system7_0/inst/FCLK_CLK_unbuffered[0]
    BUFGCTRL_X0Y16       BUFG (Prop_bufg_I_O)         0.091     1.179 r  design_1_i/processing_system7_0/inst/buffer_fclk_clk_0.FCLK_CLK_0_BUFG/O
                         net (fo=36655, routed)       1.495     2.674    design_1_i/smartconnect_0/inst/m00_nodes/m00_r_node/inst/s_sc_xpm_cdc_async_rst_inst/dest_clk
    SLICE_X46Y49         FDCE                                         r  design_1_i/smartconnect_0/inst/m00_nodes/m00_r_node/inst/s_sc_xpm_cdc_async_rst_inst/arststages_ff_reg[0]/C





Min Delay Paths
--------------------------------------------------------------------------------------
Slack:                    inf
  Source:                 design_1_i/rst_ps7_0_100M/U0/ACTIVE_LOW_PR_OUT_DFF[0].FDRE_PER_N/C
                            (rising edge-triggered cell FDRE clocked by clk_fpga_0  {rise@0.000ns fall@5.000ns period=10.000ns})
  Destination:            design_1_i/axi_dma_0/U0/I_RST_MODULE/REG_HRD_RST/GENERATE_LEVEL_P_S_CDC.SINGLE_BIT.CROSS_PLEVEL_IN2SCNDRY_IN_cdc_to/D
                            (rising edge-triggered cell FDRE clocked by clk_fpga_0  {rise@0.000ns fall@5.000ns period=10.000ns})
  Path Group:             (none)
  Path Type:              Hold (Min at Fast Process Corner)
  Data Path Delay:        0.484ns  (logic 0.164ns (33.913%)  route 0.320ns (66.087%))
  Logic Levels:           0  
  Clock Path Skew:        0.299ns (DCD - SCD - CPR)
    Destination Clock Delay (DCD):    1.178ns
    Source Clock Delay      (SCD):    0.879ns
    Clock Pessimism Removal (CPR):    -0.000ns
  Clock Uncertainty:      0.154ns  ((TSJ^2 + TIJ^2)^1/2 + DJ) / 2 + PE
    Total System Jitter     (TSJ):    0.071ns
    Total Input Jitter      (TIJ):    0.300ns
    Discrete Jitter          (DJ):    0.000ns
    Phase Error              (PE):    0.000ns
  Timing Exception:       False Path

    Location             Delay type                Incr(ns)  Path(ns)    Netlist Resource(s)
  -------------------------------------------------------------------    -------------------
                         (clock clk_fpga_0 rise edge)
                                                      0.000     0.000 r  
    PS7_X0Y0             PS7                          0.000     0.000 r  design_1_i/processing_system7_0/inst/PS7_i/FCLKCLK[0]
                         net (fo=1, routed)           0.310     0.310    design_1_i/processing_system7_0/inst/FCLK_CLK_unbuffered[0]
    BUFGCTRL_X0Y16       BUFG (Prop_bufg_I_O)         0.026     0.336 r  design_1_i/processing_system7_0/inst/buffer_fclk_clk_0.FCLK_CLK_0_BUFG/O
                         net (fo=36655, routed)       0.543     0.879    design_1_i/rst_ps7_0_100M/U0/slowest_sync_clk
    SLICE_X36Y74         FDRE                                         r  design_1_i/rst_ps7_0_100M/U0/ACTIVE_LOW_PR_OUT_DFF[0].FDRE_PER_N/C
  -------------------------------------------------------------------    -------------------
    SLICE_X36Y74         FDRE (Prop_fdre_C_Q)         0.164     1.043 r  design_1_i/rst_ps7_0_100M/U0/ACTIVE_LOW_PR_OUT_DFF[0].FDRE_PER_N/Q
                         net (fo=72, routed)          0.320     1.362    design_1_i/axi_dma_0/U0/I_RST_MODULE/REG_HRD_RST/axi_resetn
    SLICE_X40Y78         FDRE                                         r  design_1_i/axi_dma_0/U0/I_RST_MODULE/REG_HRD_RST/GENERATE_LEVEL_P_S_CDC.SINGLE_BIT.CROSS_PLEVEL_IN2SCNDRY_IN_cdc_to/D
  -------------------------------------------------------------------    -------------------

                         (clock clk_fpga_0 rise edge)
                                                      0.000     0.000 r  
    PS7_X0Y0             PS7                          0.000     0.000 r  design_1_i/processing_system7_0/inst/PS7_i/FCLKCLK[0]
                         net (fo=1, routed)           0.337     0.337    design_1_i/processing_system7_0/inst/FCLK_CLK_unbuffered[0]
    BUFGCTRL_X0Y16       BUFG (Prop_bufg_I_O)         0.029     0.366 r  design_1_i/processing_system7_0/inst/buffer_fclk_clk_0.FCLK_CLK_0_BUFG/O
                         net (fo=36655, routed)       0.812     1.178    design_1_i/axi_dma_0/U0/I_RST_MODULE/REG_HRD_RST/s_axi_lite_aclk
    SLICE_X40Y78         FDRE                                         r  design_1_i/axi_dma_0/U0/I_RST_MODULE/REG_HRD_RST/GENERATE_LEVEL_P_S_CDC.SINGLE_BIT.CROSS_PLEVEL_IN2SCNDRY_IN_cdc_to/C

Slack:                    inf
  Source:                 design_1_i/rst_ps7_0_100M/U0/ACTIVE_LOW_PR_OUT_DFF[0].FDRE_PER_N/C
                            (rising edge-triggered cell FDRE clocked by clk_fpga_0  {rise@0.000ns fall@5.000ns period=10.000ns})
  Destination:            design_1_i/smartconnect_0/inst/clk_map/psr_aclk/U0/EXT_LPF/ACTIVE_LOW_AUX.ACT_LO_AUX/GENERATE_LEVEL_P_S_CDC.SINGLE_BIT.CROSS_PLEVEL_IN2SCNDRY_IN_cdc_to/D
                            (rising edge-triggered cell FDRE clocked by clk_fpga_0  {rise@0.000ns fall@5.000ns period=10.000ns})
  Path Group:             (none)
  Path Type:              Hold (Min at Fast Process Corner)
  Data Path Delay:        0.672ns  (logic 0.213ns (31.705%)  route 0.459ns (68.295%))
  Logic Levels:           1  (LUT1=1)
  Clock Path Skew:        0.299ns (DCD - SCD - CPR)
    Destination Clock Delay (DCD):    1.178ns
    Source Clock Delay      (SCD):    0.879ns
    Clock Pessimism Removal (CPR):    -0.000ns
  Clock Uncertainty:      0.154ns  ((TSJ^2 + TIJ^2)^1/2 + DJ) / 2 + PE
    Total System Jitter     (TSJ):    0.071ns
    Total Input Jitter      (TIJ):    0.300ns
    Discrete Jitter          (DJ):    0.000ns
    Phase Error              (PE):    0.000ns
  Timing Exception:       False Path

    Location             Delay type                Incr(ns)  Path(ns)    Netlist Resource(s)
  -------------------------------------------------------------------    -------------------
                         (clock clk_fpga_0 rise edge)
                                                      0.000     0.000 r  
    PS7_X0Y0             PS7                          0.000     0.000 r  design_1_i/processing_system7_0/inst/PS7_i/FCLKCLK[0]
                         net (fo=1, routed)           0.310     0.310    design_1_i/processing_system7_0/inst/FCLK_CLK_unbuffered[0]
    BUFGCTRL_X0Y16       BUFG (Prop_bufg_I_O)         0.026     0.336 r  design_1_i/processing_system7_0/inst/buffer_fclk_clk_0.FCLK_CLK_0_BUFG/O
                         net (fo=36655, routed)       0.543     0.879    design_1_i/rst_ps7_0_100M/U0/slowest_sync_clk
    SLICE_X36Y74         FDRE                                         r  design_1_i/rst_ps7_0_100M/U0/ACTIVE_LOW_PR_OUT_DFF[0].FDRE_PER_N/C
  -------------------------------------------------------------------    -------------------
    SLICE_X36Y74         FDRE (Prop_fdre_C_Q)         0.164     1.043 f  design_1_i/rst_ps7_0_100M/U0/ACTIVE_LOW_PR_OUT_DFF[0].FDRE_PER_N/Q
                         net (fo=72, routed)          0.283     1.325    design_1_i/smartconnect_0/inst/clk_map/psr_aclk/U0/EXT_LPF/ACTIVE_LOW_AUX.ACT_LO_AUX/aresetn
    SLICE_X41Y78         LUT1 (Prop_lut1_I0_O)        0.049     1.374 r  design_1_i/smartconnect_0/inst/clk_map/psr_aclk/U0/EXT_LPF/ACTIVE_LOW_AUX.ACT_LO_AUX/GENERATE_LEVEL_P_S_CDC.SINGLE_BIT.CROSS_PLEVEL_IN2SCNDRY_IN_cdc_to_i_1/O
                         net (fo=1, routed)           0.176     1.550    design_1_i/smartconnect_0/inst/clk_map/psr_aclk/U0/EXT_LPF/ACTIVE_LOW_AUX.ACT_LO_AUX/asr_d1
    SLICE_X40Y78         FDRE                                         r  design_1_i/smartconnect_0/inst/clk_map/psr_aclk/U0/EXT_LPF/ACTIVE_LOW_AUX.ACT_LO_AUX/GENERATE_LEVEL_P_S_CDC.SINGLE_BIT.CROSS_PLEVEL_IN2SCNDRY_IN_cdc_to/D
  -------------------------------------------------------------------    -------------------

                         (clock clk_fpga_0 rise edge)
                                                      0.000     0.000 r  
    PS7_X0Y0             PS7                          0.000     0.000 r  design_1_i/processing_system7_0/inst/PS7_i/FCLKCLK[0]
                         net (fo=1, routed)           0.337     0.337    design_1_i/processing_system7_0/inst/FCLK_CLK_unbuffered[0]
    BUFGCTRL_X0Y16       BUFG (Prop_bufg_I_O)         0.029     0.366 r  design_1_i/processing_system7_0/inst/buffer_fclk_clk_0.FCLK_CLK_0_BUFG/O
                         net (fo=36655, routed)       0.812     1.178    design_1_i/smartconnect_0/inst/clk_map/psr_aclk/U0/EXT_LPF/ACTIVE_LOW_AUX.ACT_LO_AUX/aclk
    SLICE_X40Y78         FDRE                                         r  design_1_i/smartconnect_0/inst/clk_map/psr_aclk/U0/EXT_LPF/ACTIVE_LOW_AUX.ACT_LO_AUX/GENERATE_LEVEL_P_S_CDC.SINGLE_BIT.CROSS_PLEVEL_IN2SCNDRY_IN_cdc_to/C

Slack:                    inf
  Source:                 design_1_i/smartconnect_0/inst/clk_map/psr_aclk/U0/ACTIVE_LOW_BSR_OUT_DFF[0].FDRE_BSR_N/C
                            (rising edge-triggered cell FDRE clocked by clk_fpga_0  {rise@0.000ns fall@5.000ns period=10.000ns})
  Destination:            design_1_i/smartconnect_0/inst/s01_nodes/s01_aw_node/inst/s_sc_xpm_cdc_async_rst_inst/arststages_ff_reg[0]/CLR
                            (removal check against rising-edge clock clk_fpga_0  {rise@0.000ns fall@5.000ns period=10.000ns})
  Path Group:             (none)
  Path Type:              Removal (Min at Fast Process Corner)
  Data Path Delay:        0.730ns  (logic 0.183ns (25.081%)  route 0.547ns (74.919%))
  Logic Levels:           1  (LUT1=1)
  Clock Path Skew:        0.302ns (DCD - SCD - CPR)
    Destination Clock Delay (DCD):    1.182ns
    Source Clock Delay      (SCD):    0.880ns
    Clock Pessimism Removal (CPR):    -0.000ns
  Clock Uncertainty:      0.154ns  ((TSJ^2 + TIJ^2)^1/2 + DJ) / 2 + PE
    Total System Jitter     (TSJ):    0.071ns
    Total Input Jitter      (TIJ):    0.300ns
    Discrete Jitter          (DJ):    0.000ns
    Phase Error              (PE):    0.000ns
  Timing Exception:       False Path

    Location             Delay type                Incr(ns)  Path(ns)    Netlist Resource(s)
  -------------------------------------------------------------------    -------------------
                         (clock clk_fpga_0 rise edge)
                                                      0.000     0.000 r  
    PS7_X0Y0             PS7                          0.000     0.000 r  design_1_i/processing_system7_0/inst/PS7_i/FCLKCLK[0]
                         net (fo=1, routed)           0.310     0.310    design_1_i/processing_system7_0/inst/FCLK_CLK_unbuffered[0]
    BUFGCTRL_X0Y16       BUFG (Prop_bufg_I_O)         0.026     0.336 r  design_1_i/processing_system7_0/inst/buffer_fclk_clk_0.FCLK_CLK_0_BUFG/O
                         net (fo=36655, routed)       0.544     0.880    design_1_i/smartconnect_0/inst/clk_map/psr_aclk/U0/aclk
    SLICE_X45Y73         FDRE                                         r  design_1_i/smartconnect_0/inst/clk_map/psr_aclk/U0/ACTIVE_LOW_BSR_OUT_DFF[0].FDRE_BSR_N/C
  -------------------------------------------------------------------    -------------------
    SLICE_X45Y73         FDRE (Prop_fdre_C_Q)         0.141     1.021 r  design_1_i/smartconnect_0/inst/clk_map/psr_aclk/U0/ACTIVE_LOW_BSR_OUT_DFF[0].FDRE_BSR_N/Q
                         net (fo=15, routed)          0.364     1.384    design_1_i/smartconnect_0/inst/s01_nodes/s01_aw_node/inst/s_sc_xpm_cdc_async_rst_inst/src_arst
    SLICE_X48Y67         LUT1 (Prop_lut1_I0_O)        0.042     1.426 f  design_1_i/smartconnect_0/inst/s01_nodes/s01_aw_node/inst/s_sc_xpm_cdc_async_rst_inst/arststages_ff[2]_i_1/O
                         net (fo=3, routed)           0.183     1.609    design_1_i/smartconnect_0/inst/s01_nodes/s01_aw_node/inst/s_sc_xpm_cdc_async_rst_inst/reset_pol
    SLICE_X49Y67         FDCE                                         f  design_1_i/smartconnect_0/inst/s01_nodes/s01_aw_node/inst/s_sc_xpm_cdc_async_rst_inst/arststages_ff_reg[0]/CLR
  -------------------------------------------------------------------    -------------------

                         (clock clk_fpga_0 rise edge)
                                                      0.000     0.000 r  
    PS7_X0Y0             PS7                          0.000     0.000 r  design_1_i/processing_system7_0/inst/PS7_i/FCLKCLK[0]
                         net (fo=1, routed)           0.337     0.337    design_1_i/processing_system7_0/inst/FCLK_CLK_unbuffered[0]
    BUFGCTRL_X0Y16       BUFG (Prop_bufg_I_O)         0.029     0.366 r  design_1_i/processing_system7_0/inst/buffer_fclk_clk_0.FCLK_CLK_0_BUFG/O
                         net (fo=36655, routed)       0.816     1.182    design_1_i/smartconnect_0/inst/s01_nodes/s01_aw_node/inst/s_sc_xpm_cdc_async_rst_inst/dest_clk
    SLICE_X49Y67         FDCE                                         r  design_1_i/smartconnect_0/inst/s01_nodes/s01_aw_node/inst/s_sc_xpm_cdc_async_rst_inst/arststages_ff_reg[0]/C

Slack:                    inf
  Source:                 design_1_i/smartconnect_0/inst/clk_map/psr_aclk/U0/ACTIVE_LOW_BSR_OUT_DFF[0].FDRE_BSR_N/C
                            (rising edge-triggered cell FDRE clocked by clk_fpga_0  {rise@0.000ns fall@5.000ns period=10.000ns})
  Destination:            design_1_i/smartconnect_0/inst/s01_nodes/s01_aw_node/inst/s_sc_xpm_cdc_async_rst_inst/arststages_ff_reg[1]/CLR
                            (removal check against rising-edge clock clk_fpga_0  {rise@0.000ns fall@5.000ns period=10.000ns})
  Path Group:             (none)
  Path Type:              Removal (Min at Fast Process Corner)
  Data Path Delay:        0.730ns  (logic 0.183ns (25.081%)  route 0.547ns (74.919%))
  Logic Levels:           1  (LUT1=1)
  Clock Path Skew:        0.302ns (DCD - SCD - CPR)
    Destination Clock Delay (DCD):    1.182ns
    Source Clock Delay      (SCD):    0.880ns
    Clock Pessimism Removal (CPR):    -0.000ns
  Clock Uncertainty:      0.154ns  ((TSJ^2 + TIJ^2)^1/2 + DJ) / 2 + PE
    Total System Jitter     (TSJ):    0.071ns
    Total Input Jitter      (TIJ):    0.300ns
    Discrete Jitter          (DJ):    0.000ns
    Phase Error              (PE):    0.000ns
  Timing Exception:       False Path

    Location             Delay type                Incr(ns)  Path(ns)    Netlist Resource(s)
  -------------------------------------------------------------------    -------------------
                         (clock clk_fpga_0 rise edge)
                                                      0.000     0.000 r  
    PS7_X0Y0             PS7                          0.000     0.000 r  design_1_i/processing_system7_0/inst/PS7_i/FCLKCLK[0]
                         net (fo=1, routed)           0.310     0.310    design_1_i/processing_system7_0/inst/FCLK_CLK_unbuffered[0]
    BUFGCTRL_X0Y16       BUFG (Prop_bufg_I_O)         0.026     0.336 r  design_1_i/processing_system7_0/inst/buffer_fclk_clk_0.FCLK_CLK_0_BUFG/O
                         net (fo=36655, routed)       0.544     0.880    design_1_i/smartconnect_0/inst/clk_map/psr_aclk/U0/aclk
    SLICE_X45Y73         FDRE                                         r  design_1_i/smartconnect_0/inst/clk_map/psr_aclk/U0/ACTIVE_LOW_BSR_OUT_DFF[0].FDRE_BSR_N/C
  -------------------------------------------------------------------    -------------------
    SLICE_X45Y73         FDRE (Prop_fdre_C_Q)         0.141     1.021 r  design_1_i/smartconnect_0/inst/clk_map/psr_aclk/U0/ACTIVE_LOW_BSR_OUT_DFF[0].FDRE_BSR_N/Q
                         net (fo=15, routed)          0.364     1.384    design_1_i/smartconnect_0/inst/s01_nodes/s01_aw_node/inst/s_sc_xpm_cdc_async_rst_inst/src_arst
    SLICE_X48Y67         LUT1 (Prop_lut1_I0_O)        0.042     1.426 f  design_1_i/smartconnect_0/inst/s01_nodes/s01_aw_node/inst/s_sc_xpm_cdc_async_rst_inst/arststages_ff[2]_i_1/O
                         net (fo=3, routed)           0.183     1.609    design_1_i/smartconnect_0/inst/s01_nodes/s01_aw_node/inst/s_sc_xpm_cdc_async_rst_inst/reset_pol
    SLICE_X49Y67         FDCE                                         f  design_1_i/smartconnect_0/inst/s01_nodes/s01_aw_node/inst/s_sc_xpm_cdc_async_rst_inst/arststages_ff_reg[1]/CLR
  -------------------------------------------------------------------    -------------------

                         (clock clk_fpga_0 rise edge)
                                                      0.000     0.000 r  
    PS7_X0Y0             PS7                          0.000     0.000 r  design_1_i/processing_system7_0/inst/PS7_i/FCLKCLK[0]
                         net (fo=1, routed)           0.337     0.337    design_1_i/processing_system7_0/inst/FCLK_CLK_unbuffered[0]
    BUFGCTRL_X0Y16       BUFG (Prop_bufg_I_O)         0.029     0.366 r  design_1_i/processing_system7_0/inst/buffer_fclk_clk_0.FCLK_CLK_0_BUFG/O
                         net (fo=36655, routed)       0.816     1.182    design_1_i/smartconnect_0/inst/s01_nodes/s01_aw_node/inst/s_sc_xpm_cdc_async_rst_inst/dest_clk
    SLICE_X49Y67         FDCE                                         r  design_1_i/smartconnect_0/inst/s01_nodes/s01_aw_node/inst/s_sc_xpm_cdc_async_rst_inst/arststages_ff_reg[1]/C

Slack:                    inf
  Source:                 design_1_i/smartconnect_0/inst/clk_map/psr_aclk/U0/ACTIVE_LOW_BSR_OUT_DFF[0].FDRE_BSR_N/C
                            (rising edge-triggered cell FDRE clocked by clk_fpga_0  {rise@0.000ns fall@5.000ns period=10.000ns})
  Destination:            design_1_i/smartconnect_0/inst/s01_nodes/s01_aw_node/inst/s_sc_xpm_cdc_async_rst_inst/arststages_ff_reg[2]/CLR
                            (removal check against rising-edge clock clk_fpga_0  {rise@0.000ns fall@5.000ns period=10.000ns})
  Path Group:             (none)
  Path Type:              Removal (Min at Fast Process Corner)
  Data Path Delay:        0.730ns  (logic 0.183ns (25.081%)  route 0.547ns (74.919%))
  Logic Levels:           1  (LUT1=1)
  Clock Path Skew:        0.302ns (DCD - SCD - CPR)
    Destination Clock Delay (DCD):    1.182ns
    Source Clock Delay      (SCD):    0.880ns
    Clock Pessimism Removal (CPR):    -0.000ns
  Clock Uncertainty:      0.154ns  ((TSJ^2 + TIJ^2)^1/2 + DJ) / 2 + PE
    Total System Jitter     (TSJ):    0.071ns
    Total Input Jitter      (TIJ):    0.300ns
    Discrete Jitter          (DJ):    0.000ns
    Phase Error              (PE):    0.000ns
  Timing Exception:       False Path

    Location             Delay type                Incr(ns)  Path(ns)    Netlist Resource(s)
  -------------------------------------------------------------------    -------------------
                         (clock clk_fpga_0 rise edge)
                                                      0.000     0.000 r  
    PS7_X0Y0             PS7                          0.000     0.000 r  design_1_i/processing_system7_0/inst/PS7_i/FCLKCLK[0]
                         net (fo=1, routed)           0.310     0.310    design_1_i/processing_system7_0/inst/FCLK_CLK_unbuffered[0]
    BUFGCTRL_X0Y16       BUFG (Prop_bufg_I_O)         0.026     0.336 r  design_1_i/processing_system7_0/inst/buffer_fclk_clk_0.FCLK_CLK_0_BUFG/O
                         net (fo=36655, routed)       0.544     0.880    design_1_i/smartconnect_0/inst/clk_map/psr_aclk/U0/aclk
    SLICE_X45Y73         FDRE                                         r  design_1_i/smartconnect_0/inst/clk_map/psr_aclk/U0/ACTIVE_LOW_BSR_OUT_DFF[0].FDRE_BSR_N/C
  -------------------------------------------------------------------    -------------------
    SLICE_X45Y73         FDRE (Prop_fdre_C_Q)         0.141     1.021 r  design_1_i/smartconnect_0/inst/clk_map/psr_aclk/U0/ACTIVE_LOW_BSR_OUT_DFF[0].FDRE_BSR_N/Q
                         net (fo=15, routed)          0.364     1.384    design_1_i/smartconnect_0/inst/s01_nodes/s01_aw_node/inst/s_sc_xpm_cdc_async_rst_inst/src_arst
    SLICE_X48Y67         LUT1 (Prop_lut1_I0_O)        0.042     1.426 f  design_1_i/smartconnect_0/inst/s01_nodes/s01_aw_node/inst/s_sc_xpm_cdc_async_rst_inst/arststages_ff[2]_i_1/O
                         net (fo=3, routed)           0.183     1.609    design_1_i/smartconnect_0/inst/s01_nodes/s01_aw_node/inst/s_sc_xpm_cdc_async_rst_inst/reset_pol
    SLICE_X49Y67         FDCE                                         f  design_1_i/smartconnect_0/inst/s01_nodes/s01_aw_node/inst/s_sc_xpm_cdc_async_rst_inst/arststages_ff_reg[2]/CLR
  -------------------------------------------------------------------    -------------------

                         (clock clk_fpga_0 rise edge)
                                                      0.000     0.000 r  
    PS7_X0Y0             PS7                          0.000     0.000 r  design_1_i/processing_system7_0/inst/PS7_i/FCLKCLK[0]
                         net (fo=1, routed)           0.337     0.337    design_1_i/processing_system7_0/inst/FCLK_CLK_unbuffered[0]
    BUFGCTRL_X0Y16       BUFG (Prop_bufg_I_O)         0.029     0.366 r  design_1_i/processing_system7_0/inst/buffer_fclk_clk_0.FCLK_CLK_0_BUFG/O
                         net (fo=36655, routed)       0.816     1.182    design_1_i/smartconnect_0/inst/s01_nodes/s01_aw_node/inst/s_sc_xpm_cdc_async_rst_inst/dest_clk
    SLICE_X49Y67         FDCE                                         r  design_1_i/smartconnect_0/inst/s01_nodes/s01_aw_node/inst/s_sc_xpm_cdc_async_rst_inst/arststages_ff_reg[2]/C

Slack:                    inf
  Source:                 design_1_i/smartconnect_0/inst/clk_map/psr_aclk/U0/ACTIVE_LOW_BSR_OUT_DFF[0].FDRE_BSR_N/C
                            (rising edge-triggered cell FDRE clocked by clk_fpga_0  {rise@0.000ns fall@5.000ns period=10.000ns})
  Destination:            design_1_i/smartconnect_0/inst/s01_entry_pipeline/s01_si_converter/inst/xpm_cdc_async_rst_inst/arststages_ff_reg[0]/CLR
                            (removal check against rising-edge clock clk_fpga_0  {rise@0.000ns fall@5.000ns period=10.000ns})
  Path Group:             (none)
  Path Type:              Removal (Min at Fast Process Corner)
  Data Path Delay:        0.791ns  (logic 0.186ns (23.515%)  route 0.605ns (76.485%))
  Logic Levels:           1  (LUT1=1)
  Clock Path Skew:        0.301ns (DCD - SCD - CPR)
    Destination Clock Delay (DCD):    1.181ns
    Source Clock Delay      (SCD):    0.880ns
    Clock Pessimism Removal (CPR):    -0.000ns
  Clock Uncertainty:      0.154ns  ((TSJ^2 + TIJ^2)^1/2 + DJ) / 2 + PE
    Total System Jitter     (TSJ):    0.071ns
    Total Input Jitter      (TIJ):    0.300ns
    Discrete Jitter          (DJ):    0.000ns
    Phase Error              (PE):    0.000ns
  Timing Exception:       False Path

    Location             Delay type                Incr(ns)  Path(ns)    Netlist Resource(s)
  -------------------------------------------------------------------    -------------------
                         (clock clk_fpga_0 rise edge)
                                                      0.000     0.000 r  
    PS7_X0Y0             PS7                          0.000     0.000 r  design_1_i/processing_system7_0/inst/PS7_i/FCLKCLK[0]
                         net (fo=1, routed)           0.310     0.310    design_1_i/processing_system7_0/inst/FCLK_CLK_unbuffered[0]
    BUFGCTRL_X0Y16       BUFG (Prop_bufg_I_O)         0.026     0.336 r  design_1_i/processing_system7_0/inst/buffer_fclk_clk_0.FCLK_CLK_0_BUFG/O
                         net (fo=36655, routed)       0.544     0.880    design_1_i/smartconnect_0/inst/clk_map/psr_aclk/U0/aclk
    SLICE_X45Y73         FDRE                                         r  design_1_i/smartconnect_0/inst/clk_map/psr_aclk/U0/ACTIVE_LOW_BSR_OUT_DFF[0].FDRE_BSR_N/C
  -------------------------------------------------------------------    -------------------
    SLICE_X45Y73         FDRE (Prop_fdre_C_Q)         0.141     1.021 r  design_1_i/smartconnect_0/inst/clk_map/psr_aclk/U0/ACTIVE_LOW_BSR_OUT_DFF[0].FDRE_BSR_N/Q
                         net (fo=15, routed)          0.428     1.449    design_1_i/smartconnect_0/inst/s01_entry_pipeline/s01_si_converter/inst/xpm_cdc_async_rst_inst/src_arst
    SLICE_X48Y68         LUT1 (Prop_lut1_I0_O)        0.045     1.494 f  design_1_i/smartconnect_0/inst/s01_entry_pipeline/s01_si_converter/inst/xpm_cdc_async_rst_inst/arststages_ff[2]_i_1/O
                         net (fo=3, routed)           0.177     1.671    design_1_i/smartconnect_0/inst/s01_entry_pipeline/s01_si_converter/inst/xpm_cdc_async_rst_inst/reset_pol
    SLICE_X48Y68         FDCE                                         f  design_1_i/smartconnect_0/inst/s01_entry_pipeline/s01_si_converter/inst/xpm_cdc_async_rst_inst/arststages_ff_reg[0]/CLR
  -------------------------------------------------------------------    -------------------

                         (clock clk_fpga_0 rise edge)
                                                      0.000     0.000 r  
    PS7_X0Y0             PS7                          0.000     0.000 r  design_1_i/processing_system7_0/inst/PS7_i/FCLKCLK[0]
                         net (fo=1, routed)           0.337     0.337    design_1_i/processing_system7_0/inst/FCLK_CLK_unbuffered[0]
    BUFGCTRL_X0Y16       BUFG (Prop_bufg_I_O)         0.029     0.366 r  design_1_i/processing_system7_0/inst/buffer_fclk_clk_0.FCLK_CLK_0_BUFG/O
                         net (fo=36655, routed)       0.815     1.181    design_1_i/smartconnect_0/inst/s01_entry_pipeline/s01_si_converter/inst/xpm_cdc_async_rst_inst/dest_clk
    SLICE_X48Y68         FDCE                                         r  design_1_i/smartconnect_0/inst/s01_entry_pipeline/s01_si_converter/inst/xpm_cdc_async_rst_inst/arststages_ff_reg[0]/C

Slack:                    inf
  Source:                 design_1_i/smartconnect_0/inst/clk_map/psr_aclk/U0/ACTIVE_LOW_BSR_OUT_DFF[0].FDRE_BSR_N/C
                            (rising edge-triggered cell FDRE clocked by clk_fpga_0  {rise@0.000ns fall@5.000ns period=10.000ns})
  Destination:            design_1_i/smartconnect_0/inst/s01_entry_pipeline/s01_si_converter/inst/xpm_cdc_async_rst_inst/arststages_ff_reg[1]/CLR
                            (removal check against rising-edge clock clk_fpga_0  {rise@0.000ns fall@5.000ns period=10.000ns})
  Path Group:             (none)
  Path Type:              Removal (Min at Fast Process Corner)
  Data Path Delay:        0.791ns  (logic 0.186ns (23.515%)  route 0.605ns (76.485%))
  Logic Levels:           1  (LUT1=1)
  Clock Path Skew:        0.301ns (DCD - SCD - CPR)
    Destination Clock Delay (DCD):    1.181ns
    Source Clock Delay      (SCD):    0.880ns
    Clock Pessimism Removal (CPR):    -0.000ns
  Clock Uncertainty:      0.154ns  ((TSJ^2 + TIJ^2)^1/2 + DJ) / 2 + PE
    Total System Jitter     (TSJ):    0.071ns
    Total Input Jitter      (TIJ):    0.300ns
    Discrete Jitter          (DJ):    0.000ns
    Phase Error              (PE):    0.000ns
  Timing Exception:       False Path

    Location             Delay type                Incr(ns)  Path(ns)    Netlist Resource(s)
  -------------------------------------------------------------------    -------------------
                         (clock clk_fpga_0 rise edge)
                                                      0.000     0.000 r  
    PS7_X0Y0             PS7                          0.000     0.000 r  design_1_i/processing_system7_0/inst/PS7_i/FCLKCLK[0]
                         net (fo=1, routed)           0.310     0.310    design_1_i/processing_system7_0/inst/FCLK_CLK_unbuffered[0]
    BUFGCTRL_X0Y16       BUFG (Prop_bufg_I_O)         0.026     0.336 r  design_1_i/processing_system7_0/inst/buffer_fclk_clk_0.FCLK_CLK_0_BUFG/O
                         net (fo=36655, routed)       0.544     0.880    design_1_i/smartconnect_0/inst/clk_map/psr_aclk/U0/aclk
    SLICE_X45Y73         FDRE                                         r  design_1_i/smartconnect_0/inst/clk_map/psr_aclk/U0/ACTIVE_LOW_BSR_OUT_DFF[0].FDRE_BSR_N/C
  -------------------------------------------------------------------    -------------------
    SLICE_X45Y73         FDRE (Prop_fdre_C_Q)         0.141     1.021 r  design_1_i/smartconnect_0/inst/clk_map/psr_aclk/U0/ACTIVE_LOW_BSR_OUT_DFF[0].FDRE_BSR_N/Q
                         net (fo=15, routed)          0.428     1.449    design_1_i/smartconnect_0/inst/s01_entry_pipeline/s01_si_converter/inst/xpm_cdc_async_rst_inst/src_arst
    SLICE_X48Y68         LUT1 (Prop_lut1_I0_O)        0.045     1.494 f  design_1_i/smartconnect_0/inst/s01_entry_pipeline/s01_si_converter/inst/xpm_cdc_async_rst_inst/arststages_ff[2]_i_1/O
                         net (fo=3, routed)           0.177     1.671    design_1_i/smartconnect_0/inst/s01_entry_pipeline/s01_si_converter/inst/xpm_cdc_async_rst_inst/reset_pol
    SLICE_X48Y68         FDCE                                         f  design_1_i/smartconnect_0/inst/s01_entry_pipeline/s01_si_converter/inst/xpm_cdc_async_rst_inst/arststages_ff_reg[1]/CLR
  -------------------------------------------------------------------    -------------------

                         (clock clk_fpga_0 rise edge)
                                                      0.000     0.000 r  
    PS7_X0Y0             PS7                          0.000     0.000 r  design_1_i/processing_system7_0/inst/PS7_i/FCLKCLK[0]
                         net (fo=1, routed)           0.337     0.337    design_1_i/processing_system7_0/inst/FCLK_CLK_unbuffered[0]
    BUFGCTRL_X0Y16       BUFG (Prop_bufg_I_O)         0.029     0.366 r  design_1_i/processing_system7_0/inst/buffer_fclk_clk_0.FCLK_CLK_0_BUFG/O
                         net (fo=36655, routed)       0.815     1.181    design_1_i/smartconnect_0/inst/s01_entry_pipeline/s01_si_converter/inst/xpm_cdc_async_rst_inst/dest_clk
    SLICE_X48Y68         FDCE                                         r  design_1_i/smartconnect_0/inst/s01_entry_pipeline/s01_si_converter/inst/xpm_cdc_async_rst_inst/arststages_ff_reg[1]/C

Slack:                    inf
  Source:                 design_1_i/smartconnect_0/inst/clk_map/psr_aclk/U0/ACTIVE_LOW_BSR_OUT_DFF[0].FDRE_BSR_N/C
                            (rising edge-triggered cell FDRE clocked by clk_fpga_0  {rise@0.000ns fall@5.000ns period=10.000ns})
  Destination:            design_1_i/smartconnect_0/inst/s01_entry_pipeline/s01_si_converter/inst/xpm_cdc_async_rst_inst/arststages_ff_reg[2]/CLR
                            (removal check against rising-edge clock clk_fpga_0  {rise@0.000ns fall@5.000ns period=10.000ns})
  Path Group:             (none)
  Path Type:              Removal (Min at Fast Process Corner)
  Data Path Delay:        0.791ns  (logic 0.186ns (23.515%)  route 0.605ns (76.485%))
  Logic Levels:           1  (LUT1=1)
  Clock Path Skew:        0.301ns (DCD - SCD - CPR)
    Destination Clock Delay (DCD):    1.181ns
    Source Clock Delay      (SCD):    0.880ns
    Clock Pessimism Removal (CPR):    -0.000ns
  Clock Uncertainty:      0.154ns  ((TSJ^2 + TIJ^2)^1/2 + DJ) / 2 + PE
    Total System Jitter     (TSJ):    0.071ns
    Total Input Jitter      (TIJ):    0.300ns
    Discrete Jitter          (DJ):    0.000ns
    Phase Error              (PE):    0.000ns
  Timing Exception:       False Path

    Location             Delay type                Incr(ns)  Path(ns)    Netlist Resource(s)
  -------------------------------------------------------------------    -------------------
                         (clock clk_fpga_0 rise edge)
                                                      0.000     0.000 r  
    PS7_X0Y0             PS7                          0.000     0.000 r  design_1_i/processing_system7_0/inst/PS7_i/FCLKCLK[0]
                         net (fo=1, routed)           0.310     0.310    design_1_i/processing_system7_0/inst/FCLK_CLK_unbuffered[0]
    BUFGCTRL_X0Y16       BUFG (Prop_bufg_I_O)         0.026     0.336 r  design_1_i/processing_system7_0/inst/buffer_fclk_clk_0.FCLK_CLK_0_BUFG/O
                         net (fo=36655, routed)       0.544     0.880    design_1_i/smartconnect_0/inst/clk_map/psr_aclk/U0/aclk
    SLICE_X45Y73         FDRE                                         r  design_1_i/smartconnect_0/inst/clk_map/psr_aclk/U0/ACTIVE_LOW_BSR_OUT_DFF[0].FDRE_BSR_N/C
  -------------------------------------------------------------------    -------------------
    SLICE_X45Y73         FDRE (Prop_fdre_C_Q)         0.141     1.021 r  design_1_i/smartconnect_0/inst/clk_map/psr_aclk/U0/ACTIVE_LOW_BSR_OUT_DFF[0].FDRE_BSR_N/Q
                         net (fo=15, routed)          0.428     1.449    design_1_i/smartconnect_0/inst/s01_entry_pipeline/s01_si_converter/inst/xpm_cdc_async_rst_inst/src_arst
    SLICE_X48Y68         LUT1 (Prop_lut1_I0_O)        0.045     1.494 f  design_1_i/smartconnect_0/inst/s01_entry_pipeline/s01_si_converter/inst/xpm_cdc_async_rst_inst/arststages_ff[2]_i_1/O
                         net (fo=3, routed)           0.177     1.671    design_1_i/smartconnect_0/inst/s01_entry_pipeline/s01_si_converter/inst/xpm_cdc_async_rst_inst/reset_pol
    SLICE_X48Y68         FDCE                                         f  design_1_i/smartconnect_0/inst/s01_entry_pipeline/s01_si_converter/inst/xpm_cdc_async_rst_inst/arststages_ff_reg[2]/CLR
  -------------------------------------------------------------------    -------------------

                         (clock clk_fpga_0 rise edge)
                                                      0.000     0.000 r  
    PS7_X0Y0             PS7                          0.000     0.000 r  design_1_i/processing_system7_0/inst/PS7_i/FCLKCLK[0]
                         net (fo=1, routed)           0.337     0.337    design_1_i/processing_system7_0/inst/FCLK_CLK_unbuffered[0]
    BUFGCTRL_X0Y16       BUFG (Prop_bufg_I_O)         0.029     0.366 r  design_1_i/processing_system7_0/inst/buffer_fclk_clk_0.FCLK_CLK_0_BUFG/O
                         net (fo=36655, routed)       0.815     1.181    design_1_i/smartconnect_0/inst/s01_entry_pipeline/s01_si_converter/inst/xpm_cdc_async_rst_inst/dest_clk
    SLICE_X48Y68         FDCE                                         r  design_1_i/smartconnect_0/inst/s01_entry_pipeline/s01_si_converter/inst/xpm_cdc_async_rst_inst/arststages_ff_reg[2]/C

Slack:                    inf
  Source:                 design_1_i/smartconnect_0/inst/clk_map/psr_aclk/U0/ACTIVE_LOW_BSR_OUT_DFF[0].FDRE_BSR_N/C
                            (rising edge-triggered cell FDRE clocked by clk_fpga_0  {rise@0.000ns fall@5.000ns period=10.000ns})
  Destination:            design_1_i/smartconnect_0/inst/s01_entry_pipeline/s01_mmu/inst/xpm_cdc_async_rst_inst/arststages_ff_reg[0]/CLR
                            (removal check against rising-edge clock clk_fpga_0  {rise@0.000ns fall@5.000ns period=10.000ns})
  Path Group:             (none)
  Path Type:              Removal (Min at Fast Process Corner)
  Data Path Delay:        0.832ns  (logic 0.186ns (22.343%)  route 0.646ns (77.657%))
  Logic Levels:           1  (LUT1=1)
  Clock Path Skew:        0.300ns (DCD - SCD - CPR)
    Destination Clock Delay (DCD):    1.180ns
    Source Clock Delay      (SCD):    0.880ns
    Clock Pessimism Removal (CPR):    -0.000ns
  Clock Uncertainty:      0.154ns  ((TSJ^2 + TIJ^2)^1/2 + DJ) / 2 + PE
    Total System Jitter     (TSJ):    0.071ns
    Total Input Jitter      (TIJ):    0.300ns
    Discrete Jitter          (DJ):    0.000ns
    Phase Error              (PE):    0.000ns
  Timing Exception:       False Path

    Location             Delay type                Incr(ns)  Path(ns)    Netlist Resource(s)
  -------------------------------------------------------------------    -------------------
                         (clock clk_fpga_0 rise edge)
                                                      0.000     0.000 r  
    PS7_X0Y0             PS7                          0.000     0.000 r  design_1_i/processing_system7_0/inst/PS7_i/FCLKCLK[0]
                         net (fo=1, routed)           0.310     0.310    design_1_i/processing_system7_0/inst/FCLK_CLK_unbuffered[0]
    BUFGCTRL_X0Y16       BUFG (Prop_bufg_I_O)         0.026     0.336 r  design_1_i/processing_system7_0/inst/buffer_fclk_clk_0.FCLK_CLK_0_BUFG/O
                         net (fo=36655, routed)       0.544     0.880    design_1_i/smartconnect_0/inst/clk_map/psr_aclk/U0/aclk
    SLICE_X45Y73         FDRE                                         r  design_1_i/smartconnect_0/inst/clk_map/psr_aclk/U0/ACTIVE_LOW_BSR_OUT_DFF[0].FDRE_BSR_N/C
  -------------------------------------------------------------------    -------------------
    SLICE_X45Y73         FDRE (Prop_fdre_C_Q)         0.141     1.021 r  design_1_i/smartconnect_0/inst/clk_map/psr_aclk/U0/ACTIVE_LOW_BSR_OUT_DFF[0].FDRE_BSR_N/Q
                         net (fo=15, routed)          0.364     1.384    design_1_i/smartconnect_0/inst/s01_entry_pipeline/s01_mmu/inst/xpm_cdc_async_rst_inst/src_arst
    SLICE_X48Y67         LUT1 (Prop_lut1_I0_O)        0.045     1.429 f  design_1_i/smartconnect_0/inst/s01_entry_pipeline/s01_mmu/inst/xpm_cdc_async_rst_inst/arststages_ff[2]_i_1/O
                         net (fo=3, routed)           0.283     1.712    design_1_i/smartconnect_0/inst/s01_entry_pipeline/s01_mmu/inst/xpm_cdc_async_rst_inst/reset_pol
    SLICE_X47Y69         FDCE                                         f  design_1_i/smartconnect_0/inst/s01_entry_pipeline/s01_mmu/inst/xpm_cdc_async_rst_inst/arststages_ff_reg[0]/CLR
  -------------------------------------------------------------------    -------------------

                         (clock clk_fpga_0 rise edge)
                                                      0.000     0.000 r  
    PS7_X0Y0             PS7                          0.000     0.000 r  design_1_i/processing_system7_0/inst/PS7_i/FCLKCLK[0]
                         net (fo=1, routed)           0.337     0.337    design_1_i/processing_system7_0/inst/FCLK_CLK_unbuffered[0]
    BUFGCTRL_X0Y16       BUFG (Prop_bufg_I_O)         0.029     0.366 r  design_1_i/processing_system7_0/inst/buffer_fclk_clk_0.FCLK_CLK_0_BUFG/O
                         net (fo=36655, routed)       0.814     1.180    design_1_i/smartconnect_0/inst/s01_entry_pipeline/s01_mmu/inst/xpm_cdc_async_rst_inst/dest_clk
    SLICE_X47Y69         FDCE                                         r  design_1_i/smartconnect_0/inst/s01_entry_pipeline/s01_mmu/inst/xpm_cdc_async_rst_inst/arststages_ff_reg[0]/C

Slack:                    inf
  Source:                 design_1_i/smartconnect_0/inst/clk_map/psr_aclk/U0/ACTIVE_LOW_BSR_OUT_DFF[0].FDRE_BSR_N/C
                            (rising edge-triggered cell FDRE clocked by clk_fpga_0  {rise@0.000ns fall@5.000ns period=10.000ns})
  Destination:            design_1_i/smartconnect_0/inst/s01_entry_pipeline/s01_mmu/inst/xpm_cdc_async_rst_inst/arststages_ff_reg[1]/CLR
                            (removal check against rising-edge clock clk_fpga_0  {rise@0.000ns fall@5.000ns period=10.000ns})
  Path Group:             (none)
  Path Type:              Removal (Min at Fast Process Corner)
  Data Path Delay:        0.832ns  (logic 0.186ns (22.343%)  route 0.646ns (77.657%))
  Logic Levels:           1  (LUT1=1)
  Clock Path Skew:        0.300ns (DCD - SCD - CPR)
    Destination Clock Delay (DCD):    1.180ns
    Source Clock Delay      (SCD):    0.880ns
    Clock Pessimism Removal (CPR):    -0.000ns
  Clock Uncertainty:      0.154ns  ((TSJ^2 + TIJ^2)^1/2 + DJ) / 2 + PE
    Total System Jitter     (TSJ):    0.071ns
    Total Input Jitter      (TIJ):    0.300ns
    Discrete Jitter          (DJ):    0.000ns
    Phase Error              (PE):    0.000ns
  Timing Exception:       False Path

    Location             Delay type                Incr(ns)  Path(ns)    Netlist Resource(s)
  -------------------------------------------------------------------    -------------------
                         (clock clk_fpga_0 rise edge)
                                                      0.000     0.000 r  
    PS7_X0Y0             PS7                          0.000     0.000 r  design_1_i/processing_system7_0/inst/PS7_i/FCLKCLK[0]
                         net (fo=1, routed)           0.310     0.310    design_1_i/processing_system7_0/inst/FCLK_CLK_unbuffered[0]
    BUFGCTRL_X0Y16       BUFG (Prop_bufg_I_O)         0.026     0.336 r  design_1_i/processing_system7_0/inst/buffer_fclk_clk_0.FCLK_CLK_0_BUFG/O
                         net (fo=36655, routed)       0.544     0.880    design_1_i/smartconnect_0/inst/clk_map/psr_aclk/U0/aclk
    SLICE_X45Y73         FDRE                                         r  design_1_i/smartconnect_0/inst/clk_map/psr_aclk/U0/ACTIVE_LOW_BSR_OUT_DFF[0].FDRE_BSR_N/C
  -------------------------------------------------------------------    -------------------
    SLICE_X45Y73         FDRE (Prop_fdre_C_Q)         0.141     1.021 r  design_1_i/smartconnect_0/inst/clk_map/psr_aclk/U0/ACTIVE_LOW_BSR_OUT_DFF[0].FDRE_BSR_N/Q
                         net (fo=15, routed)          0.364     1.384    design_1_i/smartconnect_0/inst/s01_entry_pipeline/s01_mmu/inst/xpm_cdc_async_rst_inst/src_arst
    SLICE_X48Y67         LUT1 (Prop_lut1_I0_O)        0.045     1.429 f  design_1_i/smartconnect_0/inst/s01_entry_pipeline/s01_mmu/inst/xpm_cdc_async_rst_inst/arststages_ff[2]_i_1/O
                         net (fo=3, routed)           0.283     1.712    design_1_i/smartconnect_0/inst/s01_entry_pipeline/s01_mmu/inst/xpm_cdc_async_rst_inst/reset_pol
    SLICE_X47Y69         FDCE                                         f  design_1_i/smartconnect_0/inst/s01_entry_pipeline/s01_mmu/inst/xpm_cdc_async_rst_inst/arststages_ff_reg[1]/CLR
  -------------------------------------------------------------------    -------------------

                         (clock clk_fpga_0 rise edge)
                                                      0.000     0.000 r  
    PS7_X0Y0             PS7                          0.000     0.000 r  design_1_i/processing_system7_0/inst/PS7_i/FCLKCLK[0]
                         net (fo=1, routed)           0.337     0.337    design_1_i/processing_system7_0/inst/FCLK_CLK_unbuffered[0]
    BUFGCTRL_X0Y16       BUFG (Prop_bufg_I_O)         0.029     0.366 r  design_1_i/processing_system7_0/inst/buffer_fclk_clk_0.FCLK_CLK_0_BUFG/O
                         net (fo=36655, routed)       0.814     1.180    design_1_i/smartconnect_0/inst/s01_entry_pipeline/s01_mmu/inst/xpm_cdc_async_rst_inst/dest_clk
    SLICE_X47Y69         FDCE                                         r  design_1_i/smartconnect_0/inst/s01_entry_pipeline/s01_mmu/inst/xpm_cdc_async_rst_inst/arststages_ff_reg[1]/C





