
*** Running vivado
    with args -log finn_design_MVAU_hls_0_0.vds -m64 -product Vivado -mode batch -messageDb vivado.pb -notrace -source finn_design_MVAU_hls_0_0.tcl


****** Vivado v2022.2 (64-bit)
  **** SW Build 3671981 on Fri Oct 14 04:59:54 MDT 2022
  **** IP Build 3669848 on Fri Oct 14 08:30:02 MDT 2022
    ** Copyright 1986-2022 Xilinx, Inc. All Rights Reserved.

source finn_design_MVAU_hls_0_0.tcl -notrace
create_project: Time (s): cpu = 00:00:05 ; elapsed = 00:00:05 . Memory (MB): peak = 1264.469 ; gain = 0.027 ; free physical = 3176 ; free virtual = 6194
INFO: [IP_Flow 19-234] Refreshing IP repositories
INFO: [IP_Flow 19-1700] Loaded user IP repository '/home/andreea/finn/finn-rtllib/memstream'.
INFO: [IP_Flow 19-1700] Loaded user IP repository '/tmp/finn_dev_andreea/code_gen_ipgen_StreamingFIFO_rtl_0_ba18_35j'.
INFO: [IP_Flow 19-1700] Loaded user IP repository '/tmp/finn_dev_andreea/code_gen_ipgen_FMPadding_rtl_0_y0emcnwp'.
INFO: [IP_Flow 19-1700] Loaded user IP repository '/tmp/finn_dev_andreea/code_gen_ipgen_StreamingFIFO_rtl_1_hufrydzu'.
INFO: [IP_Flow 19-1700] Loaded user IP repository '/tmp/finn_dev_andreea/code_gen_ipgen_ConvolutionInputGenerator_rtl_0_p8wvajtb'.
INFO: [IP_Flow 19-1700] Loaded user IP repository '/tmp/finn_dev_andreea/code_gen_ipgen_StreamingFIFO_rtl_2_1079yvcg'.
INFO: [IP_Flow 19-1700] Loaded user IP repository '/tmp/finn_dev_andreea/code_gen_ipgen_StreamingDataWidthConverter_rtl_0_ylwxevm4'.
INFO: [IP_Flow 19-1700] Loaded user IP repository '/tmp/finn_dev_andreea/code_gen_ipgen_StreamingFIFO_rtl_3_oq4_hgum'.
INFO: [IP_Flow 19-1700] Loaded user IP repository '/tmp/finn_dev_andreea/code_gen_ipgen_MVAU_hls_0_162klhtr/project_MVAU_hls_0/sol1/impl/ip'.
INFO: [IP_Flow 19-1700] Loaded user IP repository '/tmp/finn_dev_andreea/code_gen_ipgen_StreamingFIFO_rtl_4_r0c39d43'.
INFO: [IP_Flow 19-1700] Loaded user IP repository '/tmp/finn_dev_andreea/code_gen_ipgen_StreamingDataWidthConverter_rtl_1_t6ksgcvj'.
INFO: [IP_Flow 19-1700] Loaded user IP repository '/tmp/finn_dev_andreea/code_gen_ipgen_StreamingFIFO_rtl_5_rypyiejn'.
INFO: [IP_Flow 19-1700] Loaded user IP repository '/tmp/finn_dev_andreea/code_gen_ipgen_StreamingMaxPool_hls_0_f38gb_sw/project_StreamingMaxPool_hls_0/sol1/impl/ip'.
INFO: [IP_Flow 19-1700] Loaded user IP repository '/tmp/finn_dev_andreea/code_gen_ipgen_StreamingFIFO_rtl_6_amabx6h_'.
INFO: [IP_Flow 19-1700] Loaded user IP repository '/tmp/finn_dev_andreea/code_gen_ipgen_StreamingDataWidthConverter_rtl_2_598a5s36'.
INFO: [IP_Flow 19-1700] Loaded user IP repository '/tmp/finn_dev_andreea/code_gen_ipgen_StreamingFIFO_rtl_7_ln61hkns'.
INFO: [IP_Flow 19-1700] Loaded user IP repository '/tmp/finn_dev_andreea/code_gen_ipgen_MVAU_hls_1_3j5wqvxh/project_MVAU_hls_1/sol1/impl/ip'.
INFO: [IP_Flow 19-1700] Loaded user IP repository '/tmp/finn_dev_andreea/code_gen_ipgen_StreamingFIFO_rtl_8_iv3q_gwl'.
INFO: [IP_Flow 19-1700] Loaded user IP repository '/tmp/finn_dev_andreea/code_gen_ipgen_MVAU_rtl_0_5cofkz0f'.
INFO: [IP_Flow 19-1700] Loaded user IP repository '/tmp/finn_dev_andreea/code_gen_ipgen_StreamingFIFO_rtl_9_s54x7wfo'.
INFO: [IP_Flow 19-2313] Loaded Vivado IP repository '/tools/Xilinx/Vivado/2022.2/data/ip'.
INFO: [IP_Flow 19-6924] IPCACHE: Running cache check for IP inst: finn_design_MVAU_hls_0_0
Command: synth_design -top finn_design_MVAU_hls_0_0 -part xc7z020clg400-1 -incremental_mode off -mode out_of_context
Starting synth_design
Attempting to get a license for feature 'Synthesis' and/or device 'xc7z020'
INFO: [Common 17-349] Got license for feature 'Synthesis' and/or device 'xc7z020'
INFO: [Device 21-403] Loading part xc7z020clg400-1
INFO: [Synth 8-7079] Multithreading enabled for synth_design using a maximum of 4 processes.
INFO: [Synth 8-7078] Launching helper process for spawning children vivado processes
INFO: [Synth 8-7075] Helper process launched with PID 502101
INFO: [Synth 8-11241] undeclared symbol 'REGCCE', assumed default net type 'wire' [/tools/Xilinx/Vivado/2022.2/data/verilog/src/unimacro/BRAM_SINGLE_MACRO.v:2170]
---------------------------------------------------------------------------------
Starting RTL Elaboration : Time (s): cpu = 00:00:05 ; elapsed = 00:00:06 . Memory (MB): peak = 2006.551 ; gain = 372.770 ; free physical = 80 ; free virtual = 2904
Synthesis current peak Physical Memory [PSS] (MB): peak = 1261.879; parent = 1123.148; children = 138.730
Synthesis current peak Virtual Memory [VSS] (MB): peak = 2969.949; parent = 2017.457; children = 952.492
---------------------------------------------------------------------------------
INFO: [Synth 8-6157] synthesizing module 'finn_design_MVAU_hls_0_0' [/home/andreea/proiect_finn/output_ip_hardware_cu_argmax/stitched_ip/finn_vivado_stitch_proj.gen/sources_1/bd/finn_design/ip/finn_design_MVAU_hls_0_0/synth/finn_design_MVAU_hls_0_0.v:53]
INFO: [Synth 8-6157] synthesizing module 'MVAU_hls_0' [/home/andreea/proiect_finn/output_ip_hardware_cu_argmax/stitched_ip/finn_vivado_stitch_proj.gen/sources_1/bd/finn_design/ipshared/df1f/hdl/verilog/MVAU_hls_0.v:10]
INFO: [Synth 8-6157] synthesizing module 'MVAU_hls_0_Matrix_Vector_Activate_Stream_Batch' [/home/andreea/proiect_finn/output_ip_hardware_cu_argmax/stitched_ip/finn_vivado_stitch_proj.gen/sources_1/bd/finn_design/ipshared/df1f/hdl/verilog/MVAU_hls_0_Matrix_Vector_Activate_Stream_Batch.v:10]
WARNING: [Synth 8-5974] attribute "use_dsp48" has been deprecated, please use "use_dsp" instead 
INFO: [Synth 8-6157] synthesizing module 'MVAU_hls_0_Matrix_Vector_Activate_Stream_Batch_p_ZL7threshs_0_ROM_AUTO_1R' [/home/andreea/proiect_finn/output_ip_hardware_cu_argmax/stitched_ip/finn_vivado_stitch_proj.gen/sources_1/bd/finn_design/ipshared/df1f/hdl/verilog/MVAU_hls_0_Matrix_Vector_Activate_Stream_Batch_p_ZL7threshs_0_ROM_AUTO_1R.v:7]
INFO: [Synth 8-3876] $readmem data file '/tmp/finn_dev_andreea/code_gen_ipgen_MVAU_hls_0_162klhtr/project_MVAU_hls_0/sol1/impl/ip/hdl/verilog/MVAU_hls_0_Matrix_Vector_Activate_Stream_Batch_p_ZL7threshs_0_ROM_AUTO_1R.dat' is read successfully [/home/andreea/proiect_finn/output_ip_hardware_cu_argmax/stitched_ip/finn_vivado_stitch_proj.gen/sources_1/bd/finn_design/ipshared/df1f/hdl/verilog/MVAU_hls_0_Matrix_Vector_Activate_Stream_Batch_p_ZL7threshs_0_ROM_AUTO_1R.v:28]
INFO: [Synth 8-6155] done synthesizing module 'MVAU_hls_0_Matrix_Vector_Activate_Stream_Batch_p_ZL7threshs_0_ROM_AUTO_1R' (0#1) [/home/andreea/proiect_finn/output_ip_hardware_cu_argmax/stitched_ip/finn_vivado_stitch_proj.gen/sources_1/bd/finn_design/ipshared/df1f/hdl/verilog/MVAU_hls_0_Matrix_Vector_Activate_Stream_Batch_p_ZL7threshs_0_ROM_AUTO_1R.v:7]
INFO: [Synth 8-6157] synthesizing module 'MVAU_hls_0_Matrix_Vector_Activate_Stream_Batch_p_ZL7threshs_1_ROM_AUTO_1R' [/home/andreea/proiect_finn/output_ip_hardware_cu_argmax/stitched_ip/finn_vivado_stitch_proj.gen/sources_1/bd/finn_design/ipshared/df1f/hdl/verilog/MVAU_hls_0_Matrix_Vector_Activate_Stream_Batch_p_ZL7threshs_1_ROM_AUTO_1R.v:7]
INFO: [Synth 8-3876] $readmem data file '/tmp/finn_dev_andreea/code_gen_ipgen_MVAU_hls_0_162klhtr/project_MVAU_hls_0/sol1/impl/ip/hdl/verilog/MVAU_hls_0_Matrix_Vector_Activate_Stream_Batch_p_ZL7threshs_1_ROM_AUTO_1R.dat' is read successfully [/home/andreea/proiect_finn/output_ip_hardware_cu_argmax/stitched_ip/finn_vivado_stitch_proj.gen/sources_1/bd/finn_design/ipshared/df1f/hdl/verilog/MVAU_hls_0_Matrix_Vector_Activate_Stream_Batch_p_ZL7threshs_1_ROM_AUTO_1R.v:28]
INFO: [Synth 8-6155] done synthesizing module 'MVAU_hls_0_Matrix_Vector_Activate_Stream_Batch_p_ZL7threshs_1_ROM_AUTO_1R' (0#1) [/home/andreea/proiect_finn/output_ip_hardware_cu_argmax/stitched_ip/finn_vivado_stitch_proj.gen/sources_1/bd/finn_design/ipshared/df1f/hdl/verilog/MVAU_hls_0_Matrix_Vector_Activate_Stream_Batch_p_ZL7threshs_1_ROM_AUTO_1R.v:7]
INFO: [Synth 8-6157] synthesizing module 'MVAU_hls_0_Matrix_Vector_Activate_Stream_Batch_p_ZL7threshs_2_ROM_AUTO_1R' [/home/andreea/proiect_finn/output_ip_hardware_cu_argmax/stitched_ip/finn_vivado_stitch_proj.gen/sources_1/bd/finn_design/ipshared/df1f/hdl/verilog/MVAU_hls_0_Matrix_Vector_Activate_Stream_Batch_p_ZL7threshs_2_ROM_AUTO_1R.v:7]
INFO: [Synth 8-3876] $readmem data file '/tmp/finn_dev_andreea/code_gen_ipgen_MVAU_hls_0_162klhtr/project_MVAU_hls_0/sol1/impl/ip/hdl/verilog/MVAU_hls_0_Matrix_Vector_Activate_Stream_Batch_p_ZL7threshs_2_ROM_AUTO_1R.dat' is read successfully [/home/andreea/proiect_finn/output_ip_hardware_cu_argmax/stitched_ip/finn_vivado_stitch_proj.gen/sources_1/bd/finn_design/ipshared/df1f/hdl/verilog/MVAU_hls_0_Matrix_Vector_Activate_Stream_Batch_p_ZL7threshs_2_ROM_AUTO_1R.v:28]
INFO: [Synth 8-6155] done synthesizing module 'MVAU_hls_0_Matrix_Vector_Activate_Stream_Batch_p_ZL7threshs_2_ROM_AUTO_1R' (0#1) [/home/andreea/proiect_finn/output_ip_hardware_cu_argmax/stitched_ip/finn_vivado_stitch_proj.gen/sources_1/bd/finn_design/ipshared/df1f/hdl/verilog/MVAU_hls_0_Matrix_Vector_Activate_Stream_Batch_p_ZL7threshs_2_ROM_AUTO_1R.v:7]
INFO: [Synth 8-6157] synthesizing module 'MVAU_hls_0_Matrix_Vector_Activate_Stream_Batch_p_ZL7threshs_3_ROM_AUTO_1R' [/home/andreea/proiect_finn/output_ip_hardware_cu_argmax/stitched_ip/finn_vivado_stitch_proj.gen/sources_1/bd/finn_design/ipshared/df1f/hdl/verilog/MVAU_hls_0_Matrix_Vector_Activate_Stream_Batch_p_ZL7threshs_3_ROM_AUTO_1R.v:7]
INFO: [Synth 8-3876] $readmem data file '/tmp/finn_dev_andreea/code_gen_ipgen_MVAU_hls_0_162klhtr/project_MVAU_hls_0/sol1/impl/ip/hdl/verilog/MVAU_hls_0_Matrix_Vector_Activate_Stream_Batch_p_ZL7threshs_3_ROM_AUTO_1R.dat' is read successfully [/home/andreea/proiect_finn/output_ip_hardware_cu_argmax/stitched_ip/finn_vivado_stitch_proj.gen/sources_1/bd/finn_design/ipshared/df1f/hdl/verilog/MVAU_hls_0_Matrix_Vector_Activate_Stream_Batch_p_ZL7threshs_3_ROM_AUTO_1R.v:28]
INFO: [Synth 8-6155] done synthesizing module 'MVAU_hls_0_Matrix_Vector_Activate_Stream_Batch_p_ZL7threshs_3_ROM_AUTO_1R' (0#1) [/home/andreea/proiect_finn/output_ip_hardware_cu_argmax/stitched_ip/finn_vivado_stitch_proj.gen/sources_1/bd/finn_design/ipshared/df1f/hdl/verilog/MVAU_hls_0_Matrix_Vector_Activate_Stream_Batch_p_ZL7threshs_3_ROM_AUTO_1R.v:7]
INFO: [Synth 8-6157] synthesizing module 'MVAU_hls_0_Matrix_Vector_Activate_Stream_Batch_p_ZL7threshs_4_ROM_AUTO_1R' [/home/andreea/proiect_finn/output_ip_hardware_cu_argmax/stitched_ip/finn_vivado_stitch_proj.gen/sources_1/bd/finn_design/ipshared/df1f/hdl/verilog/MVAU_hls_0_Matrix_Vector_Activate_Stream_Batch_p_ZL7threshs_4_ROM_AUTO_1R.v:7]
INFO: [Synth 8-3876] $readmem data file '/tmp/finn_dev_andreea/code_gen_ipgen_MVAU_hls_0_162klhtr/project_MVAU_hls_0/sol1/impl/ip/hdl/verilog/MVAU_hls_0_Matrix_Vector_Activate_Stream_Batch_p_ZL7threshs_4_ROM_AUTO_1R.dat' is read successfully [/home/andreea/proiect_finn/output_ip_hardware_cu_argmax/stitched_ip/finn_vivado_stitch_proj.gen/sources_1/bd/finn_design/ipshared/df1f/hdl/verilog/MVAU_hls_0_Matrix_Vector_Activate_Stream_Batch_p_ZL7threshs_4_ROM_AUTO_1R.v:28]
INFO: [Synth 8-6155] done synthesizing module 'MVAU_hls_0_Matrix_Vector_Activate_Stream_Batch_p_ZL7threshs_4_ROM_AUTO_1R' (0#1) [/home/andreea/proiect_finn/output_ip_hardware_cu_argmax/stitched_ip/finn_vivado_stitch_proj.gen/sources_1/bd/finn_design/ipshared/df1f/hdl/verilog/MVAU_hls_0_Matrix_Vector_Activate_Stream_Batch_p_ZL7threshs_4_ROM_AUTO_1R.v:7]
INFO: [Synth 8-6157] synthesizing module 'MVAU_hls_0_Matrix_Vector_Activate_Stream_Batch_p_ZL7threshs_5_ROM_AUTO_1R' [/home/andreea/proiect_finn/output_ip_hardware_cu_argmax/stitched_ip/finn_vivado_stitch_proj.gen/sources_1/bd/finn_design/ipshared/df1f/hdl/verilog/MVAU_hls_0_Matrix_Vector_Activate_Stream_Batch_p_ZL7threshs_5_ROM_AUTO_1R.v:7]
INFO: [Synth 8-3876] $readmem data file '/tmp/finn_dev_andreea/code_gen_ipgen_MVAU_hls_0_162klhtr/project_MVAU_hls_0/sol1/impl/ip/hdl/verilog/MVAU_hls_0_Matrix_Vector_Activate_Stream_Batch_p_ZL7threshs_5_ROM_AUTO_1R.dat' is read successfully [/home/andreea/proiect_finn/output_ip_hardware_cu_argmax/stitched_ip/finn_vivado_stitch_proj.gen/sources_1/bd/finn_design/ipshared/df1f/hdl/verilog/MVAU_hls_0_Matrix_Vector_Activate_Stream_Batch_p_ZL7threshs_5_ROM_AUTO_1R.v:28]
INFO: [Synth 8-6155] done synthesizing module 'MVAU_hls_0_Matrix_Vector_Activate_Stream_Batch_p_ZL7threshs_5_ROM_AUTO_1R' (0#1) [/home/andreea/proiect_finn/output_ip_hardware_cu_argmax/stitched_ip/finn_vivado_stitch_proj.gen/sources_1/bd/finn_design/ipshared/df1f/hdl/verilog/MVAU_hls_0_Matrix_Vector_Activate_Stream_Batch_p_ZL7threshs_5_ROM_AUTO_1R.v:7]
INFO: [Synth 8-6157] synthesizing module 'MVAU_hls_0_Matrix_Vector_Activate_Stream_Batch_p_ZL7threshs_6_ROM_AUTO_1R' [/home/andreea/proiect_finn/output_ip_hardware_cu_argmax/stitched_ip/finn_vivado_stitch_proj.gen/sources_1/bd/finn_design/ipshared/df1f/hdl/verilog/MVAU_hls_0_Matrix_Vector_Activate_Stream_Batch_p_ZL7threshs_6_ROM_AUTO_1R.v:7]
INFO: [Synth 8-3876] $readmem data file '/tmp/finn_dev_andreea/code_gen_ipgen_MVAU_hls_0_162klhtr/project_MVAU_hls_0/sol1/impl/ip/hdl/verilog/MVAU_hls_0_Matrix_Vector_Activate_Stream_Batch_p_ZL7threshs_6_ROM_AUTO_1R.dat' is read successfully [/home/andreea/proiect_finn/output_ip_hardware_cu_argmax/stitched_ip/finn_vivado_stitch_proj.gen/sources_1/bd/finn_design/ipshared/df1f/hdl/verilog/MVAU_hls_0_Matrix_Vector_Activate_Stream_Batch_p_ZL7threshs_6_ROM_AUTO_1R.v:28]
INFO: [Synth 8-6155] done synthesizing module 'MVAU_hls_0_Matrix_Vector_Activate_Stream_Batch_p_ZL7threshs_6_ROM_AUTO_1R' (0#1) [/home/andreea/proiect_finn/output_ip_hardware_cu_argmax/stitched_ip/finn_vivado_stitch_proj.gen/sources_1/bd/finn_design/ipshared/df1f/hdl/verilog/MVAU_hls_0_Matrix_Vector_Activate_Stream_Batch_p_ZL7threshs_6_ROM_AUTO_1R.v:7]
INFO: [Synth 8-6157] synthesizing module 'MVAU_hls_0_Matrix_Vector_Activate_Stream_Batch_p_ZL7threshs_7_ROM_AUTO_1R' [/home/andreea/proiect_finn/output_ip_hardware_cu_argmax/stitched_ip/finn_vivado_stitch_proj.gen/sources_1/bd/finn_design/ipshared/df1f/hdl/verilog/MVAU_hls_0_Matrix_Vector_Activate_Stream_Batch_p_ZL7threshs_7_ROM_AUTO_1R.v:7]
INFO: [Synth 8-3876] $readmem data file '/tmp/finn_dev_andreea/code_gen_ipgen_MVAU_hls_0_162klhtr/project_MVAU_hls_0/sol1/impl/ip/hdl/verilog/MVAU_hls_0_Matrix_Vector_Activate_Stream_Batch_p_ZL7threshs_7_ROM_AUTO_1R.dat' is read successfully [/home/andreea/proiect_finn/output_ip_hardware_cu_argmax/stitched_ip/finn_vivado_stitch_proj.gen/sources_1/bd/finn_design/ipshared/df1f/hdl/verilog/MVAU_hls_0_Matrix_Vector_Activate_Stream_Batch_p_ZL7threshs_7_ROM_AUTO_1R.v:28]
INFO: [Synth 8-6155] done synthesizing module 'MVAU_hls_0_Matrix_Vector_Activate_Stream_Batch_p_ZL7threshs_7_ROM_AUTO_1R' (0#1) [/home/andreea/proiect_finn/output_ip_hardware_cu_argmax/stitched_ip/finn_vivado_stitch_proj.gen/sources_1/bd/finn_design/ipshared/df1f/hdl/verilog/MVAU_hls_0_Matrix_Vector_Activate_Stream_Batch_p_ZL7threshs_7_ROM_AUTO_1R.v:7]
INFO: [Synth 8-6157] synthesizing module 'MVAU_hls_0_Matrix_Vector_Activate_Stream_Batch_p_ZL7threshs_8_ROM_AUTO_1R' [/home/andreea/proiect_finn/output_ip_hardware_cu_argmax/stitched_ip/finn_vivado_stitch_proj.gen/sources_1/bd/finn_design/ipshared/df1f/hdl/verilog/MVAU_hls_0_Matrix_Vector_Activate_Stream_Batch_p_ZL7threshs_8_ROM_AUTO_1R.v:7]
INFO: [Synth 8-3876] $readmem data file '/tmp/finn_dev_andreea/code_gen_ipgen_MVAU_hls_0_162klhtr/project_MVAU_hls_0/sol1/impl/ip/hdl/verilog/MVAU_hls_0_Matrix_Vector_Activate_Stream_Batch_p_ZL7threshs_8_ROM_AUTO_1R.dat' is read successfully [/home/andreea/proiect_finn/output_ip_hardware_cu_argmax/stitched_ip/finn_vivado_stitch_proj.gen/sources_1/bd/finn_design/ipshared/df1f/hdl/verilog/MVAU_hls_0_Matrix_Vector_Activate_Stream_Batch_p_ZL7threshs_8_ROM_AUTO_1R.v:28]
INFO: [Synth 8-6155] done synthesizing module 'MVAU_hls_0_Matrix_Vector_Activate_Stream_Batch_p_ZL7threshs_8_ROM_AUTO_1R' (0#1) [/home/andreea/proiect_finn/output_ip_hardware_cu_argmax/stitched_ip/finn_vivado_stitch_proj.gen/sources_1/bd/finn_design/ipshared/df1f/hdl/verilog/MVAU_hls_0_Matrix_Vector_Activate_Stream_Batch_p_ZL7threshs_8_ROM_AUTO_1R.v:7]
INFO: [Synth 8-6157] synthesizing module 'MVAU_hls_0_Matrix_Vector_Activate_Stream_Batch_p_ZL7threshs_9_ROM_AUTO_1R' [/home/andreea/proiect_finn/output_ip_hardware_cu_argmax/stitched_ip/finn_vivado_stitch_proj.gen/sources_1/bd/finn_design/ipshared/df1f/hdl/verilog/MVAU_hls_0_Matrix_Vector_Activate_Stream_Batch_p_ZL7threshs_9_ROM_AUTO_1R.v:7]
INFO: [Synth 8-3876] $readmem data file '/tmp/finn_dev_andreea/code_gen_ipgen_MVAU_hls_0_162klhtr/project_MVAU_hls_0/sol1/impl/ip/hdl/verilog/MVAU_hls_0_Matrix_Vector_Activate_Stream_Batch_p_ZL7threshs_9_ROM_AUTO_1R.dat' is read successfully [/home/andreea/proiect_finn/output_ip_hardware_cu_argmax/stitched_ip/finn_vivado_stitch_proj.gen/sources_1/bd/finn_design/ipshared/df1f/hdl/verilog/MVAU_hls_0_Matrix_Vector_Activate_Stream_Batch_p_ZL7threshs_9_ROM_AUTO_1R.v:28]
INFO: [Synth 8-6155] done synthesizing module 'MVAU_hls_0_Matrix_Vector_Activate_Stream_Batch_p_ZL7threshs_9_ROM_AUTO_1R' (0#1) [/home/andreea/proiect_finn/output_ip_hardware_cu_argmax/stitched_ip/finn_vivado_stitch_proj.gen/sources_1/bd/finn_design/ipshared/df1f/hdl/verilog/MVAU_hls_0_Matrix_Vector_Activate_Stream_Batch_p_ZL7threshs_9_ROM_AUTO_1R.v:7]
INFO: [Synth 8-6157] synthesizing module 'MVAU_hls_0_Matrix_Vector_Activate_Stream_Batch_p_ZL7threshs_10_ROM_AUTO_1R' [/home/andreea/proiect_finn/output_ip_hardware_cu_argmax/stitched_ip/finn_vivado_stitch_proj.gen/sources_1/bd/finn_design/ipshared/df1f/hdl/verilog/MVAU_hls_0_Matrix_Vector_Activate_Stream_Batch_p_ZL7threshs_10_ROM_AUTO_1R.v:7]
INFO: [Synth 8-3876] $readmem data file '/tmp/finn_dev_andreea/code_gen_ipgen_MVAU_hls_0_162klhtr/project_MVAU_hls_0/sol1/impl/ip/hdl/verilog/MVAU_hls_0_Matrix_Vector_Activate_Stream_Batch_p_ZL7threshs_10_ROM_AUTO_1R.dat' is read successfully [/home/andreea/proiect_finn/output_ip_hardware_cu_argmax/stitched_ip/finn_vivado_stitch_proj.gen/sources_1/bd/finn_design/ipshared/df1f/hdl/verilog/MVAU_hls_0_Matrix_Vector_Activate_Stream_Batch_p_ZL7threshs_10_ROM_AUTO_1R.v:28]
INFO: [Synth 8-6155] done synthesizing module 'MVAU_hls_0_Matrix_Vector_Activate_Stream_Batch_p_ZL7threshs_10_ROM_AUTO_1R' (0#1) [/home/andreea/proiect_finn/output_ip_hardware_cu_argmax/stitched_ip/finn_vivado_stitch_proj.gen/sources_1/bd/finn_design/ipshared/df1f/hdl/verilog/MVAU_hls_0_Matrix_Vector_Activate_Stream_Batch_p_ZL7threshs_10_ROM_AUTO_1R.v:7]
INFO: [Synth 8-6157] synthesizing module 'MVAU_hls_0_Matrix_Vector_Activate_Stream_Batch_p_ZL7threshs_11_ROM_AUTO_1R' [/home/andreea/proiect_finn/output_ip_hardware_cu_argmax/stitched_ip/finn_vivado_stitch_proj.gen/sources_1/bd/finn_design/ipshared/df1f/hdl/verilog/MVAU_hls_0_Matrix_Vector_Activate_Stream_Batch_p_ZL7threshs_11_ROM_AUTO_1R.v:7]
INFO: [Synth 8-3876] $readmem data file '/tmp/finn_dev_andreea/code_gen_ipgen_MVAU_hls_0_162klhtr/project_MVAU_hls_0/sol1/impl/ip/hdl/verilog/MVAU_hls_0_Matrix_Vector_Activate_Stream_Batch_p_ZL7threshs_11_ROM_AUTO_1R.dat' is read successfully [/home/andreea/proiect_finn/output_ip_hardware_cu_argmax/stitched_ip/finn_vivado_stitch_proj.gen/sources_1/bd/finn_design/ipshared/df1f/hdl/verilog/MVAU_hls_0_Matrix_Vector_Activate_Stream_Batch_p_ZL7threshs_11_ROM_AUTO_1R.v:28]
INFO: [Synth 8-6155] done synthesizing module 'MVAU_hls_0_Matrix_Vector_Activate_Stream_Batch_p_ZL7threshs_11_ROM_AUTO_1R' (0#1) [/home/andreea/proiect_finn/output_ip_hardware_cu_argmax/stitched_ip/finn_vivado_stitch_proj.gen/sources_1/bd/finn_design/ipshared/df1f/hdl/verilog/MVAU_hls_0_Matrix_Vector_Activate_Stream_Batch_p_ZL7threshs_11_ROM_AUTO_1R.v:7]
INFO: [Synth 8-6157] synthesizing module 'MVAU_hls_0_Matrix_Vector_Activate_Stream_Batch_p_ZL7threshs_12_ROM_AUTO_1R' [/home/andreea/proiect_finn/output_ip_hardware_cu_argmax/stitched_ip/finn_vivado_stitch_proj.gen/sources_1/bd/finn_design/ipshared/df1f/hdl/verilog/MVAU_hls_0_Matrix_Vector_Activate_Stream_Batch_p_ZL7threshs_12_ROM_AUTO_1R.v:7]
INFO: [Synth 8-3876] $readmem data file '/tmp/finn_dev_andreea/code_gen_ipgen_MVAU_hls_0_162klhtr/project_MVAU_hls_0/sol1/impl/ip/hdl/verilog/MVAU_hls_0_Matrix_Vector_Activate_Stream_Batch_p_ZL7threshs_12_ROM_AUTO_1R.dat' is read successfully [/home/andreea/proiect_finn/output_ip_hardware_cu_argmax/stitched_ip/finn_vivado_stitch_proj.gen/sources_1/bd/finn_design/ipshared/df1f/hdl/verilog/MVAU_hls_0_Matrix_Vector_Activate_Stream_Batch_p_ZL7threshs_12_ROM_AUTO_1R.v:28]
INFO: [Synth 8-6155] done synthesizing module 'MVAU_hls_0_Matrix_Vector_Activate_Stream_Batch_p_ZL7threshs_12_ROM_AUTO_1R' (0#1) [/home/andreea/proiect_finn/output_ip_hardware_cu_argmax/stitched_ip/finn_vivado_stitch_proj.gen/sources_1/bd/finn_design/ipshared/df1f/hdl/verilog/MVAU_hls_0_Matrix_Vector_Activate_Stream_Batch_p_ZL7threshs_12_ROM_AUTO_1R.v:7]
INFO: [Synth 8-6157] synthesizing module 'MVAU_hls_0_Matrix_Vector_Activate_Stream_Batch_p_ZL7threshs_13_ROM_AUTO_1R' [/home/andreea/proiect_finn/output_ip_hardware_cu_argmax/stitched_ip/finn_vivado_stitch_proj.gen/sources_1/bd/finn_design/ipshared/df1f/hdl/verilog/MVAU_hls_0_Matrix_Vector_Activate_Stream_Batch_p_ZL7threshs_13_ROM_AUTO_1R.v:7]
INFO: [Synth 8-3876] $readmem data file '/tmp/finn_dev_andreea/code_gen_ipgen_MVAU_hls_0_162klhtr/project_MVAU_hls_0/sol1/impl/ip/hdl/verilog/MVAU_hls_0_Matrix_Vector_Activate_Stream_Batch_p_ZL7threshs_13_ROM_AUTO_1R.dat' is read successfully [/home/andreea/proiect_finn/output_ip_hardware_cu_argmax/stitched_ip/finn_vivado_stitch_proj.gen/sources_1/bd/finn_design/ipshared/df1f/hdl/verilog/MVAU_hls_0_Matrix_Vector_Activate_Stream_Batch_p_ZL7threshs_13_ROM_AUTO_1R.v:28]
INFO: [Synth 8-6155] done synthesizing module 'MVAU_hls_0_Matrix_Vector_Activate_Stream_Batch_p_ZL7threshs_13_ROM_AUTO_1R' (0#1) [/home/andreea/proiect_finn/output_ip_hardware_cu_argmax/stitched_ip/finn_vivado_stitch_proj.gen/sources_1/bd/finn_design/ipshared/df1f/hdl/verilog/MVAU_hls_0_Matrix_Vector_Activate_Stream_Batch_p_ZL7threshs_13_ROM_AUTO_1R.v:7]
INFO: [Synth 8-6157] synthesizing module 'MVAU_hls_0_Matrix_Vector_Activate_Stream_Batch_p_ZL7threshs_14_ROM_AUTO_1R' [/home/andreea/proiect_finn/output_ip_hardware_cu_argmax/stitched_ip/finn_vivado_stitch_proj.gen/sources_1/bd/finn_design/ipshared/df1f/hdl/verilog/MVAU_hls_0_Matrix_Vector_Activate_Stream_Batch_p_ZL7threshs_14_ROM_AUTO_1R.v:7]
INFO: [Synth 8-3876] $readmem data file '/tmp/finn_dev_andreea/code_gen_ipgen_MVAU_hls_0_162klhtr/project_MVAU_hls_0/sol1/impl/ip/hdl/verilog/MVAU_hls_0_Matrix_Vector_Activate_Stream_Batch_p_ZL7threshs_14_ROM_AUTO_1R.dat' is read successfully [/home/andreea/proiect_finn/output_ip_hardware_cu_argmax/stitched_ip/finn_vivado_stitch_proj.gen/sources_1/bd/finn_design/ipshared/df1f/hdl/verilog/MVAU_hls_0_Matrix_Vector_Activate_Stream_Batch_p_ZL7threshs_14_ROM_AUTO_1R.v:28]
INFO: [Synth 8-6155] done synthesizing module 'MVAU_hls_0_Matrix_Vector_Activate_Stream_Batch_p_ZL7threshs_14_ROM_AUTO_1R' (0#1) [/home/andreea/proiect_finn/output_ip_hardware_cu_argmax/stitched_ip/finn_vivado_stitch_proj.gen/sources_1/bd/finn_design/ipshared/df1f/hdl/verilog/MVAU_hls_0_Matrix_Vector_Activate_Stream_Batch_p_ZL7threshs_14_ROM_AUTO_1R.v:7]
INFO: [Synth 8-6157] synthesizing module 'MVAU_hls_0_Matrix_Vector_Activate_Stream_Batch_p_ZL7threshs_15_ROM_AUTO_1R' [/home/andreea/proiect_finn/output_ip_hardware_cu_argmax/stitched_ip/finn_vivado_stitch_proj.gen/sources_1/bd/finn_design/ipshared/df1f/hdl/verilog/MVAU_hls_0_Matrix_Vector_Activate_Stream_Batch_p_ZL7threshs_15_ROM_AUTO_1R.v:7]
INFO: [Synth 8-3876] $readmem data file '/tmp/finn_dev_andreea/code_gen_ipgen_MVAU_hls_0_162klhtr/project_MVAU_hls_0/sol1/impl/ip/hdl/verilog/MVAU_hls_0_Matrix_Vector_Activate_Stream_Batch_p_ZL7threshs_15_ROM_AUTO_1R.dat' is read successfully [/home/andreea/proiect_finn/output_ip_hardware_cu_argmax/stitched_ip/finn_vivado_stitch_proj.gen/sources_1/bd/finn_design/ipshared/df1f/hdl/verilog/MVAU_hls_0_Matrix_Vector_Activate_Stream_Batch_p_ZL7threshs_15_ROM_AUTO_1R.v:28]
INFO: [Synth 8-6155] done synthesizing module 'MVAU_hls_0_Matrix_Vector_Activate_Stream_Batch_p_ZL7threshs_15_ROM_AUTO_1R' (0#1) [/home/andreea/proiect_finn/output_ip_hardware_cu_argmax/stitched_ip/finn_vivado_stitch_proj.gen/sources_1/bd/finn_design/ipshared/df1f/hdl/verilog/MVAU_hls_0_Matrix_Vector_Activate_Stream_Batch_p_ZL7threshs_15_ROM_AUTO_1R.v:7]
INFO: [Synth 8-6157] synthesizing module 'MVAU_hls_0_Matrix_Vector_Activate_Stream_Batch_p_ZL7threshs_16_ROM_AUTO_1R' [/home/andreea/proiect_finn/output_ip_hardware_cu_argmax/stitched_ip/finn_vivado_stitch_proj.gen/sources_1/bd/finn_design/ipshared/df1f/hdl/verilog/MVAU_hls_0_Matrix_Vector_Activate_Stream_Batch_p_ZL7threshs_16_ROM_AUTO_1R.v:7]
INFO: [Synth 8-3876] $readmem data file '/tmp/finn_dev_andreea/code_gen_ipgen_MVAU_hls_0_162klhtr/project_MVAU_hls_0/sol1/impl/ip/hdl/verilog/MVAU_hls_0_Matrix_Vector_Activate_Stream_Batch_p_ZL7threshs_16_ROM_AUTO_1R.dat' is read successfully [/home/andreea/proiect_finn/output_ip_hardware_cu_argmax/stitched_ip/finn_vivado_stitch_proj.gen/sources_1/bd/finn_design/ipshared/df1f/hdl/verilog/MVAU_hls_0_Matrix_Vector_Activate_Stream_Batch_p_ZL7threshs_16_ROM_AUTO_1R.v:28]
INFO: [Synth 8-6155] done synthesizing module 'MVAU_hls_0_Matrix_Vector_Activate_Stream_Batch_p_ZL7threshs_16_ROM_AUTO_1R' (0#1) [/home/andreea/proiect_finn/output_ip_hardware_cu_argmax/stitched_ip/finn_vivado_stitch_proj.gen/sources_1/bd/finn_design/ipshared/df1f/hdl/verilog/MVAU_hls_0_Matrix_Vector_Activate_Stream_Batch_p_ZL7threshs_16_ROM_AUTO_1R.v:7]
INFO: [Synth 8-6157] synthesizing module 'MVAU_hls_0_Matrix_Vector_Activate_Stream_Batch_p_ZL7threshs_17_ROM_AUTO_1R' [/home/andreea/proiect_finn/output_ip_hardware_cu_argmax/stitched_ip/finn_vivado_stitch_proj.gen/sources_1/bd/finn_design/ipshared/df1f/hdl/verilog/MVAU_hls_0_Matrix_Vector_Activate_Stream_Batch_p_ZL7threshs_17_ROM_AUTO_1R.v:7]
INFO: [Synth 8-3876] $readmem data file '/tmp/finn_dev_andreea/code_gen_ipgen_MVAU_hls_0_162klhtr/project_MVAU_hls_0/sol1/impl/ip/hdl/verilog/MVAU_hls_0_Matrix_Vector_Activate_Stream_Batch_p_ZL7threshs_17_ROM_AUTO_1R.dat' is read successfully [/home/andreea/proiect_finn/output_ip_hardware_cu_argmax/stitched_ip/finn_vivado_stitch_proj.gen/sources_1/bd/finn_design/ipshared/df1f/hdl/verilog/MVAU_hls_0_Matrix_Vector_Activate_Stream_Batch_p_ZL7threshs_17_ROM_AUTO_1R.v:28]
INFO: [Synth 8-6155] done synthesizing module 'MVAU_hls_0_Matrix_Vector_Activate_Stream_Batch_p_ZL7threshs_17_ROM_AUTO_1R' (0#1) [/home/andreea/proiect_finn/output_ip_hardware_cu_argmax/stitched_ip/finn_vivado_stitch_proj.gen/sources_1/bd/finn_design/ipshared/df1f/hdl/verilog/MVAU_hls_0_Matrix_Vector_Activate_Stream_Batch_p_ZL7threshs_17_ROM_AUTO_1R.v:7]
INFO: [Synth 8-6157] synthesizing module 'MVAU_hls_0_Matrix_Vector_Activate_Stream_Batch_p_ZL7threshs_18_ROM_AUTO_1R' [/home/andreea/proiect_finn/output_ip_hardware_cu_argmax/stitched_ip/finn_vivado_stitch_proj.gen/sources_1/bd/finn_design/ipshared/df1f/hdl/verilog/MVAU_hls_0_Matrix_Vector_Activate_Stream_Batch_p_ZL7threshs_18_ROM_AUTO_1R.v:7]
INFO: [Synth 8-3876] $readmem data file '/tmp/finn_dev_andreea/code_gen_ipgen_MVAU_hls_0_162klhtr/project_MVAU_hls_0/sol1/impl/ip/hdl/verilog/MVAU_hls_0_Matrix_Vector_Activate_Stream_Batch_p_ZL7threshs_18_ROM_AUTO_1R.dat' is read successfully [/home/andreea/proiect_finn/output_ip_hardware_cu_argmax/stitched_ip/finn_vivado_stitch_proj.gen/sources_1/bd/finn_design/ipshared/df1f/hdl/verilog/MVAU_hls_0_Matrix_Vector_Activate_Stream_Batch_p_ZL7threshs_18_ROM_AUTO_1R.v:28]
INFO: [Synth 8-6155] done synthesizing module 'MVAU_hls_0_Matrix_Vector_Activate_Stream_Batch_p_ZL7threshs_18_ROM_AUTO_1R' (0#1) [/home/andreea/proiect_finn/output_ip_hardware_cu_argmax/stitched_ip/finn_vivado_stitch_proj.gen/sources_1/bd/finn_design/ipshared/df1f/hdl/verilog/MVAU_hls_0_Matrix_Vector_Activate_Stream_Batch_p_ZL7threshs_18_ROM_AUTO_1R.v:7]
INFO: [Synth 8-6157] synthesizing module 'MVAU_hls_0_Matrix_Vector_Activate_Stream_Batch_p_ZL7threshs_19_ROM_AUTO_1R' [/home/andreea/proiect_finn/output_ip_hardware_cu_argmax/stitched_ip/finn_vivado_stitch_proj.gen/sources_1/bd/finn_design/ipshared/df1f/hdl/verilog/MVAU_hls_0_Matrix_Vector_Activate_Stream_Batch_p_ZL7threshs_19_ROM_AUTO_1R.v:7]
INFO: [Synth 8-3876] $readmem data file '/tmp/finn_dev_andreea/code_gen_ipgen_MVAU_hls_0_162klhtr/project_MVAU_hls_0/sol1/impl/ip/hdl/verilog/MVAU_hls_0_Matrix_Vector_Activate_Stream_Batch_p_ZL7threshs_19_ROM_AUTO_1R.dat' is read successfully [/home/andreea/proiect_finn/output_ip_hardware_cu_argmax/stitched_ip/finn_vivado_stitch_proj.gen/sources_1/bd/finn_design/ipshared/df1f/hdl/verilog/MVAU_hls_0_Matrix_Vector_Activate_Stream_Batch_p_ZL7threshs_19_ROM_AUTO_1R.v:28]
INFO: [Synth 8-6155] done synthesizing module 'MVAU_hls_0_Matrix_Vector_Activate_Stream_Batch_p_ZL7threshs_19_ROM_AUTO_1R' (0#1) [/home/andreea/proiect_finn/output_ip_hardware_cu_argmax/stitched_ip/finn_vivado_stitch_proj.gen/sources_1/bd/finn_design/ipshared/df1f/hdl/verilog/MVAU_hls_0_Matrix_Vector_Activate_Stream_Batch_p_ZL7threshs_19_ROM_AUTO_1R.v:7]
INFO: [Synth 8-6157] synthesizing module 'MVAU_hls_0_Matrix_Vector_Activate_Stream_Batch_p_ZL7threshs_20_ROM_AUTO_1R' [/home/andreea/proiect_finn/output_ip_hardware_cu_argmax/stitched_ip/finn_vivado_stitch_proj.gen/sources_1/bd/finn_design/ipshared/df1f/hdl/verilog/MVAU_hls_0_Matrix_Vector_Activate_Stream_Batch_p_ZL7threshs_20_ROM_AUTO_1R.v:7]
INFO: [Synth 8-3876] $readmem data file '/tmp/finn_dev_andreea/code_gen_ipgen_MVAU_hls_0_162klhtr/project_MVAU_hls_0/sol1/impl/ip/hdl/verilog/MVAU_hls_0_Matrix_Vector_Activate_Stream_Batch_p_ZL7threshs_20_ROM_AUTO_1R.dat' is read successfully [/home/andreea/proiect_finn/output_ip_hardware_cu_argmax/stitched_ip/finn_vivado_stitch_proj.gen/sources_1/bd/finn_design/ipshared/df1f/hdl/verilog/MVAU_hls_0_Matrix_Vector_Activate_Stream_Batch_p_ZL7threshs_20_ROM_AUTO_1R.v:28]
INFO: [Synth 8-6155] done synthesizing module 'MVAU_hls_0_Matrix_Vector_Activate_Stream_Batch_p_ZL7threshs_20_ROM_AUTO_1R' (0#1) [/home/andreea/proiect_finn/output_ip_hardware_cu_argmax/stitched_ip/finn_vivado_stitch_proj.gen/sources_1/bd/finn_design/ipshared/df1f/hdl/verilog/MVAU_hls_0_Matrix_Vector_Activate_Stream_Batch_p_ZL7threshs_20_ROM_AUTO_1R.v:7]
INFO: [Synth 8-6157] synthesizing module 'MVAU_hls_0_Matrix_Vector_Activate_Stream_Batch_p_ZL7threshs_21_ROM_AUTO_1R' [/home/andreea/proiect_finn/output_ip_hardware_cu_argmax/stitched_ip/finn_vivado_stitch_proj.gen/sources_1/bd/finn_design/ipshared/df1f/hdl/verilog/MVAU_hls_0_Matrix_Vector_Activate_Stream_Batch_p_ZL7threshs_21_ROM_AUTO_1R.v:7]
INFO: [Synth 8-3876] $readmem data file '/tmp/finn_dev_andreea/code_gen_ipgen_MVAU_hls_0_162klhtr/project_MVAU_hls_0/sol1/impl/ip/hdl/verilog/MVAU_hls_0_Matrix_Vector_Activate_Stream_Batch_p_ZL7threshs_21_ROM_AUTO_1R.dat' is read successfully [/home/andreea/proiect_finn/output_ip_hardware_cu_argmax/stitched_ip/finn_vivado_stitch_proj.gen/sources_1/bd/finn_design/ipshared/df1f/hdl/verilog/MVAU_hls_0_Matrix_Vector_Activate_Stream_Batch_p_ZL7threshs_21_ROM_AUTO_1R.v:28]
INFO: [Synth 8-6155] done synthesizing module 'MVAU_hls_0_Matrix_Vector_Activate_Stream_Batch_p_ZL7threshs_21_ROM_AUTO_1R' (0#1) [/home/andreea/proiect_finn/output_ip_hardware_cu_argmax/stitched_ip/finn_vivado_stitch_proj.gen/sources_1/bd/finn_design/ipshared/df1f/hdl/verilog/MVAU_hls_0_Matrix_Vector_Activate_Stream_Batch_p_ZL7threshs_21_ROM_AUTO_1R.v:7]
INFO: [Synth 8-6157] synthesizing module 'MVAU_hls_0_Matrix_Vector_Activate_Stream_Batch_p_ZL7threshs_22_ROM_AUTO_1R' [/home/andreea/proiect_finn/output_ip_hardware_cu_argmax/stitched_ip/finn_vivado_stitch_proj.gen/sources_1/bd/finn_design/ipshared/df1f/hdl/verilog/MVAU_hls_0_Matrix_Vector_Activate_Stream_Batch_p_ZL7threshs_22_ROM_AUTO_1R.v:7]
INFO: [Synth 8-3876] $readmem data file '/tmp/finn_dev_andreea/code_gen_ipgen_MVAU_hls_0_162klhtr/project_MVAU_hls_0/sol1/impl/ip/hdl/verilog/MVAU_hls_0_Matrix_Vector_Activate_Stream_Batch_p_ZL7threshs_22_ROM_AUTO_1R.dat' is read successfully [/home/andreea/proiect_finn/output_ip_hardware_cu_argmax/stitched_ip/finn_vivado_stitch_proj.gen/sources_1/bd/finn_design/ipshared/df1f/hdl/verilog/MVAU_hls_0_Matrix_Vector_Activate_Stream_Batch_p_ZL7threshs_22_ROM_AUTO_1R.v:28]
INFO: [Synth 8-6155] done synthesizing module 'MVAU_hls_0_Matrix_Vector_Activate_Stream_Batch_p_ZL7threshs_22_ROM_AUTO_1R' (0#1) [/home/andreea/proiect_finn/output_ip_hardware_cu_argmax/stitched_ip/finn_vivado_stitch_proj.gen/sources_1/bd/finn_design/ipshared/df1f/hdl/verilog/MVAU_hls_0_Matrix_Vector_Activate_Stream_Batch_p_ZL7threshs_22_ROM_AUTO_1R.v:7]
INFO: [Synth 8-6157] synthesizing module 'MVAU_hls_0_Matrix_Vector_Activate_Stream_Batch_p_ZL7threshs_23_ROM_AUTO_1R' [/home/andreea/proiect_finn/output_ip_hardware_cu_argmax/stitched_ip/finn_vivado_stitch_proj.gen/sources_1/bd/finn_design/ipshared/df1f/hdl/verilog/MVAU_hls_0_Matrix_Vector_Activate_Stream_Batch_p_ZL7threshs_23_ROM_AUTO_1R.v:7]
INFO: [Synth 8-3876] $readmem data file '/tmp/finn_dev_andreea/code_gen_ipgen_MVAU_hls_0_162klhtr/project_MVAU_hls_0/sol1/impl/ip/hdl/verilog/MVAU_hls_0_Matrix_Vector_Activate_Stream_Batch_p_ZL7threshs_23_ROM_AUTO_1R.dat' is read successfully [/home/andreea/proiect_finn/output_ip_hardware_cu_argmax/stitched_ip/finn_vivado_stitch_proj.gen/sources_1/bd/finn_design/ipshared/df1f/hdl/verilog/MVAU_hls_0_Matrix_Vector_Activate_Stream_Batch_p_ZL7threshs_23_ROM_AUTO_1R.v:28]
INFO: [Synth 8-6155] done synthesizing module 'MVAU_hls_0_Matrix_Vector_Activate_Stream_Batch_p_ZL7threshs_23_ROM_AUTO_1R' (0#1) [/home/andreea/proiect_finn/output_ip_hardware_cu_argmax/stitched_ip/finn_vivado_stitch_proj.gen/sources_1/bd/finn_design/ipshared/df1f/hdl/verilog/MVAU_hls_0_Matrix_Vector_Activate_Stream_Batch_p_ZL7threshs_23_ROM_AUTO_1R.v:7]
INFO: [Synth 8-6157] synthesizing module 'MVAU_hls_0_Matrix_Vector_Activate_Stream_Batch_p_ZL7threshs_24_ROM_AUTO_1R' [/home/andreea/proiect_finn/output_ip_hardware_cu_argmax/stitched_ip/finn_vivado_stitch_proj.gen/sources_1/bd/finn_design/ipshared/df1f/hdl/verilog/MVAU_hls_0_Matrix_Vector_Activate_Stream_Batch_p_ZL7threshs_24_ROM_AUTO_1R.v:7]
INFO: [Synth 8-3876] $readmem data file '/tmp/finn_dev_andreea/code_gen_ipgen_MVAU_hls_0_162klhtr/project_MVAU_hls_0/sol1/impl/ip/hdl/verilog/MVAU_hls_0_Matrix_Vector_Activate_Stream_Batch_p_ZL7threshs_24_ROM_AUTO_1R.dat' is read successfully [/home/andreea/proiect_finn/output_ip_hardware_cu_argmax/stitched_ip/finn_vivado_stitch_proj.gen/sources_1/bd/finn_design/ipshared/df1f/hdl/verilog/MVAU_hls_0_Matrix_Vector_Activate_Stream_Batch_p_ZL7threshs_24_ROM_AUTO_1R.v:28]
INFO: [Synth 8-6155] done synthesizing module 'MVAU_hls_0_Matrix_Vector_Activate_Stream_Batch_p_ZL7threshs_24_ROM_AUTO_1R' (0#1) [/home/andreea/proiect_finn/output_ip_hardware_cu_argmax/stitched_ip/finn_vivado_stitch_proj.gen/sources_1/bd/finn_design/ipshared/df1f/hdl/verilog/MVAU_hls_0_Matrix_Vector_Activate_Stream_Batch_p_ZL7threshs_24_ROM_AUTO_1R.v:7]
INFO: [Synth 8-6157] synthesizing module 'MVAU_hls_0_Matrix_Vector_Activate_Stream_Batch_p_ZL7threshs_25_ROM_AUTO_1R' [/home/andreea/proiect_finn/output_ip_hardware_cu_argmax/stitched_ip/finn_vivado_stitch_proj.gen/sources_1/bd/finn_design/ipshared/df1f/hdl/verilog/MVAU_hls_0_Matrix_Vector_Activate_Stream_Batch_p_ZL7threshs_25_ROM_AUTO_1R.v:7]
INFO: [Synth 8-3876] $readmem data file '/tmp/finn_dev_andreea/code_gen_ipgen_MVAU_hls_0_162klhtr/project_MVAU_hls_0/sol1/impl/ip/hdl/verilog/MVAU_hls_0_Matrix_Vector_Activate_Stream_Batch_p_ZL7threshs_25_ROM_AUTO_1R.dat' is read successfully [/home/andreea/proiect_finn/output_ip_hardware_cu_argmax/stitched_ip/finn_vivado_stitch_proj.gen/sources_1/bd/finn_design/ipshared/df1f/hdl/verilog/MVAU_hls_0_Matrix_Vector_Activate_Stream_Batch_p_ZL7threshs_25_ROM_AUTO_1R.v:28]
INFO: [Synth 8-6155] done synthesizing module 'MVAU_hls_0_Matrix_Vector_Activate_Stream_Batch_p_ZL7threshs_25_ROM_AUTO_1R' (0#1) [/home/andreea/proiect_finn/output_ip_hardware_cu_argmax/stitched_ip/finn_vivado_stitch_proj.gen/sources_1/bd/finn_design/ipshared/df1f/hdl/verilog/MVAU_hls_0_Matrix_Vector_Activate_Stream_Batch_p_ZL7threshs_25_ROM_AUTO_1R.v:7]
INFO: [Synth 8-6157] synthesizing module 'MVAU_hls_0_Matrix_Vector_Activate_Stream_Batch_p_ZL7threshs_26_ROM_AUTO_1R' [/home/andreea/proiect_finn/output_ip_hardware_cu_argmax/stitched_ip/finn_vivado_stitch_proj.gen/sources_1/bd/finn_design/ipshared/df1f/hdl/verilog/MVAU_hls_0_Matrix_Vector_Activate_Stream_Batch_p_ZL7threshs_26_ROM_AUTO_1R.v:7]
INFO: [Synth 8-3876] $readmem data file '/tmp/finn_dev_andreea/code_gen_ipgen_MVAU_hls_0_162klhtr/project_MVAU_hls_0/sol1/impl/ip/hdl/verilog/MVAU_hls_0_Matrix_Vector_Activate_Stream_Batch_p_ZL7threshs_26_ROM_AUTO_1R.dat' is read successfully [/home/andreea/proiect_finn/output_ip_hardware_cu_argmax/stitched_ip/finn_vivado_stitch_proj.gen/sources_1/bd/finn_design/ipshared/df1f/hdl/verilog/MVAU_hls_0_Matrix_Vector_Activate_Stream_Batch_p_ZL7threshs_26_ROM_AUTO_1R.v:28]
INFO: [Synth 8-6155] done synthesizing module 'MVAU_hls_0_Matrix_Vector_Activate_Stream_Batch_p_ZL7threshs_26_ROM_AUTO_1R' (0#1) [/home/andreea/proiect_finn/output_ip_hardware_cu_argmax/stitched_ip/finn_vivado_stitch_proj.gen/sources_1/bd/finn_design/ipshared/df1f/hdl/verilog/MVAU_hls_0_Matrix_Vector_Activate_Stream_Batch_p_ZL7threshs_26_ROM_AUTO_1R.v:7]
INFO: [Synth 8-6157] synthesizing module 'MVAU_hls_0_Matrix_Vector_Activate_Stream_Batch_p_ZL7threshs_27_ROM_AUTO_1R' [/home/andreea/proiect_finn/output_ip_hardware_cu_argmax/stitched_ip/finn_vivado_stitch_proj.gen/sources_1/bd/finn_design/ipshared/df1f/hdl/verilog/MVAU_hls_0_Matrix_Vector_Activate_Stream_Batch_p_ZL7threshs_27_ROM_AUTO_1R.v:7]
INFO: [Synth 8-3876] $readmem data file '/tmp/finn_dev_andreea/code_gen_ipgen_MVAU_hls_0_162klhtr/project_MVAU_hls_0/sol1/impl/ip/hdl/verilog/MVAU_hls_0_Matrix_Vector_Activate_Stream_Batch_p_ZL7threshs_27_ROM_AUTO_1R.dat' is read successfully [/home/andreea/proiect_finn/output_ip_hardware_cu_argmax/stitched_ip/finn_vivado_stitch_proj.gen/sources_1/bd/finn_design/ipshared/df1f/hdl/verilog/MVAU_hls_0_Matrix_Vector_Activate_Stream_Batch_p_ZL7threshs_27_ROM_AUTO_1R.v:28]
INFO: [Synth 8-6155] done synthesizing module 'MVAU_hls_0_Matrix_Vector_Activate_Stream_Batch_p_ZL7threshs_27_ROM_AUTO_1R' (0#1) [/home/andreea/proiect_finn/output_ip_hardware_cu_argmax/stitched_ip/finn_vivado_stitch_proj.gen/sources_1/bd/finn_design/ipshared/df1f/hdl/verilog/MVAU_hls_0_Matrix_Vector_Activate_Stream_Batch_p_ZL7threshs_27_ROM_AUTO_1R.v:7]
INFO: [Synth 8-6157] synthesizing module 'MVAU_hls_0_Matrix_Vector_Activate_Stream_Batch_p_ZL7threshs_28_ROM_AUTO_1R' [/home/andreea/proiect_finn/output_ip_hardware_cu_argmax/stitched_ip/finn_vivado_stitch_proj.gen/sources_1/bd/finn_design/ipshared/df1f/hdl/verilog/MVAU_hls_0_Matrix_Vector_Activate_Stream_Batch_p_ZL7threshs_28_ROM_AUTO_1R.v:7]
INFO: [Synth 8-3876] $readmem data file '/tmp/finn_dev_andreea/code_gen_ipgen_MVAU_hls_0_162klhtr/project_MVAU_hls_0/sol1/impl/ip/hdl/verilog/MVAU_hls_0_Matrix_Vector_Activate_Stream_Batch_p_ZL7threshs_28_ROM_AUTO_1R.dat' is read successfully [/home/andreea/proiect_finn/output_ip_hardware_cu_argmax/stitched_ip/finn_vivado_stitch_proj.gen/sources_1/bd/finn_design/ipshared/df1f/hdl/verilog/MVAU_hls_0_Matrix_Vector_Activate_Stream_Batch_p_ZL7threshs_28_ROM_AUTO_1R.v:28]
INFO: [Synth 8-6155] done synthesizing module 'MVAU_hls_0_Matrix_Vector_Activate_Stream_Batch_p_ZL7threshs_28_ROM_AUTO_1R' (0#1) [/home/andreea/proiect_finn/output_ip_hardware_cu_argmax/stitched_ip/finn_vivado_stitch_proj.gen/sources_1/bd/finn_design/ipshared/df1f/hdl/verilog/MVAU_hls_0_Matrix_Vector_Activate_Stream_Batch_p_ZL7threshs_28_ROM_AUTO_1R.v:7]
INFO: [Synth 8-6157] synthesizing module 'MVAU_hls_0_Matrix_Vector_Activate_Stream_Batch_p_ZL7threshs_29_ROM_AUTO_1R' [/home/andreea/proiect_finn/output_ip_hardware_cu_argmax/stitched_ip/finn_vivado_stitch_proj.gen/sources_1/bd/finn_design/ipshared/df1f/hdl/verilog/MVAU_hls_0_Matrix_Vector_Activate_Stream_Batch_p_ZL7threshs_29_ROM_AUTO_1R.v:7]
INFO: [Synth 8-3876] $readmem data file '/tmp/finn_dev_andreea/code_gen_ipgen_MVAU_hls_0_162klhtr/project_MVAU_hls_0/sol1/impl/ip/hdl/verilog/MVAU_hls_0_Matrix_Vector_Activate_Stream_Batch_p_ZL7threshs_29_ROM_AUTO_1R.dat' is read successfully [/home/andreea/proiect_finn/output_ip_hardware_cu_argmax/stitched_ip/finn_vivado_stitch_proj.gen/sources_1/bd/finn_design/ipshared/df1f/hdl/verilog/MVAU_hls_0_Matrix_Vector_Activate_Stream_Batch_p_ZL7threshs_29_ROM_AUTO_1R.v:28]
INFO: [Synth 8-6155] done synthesizing module 'MVAU_hls_0_Matrix_Vector_Activate_Stream_Batch_p_ZL7threshs_29_ROM_AUTO_1R' (0#1) [/home/andreea/proiect_finn/output_ip_hardware_cu_argmax/stitched_ip/finn_vivado_stitch_proj.gen/sources_1/bd/finn_design/ipshared/df1f/hdl/verilog/MVAU_hls_0_Matrix_Vector_Activate_Stream_Batch_p_ZL7threshs_29_ROM_AUTO_1R.v:7]
INFO: [Synth 8-6157] synthesizing module 'MVAU_hls_0_Matrix_Vector_Activate_Stream_Batch_p_ZL7threshs_30_ROM_AUTO_1R' [/home/andreea/proiect_finn/output_ip_hardware_cu_argmax/stitched_ip/finn_vivado_stitch_proj.gen/sources_1/bd/finn_design/ipshared/df1f/hdl/verilog/MVAU_hls_0_Matrix_Vector_Activate_Stream_Batch_p_ZL7threshs_30_ROM_AUTO_1R.v:7]
INFO: [Synth 8-3876] $readmem data file '/tmp/finn_dev_andreea/code_gen_ipgen_MVAU_hls_0_162klhtr/project_MVAU_hls_0/sol1/impl/ip/hdl/verilog/MVAU_hls_0_Matrix_Vector_Activate_Stream_Batch_p_ZL7threshs_30_ROM_AUTO_1R.dat' is read successfully [/home/andreea/proiect_finn/output_ip_hardware_cu_argmax/stitched_ip/finn_vivado_stitch_proj.gen/sources_1/bd/finn_design/ipshared/df1f/hdl/verilog/MVAU_hls_0_Matrix_Vector_Activate_Stream_Batch_p_ZL7threshs_30_ROM_AUTO_1R.v:28]
INFO: [Synth 8-6155] done synthesizing module 'MVAU_hls_0_Matrix_Vector_Activate_Stream_Batch_p_ZL7threshs_30_ROM_AUTO_1R' (0#1) [/home/andreea/proiect_finn/output_ip_hardware_cu_argmax/stitched_ip/finn_vivado_stitch_proj.gen/sources_1/bd/finn_design/ipshared/df1f/hdl/verilog/MVAU_hls_0_Matrix_Vector_Activate_Stream_Batch_p_ZL7threshs_30_ROM_AUTO_1R.v:7]
INFO: [Synth 8-6157] synthesizing module 'MVAU_hls_0_Matrix_Vector_Activate_Stream_Batch_p_ZL7threshs_31_ROM_AUTO_1R' [/home/andreea/proiect_finn/output_ip_hardware_cu_argmax/stitched_ip/finn_vivado_stitch_proj.gen/sources_1/bd/finn_design/ipshared/df1f/hdl/verilog/MVAU_hls_0_Matrix_Vector_Activate_Stream_Batch_p_ZL7threshs_31_ROM_AUTO_1R.v:7]
INFO: [Synth 8-3876] $readmem data file '/tmp/finn_dev_andreea/code_gen_ipgen_MVAU_hls_0_162klhtr/project_MVAU_hls_0/sol1/impl/ip/hdl/verilog/MVAU_hls_0_Matrix_Vector_Activate_Stream_Batch_p_ZL7threshs_31_ROM_AUTO_1R.dat' is read successfully [/home/andreea/proiect_finn/output_ip_hardware_cu_argmax/stitched_ip/finn_vivado_stitch_proj.gen/sources_1/bd/finn_design/ipshared/df1f/hdl/verilog/MVAU_hls_0_Matrix_Vector_Activate_Stream_Batch_p_ZL7threshs_31_ROM_AUTO_1R.v:28]
INFO: [Synth 8-6155] done synthesizing module 'MVAU_hls_0_Matrix_Vector_Activate_Stream_Batch_p_ZL7threshs_31_ROM_AUTO_1R' (0#1) [/home/andreea/proiect_finn/output_ip_hardware_cu_argmax/stitched_ip/finn_vivado_stitch_proj.gen/sources_1/bd/finn_design/ipshared/df1f/hdl/verilog/MVAU_hls_0_Matrix_Vector_Activate_Stream_Batch_p_ZL7threshs_31_ROM_AUTO_1R.v:7]
INFO: [Synth 8-6157] synthesizing module 'MVAU_hls_0_Matrix_Vector_Activate_Stream_Batch_p_ZL7threshs_32_ROM_AUTO_1R' [/home/andreea/proiect_finn/output_ip_hardware_cu_argmax/stitched_ip/finn_vivado_stitch_proj.gen/sources_1/bd/finn_design/ipshared/df1f/hdl/verilog/MVAU_hls_0_Matrix_Vector_Activate_Stream_Batch_p_ZL7threshs_32_ROM_AUTO_1R.v:7]
INFO: [Synth 8-3876] $readmem data file '/tmp/finn_dev_andreea/code_gen_ipgen_MVAU_hls_0_162klhtr/project_MVAU_hls_0/sol1/impl/ip/hdl/verilog/MVAU_hls_0_Matrix_Vector_Activate_Stream_Batch_p_ZL7threshs_32_ROM_AUTO_1R.dat' is read successfully [/home/andreea/proiect_finn/output_ip_hardware_cu_argmax/stitched_ip/finn_vivado_stitch_proj.gen/sources_1/bd/finn_design/ipshared/df1f/hdl/verilog/MVAU_hls_0_Matrix_Vector_Activate_Stream_Batch_p_ZL7threshs_32_ROM_AUTO_1R.v:28]
INFO: [Synth 8-6155] done synthesizing module 'MVAU_hls_0_Matrix_Vector_Activate_Stream_Batch_p_ZL7threshs_32_ROM_AUTO_1R' (0#1) [/home/andreea/proiect_finn/output_ip_hardware_cu_argmax/stitched_ip/finn_vivado_stitch_proj.gen/sources_1/bd/finn_design/ipshared/df1f/hdl/verilog/MVAU_hls_0_Matrix_Vector_Activate_Stream_Batch_p_ZL7threshs_32_ROM_AUTO_1R.v:7]
INFO: [Synth 8-6157] synthesizing module 'MVAU_hls_0_Matrix_Vector_Activate_Stream_Batch_p_ZL7threshs_33_ROM_AUTO_1R' [/home/andreea/proiect_finn/output_ip_hardware_cu_argmax/stitched_ip/finn_vivado_stitch_proj.gen/sources_1/bd/finn_design/ipshared/df1f/hdl/verilog/MVAU_hls_0_Matrix_Vector_Activate_Stream_Batch_p_ZL7threshs_33_ROM_AUTO_1R.v:7]
INFO: [Synth 8-3876] $readmem data file '/tmp/finn_dev_andreea/code_gen_ipgen_MVAU_hls_0_162klhtr/project_MVAU_hls_0/sol1/impl/ip/hdl/verilog/MVAU_hls_0_Matrix_Vector_Activate_Stream_Batch_p_ZL7threshs_33_ROM_AUTO_1R.dat' is read successfully [/home/andreea/proiect_finn/output_ip_hardware_cu_argmax/stitched_ip/finn_vivado_stitch_proj.gen/sources_1/bd/finn_design/ipshared/df1f/hdl/verilog/MVAU_hls_0_Matrix_Vector_Activate_Stream_Batch_p_ZL7threshs_33_ROM_AUTO_1R.v:28]
INFO: [Synth 8-6155] done synthesizing module 'MVAU_hls_0_Matrix_Vector_Activate_Stream_Batch_p_ZL7threshs_33_ROM_AUTO_1R' (0#1) [/home/andreea/proiect_finn/output_ip_hardware_cu_argmax/stitched_ip/finn_vivado_stitch_proj.gen/sources_1/bd/finn_design/ipshared/df1f/hdl/verilog/MVAU_hls_0_Matrix_Vector_Activate_Stream_Batch_p_ZL7threshs_33_ROM_AUTO_1R.v:7]
INFO: [Synth 8-6157] synthesizing module 'MVAU_hls_0_Matrix_Vector_Activate_Stream_Batch_p_ZL7threshs_34_ROM_AUTO_1R' [/home/andreea/proiect_finn/output_ip_hardware_cu_argmax/stitched_ip/finn_vivado_stitch_proj.gen/sources_1/bd/finn_design/ipshared/df1f/hdl/verilog/MVAU_hls_0_Matrix_Vector_Activate_Stream_Batch_p_ZL7threshs_34_ROM_AUTO_1R.v:7]
INFO: [Synth 8-3876] $readmem data file '/tmp/finn_dev_andreea/code_gen_ipgen_MVAU_hls_0_162klhtr/project_MVAU_hls_0/sol1/impl/ip/hdl/verilog/MVAU_hls_0_Matrix_Vector_Activate_Stream_Batch_p_ZL7threshs_34_ROM_AUTO_1R.dat' is read successfully [/home/andreea/proiect_finn/output_ip_hardware_cu_argmax/stitched_ip/finn_vivado_stitch_proj.gen/sources_1/bd/finn_design/ipshared/df1f/hdl/verilog/MVAU_hls_0_Matrix_Vector_Activate_Stream_Batch_p_ZL7threshs_34_ROM_AUTO_1R.v:28]
INFO: [Synth 8-6155] done synthesizing module 'MVAU_hls_0_Matrix_Vector_Activate_Stream_Batch_p_ZL7threshs_34_ROM_AUTO_1R' (0#1) [/home/andreea/proiect_finn/output_ip_hardware_cu_argmax/stitched_ip/finn_vivado_stitch_proj.gen/sources_1/bd/finn_design/ipshared/df1f/hdl/verilog/MVAU_hls_0_Matrix_Vector_Activate_Stream_Batch_p_ZL7threshs_34_ROM_AUTO_1R.v:7]
INFO: [Synth 8-6157] synthesizing module 'MVAU_hls_0_Matrix_Vector_Activate_Stream_Batch_p_ZL7threshs_35_ROM_AUTO_1R' [/home/andreea/proiect_finn/output_ip_hardware_cu_argmax/stitched_ip/finn_vivado_stitch_proj.gen/sources_1/bd/finn_design/ipshared/df1f/hdl/verilog/MVAU_hls_0_Matrix_Vector_Activate_Stream_Batch_p_ZL7threshs_35_ROM_AUTO_1R.v:7]
INFO: [Synth 8-3876] $readmem data file '/tmp/finn_dev_andreea/code_gen_ipgen_MVAU_hls_0_162klhtr/project_MVAU_hls_0/sol1/impl/ip/hdl/verilog/MVAU_hls_0_Matrix_Vector_Activate_Stream_Batch_p_ZL7threshs_35_ROM_AUTO_1R.dat' is read successfully [/home/andreea/proiect_finn/output_ip_hardware_cu_argmax/stitched_ip/finn_vivado_stitch_proj.gen/sources_1/bd/finn_design/ipshared/df1f/hdl/verilog/MVAU_hls_0_Matrix_Vector_Activate_Stream_Batch_p_ZL7threshs_35_ROM_AUTO_1R.v:28]
INFO: [Synth 8-6155] done synthesizing module 'MVAU_hls_0_Matrix_Vector_Activate_Stream_Batch_p_ZL7threshs_35_ROM_AUTO_1R' (0#1) [/home/andreea/proiect_finn/output_ip_hardware_cu_argmax/stitched_ip/finn_vivado_stitch_proj.gen/sources_1/bd/finn_design/ipshared/df1f/hdl/verilog/MVAU_hls_0_Matrix_Vector_Activate_Stream_Batch_p_ZL7threshs_35_ROM_AUTO_1R.v:7]
INFO: [Synth 8-6157] synthesizing module 'MVAU_hls_0_Matrix_Vector_Activate_Stream_Batch_p_ZL7threshs_36_ROM_AUTO_1R' [/home/andreea/proiect_finn/output_ip_hardware_cu_argmax/stitched_ip/finn_vivado_stitch_proj.gen/sources_1/bd/finn_design/ipshared/df1f/hdl/verilog/MVAU_hls_0_Matrix_Vector_Activate_Stream_Batch_p_ZL7threshs_36_ROM_AUTO_1R.v:7]
INFO: [Synth 8-3876] $readmem data file '/tmp/finn_dev_andreea/code_gen_ipgen_MVAU_hls_0_162klhtr/project_MVAU_hls_0/sol1/impl/ip/hdl/verilog/MVAU_hls_0_Matrix_Vector_Activate_Stream_Batch_p_ZL7threshs_36_ROM_AUTO_1R.dat' is read successfully [/home/andreea/proiect_finn/output_ip_hardware_cu_argmax/stitched_ip/finn_vivado_stitch_proj.gen/sources_1/bd/finn_design/ipshared/df1f/hdl/verilog/MVAU_hls_0_Matrix_Vector_Activate_Stream_Batch_p_ZL7threshs_36_ROM_AUTO_1R.v:28]
INFO: [Synth 8-6155] done synthesizing module 'MVAU_hls_0_Matrix_Vector_Activate_Stream_Batch_p_ZL7threshs_36_ROM_AUTO_1R' (0#1) [/home/andreea/proiect_finn/output_ip_hardware_cu_argmax/stitched_ip/finn_vivado_stitch_proj.gen/sources_1/bd/finn_design/ipshared/df1f/hdl/verilog/MVAU_hls_0_Matrix_Vector_Activate_Stream_Batch_p_ZL7threshs_36_ROM_AUTO_1R.v:7]
INFO: [Synth 8-6157] synthesizing module 'MVAU_hls_0_Matrix_Vector_Activate_Stream_Batch_p_ZL7threshs_37_ROM_AUTO_1R' [/home/andreea/proiect_finn/output_ip_hardware_cu_argmax/stitched_ip/finn_vivado_stitch_proj.gen/sources_1/bd/finn_design/ipshared/df1f/hdl/verilog/MVAU_hls_0_Matrix_Vector_Activate_Stream_Batch_p_ZL7threshs_37_ROM_AUTO_1R.v:7]
INFO: [Synth 8-3876] $readmem data file '/tmp/finn_dev_andreea/code_gen_ipgen_MVAU_hls_0_162klhtr/project_MVAU_hls_0/sol1/impl/ip/hdl/verilog/MVAU_hls_0_Matrix_Vector_Activate_Stream_Batch_p_ZL7threshs_37_ROM_AUTO_1R.dat' is read successfully [/home/andreea/proiect_finn/output_ip_hardware_cu_argmax/stitched_ip/finn_vivado_stitch_proj.gen/sources_1/bd/finn_design/ipshared/df1f/hdl/verilog/MVAU_hls_0_Matrix_Vector_Activate_Stream_Batch_p_ZL7threshs_37_ROM_AUTO_1R.v:28]
INFO: [Synth 8-6155] done synthesizing module 'MVAU_hls_0_Matrix_Vector_Activate_Stream_Batch_p_ZL7threshs_37_ROM_AUTO_1R' (0#1) [/home/andreea/proiect_finn/output_ip_hardware_cu_argmax/stitched_ip/finn_vivado_stitch_proj.gen/sources_1/bd/finn_design/ipshared/df1f/hdl/verilog/MVAU_hls_0_Matrix_Vector_Activate_Stream_Batch_p_ZL7threshs_37_ROM_AUTO_1R.v:7]
INFO: [Synth 8-6157] synthesizing module 'MVAU_hls_0_Matrix_Vector_Activate_Stream_Batch_p_ZL7threshs_38_ROM_AUTO_1R' [/home/andreea/proiect_finn/output_ip_hardware_cu_argmax/stitched_ip/finn_vivado_stitch_proj.gen/sources_1/bd/finn_design/ipshared/df1f/hdl/verilog/MVAU_hls_0_Matrix_Vector_Activate_Stream_Batch_p_ZL7threshs_38_ROM_AUTO_1R.v:7]
INFO: [Synth 8-3876] $readmem data file '/tmp/finn_dev_andreea/code_gen_ipgen_MVAU_hls_0_162klhtr/project_MVAU_hls_0/sol1/impl/ip/hdl/verilog/MVAU_hls_0_Matrix_Vector_Activate_Stream_Batch_p_ZL7threshs_38_ROM_AUTO_1R.dat' is read successfully [/home/andreea/proiect_finn/output_ip_hardware_cu_argmax/stitched_ip/finn_vivado_stitch_proj.gen/sources_1/bd/finn_design/ipshared/df1f/hdl/verilog/MVAU_hls_0_Matrix_Vector_Activate_Stream_Batch_p_ZL7threshs_38_ROM_AUTO_1R.v:28]
INFO: [Synth 8-6155] done synthesizing module 'MVAU_hls_0_Matrix_Vector_Activate_Stream_Batch_p_ZL7threshs_38_ROM_AUTO_1R' (0#1) [/home/andreea/proiect_finn/output_ip_hardware_cu_argmax/stitched_ip/finn_vivado_stitch_proj.gen/sources_1/bd/finn_design/ipshared/df1f/hdl/verilog/MVAU_hls_0_Matrix_Vector_Activate_Stream_Batch_p_ZL7threshs_38_ROM_AUTO_1R.v:7]
INFO: [Synth 8-6157] synthesizing module 'MVAU_hls_0_Matrix_Vector_Activate_Stream_Batch_p_ZL7threshs_39_ROM_AUTO_1R' [/home/andreea/proiect_finn/output_ip_hardware_cu_argmax/stitched_ip/finn_vivado_stitch_proj.gen/sources_1/bd/finn_design/ipshared/df1f/hdl/verilog/MVAU_hls_0_Matrix_Vector_Activate_Stream_Batch_p_ZL7threshs_39_ROM_AUTO_1R.v:7]
INFO: [Synth 8-3876] $readmem data file '/tmp/finn_dev_andreea/code_gen_ipgen_MVAU_hls_0_162klhtr/project_MVAU_hls_0/sol1/impl/ip/hdl/verilog/MVAU_hls_0_Matrix_Vector_Activate_Stream_Batch_p_ZL7threshs_39_ROM_AUTO_1R.dat' is read successfully [/home/andreea/proiect_finn/output_ip_hardware_cu_argmax/stitched_ip/finn_vivado_stitch_proj.gen/sources_1/bd/finn_design/ipshared/df1f/hdl/verilog/MVAU_hls_0_Matrix_Vector_Activate_Stream_Batch_p_ZL7threshs_39_ROM_AUTO_1R.v:28]
INFO: [Synth 8-6155] done synthesizing module 'MVAU_hls_0_Matrix_Vector_Activate_Stream_Batch_p_ZL7threshs_39_ROM_AUTO_1R' (0#1) [/home/andreea/proiect_finn/output_ip_hardware_cu_argmax/stitched_ip/finn_vivado_stitch_proj.gen/sources_1/bd/finn_design/ipshared/df1f/hdl/verilog/MVAU_hls_0_Matrix_Vector_Activate_Stream_Batch_p_ZL7threshs_39_ROM_AUTO_1R.v:7]
INFO: [Synth 8-6157] synthesizing module 'MVAU_hls_0_Matrix_Vector_Activate_Stream_Batch_p_ZL7threshs_40_ROM_AUTO_1R' [/home/andreea/proiect_finn/output_ip_hardware_cu_argmax/stitched_ip/finn_vivado_stitch_proj.gen/sources_1/bd/finn_design/ipshared/df1f/hdl/verilog/MVAU_hls_0_Matrix_Vector_Activate_Stream_Batch_p_ZL7threshs_40_ROM_AUTO_1R.v:7]
INFO: [Synth 8-3876] $readmem data file '/tmp/finn_dev_andreea/code_gen_ipgen_MVAU_hls_0_162klhtr/project_MVAU_hls_0/sol1/impl/ip/hdl/verilog/MVAU_hls_0_Matrix_Vector_Activate_Stream_Batch_p_ZL7threshs_40_ROM_AUTO_1R.dat' is read successfully [/home/andreea/proiect_finn/output_ip_hardware_cu_argmax/stitched_ip/finn_vivado_stitch_proj.gen/sources_1/bd/finn_design/ipshared/df1f/hdl/verilog/MVAU_hls_0_Matrix_Vector_Activate_Stream_Batch_p_ZL7threshs_40_ROM_AUTO_1R.v:28]
INFO: [Synth 8-6155] done synthesizing module 'MVAU_hls_0_Matrix_Vector_Activate_Stream_Batch_p_ZL7threshs_40_ROM_AUTO_1R' (0#1) [/home/andreea/proiect_finn/output_ip_hardware_cu_argmax/stitched_ip/finn_vivado_stitch_proj.gen/sources_1/bd/finn_design/ipshared/df1f/hdl/verilog/MVAU_hls_0_Matrix_Vector_Activate_Stream_Batch_p_ZL7threshs_40_ROM_AUTO_1R.v:7]
INFO: [Synth 8-6157] synthesizing module 'MVAU_hls_0_Matrix_Vector_Activate_Stream_Batch_p_ZL7threshs_41_ROM_AUTO_1R' [/home/andreea/proiect_finn/output_ip_hardware_cu_argmax/stitched_ip/finn_vivado_stitch_proj.gen/sources_1/bd/finn_design/ipshared/df1f/hdl/verilog/MVAU_hls_0_Matrix_Vector_Activate_Stream_Batch_p_ZL7threshs_41_ROM_AUTO_1R.v:7]
INFO: [Synth 8-3876] $readmem data file '/tmp/finn_dev_andreea/code_gen_ipgen_MVAU_hls_0_162klhtr/project_MVAU_hls_0/sol1/impl/ip/hdl/verilog/MVAU_hls_0_Matrix_Vector_Activate_Stream_Batch_p_ZL7threshs_41_ROM_AUTO_1R.dat' is read successfully [/home/andreea/proiect_finn/output_ip_hardware_cu_argmax/stitched_ip/finn_vivado_stitch_proj.gen/sources_1/bd/finn_design/ipshared/df1f/hdl/verilog/MVAU_hls_0_Matrix_Vector_Activate_Stream_Batch_p_ZL7threshs_41_ROM_AUTO_1R.v:28]
INFO: [Synth 8-6155] done synthesizing module 'MVAU_hls_0_Matrix_Vector_Activate_Stream_Batch_p_ZL7threshs_41_ROM_AUTO_1R' (0#1) [/home/andreea/proiect_finn/output_ip_hardware_cu_argmax/stitched_ip/finn_vivado_stitch_proj.gen/sources_1/bd/finn_design/ipshared/df1f/hdl/verilog/MVAU_hls_0_Matrix_Vector_Activate_Stream_Batch_p_ZL7threshs_41_ROM_AUTO_1R.v:7]
INFO: [Synth 8-6157] synthesizing module 'MVAU_hls_0_Matrix_Vector_Activate_Stream_Batch_p_ZL7threshs_42_ROM_AUTO_1R' [/home/andreea/proiect_finn/output_ip_hardware_cu_argmax/stitched_ip/finn_vivado_stitch_proj.gen/sources_1/bd/finn_design/ipshared/df1f/hdl/verilog/MVAU_hls_0_Matrix_Vector_Activate_Stream_Batch_p_ZL7threshs_42_ROM_AUTO_1R.v:7]
INFO: [Synth 8-3876] $readmem data file '/tmp/finn_dev_andreea/code_gen_ipgen_MVAU_hls_0_162klhtr/project_MVAU_hls_0/sol1/impl/ip/hdl/verilog/MVAU_hls_0_Matrix_Vector_Activate_Stream_Batch_p_ZL7threshs_42_ROM_AUTO_1R.dat' is read successfully [/home/andreea/proiect_finn/output_ip_hardware_cu_argmax/stitched_ip/finn_vivado_stitch_proj.gen/sources_1/bd/finn_design/ipshared/df1f/hdl/verilog/MVAU_hls_0_Matrix_Vector_Activate_Stream_Batch_p_ZL7threshs_42_ROM_AUTO_1R.v:28]
INFO: [Synth 8-6155] done synthesizing module 'MVAU_hls_0_Matrix_Vector_Activate_Stream_Batch_p_ZL7threshs_42_ROM_AUTO_1R' (0#1) [/home/andreea/proiect_finn/output_ip_hardware_cu_argmax/stitched_ip/finn_vivado_stitch_proj.gen/sources_1/bd/finn_design/ipshared/df1f/hdl/verilog/MVAU_hls_0_Matrix_Vector_Activate_Stream_Batch_p_ZL7threshs_42_ROM_AUTO_1R.v:7]
INFO: [Synth 8-6157] synthesizing module 'MVAU_hls_0_Matrix_Vector_Activate_Stream_Batch_p_ZL7threshs_43_ROM_AUTO_1R' [/home/andreea/proiect_finn/output_ip_hardware_cu_argmax/stitched_ip/finn_vivado_stitch_proj.gen/sources_1/bd/finn_design/ipshared/df1f/hdl/verilog/MVAU_hls_0_Matrix_Vector_Activate_Stream_Batch_p_ZL7threshs_43_ROM_AUTO_1R.v:7]
INFO: [Synth 8-3876] $readmem data file '/tmp/finn_dev_andreea/code_gen_ipgen_MVAU_hls_0_162klhtr/project_MVAU_hls_0/sol1/impl/ip/hdl/verilog/MVAU_hls_0_Matrix_Vector_Activate_Stream_Batch_p_ZL7threshs_43_ROM_AUTO_1R.dat' is read successfully [/home/andreea/proiect_finn/output_ip_hardware_cu_argmax/stitched_ip/finn_vivado_stitch_proj.gen/sources_1/bd/finn_design/ipshared/df1f/hdl/verilog/MVAU_hls_0_Matrix_Vector_Activate_Stream_Batch_p_ZL7threshs_43_ROM_AUTO_1R.v:28]
INFO: [Synth 8-6155] done synthesizing module 'MVAU_hls_0_Matrix_Vector_Activate_Stream_Batch_p_ZL7threshs_43_ROM_AUTO_1R' (0#1) [/home/andreea/proiect_finn/output_ip_hardware_cu_argmax/stitched_ip/finn_vivado_stitch_proj.gen/sources_1/bd/finn_design/ipshared/df1f/hdl/verilog/MVAU_hls_0_Matrix_Vector_Activate_Stream_Batch_p_ZL7threshs_43_ROM_AUTO_1R.v:7]
INFO: [Synth 8-6157] synthesizing module 'MVAU_hls_0_Matrix_Vector_Activate_Stream_Batch_p_ZL7threshs_44_ROM_AUTO_1R' [/home/andreea/proiect_finn/output_ip_hardware_cu_argmax/stitched_ip/finn_vivado_stitch_proj.gen/sources_1/bd/finn_design/ipshared/df1f/hdl/verilog/MVAU_hls_0_Matrix_Vector_Activate_Stream_Batch_p_ZL7threshs_44_ROM_AUTO_1R.v:7]
INFO: [Synth 8-3876] $readmem data file '/tmp/finn_dev_andreea/code_gen_ipgen_MVAU_hls_0_162klhtr/project_MVAU_hls_0/sol1/impl/ip/hdl/verilog/MVAU_hls_0_Matrix_Vector_Activate_Stream_Batch_p_ZL7threshs_44_ROM_AUTO_1R.dat' is read successfully [/home/andreea/proiect_finn/output_ip_hardware_cu_argmax/stitched_ip/finn_vivado_stitch_proj.gen/sources_1/bd/finn_design/ipshared/df1f/hdl/verilog/MVAU_hls_0_Matrix_Vector_Activate_Stream_Batch_p_ZL7threshs_44_ROM_AUTO_1R.v:28]
INFO: [Synth 8-6155] done synthesizing module 'MVAU_hls_0_Matrix_Vector_Activate_Stream_Batch_p_ZL7threshs_44_ROM_AUTO_1R' (0#1) [/home/andreea/proiect_finn/output_ip_hardware_cu_argmax/stitched_ip/finn_vivado_stitch_proj.gen/sources_1/bd/finn_design/ipshared/df1f/hdl/verilog/MVAU_hls_0_Matrix_Vector_Activate_Stream_Batch_p_ZL7threshs_44_ROM_AUTO_1R.v:7]
INFO: [Synth 8-6157] synthesizing module 'MVAU_hls_0_Matrix_Vector_Activate_Stream_Batch_p_ZL7threshs_45_ROM_AUTO_1R' [/home/andreea/proiect_finn/output_ip_hardware_cu_argmax/stitched_ip/finn_vivado_stitch_proj.gen/sources_1/bd/finn_design/ipshared/df1f/hdl/verilog/MVAU_hls_0_Matrix_Vector_Activate_Stream_Batch_p_ZL7threshs_45_ROM_AUTO_1R.v:7]
INFO: [Synth 8-3876] $readmem data file '/tmp/finn_dev_andreea/code_gen_ipgen_MVAU_hls_0_162klhtr/project_MVAU_hls_0/sol1/impl/ip/hdl/verilog/MVAU_hls_0_Matrix_Vector_Activate_Stream_Batch_p_ZL7threshs_45_ROM_AUTO_1R.dat' is read successfully [/home/andreea/proiect_finn/output_ip_hardware_cu_argmax/stitched_ip/finn_vivado_stitch_proj.gen/sources_1/bd/finn_design/ipshared/df1f/hdl/verilog/MVAU_hls_0_Matrix_Vector_Activate_Stream_Batch_p_ZL7threshs_45_ROM_AUTO_1R.v:28]
INFO: [Synth 8-6155] done synthesizing module 'MVAU_hls_0_Matrix_Vector_Activate_Stream_Batch_p_ZL7threshs_45_ROM_AUTO_1R' (0#1) [/home/andreea/proiect_finn/output_ip_hardware_cu_argmax/stitched_ip/finn_vivado_stitch_proj.gen/sources_1/bd/finn_design/ipshared/df1f/hdl/verilog/MVAU_hls_0_Matrix_Vector_Activate_Stream_Batch_p_ZL7threshs_45_ROM_AUTO_1R.v:7]
INFO: [Synth 8-6157] synthesizing module 'MVAU_hls_0_Matrix_Vector_Activate_Stream_Batch_p_ZL7threshs_46_ROM_AUTO_1R' [/home/andreea/proiect_finn/output_ip_hardware_cu_argmax/stitched_ip/finn_vivado_stitch_proj.gen/sources_1/bd/finn_design/ipshared/df1f/hdl/verilog/MVAU_hls_0_Matrix_Vector_Activate_Stream_Batch_p_ZL7threshs_46_ROM_AUTO_1R.v:7]
INFO: [Synth 8-3876] $readmem data file '/tmp/finn_dev_andreea/code_gen_ipgen_MVAU_hls_0_162klhtr/project_MVAU_hls_0/sol1/impl/ip/hdl/verilog/MVAU_hls_0_Matrix_Vector_Activate_Stream_Batch_p_ZL7threshs_46_ROM_AUTO_1R.dat' is read successfully [/home/andreea/proiect_finn/output_ip_hardware_cu_argmax/stitched_ip/finn_vivado_stitch_proj.gen/sources_1/bd/finn_design/ipshared/df1f/hdl/verilog/MVAU_hls_0_Matrix_Vector_Activate_Stream_Batch_p_ZL7threshs_46_ROM_AUTO_1R.v:28]
INFO: [Synth 8-6155] done synthesizing module 'MVAU_hls_0_Matrix_Vector_Activate_Stream_Batch_p_ZL7threshs_46_ROM_AUTO_1R' (0#1) [/home/andreea/proiect_finn/output_ip_hardware_cu_argmax/stitched_ip/finn_vivado_stitch_proj.gen/sources_1/bd/finn_design/ipshared/df1f/hdl/verilog/MVAU_hls_0_Matrix_Vector_Activate_Stream_Batch_p_ZL7threshs_46_ROM_AUTO_1R.v:7]
INFO: [Synth 8-6157] synthesizing module 'MVAU_hls_0_Matrix_Vector_Activate_Stream_Batch_p_ZL7threshs_47_ROM_AUTO_1R' [/home/andreea/proiect_finn/output_ip_hardware_cu_argmax/stitched_ip/finn_vivado_stitch_proj.gen/sources_1/bd/finn_design/ipshared/df1f/hdl/verilog/MVAU_hls_0_Matrix_Vector_Activate_Stream_Batch_p_ZL7threshs_47_ROM_AUTO_1R.v:7]
INFO: [Synth 8-3876] $readmem data file '/tmp/finn_dev_andreea/code_gen_ipgen_MVAU_hls_0_162klhtr/project_MVAU_hls_0/sol1/impl/ip/hdl/verilog/MVAU_hls_0_Matrix_Vector_Activate_Stream_Batch_p_ZL7threshs_47_ROM_AUTO_1R.dat' is read successfully [/home/andreea/proiect_finn/output_ip_hardware_cu_argmax/stitched_ip/finn_vivado_stitch_proj.gen/sources_1/bd/finn_design/ipshared/df1f/hdl/verilog/MVAU_hls_0_Matrix_Vector_Activate_Stream_Batch_p_ZL7threshs_47_ROM_AUTO_1R.v:28]
INFO: [Synth 8-6155] done synthesizing module 'MVAU_hls_0_Matrix_Vector_Activate_Stream_Batch_p_ZL7threshs_47_ROM_AUTO_1R' (0#1) [/home/andreea/proiect_finn/output_ip_hardware_cu_argmax/stitched_ip/finn_vivado_stitch_proj.gen/sources_1/bd/finn_design/ipshared/df1f/hdl/verilog/MVAU_hls_0_Matrix_Vector_Activate_Stream_Batch_p_ZL7threshs_47_ROM_AUTO_1R.v:7]
INFO: [Synth 8-6157] synthesizing module 'MVAU_hls_0_Matrix_Vector_Activate_Stream_Batch_p_ZL7threshs_48_ROM_AUTO_1R' [/home/andreea/proiect_finn/output_ip_hardware_cu_argmax/stitched_ip/finn_vivado_stitch_proj.gen/sources_1/bd/finn_design/ipshared/df1f/hdl/verilog/MVAU_hls_0_Matrix_Vector_Activate_Stream_Batch_p_ZL7threshs_48_ROM_AUTO_1R.v:7]
INFO: [Synth 8-3876] $readmem data file '/tmp/finn_dev_andreea/code_gen_ipgen_MVAU_hls_0_162klhtr/project_MVAU_hls_0/sol1/impl/ip/hdl/verilog/MVAU_hls_0_Matrix_Vector_Activate_Stream_Batch_p_ZL7threshs_48_ROM_AUTO_1R.dat' is read successfully [/home/andreea/proiect_finn/output_ip_hardware_cu_argmax/stitched_ip/finn_vivado_stitch_proj.gen/sources_1/bd/finn_design/ipshared/df1f/hdl/verilog/MVAU_hls_0_Matrix_Vector_Activate_Stream_Batch_p_ZL7threshs_48_ROM_AUTO_1R.v:28]
INFO: [Synth 8-6155] done synthesizing module 'MVAU_hls_0_Matrix_Vector_Activate_Stream_Batch_p_ZL7threshs_48_ROM_AUTO_1R' (0#1) [/home/andreea/proiect_finn/output_ip_hardware_cu_argmax/stitched_ip/finn_vivado_stitch_proj.gen/sources_1/bd/finn_design/ipshared/df1f/hdl/verilog/MVAU_hls_0_Matrix_Vector_Activate_Stream_Batch_p_ZL7threshs_48_ROM_AUTO_1R.v:7]
INFO: [Synth 8-6157] synthesizing module 'MVAU_hls_0_Matrix_Vector_Activate_Stream_Batch_p_ZL7threshs_49_ROM_AUTO_1R' [/home/andreea/proiect_finn/output_ip_hardware_cu_argmax/stitched_ip/finn_vivado_stitch_proj.gen/sources_1/bd/finn_design/ipshared/df1f/hdl/verilog/MVAU_hls_0_Matrix_Vector_Activate_Stream_Batch_p_ZL7threshs_49_ROM_AUTO_1R.v:7]
INFO: [Synth 8-3876] $readmem data file '/tmp/finn_dev_andreea/code_gen_ipgen_MVAU_hls_0_162klhtr/project_MVAU_hls_0/sol1/impl/ip/hdl/verilog/MVAU_hls_0_Matrix_Vector_Activate_Stream_Batch_p_ZL7threshs_49_ROM_AUTO_1R.dat' is read successfully [/home/andreea/proiect_finn/output_ip_hardware_cu_argmax/stitched_ip/finn_vivado_stitch_proj.gen/sources_1/bd/finn_design/ipshared/df1f/hdl/verilog/MVAU_hls_0_Matrix_Vector_Activate_Stream_Batch_p_ZL7threshs_49_ROM_AUTO_1R.v:28]
INFO: [Synth 8-6155] done synthesizing module 'MVAU_hls_0_Matrix_Vector_Activate_Stream_Batch_p_ZL7threshs_49_ROM_AUTO_1R' (0#1) [/home/andreea/proiect_finn/output_ip_hardware_cu_argmax/stitched_ip/finn_vivado_stitch_proj.gen/sources_1/bd/finn_design/ipshared/df1f/hdl/verilog/MVAU_hls_0_Matrix_Vector_Activate_Stream_Batch_p_ZL7threshs_49_ROM_AUTO_1R.v:7]
INFO: [Synth 8-6157] synthesizing module 'MVAU_hls_0_Matrix_Vector_Activate_Stream_Batch_p_ZL7threshs_50_ROM_AUTO_1R' [/home/andreea/proiect_finn/output_ip_hardware_cu_argmax/stitched_ip/finn_vivado_stitch_proj.gen/sources_1/bd/finn_design/ipshared/df1f/hdl/verilog/MVAU_hls_0_Matrix_Vector_Activate_Stream_Batch_p_ZL7threshs_50_ROM_AUTO_1R.v:7]
INFO: [Synth 8-3876] $readmem data file '/tmp/finn_dev_andreea/code_gen_ipgen_MVAU_hls_0_162klhtr/project_MVAU_hls_0/sol1/impl/ip/hdl/verilog/MVAU_hls_0_Matrix_Vector_Activate_Stream_Batch_p_ZL7threshs_50_ROM_AUTO_1R.dat' is read successfully [/home/andreea/proiect_finn/output_ip_hardware_cu_argmax/stitched_ip/finn_vivado_stitch_proj.gen/sources_1/bd/finn_design/ipshared/df1f/hdl/verilog/MVAU_hls_0_Matrix_Vector_Activate_Stream_Batch_p_ZL7threshs_50_ROM_AUTO_1R.v:28]
INFO: [Synth 8-6155] done synthesizing module 'MVAU_hls_0_Matrix_Vector_Activate_Stream_Batch_p_ZL7threshs_50_ROM_AUTO_1R' (0#1) [/home/andreea/proiect_finn/output_ip_hardware_cu_argmax/stitched_ip/finn_vivado_stitch_proj.gen/sources_1/bd/finn_design/ipshared/df1f/hdl/verilog/MVAU_hls_0_Matrix_Vector_Activate_Stream_Batch_p_ZL7threshs_50_ROM_AUTO_1R.v:7]
INFO: [Synth 8-6157] synthesizing module 'MVAU_hls_0_Matrix_Vector_Activate_Stream_Batch_p_ZL7threshs_51_ROM_AUTO_1R' [/home/andreea/proiect_finn/output_ip_hardware_cu_argmax/stitched_ip/finn_vivado_stitch_proj.gen/sources_1/bd/finn_design/ipshared/df1f/hdl/verilog/MVAU_hls_0_Matrix_Vector_Activate_Stream_Batch_p_ZL7threshs_51_ROM_AUTO_1R.v:7]
INFO: [Synth 8-3876] $readmem data file '/tmp/finn_dev_andreea/code_gen_ipgen_MVAU_hls_0_162klhtr/project_MVAU_hls_0/sol1/impl/ip/hdl/verilog/MVAU_hls_0_Matrix_Vector_Activate_Stream_Batch_p_ZL7threshs_51_ROM_AUTO_1R.dat' is read successfully [/home/andreea/proiect_finn/output_ip_hardware_cu_argmax/stitched_ip/finn_vivado_stitch_proj.gen/sources_1/bd/finn_design/ipshared/df1f/hdl/verilog/MVAU_hls_0_Matrix_Vector_Activate_Stream_Batch_p_ZL7threshs_51_ROM_AUTO_1R.v:28]
INFO: [Synth 8-6155] done synthesizing module 'MVAU_hls_0_Matrix_Vector_Activate_Stream_Batch_p_ZL7threshs_51_ROM_AUTO_1R' (0#1) [/home/andreea/proiect_finn/output_ip_hardware_cu_argmax/stitched_ip/finn_vivado_stitch_proj.gen/sources_1/bd/finn_design/ipshared/df1f/hdl/verilog/MVAU_hls_0_Matrix_Vector_Activate_Stream_Batch_p_ZL7threshs_51_ROM_AUTO_1R.v:7]
INFO: [Synth 8-6157] synthesizing module 'MVAU_hls_0_Matrix_Vector_Activate_Stream_Batch_p_ZL7threshs_52_ROM_AUTO_1R' [/home/andreea/proiect_finn/output_ip_hardware_cu_argmax/stitched_ip/finn_vivado_stitch_proj.gen/sources_1/bd/finn_design/ipshared/df1f/hdl/verilog/MVAU_hls_0_Matrix_Vector_Activate_Stream_Batch_p_ZL7threshs_52_ROM_AUTO_1R.v:7]
INFO: [Synth 8-3876] $readmem data file '/tmp/finn_dev_andreea/code_gen_ipgen_MVAU_hls_0_162klhtr/project_MVAU_hls_0/sol1/impl/ip/hdl/verilog/MVAU_hls_0_Matrix_Vector_Activate_Stream_Batch_p_ZL7threshs_52_ROM_AUTO_1R.dat' is read successfully [/home/andreea/proiect_finn/output_ip_hardware_cu_argmax/stitched_ip/finn_vivado_stitch_proj.gen/sources_1/bd/finn_design/ipshared/df1f/hdl/verilog/MVAU_hls_0_Matrix_Vector_Activate_Stream_Batch_p_ZL7threshs_52_ROM_AUTO_1R.v:28]
INFO: [Synth 8-6155] done synthesizing module 'MVAU_hls_0_Matrix_Vector_Activate_Stream_Batch_p_ZL7threshs_52_ROM_AUTO_1R' (0#1) [/home/andreea/proiect_finn/output_ip_hardware_cu_argmax/stitched_ip/finn_vivado_stitch_proj.gen/sources_1/bd/finn_design/ipshared/df1f/hdl/verilog/MVAU_hls_0_Matrix_Vector_Activate_Stream_Batch_p_ZL7threshs_52_ROM_AUTO_1R.v:7]
INFO: [Synth 8-6157] synthesizing module 'MVAU_hls_0_Matrix_Vector_Activate_Stream_Batch_p_ZL7threshs_53_ROM_AUTO_1R' [/home/andreea/proiect_finn/output_ip_hardware_cu_argmax/stitched_ip/finn_vivado_stitch_proj.gen/sources_1/bd/finn_design/ipshared/df1f/hdl/verilog/MVAU_hls_0_Matrix_Vector_Activate_Stream_Batch_p_ZL7threshs_53_ROM_AUTO_1R.v:7]
INFO: [Synth 8-3876] $readmem data file '/tmp/finn_dev_andreea/code_gen_ipgen_MVAU_hls_0_162klhtr/project_MVAU_hls_0/sol1/impl/ip/hdl/verilog/MVAU_hls_0_Matrix_Vector_Activate_Stream_Batch_p_ZL7threshs_53_ROM_AUTO_1R.dat' is read successfully [/home/andreea/proiect_finn/output_ip_hardware_cu_argmax/stitched_ip/finn_vivado_stitch_proj.gen/sources_1/bd/finn_design/ipshared/df1f/hdl/verilog/MVAU_hls_0_Matrix_Vector_Activate_Stream_Batch_p_ZL7threshs_53_ROM_AUTO_1R.v:28]
INFO: [Synth 8-6155] done synthesizing module 'MVAU_hls_0_Matrix_Vector_Activate_Stream_Batch_p_ZL7threshs_53_ROM_AUTO_1R' (0#1) [/home/andreea/proiect_finn/output_ip_hardware_cu_argmax/stitched_ip/finn_vivado_stitch_proj.gen/sources_1/bd/finn_design/ipshared/df1f/hdl/verilog/MVAU_hls_0_Matrix_Vector_Activate_Stream_Batch_p_ZL7threshs_53_ROM_AUTO_1R.v:7]
INFO: [Synth 8-6157] synthesizing module 'MVAU_hls_0_Matrix_Vector_Activate_Stream_Batch_p_ZL7threshs_54_ROM_AUTO_1R' [/home/andreea/proiect_finn/output_ip_hardware_cu_argmax/stitched_ip/finn_vivado_stitch_proj.gen/sources_1/bd/finn_design/ipshared/df1f/hdl/verilog/MVAU_hls_0_Matrix_Vector_Activate_Stream_Batch_p_ZL7threshs_54_ROM_AUTO_1R.v:7]
INFO: [Synth 8-3876] $readmem data file '/tmp/finn_dev_andreea/code_gen_ipgen_MVAU_hls_0_162klhtr/project_MVAU_hls_0/sol1/impl/ip/hdl/verilog/MVAU_hls_0_Matrix_Vector_Activate_Stream_Batch_p_ZL7threshs_54_ROM_AUTO_1R.dat' is read successfully [/home/andreea/proiect_finn/output_ip_hardware_cu_argmax/stitched_ip/finn_vivado_stitch_proj.gen/sources_1/bd/finn_design/ipshared/df1f/hdl/verilog/MVAU_hls_0_Matrix_Vector_Activate_Stream_Batch_p_ZL7threshs_54_ROM_AUTO_1R.v:28]
INFO: [Synth 8-6155] done synthesizing module 'MVAU_hls_0_Matrix_Vector_Activate_Stream_Batch_p_ZL7threshs_54_ROM_AUTO_1R' (0#1) [/home/andreea/proiect_finn/output_ip_hardware_cu_argmax/stitched_ip/finn_vivado_stitch_proj.gen/sources_1/bd/finn_design/ipshared/df1f/hdl/verilog/MVAU_hls_0_Matrix_Vector_Activate_Stream_Batch_p_ZL7threshs_54_ROM_AUTO_1R.v:7]
INFO: [Synth 8-6157] synthesizing module 'MVAU_hls_0_Matrix_Vector_Activate_Stream_Batch_p_ZL7threshs_55_ROM_AUTO_1R' [/home/andreea/proiect_finn/output_ip_hardware_cu_argmax/stitched_ip/finn_vivado_stitch_proj.gen/sources_1/bd/finn_design/ipshared/df1f/hdl/verilog/MVAU_hls_0_Matrix_Vector_Activate_Stream_Batch_p_ZL7threshs_55_ROM_AUTO_1R.v:7]
INFO: [Synth 8-3876] $readmem data file '/tmp/finn_dev_andreea/code_gen_ipgen_MVAU_hls_0_162klhtr/project_MVAU_hls_0/sol1/impl/ip/hdl/verilog/MVAU_hls_0_Matrix_Vector_Activate_Stream_Batch_p_ZL7threshs_55_ROM_AUTO_1R.dat' is read successfully [/home/andreea/proiect_finn/output_ip_hardware_cu_argmax/stitched_ip/finn_vivado_stitch_proj.gen/sources_1/bd/finn_design/ipshared/df1f/hdl/verilog/MVAU_hls_0_Matrix_Vector_Activate_Stream_Batch_p_ZL7threshs_55_ROM_AUTO_1R.v:28]
INFO: [Synth 8-6155] done synthesizing module 'MVAU_hls_0_Matrix_Vector_Activate_Stream_Batch_p_ZL7threshs_55_ROM_AUTO_1R' (0#1) [/home/andreea/proiect_finn/output_ip_hardware_cu_argmax/stitched_ip/finn_vivado_stitch_proj.gen/sources_1/bd/finn_design/ipshared/df1f/hdl/verilog/MVAU_hls_0_Matrix_Vector_Activate_Stream_Batch_p_ZL7threshs_55_ROM_AUTO_1R.v:7]
INFO: [Synth 8-6157] synthesizing module 'MVAU_hls_0_Matrix_Vector_Activate_Stream_Batch_p_ZL7threshs_56_ROM_AUTO_1R' [/home/andreea/proiect_finn/output_ip_hardware_cu_argmax/stitched_ip/finn_vivado_stitch_proj.gen/sources_1/bd/finn_design/ipshared/df1f/hdl/verilog/MVAU_hls_0_Matrix_Vector_Activate_Stream_Batch_p_ZL7threshs_56_ROM_AUTO_1R.v:7]
INFO: [Synth 8-3876] $readmem data file '/tmp/finn_dev_andreea/code_gen_ipgen_MVAU_hls_0_162klhtr/project_MVAU_hls_0/sol1/impl/ip/hdl/verilog/MVAU_hls_0_Matrix_Vector_Activate_Stream_Batch_p_ZL7threshs_56_ROM_AUTO_1R.dat' is read successfully [/home/andreea/proiect_finn/output_ip_hardware_cu_argmax/stitched_ip/finn_vivado_stitch_proj.gen/sources_1/bd/finn_design/ipshared/df1f/hdl/verilog/MVAU_hls_0_Matrix_Vector_Activate_Stream_Batch_p_ZL7threshs_56_ROM_AUTO_1R.v:28]
INFO: [Synth 8-6155] done synthesizing module 'MVAU_hls_0_Matrix_Vector_Activate_Stream_Batch_p_ZL7threshs_56_ROM_AUTO_1R' (0#1) [/home/andreea/proiect_finn/output_ip_hardware_cu_argmax/stitched_ip/finn_vivado_stitch_proj.gen/sources_1/bd/finn_design/ipshared/df1f/hdl/verilog/MVAU_hls_0_Matrix_Vector_Activate_Stream_Batch_p_ZL7threshs_56_ROM_AUTO_1R.v:7]
INFO: [Synth 8-6157] synthesizing module 'MVAU_hls_0_Matrix_Vector_Activate_Stream_Batch_p_ZL7threshs_57_ROM_AUTO_1R' [/home/andreea/proiect_finn/output_ip_hardware_cu_argmax/stitched_ip/finn_vivado_stitch_proj.gen/sources_1/bd/finn_design/ipshared/df1f/hdl/verilog/MVAU_hls_0_Matrix_Vector_Activate_Stream_Batch_p_ZL7threshs_57_ROM_AUTO_1R.v:7]
INFO: [Synth 8-3876] $readmem data file '/tmp/finn_dev_andreea/code_gen_ipgen_MVAU_hls_0_162klhtr/project_MVAU_hls_0/sol1/impl/ip/hdl/verilog/MVAU_hls_0_Matrix_Vector_Activate_Stream_Batch_p_ZL7threshs_57_ROM_AUTO_1R.dat' is read successfully [/home/andreea/proiect_finn/output_ip_hardware_cu_argmax/stitched_ip/finn_vivado_stitch_proj.gen/sources_1/bd/finn_design/ipshared/df1f/hdl/verilog/MVAU_hls_0_Matrix_Vector_Activate_Stream_Batch_p_ZL7threshs_57_ROM_AUTO_1R.v:28]
INFO: [Synth 8-6155] done synthesizing module 'MVAU_hls_0_Matrix_Vector_Activate_Stream_Batch_p_ZL7threshs_57_ROM_AUTO_1R' (0#1) [/home/andreea/proiect_finn/output_ip_hardware_cu_argmax/stitched_ip/finn_vivado_stitch_proj.gen/sources_1/bd/finn_design/ipshared/df1f/hdl/verilog/MVAU_hls_0_Matrix_Vector_Activate_Stream_Batch_p_ZL7threshs_57_ROM_AUTO_1R.v:7]
INFO: [Synth 8-6157] synthesizing module 'MVAU_hls_0_Matrix_Vector_Activate_Stream_Batch_p_ZL7threshs_58_ROM_AUTO_1R' [/home/andreea/proiect_finn/output_ip_hardware_cu_argmax/stitched_ip/finn_vivado_stitch_proj.gen/sources_1/bd/finn_design/ipshared/df1f/hdl/verilog/MVAU_hls_0_Matrix_Vector_Activate_Stream_Batch_p_ZL7threshs_58_ROM_AUTO_1R.v:7]
INFO: [Synth 8-3876] $readmem data file '/tmp/finn_dev_andreea/code_gen_ipgen_MVAU_hls_0_162klhtr/project_MVAU_hls_0/sol1/impl/ip/hdl/verilog/MVAU_hls_0_Matrix_Vector_Activate_Stream_Batch_p_ZL7threshs_58_ROM_AUTO_1R.dat' is read successfully [/home/andreea/proiect_finn/output_ip_hardware_cu_argmax/stitched_ip/finn_vivado_stitch_proj.gen/sources_1/bd/finn_design/ipshared/df1f/hdl/verilog/MVAU_hls_0_Matrix_Vector_Activate_Stream_Batch_p_ZL7threshs_58_ROM_AUTO_1R.v:28]
INFO: [Synth 8-6155] done synthesizing module 'MVAU_hls_0_Matrix_Vector_Activate_Stream_Batch_p_ZL7threshs_58_ROM_AUTO_1R' (0#1) [/home/andreea/proiect_finn/output_ip_hardware_cu_argmax/stitched_ip/finn_vivado_stitch_proj.gen/sources_1/bd/finn_design/ipshared/df1f/hdl/verilog/MVAU_hls_0_Matrix_Vector_Activate_Stream_Batch_p_ZL7threshs_58_ROM_AUTO_1R.v:7]
INFO: [Synth 8-6157] synthesizing module 'MVAU_hls_0_Matrix_Vector_Activate_Stream_Batch_p_ZL7threshs_59_ROM_AUTO_1R' [/home/andreea/proiect_finn/output_ip_hardware_cu_argmax/stitched_ip/finn_vivado_stitch_proj.gen/sources_1/bd/finn_design/ipshared/df1f/hdl/verilog/MVAU_hls_0_Matrix_Vector_Activate_Stream_Batch_p_ZL7threshs_59_ROM_AUTO_1R.v:7]
INFO: [Synth 8-3876] $readmem data file '/tmp/finn_dev_andreea/code_gen_ipgen_MVAU_hls_0_162klhtr/project_MVAU_hls_0/sol1/impl/ip/hdl/verilog/MVAU_hls_0_Matrix_Vector_Activate_Stream_Batch_p_ZL7threshs_59_ROM_AUTO_1R.dat' is read successfully [/home/andreea/proiect_finn/output_ip_hardware_cu_argmax/stitched_ip/finn_vivado_stitch_proj.gen/sources_1/bd/finn_design/ipshared/df1f/hdl/verilog/MVAU_hls_0_Matrix_Vector_Activate_Stream_Batch_p_ZL7threshs_59_ROM_AUTO_1R.v:28]
INFO: [Synth 8-6155] done synthesizing module 'MVAU_hls_0_Matrix_Vector_Activate_Stream_Batch_p_ZL7threshs_59_ROM_AUTO_1R' (0#1) [/home/andreea/proiect_finn/output_ip_hardware_cu_argmax/stitched_ip/finn_vivado_stitch_proj.gen/sources_1/bd/finn_design/ipshared/df1f/hdl/verilog/MVAU_hls_0_Matrix_Vector_Activate_Stream_Batch_p_ZL7threshs_59_ROM_AUTO_1R.v:7]
INFO: [Synth 8-6157] synthesizing module 'MVAU_hls_0_Matrix_Vector_Activate_Stream_Batch_p_ZL7threshs_60_ROM_AUTO_1R' [/home/andreea/proiect_finn/output_ip_hardware_cu_argmax/stitched_ip/finn_vivado_stitch_proj.gen/sources_1/bd/finn_design/ipshared/df1f/hdl/verilog/MVAU_hls_0_Matrix_Vector_Activate_Stream_Batch_p_ZL7threshs_60_ROM_AUTO_1R.v:7]
INFO: [Synth 8-3876] $readmem data file '/tmp/finn_dev_andreea/code_gen_ipgen_MVAU_hls_0_162klhtr/project_MVAU_hls_0/sol1/impl/ip/hdl/verilog/MVAU_hls_0_Matrix_Vector_Activate_Stream_Batch_p_ZL7threshs_60_ROM_AUTO_1R.dat' is read successfully [/home/andreea/proiect_finn/output_ip_hardware_cu_argmax/stitched_ip/finn_vivado_stitch_proj.gen/sources_1/bd/finn_design/ipshared/df1f/hdl/verilog/MVAU_hls_0_Matrix_Vector_Activate_Stream_Batch_p_ZL7threshs_60_ROM_AUTO_1R.v:28]
INFO: [Synth 8-6155] done synthesizing module 'MVAU_hls_0_Matrix_Vector_Activate_Stream_Batch_p_ZL7threshs_60_ROM_AUTO_1R' (0#1) [/home/andreea/proiect_finn/output_ip_hardware_cu_argmax/stitched_ip/finn_vivado_stitch_proj.gen/sources_1/bd/finn_design/ipshared/df1f/hdl/verilog/MVAU_hls_0_Matrix_Vector_Activate_Stream_Batch_p_ZL7threshs_60_ROM_AUTO_1R.v:7]
INFO: [Synth 8-6157] synthesizing module 'MVAU_hls_0_Matrix_Vector_Activate_Stream_Batch_p_ZL7threshs_61_ROM_AUTO_1R' [/home/andreea/proiect_finn/output_ip_hardware_cu_argmax/stitched_ip/finn_vivado_stitch_proj.gen/sources_1/bd/finn_design/ipshared/df1f/hdl/verilog/MVAU_hls_0_Matrix_Vector_Activate_Stream_Batch_p_ZL7threshs_61_ROM_AUTO_1R.v:7]
INFO: [Synth 8-3876] $readmem data file '/tmp/finn_dev_andreea/code_gen_ipgen_MVAU_hls_0_162klhtr/project_MVAU_hls_0/sol1/impl/ip/hdl/verilog/MVAU_hls_0_Matrix_Vector_Activate_Stream_Batch_p_ZL7threshs_61_ROM_AUTO_1R.dat' is read successfully [/home/andreea/proiect_finn/output_ip_hardware_cu_argmax/stitched_ip/finn_vivado_stitch_proj.gen/sources_1/bd/finn_design/ipshared/df1f/hdl/verilog/MVAU_hls_0_Matrix_Vector_Activate_Stream_Batch_p_ZL7threshs_61_ROM_AUTO_1R.v:28]
INFO: [Synth 8-6155] done synthesizing module 'MVAU_hls_0_Matrix_Vector_Activate_Stream_Batch_p_ZL7threshs_61_ROM_AUTO_1R' (0#1) [/home/andreea/proiect_finn/output_ip_hardware_cu_argmax/stitched_ip/finn_vivado_stitch_proj.gen/sources_1/bd/finn_design/ipshared/df1f/hdl/verilog/MVAU_hls_0_Matrix_Vector_Activate_Stream_Batch_p_ZL7threshs_61_ROM_AUTO_1R.v:7]
INFO: [Synth 8-6157] synthesizing module 'MVAU_hls_0_Matrix_Vector_Activate_Stream_Batch_p_ZL7threshs_62_ROM_AUTO_1R' [/home/andreea/proiect_finn/output_ip_hardware_cu_argmax/stitched_ip/finn_vivado_stitch_proj.gen/sources_1/bd/finn_design/ipshared/df1f/hdl/verilog/MVAU_hls_0_Matrix_Vector_Activate_Stream_Batch_p_ZL7threshs_62_ROM_AUTO_1R.v:7]
INFO: [Synth 8-3876] $readmem data file '/tmp/finn_dev_andreea/code_gen_ipgen_MVAU_hls_0_162klhtr/project_MVAU_hls_0/sol1/impl/ip/hdl/verilog/MVAU_hls_0_Matrix_Vector_Activate_Stream_Batch_p_ZL7threshs_62_ROM_AUTO_1R.dat' is read successfully [/home/andreea/proiect_finn/output_ip_hardware_cu_argmax/stitched_ip/finn_vivado_stitch_proj.gen/sources_1/bd/finn_design/ipshared/df1f/hdl/verilog/MVAU_hls_0_Matrix_Vector_Activate_Stream_Batch_p_ZL7threshs_62_ROM_AUTO_1R.v:28]
INFO: [Synth 8-6155] done synthesizing module 'MVAU_hls_0_Matrix_Vector_Activate_Stream_Batch_p_ZL7threshs_62_ROM_AUTO_1R' (0#1) [/home/andreea/proiect_finn/output_ip_hardware_cu_argmax/stitched_ip/finn_vivado_stitch_proj.gen/sources_1/bd/finn_design/ipshared/df1f/hdl/verilog/MVAU_hls_0_Matrix_Vector_Activate_Stream_Batch_p_ZL7threshs_62_ROM_AUTO_1R.v:7]
INFO: [Synth 8-6157] synthesizing module 'MVAU_hls_0_Matrix_Vector_Activate_Stream_Batch_p_ZL7threshs_63_ROM_AUTO_1R' [/home/andreea/proiect_finn/output_ip_hardware_cu_argmax/stitched_ip/finn_vivado_stitch_proj.gen/sources_1/bd/finn_design/ipshared/df1f/hdl/verilog/MVAU_hls_0_Matrix_Vector_Activate_Stream_Batch_p_ZL7threshs_63_ROM_AUTO_1R.v:7]
INFO: [Synth 8-3876] $readmem data file '/tmp/finn_dev_andreea/code_gen_ipgen_MVAU_hls_0_162klhtr/project_MVAU_hls_0/sol1/impl/ip/hdl/verilog/MVAU_hls_0_Matrix_Vector_Activate_Stream_Batch_p_ZL7threshs_63_ROM_AUTO_1R.dat' is read successfully [/home/andreea/proiect_finn/output_ip_hardware_cu_argmax/stitched_ip/finn_vivado_stitch_proj.gen/sources_1/bd/finn_design/ipshared/df1f/hdl/verilog/MVAU_hls_0_Matrix_Vector_Activate_Stream_Batch_p_ZL7threshs_63_ROM_AUTO_1R.v:28]
INFO: [Synth 8-6155] done synthesizing module 'MVAU_hls_0_Matrix_Vector_Activate_Stream_Batch_p_ZL7threshs_63_ROM_AUTO_1R' (0#1) [/home/andreea/proiect_finn/output_ip_hardware_cu_argmax/stitched_ip/finn_vivado_stitch_proj.gen/sources_1/bd/finn_design/ipshared/df1f/hdl/verilog/MVAU_hls_0_Matrix_Vector_Activate_Stream_Batch_p_ZL7threshs_63_ROM_AUTO_1R.v:7]
INFO: [Synth 8-6157] synthesizing module 'MVAU_hls_0_Matrix_Vector_Activate_Stream_Batch_p_ZL7threshs_64_ROM_AUTO_1R' [/home/andreea/proiect_finn/output_ip_hardware_cu_argmax/stitched_ip/finn_vivado_stitch_proj.gen/sources_1/bd/finn_design/ipshared/df1f/hdl/verilog/MVAU_hls_0_Matrix_Vector_Activate_Stream_Batch_p_ZL7threshs_64_ROM_AUTO_1R.v:7]
INFO: [Synth 8-3876] $readmem data file '/tmp/finn_dev_andreea/code_gen_ipgen_MVAU_hls_0_162klhtr/project_MVAU_hls_0/sol1/impl/ip/hdl/verilog/MVAU_hls_0_Matrix_Vector_Activate_Stream_Batch_p_ZL7threshs_64_ROM_AUTO_1R.dat' is read successfully [/home/andreea/proiect_finn/output_ip_hardware_cu_argmax/stitched_ip/finn_vivado_stitch_proj.gen/sources_1/bd/finn_design/ipshared/df1f/hdl/verilog/MVAU_hls_0_Matrix_Vector_Activate_Stream_Batch_p_ZL7threshs_64_ROM_AUTO_1R.v:28]
INFO: [Synth 8-6155] done synthesizing module 'MVAU_hls_0_Matrix_Vector_Activate_Stream_Batch_p_ZL7threshs_64_ROM_AUTO_1R' (0#1) [/home/andreea/proiect_finn/output_ip_hardware_cu_argmax/stitched_ip/finn_vivado_stitch_proj.gen/sources_1/bd/finn_design/ipshared/df1f/hdl/verilog/MVAU_hls_0_Matrix_Vector_Activate_Stream_Batch_p_ZL7threshs_64_ROM_AUTO_1R.v:7]
INFO: [Synth 8-6157] synthesizing module 'MVAU_hls_0_Matrix_Vector_Activate_Stream_Batch_p_ZL7threshs_65_ROM_AUTO_1R' [/home/andreea/proiect_finn/output_ip_hardware_cu_argmax/stitched_ip/finn_vivado_stitch_proj.gen/sources_1/bd/finn_design/ipshared/df1f/hdl/verilog/MVAU_hls_0_Matrix_Vector_Activate_Stream_Batch_p_ZL7threshs_65_ROM_AUTO_1R.v:7]
INFO: [Synth 8-3876] $readmem data file '/tmp/finn_dev_andreea/code_gen_ipgen_MVAU_hls_0_162klhtr/project_MVAU_hls_0/sol1/impl/ip/hdl/verilog/MVAU_hls_0_Matrix_Vector_Activate_Stream_Batch_p_ZL7threshs_65_ROM_AUTO_1R.dat' is read successfully [/home/andreea/proiect_finn/output_ip_hardware_cu_argmax/stitched_ip/finn_vivado_stitch_proj.gen/sources_1/bd/finn_design/ipshared/df1f/hdl/verilog/MVAU_hls_0_Matrix_Vector_Activate_Stream_Batch_p_ZL7threshs_65_ROM_AUTO_1R.v:28]
INFO: [Synth 8-6155] done synthesizing module 'MVAU_hls_0_Matrix_Vector_Activate_Stream_Batch_p_ZL7threshs_65_ROM_AUTO_1R' (0#1) [/home/andreea/proiect_finn/output_ip_hardware_cu_argmax/stitched_ip/finn_vivado_stitch_proj.gen/sources_1/bd/finn_design/ipshared/df1f/hdl/verilog/MVAU_hls_0_Matrix_Vector_Activate_Stream_Batch_p_ZL7threshs_65_ROM_AUTO_1R.v:7]
INFO: [Synth 8-6157] synthesizing module 'MVAU_hls_0_Matrix_Vector_Activate_Stream_Batch_p_ZL7threshs_66_ROM_AUTO_1R' [/home/andreea/proiect_finn/output_ip_hardware_cu_argmax/stitched_ip/finn_vivado_stitch_proj.gen/sources_1/bd/finn_design/ipshared/df1f/hdl/verilog/MVAU_hls_0_Matrix_Vector_Activate_Stream_Batch_p_ZL7threshs_66_ROM_AUTO_1R.v:7]
INFO: [Synth 8-3876] $readmem data file '/tmp/finn_dev_andreea/code_gen_ipgen_MVAU_hls_0_162klhtr/project_MVAU_hls_0/sol1/impl/ip/hdl/verilog/MVAU_hls_0_Matrix_Vector_Activate_Stream_Batch_p_ZL7threshs_66_ROM_AUTO_1R.dat' is read successfully [/home/andreea/proiect_finn/output_ip_hardware_cu_argmax/stitched_ip/finn_vivado_stitch_proj.gen/sources_1/bd/finn_design/ipshared/df1f/hdl/verilog/MVAU_hls_0_Matrix_Vector_Activate_Stream_Batch_p_ZL7threshs_66_ROM_AUTO_1R.v:28]
INFO: [Synth 8-6155] done synthesizing module 'MVAU_hls_0_Matrix_Vector_Activate_Stream_Batch_p_ZL7threshs_66_ROM_AUTO_1R' (0#1) [/home/andreea/proiect_finn/output_ip_hardware_cu_argmax/stitched_ip/finn_vivado_stitch_proj.gen/sources_1/bd/finn_design/ipshared/df1f/hdl/verilog/MVAU_hls_0_Matrix_Vector_Activate_Stream_Batch_p_ZL7threshs_66_ROM_AUTO_1R.v:7]
INFO: [Synth 8-6157] synthesizing module 'MVAU_hls_0_Matrix_Vector_Activate_Stream_Batch_p_ZL7threshs_67_ROM_AUTO_1R' [/home/andreea/proiect_finn/output_ip_hardware_cu_argmax/stitched_ip/finn_vivado_stitch_proj.gen/sources_1/bd/finn_design/ipshared/df1f/hdl/verilog/MVAU_hls_0_Matrix_Vector_Activate_Stream_Batch_p_ZL7threshs_67_ROM_AUTO_1R.v:7]
INFO: [Synth 8-3876] $readmem data file '/tmp/finn_dev_andreea/code_gen_ipgen_MVAU_hls_0_162klhtr/project_MVAU_hls_0/sol1/impl/ip/hdl/verilog/MVAU_hls_0_Matrix_Vector_Activate_Stream_Batch_p_ZL7threshs_67_ROM_AUTO_1R.dat' is read successfully [/home/andreea/proiect_finn/output_ip_hardware_cu_argmax/stitched_ip/finn_vivado_stitch_proj.gen/sources_1/bd/finn_design/ipshared/df1f/hdl/verilog/MVAU_hls_0_Matrix_Vector_Activate_Stream_Batch_p_ZL7threshs_67_ROM_AUTO_1R.v:28]
INFO: [Synth 8-6155] done synthesizing module 'MVAU_hls_0_Matrix_Vector_Activate_Stream_Batch_p_ZL7threshs_67_ROM_AUTO_1R' (0#1) [/home/andreea/proiect_finn/output_ip_hardware_cu_argmax/stitched_ip/finn_vivado_stitch_proj.gen/sources_1/bd/finn_design/ipshared/df1f/hdl/verilog/MVAU_hls_0_Matrix_Vector_Activate_Stream_Batch_p_ZL7threshs_67_ROM_AUTO_1R.v:7]
INFO: [Synth 8-6157] synthesizing module 'MVAU_hls_0_Matrix_Vector_Activate_Stream_Batch_p_ZL7threshs_68_ROM_AUTO_1R' [/home/andreea/proiect_finn/output_ip_hardware_cu_argmax/stitched_ip/finn_vivado_stitch_proj.gen/sources_1/bd/finn_design/ipshared/df1f/hdl/verilog/MVAU_hls_0_Matrix_Vector_Activate_Stream_Batch_p_ZL7threshs_68_ROM_AUTO_1R.v:7]
INFO: [Synth 8-3876] $readmem data file '/tmp/finn_dev_andreea/code_gen_ipgen_MVAU_hls_0_162klhtr/project_MVAU_hls_0/sol1/impl/ip/hdl/verilog/MVAU_hls_0_Matrix_Vector_Activate_Stream_Batch_p_ZL7threshs_68_ROM_AUTO_1R.dat' is read successfully [/home/andreea/proiect_finn/output_ip_hardware_cu_argmax/stitched_ip/finn_vivado_stitch_proj.gen/sources_1/bd/finn_design/ipshared/df1f/hdl/verilog/MVAU_hls_0_Matrix_Vector_Activate_Stream_Batch_p_ZL7threshs_68_ROM_AUTO_1R.v:28]
INFO: [Synth 8-6155] done synthesizing module 'MVAU_hls_0_Matrix_Vector_Activate_Stream_Batch_p_ZL7threshs_68_ROM_AUTO_1R' (0#1) [/home/andreea/proiect_finn/output_ip_hardware_cu_argmax/stitched_ip/finn_vivado_stitch_proj.gen/sources_1/bd/finn_design/ipshared/df1f/hdl/verilog/MVAU_hls_0_Matrix_Vector_Activate_Stream_Batch_p_ZL7threshs_68_ROM_AUTO_1R.v:7]
INFO: [Synth 8-6157] synthesizing module 'MVAU_hls_0_Matrix_Vector_Activate_Stream_Batch_p_ZL7threshs_69_ROM_AUTO_1R' [/home/andreea/proiect_finn/output_ip_hardware_cu_argmax/stitched_ip/finn_vivado_stitch_proj.gen/sources_1/bd/finn_design/ipshared/df1f/hdl/verilog/MVAU_hls_0_Matrix_Vector_Activate_Stream_Batch_p_ZL7threshs_69_ROM_AUTO_1R.v:7]
INFO: [Synth 8-3876] $readmem data file '/tmp/finn_dev_andreea/code_gen_ipgen_MVAU_hls_0_162klhtr/project_MVAU_hls_0/sol1/impl/ip/hdl/verilog/MVAU_hls_0_Matrix_Vector_Activate_Stream_Batch_p_ZL7threshs_69_ROM_AUTO_1R.dat' is read successfully [/home/andreea/proiect_finn/output_ip_hardware_cu_argmax/stitched_ip/finn_vivado_stitch_proj.gen/sources_1/bd/finn_design/ipshared/df1f/hdl/verilog/MVAU_hls_0_Matrix_Vector_Activate_Stream_Batch_p_ZL7threshs_69_ROM_AUTO_1R.v:28]
INFO: [Synth 8-6155] done synthesizing module 'MVAU_hls_0_Matrix_Vector_Activate_Stream_Batch_p_ZL7threshs_69_ROM_AUTO_1R' (0#1) [/home/andreea/proiect_finn/output_ip_hardware_cu_argmax/stitched_ip/finn_vivado_stitch_proj.gen/sources_1/bd/finn_design/ipshared/df1f/hdl/verilog/MVAU_hls_0_Matrix_Vector_Activate_Stream_Batch_p_ZL7threshs_69_ROM_AUTO_1R.v:7]
INFO: [Synth 8-6157] synthesizing module 'MVAU_hls_0_Matrix_Vector_Activate_Stream_Batch_p_ZL7threshs_70_ROM_AUTO_1R' [/home/andreea/proiect_finn/output_ip_hardware_cu_argmax/stitched_ip/finn_vivado_stitch_proj.gen/sources_1/bd/finn_design/ipshared/df1f/hdl/verilog/MVAU_hls_0_Matrix_Vector_Activate_Stream_Batch_p_ZL7threshs_70_ROM_AUTO_1R.v:7]
INFO: [Synth 8-3876] $readmem data file '/tmp/finn_dev_andreea/code_gen_ipgen_MVAU_hls_0_162klhtr/project_MVAU_hls_0/sol1/impl/ip/hdl/verilog/MVAU_hls_0_Matrix_Vector_Activate_Stream_Batch_p_ZL7threshs_70_ROM_AUTO_1R.dat' is read successfully [/home/andreea/proiect_finn/output_ip_hardware_cu_argmax/stitched_ip/finn_vivado_stitch_proj.gen/sources_1/bd/finn_design/ipshared/df1f/hdl/verilog/MVAU_hls_0_Matrix_Vector_Activate_Stream_Batch_p_ZL7threshs_70_ROM_AUTO_1R.v:28]
INFO: [Synth 8-6155] done synthesizing module 'MVAU_hls_0_Matrix_Vector_Activate_Stream_Batch_p_ZL7threshs_70_ROM_AUTO_1R' (0#1) [/home/andreea/proiect_finn/output_ip_hardware_cu_argmax/stitched_ip/finn_vivado_stitch_proj.gen/sources_1/bd/finn_design/ipshared/df1f/hdl/verilog/MVAU_hls_0_Matrix_Vector_Activate_Stream_Batch_p_ZL7threshs_70_ROM_AUTO_1R.v:7]
INFO: [Synth 8-6157] synthesizing module 'MVAU_hls_0_Matrix_Vector_Activate_Stream_Batch_p_ZL7threshs_71_ROM_AUTO_1R' [/home/andreea/proiect_finn/output_ip_hardware_cu_argmax/stitched_ip/finn_vivado_stitch_proj.gen/sources_1/bd/finn_design/ipshared/df1f/hdl/verilog/MVAU_hls_0_Matrix_Vector_Activate_Stream_Batch_p_ZL7threshs_71_ROM_AUTO_1R.v:7]
INFO: [Synth 8-3876] $readmem data file '/tmp/finn_dev_andreea/code_gen_ipgen_MVAU_hls_0_162klhtr/project_MVAU_hls_0/sol1/impl/ip/hdl/verilog/MVAU_hls_0_Matrix_Vector_Activate_Stream_Batch_p_ZL7threshs_71_ROM_AUTO_1R.dat' is read successfully [/home/andreea/proiect_finn/output_ip_hardware_cu_argmax/stitched_ip/finn_vivado_stitch_proj.gen/sources_1/bd/finn_design/ipshared/df1f/hdl/verilog/MVAU_hls_0_Matrix_Vector_Activate_Stream_Batch_p_ZL7threshs_71_ROM_AUTO_1R.v:28]
INFO: [Synth 8-6155] done synthesizing module 'MVAU_hls_0_Matrix_Vector_Activate_Stream_Batch_p_ZL7threshs_71_ROM_AUTO_1R' (0#1) [/home/andreea/proiect_finn/output_ip_hardware_cu_argmax/stitched_ip/finn_vivado_stitch_proj.gen/sources_1/bd/finn_design/ipshared/df1f/hdl/verilog/MVAU_hls_0_Matrix_Vector_Activate_Stream_Batch_p_ZL7threshs_71_ROM_AUTO_1R.v:7]
INFO: [Synth 8-6157] synthesizing module 'MVAU_hls_0_Matrix_Vector_Activate_Stream_Batch_p_ZL7threshs_72_ROM_AUTO_1R' [/home/andreea/proiect_finn/output_ip_hardware_cu_argmax/stitched_ip/finn_vivado_stitch_proj.gen/sources_1/bd/finn_design/ipshared/df1f/hdl/verilog/MVAU_hls_0_Matrix_Vector_Activate_Stream_Batch_p_ZL7threshs_72_ROM_AUTO_1R.v:7]
INFO: [Synth 8-3876] $readmem data file '/tmp/finn_dev_andreea/code_gen_ipgen_MVAU_hls_0_162klhtr/project_MVAU_hls_0/sol1/impl/ip/hdl/verilog/MVAU_hls_0_Matrix_Vector_Activate_Stream_Batch_p_ZL7threshs_72_ROM_AUTO_1R.dat' is read successfully [/home/andreea/proiect_finn/output_ip_hardware_cu_argmax/stitched_ip/finn_vivado_stitch_proj.gen/sources_1/bd/finn_design/ipshared/df1f/hdl/verilog/MVAU_hls_0_Matrix_Vector_Activate_Stream_Batch_p_ZL7threshs_72_ROM_AUTO_1R.v:28]
INFO: [Synth 8-6155] done synthesizing module 'MVAU_hls_0_Matrix_Vector_Activate_Stream_Batch_p_ZL7threshs_72_ROM_AUTO_1R' (0#1) [/home/andreea/proiect_finn/output_ip_hardware_cu_argmax/stitched_ip/finn_vivado_stitch_proj.gen/sources_1/bd/finn_design/ipshared/df1f/hdl/verilog/MVAU_hls_0_Matrix_Vector_Activate_Stream_Batch_p_ZL7threshs_72_ROM_AUTO_1R.v:7]
INFO: [Synth 8-6157] synthesizing module 'MVAU_hls_0_Matrix_Vector_Activate_Stream_Batch_p_ZL7threshs_73_ROM_AUTO_1R' [/home/andreea/proiect_finn/output_ip_hardware_cu_argmax/stitched_ip/finn_vivado_stitch_proj.gen/sources_1/bd/finn_design/ipshared/df1f/hdl/verilog/MVAU_hls_0_Matrix_Vector_Activate_Stream_Batch_p_ZL7threshs_73_ROM_AUTO_1R.v:7]
INFO: [Synth 8-3876] $readmem data file '/tmp/finn_dev_andreea/code_gen_ipgen_MVAU_hls_0_162klhtr/project_MVAU_hls_0/sol1/impl/ip/hdl/verilog/MVAU_hls_0_Matrix_Vector_Activate_Stream_Batch_p_ZL7threshs_73_ROM_AUTO_1R.dat' is read successfully [/home/andreea/proiect_finn/output_ip_hardware_cu_argmax/stitched_ip/finn_vivado_stitch_proj.gen/sources_1/bd/finn_design/ipshared/df1f/hdl/verilog/MVAU_hls_0_Matrix_Vector_Activate_Stream_Batch_p_ZL7threshs_73_ROM_AUTO_1R.v:28]
INFO: [Synth 8-6155] done synthesizing module 'MVAU_hls_0_Matrix_Vector_Activate_Stream_Batch_p_ZL7threshs_73_ROM_AUTO_1R' (0#1) [/home/andreea/proiect_finn/output_ip_hardware_cu_argmax/stitched_ip/finn_vivado_stitch_proj.gen/sources_1/bd/finn_design/ipshared/df1f/hdl/verilog/MVAU_hls_0_Matrix_Vector_Activate_Stream_Batch_p_ZL7threshs_73_ROM_AUTO_1R.v:7]
INFO: [Synth 8-6157] synthesizing module 'MVAU_hls_0_Matrix_Vector_Activate_Stream_Batch_p_ZL7threshs_74_ROM_AUTO_1R' [/home/andreea/proiect_finn/output_ip_hardware_cu_argmax/stitched_ip/finn_vivado_stitch_proj.gen/sources_1/bd/finn_design/ipshared/df1f/hdl/verilog/MVAU_hls_0_Matrix_Vector_Activate_Stream_Batch_p_ZL7threshs_74_ROM_AUTO_1R.v:7]
INFO: [Synth 8-3876] $readmem data file '/tmp/finn_dev_andreea/code_gen_ipgen_MVAU_hls_0_162klhtr/project_MVAU_hls_0/sol1/impl/ip/hdl/verilog/MVAU_hls_0_Matrix_Vector_Activate_Stream_Batch_p_ZL7threshs_74_ROM_AUTO_1R.dat' is read successfully [/home/andreea/proiect_finn/output_ip_hardware_cu_argmax/stitched_ip/finn_vivado_stitch_proj.gen/sources_1/bd/finn_design/ipshared/df1f/hdl/verilog/MVAU_hls_0_Matrix_Vector_Activate_Stream_Batch_p_ZL7threshs_74_ROM_AUTO_1R.v:28]
INFO: [Synth 8-6155] done synthesizing module 'MVAU_hls_0_Matrix_Vector_Activate_Stream_Batch_p_ZL7threshs_74_ROM_AUTO_1R' (0#1) [/home/andreea/proiect_finn/output_ip_hardware_cu_argmax/stitched_ip/finn_vivado_stitch_proj.gen/sources_1/bd/finn_design/ipshared/df1f/hdl/verilog/MVAU_hls_0_Matrix_Vector_Activate_Stream_Batch_p_ZL7threshs_74_ROM_AUTO_1R.v:7]
INFO: [Synth 8-6157] synthesizing module 'MVAU_hls_0_Matrix_Vector_Activate_Stream_Batch_p_ZL7threshs_75_ROM_AUTO_1R' [/home/andreea/proiect_finn/output_ip_hardware_cu_argmax/stitched_ip/finn_vivado_stitch_proj.gen/sources_1/bd/finn_design/ipshared/df1f/hdl/verilog/MVAU_hls_0_Matrix_Vector_Activate_Stream_Batch_p_ZL7threshs_75_ROM_AUTO_1R.v:7]
INFO: [Synth 8-3876] $readmem data file '/tmp/finn_dev_andreea/code_gen_ipgen_MVAU_hls_0_162klhtr/project_MVAU_hls_0/sol1/impl/ip/hdl/verilog/MVAU_hls_0_Matrix_Vector_Activate_Stream_Batch_p_ZL7threshs_75_ROM_AUTO_1R.dat' is read successfully [/home/andreea/proiect_finn/output_ip_hardware_cu_argmax/stitched_ip/finn_vivado_stitch_proj.gen/sources_1/bd/finn_design/ipshared/df1f/hdl/verilog/MVAU_hls_0_Matrix_Vector_Activate_Stream_Batch_p_ZL7threshs_75_ROM_AUTO_1R.v:28]
INFO: [Synth 8-6155] done synthesizing module 'MVAU_hls_0_Matrix_Vector_Activate_Stream_Batch_p_ZL7threshs_75_ROM_AUTO_1R' (0#1) [/home/andreea/proiect_finn/output_ip_hardware_cu_argmax/stitched_ip/finn_vivado_stitch_proj.gen/sources_1/bd/finn_design/ipshared/df1f/hdl/verilog/MVAU_hls_0_Matrix_Vector_Activate_Stream_Batch_p_ZL7threshs_75_ROM_AUTO_1R.v:7]
INFO: [Synth 8-6157] synthesizing module 'MVAU_hls_0_Matrix_Vector_Activate_Stream_Batch_p_ZL7threshs_76_ROM_AUTO_1R' [/home/andreea/proiect_finn/output_ip_hardware_cu_argmax/stitched_ip/finn_vivado_stitch_proj.gen/sources_1/bd/finn_design/ipshared/df1f/hdl/verilog/MVAU_hls_0_Matrix_Vector_Activate_Stream_Batch_p_ZL7threshs_76_ROM_AUTO_1R.v:7]
INFO: [Synth 8-3876] $readmem data file '/tmp/finn_dev_andreea/code_gen_ipgen_MVAU_hls_0_162klhtr/project_MVAU_hls_0/sol1/impl/ip/hdl/verilog/MVAU_hls_0_Matrix_Vector_Activate_Stream_Batch_p_ZL7threshs_76_ROM_AUTO_1R.dat' is read successfully [/home/andreea/proiect_finn/output_ip_hardware_cu_argmax/stitched_ip/finn_vivado_stitch_proj.gen/sources_1/bd/finn_design/ipshared/df1f/hdl/verilog/MVAU_hls_0_Matrix_Vector_Activate_Stream_Batch_p_ZL7threshs_76_ROM_AUTO_1R.v:28]
INFO: [Synth 8-6155] done synthesizing module 'MVAU_hls_0_Matrix_Vector_Activate_Stream_Batch_p_ZL7threshs_76_ROM_AUTO_1R' (0#1) [/home/andreea/proiect_finn/output_ip_hardware_cu_argmax/stitched_ip/finn_vivado_stitch_proj.gen/sources_1/bd/finn_design/ipshared/df1f/hdl/verilog/MVAU_hls_0_Matrix_Vector_Activate_Stream_Batch_p_ZL7threshs_76_ROM_AUTO_1R.v:7]
INFO: [Synth 8-6157] synthesizing module 'MVAU_hls_0_Matrix_Vector_Activate_Stream_Batch_p_ZL7threshs_77_ROM_AUTO_1R' [/home/andreea/proiect_finn/output_ip_hardware_cu_argmax/stitched_ip/finn_vivado_stitch_proj.gen/sources_1/bd/finn_design/ipshared/df1f/hdl/verilog/MVAU_hls_0_Matrix_Vector_Activate_Stream_Batch_p_ZL7threshs_77_ROM_AUTO_1R.v:7]
INFO: [Synth 8-3876] $readmem data file '/tmp/finn_dev_andreea/code_gen_ipgen_MVAU_hls_0_162klhtr/project_MVAU_hls_0/sol1/impl/ip/hdl/verilog/MVAU_hls_0_Matrix_Vector_Activate_Stream_Batch_p_ZL7threshs_77_ROM_AUTO_1R.dat' is read successfully [/home/andreea/proiect_finn/output_ip_hardware_cu_argmax/stitched_ip/finn_vivado_stitch_proj.gen/sources_1/bd/finn_design/ipshared/df1f/hdl/verilog/MVAU_hls_0_Matrix_Vector_Activate_Stream_Batch_p_ZL7threshs_77_ROM_AUTO_1R.v:28]
INFO: [Synth 8-6155] done synthesizing module 'MVAU_hls_0_Matrix_Vector_Activate_Stream_Batch_p_ZL7threshs_77_ROM_AUTO_1R' (0#1) [/home/andreea/proiect_finn/output_ip_hardware_cu_argmax/stitched_ip/finn_vivado_stitch_proj.gen/sources_1/bd/finn_design/ipshared/df1f/hdl/verilog/MVAU_hls_0_Matrix_Vector_Activate_Stream_Batch_p_ZL7threshs_77_ROM_AUTO_1R.v:7]
INFO: [Synth 8-6157] synthesizing module 'MVAU_hls_0_Matrix_Vector_Activate_Stream_Batch_p_ZL7threshs_78_ROM_AUTO_1R' [/home/andreea/proiect_finn/output_ip_hardware_cu_argmax/stitched_ip/finn_vivado_stitch_proj.gen/sources_1/bd/finn_design/ipshared/df1f/hdl/verilog/MVAU_hls_0_Matrix_Vector_Activate_Stream_Batch_p_ZL7threshs_78_ROM_AUTO_1R.v:7]
INFO: [Synth 8-3876] $readmem data file '/tmp/finn_dev_andreea/code_gen_ipgen_MVAU_hls_0_162klhtr/project_MVAU_hls_0/sol1/impl/ip/hdl/verilog/MVAU_hls_0_Matrix_Vector_Activate_Stream_Batch_p_ZL7threshs_78_ROM_AUTO_1R.dat' is read successfully [/home/andreea/proiect_finn/output_ip_hardware_cu_argmax/stitched_ip/finn_vivado_stitch_proj.gen/sources_1/bd/finn_design/ipshared/df1f/hdl/verilog/MVAU_hls_0_Matrix_Vector_Activate_Stream_Batch_p_ZL7threshs_78_ROM_AUTO_1R.v:28]
INFO: [Synth 8-6155] done synthesizing module 'MVAU_hls_0_Matrix_Vector_Activate_Stream_Batch_p_ZL7threshs_78_ROM_AUTO_1R' (0#1) [/home/andreea/proiect_finn/output_ip_hardware_cu_argmax/stitched_ip/finn_vivado_stitch_proj.gen/sources_1/bd/finn_design/ipshared/df1f/hdl/verilog/MVAU_hls_0_Matrix_Vector_Activate_Stream_Batch_p_ZL7threshs_78_ROM_AUTO_1R.v:7]
INFO: [Synth 8-6157] synthesizing module 'MVAU_hls_0_Matrix_Vector_Activate_Stream_Batch_p_ZL7threshs_79_ROM_AUTO_1R' [/home/andreea/proiect_finn/output_ip_hardware_cu_argmax/stitched_ip/finn_vivado_stitch_proj.gen/sources_1/bd/finn_design/ipshared/df1f/hdl/verilog/MVAU_hls_0_Matrix_Vector_Activate_Stream_Batch_p_ZL7threshs_79_ROM_AUTO_1R.v:7]
INFO: [Synth 8-3876] $readmem data file '/tmp/finn_dev_andreea/code_gen_ipgen_MVAU_hls_0_162klhtr/project_MVAU_hls_0/sol1/impl/ip/hdl/verilog/MVAU_hls_0_Matrix_Vector_Activate_Stream_Batch_p_ZL7threshs_79_ROM_AUTO_1R.dat' is read successfully [/home/andreea/proiect_finn/output_ip_hardware_cu_argmax/stitched_ip/finn_vivado_stitch_proj.gen/sources_1/bd/finn_design/ipshared/df1f/hdl/verilog/MVAU_hls_0_Matrix_Vector_Activate_Stream_Batch_p_ZL7threshs_79_ROM_AUTO_1R.v:28]
INFO: [Synth 8-6155] done synthesizing module 'MVAU_hls_0_Matrix_Vector_Activate_Stream_Batch_p_ZL7threshs_79_ROM_AUTO_1R' (0#1) [/home/andreea/proiect_finn/output_ip_hardware_cu_argmax/stitched_ip/finn_vivado_stitch_proj.gen/sources_1/bd/finn_design/ipshared/df1f/hdl/verilog/MVAU_hls_0_Matrix_Vector_Activate_Stream_Batch_p_ZL7threshs_79_ROM_AUTO_1R.v:7]
INFO: [Synth 8-6157] synthesizing module 'MVAU_hls_0_Matrix_Vector_Activate_Stream_Batch_p_ZL7threshs_80_ROM_AUTO_1R' [/home/andreea/proiect_finn/output_ip_hardware_cu_argmax/stitched_ip/finn_vivado_stitch_proj.gen/sources_1/bd/finn_design/ipshared/df1f/hdl/verilog/MVAU_hls_0_Matrix_Vector_Activate_Stream_Batch_p_ZL7threshs_80_ROM_AUTO_1R.v:7]
INFO: [Synth 8-3876] $readmem data file '/tmp/finn_dev_andreea/code_gen_ipgen_MVAU_hls_0_162klhtr/project_MVAU_hls_0/sol1/impl/ip/hdl/verilog/MVAU_hls_0_Matrix_Vector_Activate_Stream_Batch_p_ZL7threshs_80_ROM_AUTO_1R.dat' is read successfully [/home/andreea/proiect_finn/output_ip_hardware_cu_argmax/stitched_ip/finn_vivado_stitch_proj.gen/sources_1/bd/finn_design/ipshared/df1f/hdl/verilog/MVAU_hls_0_Matrix_Vector_Activate_Stream_Batch_p_ZL7threshs_80_ROM_AUTO_1R.v:28]
INFO: [Synth 8-6155] done synthesizing module 'MVAU_hls_0_Matrix_Vector_Activate_Stream_Batch_p_ZL7threshs_80_ROM_AUTO_1R' (0#1) [/home/andreea/proiect_finn/output_ip_hardware_cu_argmax/stitched_ip/finn_vivado_stitch_proj.gen/sources_1/bd/finn_design/ipshared/df1f/hdl/verilog/MVAU_hls_0_Matrix_Vector_Activate_Stream_Batch_p_ZL7threshs_80_ROM_AUTO_1R.v:7]
INFO: [Synth 8-6157] synthesizing module 'MVAU_hls_0_Matrix_Vector_Activate_Stream_Batch_p_ZL7threshs_81_ROM_AUTO_1R' [/home/andreea/proiect_finn/output_ip_hardware_cu_argmax/stitched_ip/finn_vivado_stitch_proj.gen/sources_1/bd/finn_design/ipshared/df1f/hdl/verilog/MVAU_hls_0_Matrix_Vector_Activate_Stream_Batch_p_ZL7threshs_81_ROM_AUTO_1R.v:7]
INFO: [Synth 8-3876] $readmem data file '/tmp/finn_dev_andreea/code_gen_ipgen_MVAU_hls_0_162klhtr/project_MVAU_hls_0/sol1/impl/ip/hdl/verilog/MVAU_hls_0_Matrix_Vector_Activate_Stream_Batch_p_ZL7threshs_81_ROM_AUTO_1R.dat' is read successfully [/home/andreea/proiect_finn/output_ip_hardware_cu_argmax/stitched_ip/finn_vivado_stitch_proj.gen/sources_1/bd/finn_design/ipshared/df1f/hdl/verilog/MVAU_hls_0_Matrix_Vector_Activate_Stream_Batch_p_ZL7threshs_81_ROM_AUTO_1R.v:28]
INFO: [Synth 8-6155] done synthesizing module 'MVAU_hls_0_Matrix_Vector_Activate_Stream_Batch_p_ZL7threshs_81_ROM_AUTO_1R' (0#1) [/home/andreea/proiect_finn/output_ip_hardware_cu_argmax/stitched_ip/finn_vivado_stitch_proj.gen/sources_1/bd/finn_design/ipshared/df1f/hdl/verilog/MVAU_hls_0_Matrix_Vector_Activate_Stream_Batch_p_ZL7threshs_81_ROM_AUTO_1R.v:7]
INFO: [Synth 8-6157] synthesizing module 'MVAU_hls_0_Matrix_Vector_Activate_Stream_Batch_p_ZL7threshs_82_ROM_AUTO_1R' [/home/andreea/proiect_finn/output_ip_hardware_cu_argmax/stitched_ip/finn_vivado_stitch_proj.gen/sources_1/bd/finn_design/ipshared/df1f/hdl/verilog/MVAU_hls_0_Matrix_Vector_Activate_Stream_Batch_p_ZL7threshs_82_ROM_AUTO_1R.v:7]
INFO: [Synth 8-3876] $readmem data file '/tmp/finn_dev_andreea/code_gen_ipgen_MVAU_hls_0_162klhtr/project_MVAU_hls_0/sol1/impl/ip/hdl/verilog/MVAU_hls_0_Matrix_Vector_Activate_Stream_Batch_p_ZL7threshs_82_ROM_AUTO_1R.dat' is read successfully [/home/andreea/proiect_finn/output_ip_hardware_cu_argmax/stitched_ip/finn_vivado_stitch_proj.gen/sources_1/bd/finn_design/ipshared/df1f/hdl/verilog/MVAU_hls_0_Matrix_Vector_Activate_Stream_Batch_p_ZL7threshs_82_ROM_AUTO_1R.v:28]
INFO: [Synth 8-6155] done synthesizing module 'MVAU_hls_0_Matrix_Vector_Activate_Stream_Batch_p_ZL7threshs_82_ROM_AUTO_1R' (0#1) [/home/andreea/proiect_finn/output_ip_hardware_cu_argmax/stitched_ip/finn_vivado_stitch_proj.gen/sources_1/bd/finn_design/ipshared/df1f/hdl/verilog/MVAU_hls_0_Matrix_Vector_Activate_Stream_Batch_p_ZL7threshs_82_ROM_AUTO_1R.v:7]
INFO: [Synth 8-6157] synthesizing module 'MVAU_hls_0_Matrix_Vector_Activate_Stream_Batch_p_ZL7threshs_83_ROM_AUTO_1R' [/home/andreea/proiect_finn/output_ip_hardware_cu_argmax/stitched_ip/finn_vivado_stitch_proj.gen/sources_1/bd/finn_design/ipshared/df1f/hdl/verilog/MVAU_hls_0_Matrix_Vector_Activate_Stream_Batch_p_ZL7threshs_83_ROM_AUTO_1R.v:7]
INFO: [Synth 8-3876] $readmem data file '/tmp/finn_dev_andreea/code_gen_ipgen_MVAU_hls_0_162klhtr/project_MVAU_hls_0/sol1/impl/ip/hdl/verilog/MVAU_hls_0_Matrix_Vector_Activate_Stream_Batch_p_ZL7threshs_83_ROM_AUTO_1R.dat' is read successfully [/home/andreea/proiect_finn/output_ip_hardware_cu_argmax/stitched_ip/finn_vivado_stitch_proj.gen/sources_1/bd/finn_design/ipshared/df1f/hdl/verilog/MVAU_hls_0_Matrix_Vector_Activate_Stream_Batch_p_ZL7threshs_83_ROM_AUTO_1R.v:28]
INFO: [Synth 8-6155] done synthesizing module 'MVAU_hls_0_Matrix_Vector_Activate_Stream_Batch_p_ZL7threshs_83_ROM_AUTO_1R' (0#1) [/home/andreea/proiect_finn/output_ip_hardware_cu_argmax/stitched_ip/finn_vivado_stitch_proj.gen/sources_1/bd/finn_design/ipshared/df1f/hdl/verilog/MVAU_hls_0_Matrix_Vector_Activate_Stream_Batch_p_ZL7threshs_83_ROM_AUTO_1R.v:7]
INFO: [Synth 8-6157] synthesizing module 'MVAU_hls_0_Matrix_Vector_Activate_Stream_Batch_p_ZL7threshs_84_ROM_AUTO_1R' [/home/andreea/proiect_finn/output_ip_hardware_cu_argmax/stitched_ip/finn_vivado_stitch_proj.gen/sources_1/bd/finn_design/ipshared/df1f/hdl/verilog/MVAU_hls_0_Matrix_Vector_Activate_Stream_Batch_p_ZL7threshs_84_ROM_AUTO_1R.v:7]
INFO: [Synth 8-3876] $readmem data file '/tmp/finn_dev_andreea/code_gen_ipgen_MVAU_hls_0_162klhtr/project_MVAU_hls_0/sol1/impl/ip/hdl/verilog/MVAU_hls_0_Matrix_Vector_Activate_Stream_Batch_p_ZL7threshs_84_ROM_AUTO_1R.dat' is read successfully [/home/andreea/proiect_finn/output_ip_hardware_cu_argmax/stitched_ip/finn_vivado_stitch_proj.gen/sources_1/bd/finn_design/ipshared/df1f/hdl/verilog/MVAU_hls_0_Matrix_Vector_Activate_Stream_Batch_p_ZL7threshs_84_ROM_AUTO_1R.v:28]
INFO: [Synth 8-6155] done synthesizing module 'MVAU_hls_0_Matrix_Vector_Activate_Stream_Batch_p_ZL7threshs_84_ROM_AUTO_1R' (0#1) [/home/andreea/proiect_finn/output_ip_hardware_cu_argmax/stitched_ip/finn_vivado_stitch_proj.gen/sources_1/bd/finn_design/ipshared/df1f/hdl/verilog/MVAU_hls_0_Matrix_Vector_Activate_Stream_Batch_p_ZL7threshs_84_ROM_AUTO_1R.v:7]
INFO: [Synth 8-6157] synthesizing module 'MVAU_hls_0_Matrix_Vector_Activate_Stream_Batch_p_ZL7threshs_85_ROM_AUTO_1R' [/home/andreea/proiect_finn/output_ip_hardware_cu_argmax/stitched_ip/finn_vivado_stitch_proj.gen/sources_1/bd/finn_design/ipshared/df1f/hdl/verilog/MVAU_hls_0_Matrix_Vector_Activate_Stream_Batch_p_ZL7threshs_85_ROM_AUTO_1R.v:7]
INFO: [Synth 8-3876] $readmem data file '/tmp/finn_dev_andreea/code_gen_ipgen_MVAU_hls_0_162klhtr/project_MVAU_hls_0/sol1/impl/ip/hdl/verilog/MVAU_hls_0_Matrix_Vector_Activate_Stream_Batch_p_ZL7threshs_85_ROM_AUTO_1R.dat' is read successfully [/home/andreea/proiect_finn/output_ip_hardware_cu_argmax/stitched_ip/finn_vivado_stitch_proj.gen/sources_1/bd/finn_design/ipshared/df1f/hdl/verilog/MVAU_hls_0_Matrix_Vector_Activate_Stream_Batch_p_ZL7threshs_85_ROM_AUTO_1R.v:28]
INFO: [Synth 8-6155] done synthesizing module 'MVAU_hls_0_Matrix_Vector_Activate_Stream_Batch_p_ZL7threshs_85_ROM_AUTO_1R' (0#1) [/home/andreea/proiect_finn/output_ip_hardware_cu_argmax/stitched_ip/finn_vivado_stitch_proj.gen/sources_1/bd/finn_design/ipshared/df1f/hdl/verilog/MVAU_hls_0_Matrix_Vector_Activate_Stream_Batch_p_ZL7threshs_85_ROM_AUTO_1R.v:7]
INFO: [Synth 8-6157] synthesizing module 'MVAU_hls_0_Matrix_Vector_Activate_Stream_Batch_p_ZL7threshs_86_ROM_AUTO_1R' [/home/andreea/proiect_finn/output_ip_hardware_cu_argmax/stitched_ip/finn_vivado_stitch_proj.gen/sources_1/bd/finn_design/ipshared/df1f/hdl/verilog/MVAU_hls_0_Matrix_Vector_Activate_Stream_Batch_p_ZL7threshs_86_ROM_AUTO_1R.v:7]
INFO: [Synth 8-3876] $readmem data file '/tmp/finn_dev_andreea/code_gen_ipgen_MVAU_hls_0_162klhtr/project_MVAU_hls_0/sol1/impl/ip/hdl/verilog/MVAU_hls_0_Matrix_Vector_Activate_Stream_Batch_p_ZL7threshs_86_ROM_AUTO_1R.dat' is read successfully [/home/andreea/proiect_finn/output_ip_hardware_cu_argmax/stitched_ip/finn_vivado_stitch_proj.gen/sources_1/bd/finn_design/ipshared/df1f/hdl/verilog/MVAU_hls_0_Matrix_Vector_Activate_Stream_Batch_p_ZL7threshs_86_ROM_AUTO_1R.v:28]
INFO: [Synth 8-6155] done synthesizing module 'MVAU_hls_0_Matrix_Vector_Activate_Stream_Batch_p_ZL7threshs_86_ROM_AUTO_1R' (0#1) [/home/andreea/proiect_finn/output_ip_hardware_cu_argmax/stitched_ip/finn_vivado_stitch_proj.gen/sources_1/bd/finn_design/ipshared/df1f/hdl/verilog/MVAU_hls_0_Matrix_Vector_Activate_Stream_Batch_p_ZL7threshs_86_ROM_AUTO_1R.v:7]
INFO: [Synth 8-6157] synthesizing module 'MVAU_hls_0_Matrix_Vector_Activate_Stream_Batch_p_ZL7threshs_87_ROM_AUTO_1R' [/home/andreea/proiect_finn/output_ip_hardware_cu_argmax/stitched_ip/finn_vivado_stitch_proj.gen/sources_1/bd/finn_design/ipshared/df1f/hdl/verilog/MVAU_hls_0_Matrix_Vector_Activate_Stream_Batch_p_ZL7threshs_87_ROM_AUTO_1R.v:7]
INFO: [Synth 8-3876] $readmem data file '/tmp/finn_dev_andreea/code_gen_ipgen_MVAU_hls_0_162klhtr/project_MVAU_hls_0/sol1/impl/ip/hdl/verilog/MVAU_hls_0_Matrix_Vector_Activate_Stream_Batch_p_ZL7threshs_87_ROM_AUTO_1R.dat' is read successfully [/home/andreea/proiect_finn/output_ip_hardware_cu_argmax/stitched_ip/finn_vivado_stitch_proj.gen/sources_1/bd/finn_design/ipshared/df1f/hdl/verilog/MVAU_hls_0_Matrix_Vector_Activate_Stream_Batch_p_ZL7threshs_87_ROM_AUTO_1R.v:28]
INFO: [Synth 8-6155] done synthesizing module 'MVAU_hls_0_Matrix_Vector_Activate_Stream_Batch_p_ZL7threshs_87_ROM_AUTO_1R' (0#1) [/home/andreea/proiect_finn/output_ip_hardware_cu_argmax/stitched_ip/finn_vivado_stitch_proj.gen/sources_1/bd/finn_design/ipshared/df1f/hdl/verilog/MVAU_hls_0_Matrix_Vector_Activate_Stream_Batch_p_ZL7threshs_87_ROM_AUTO_1R.v:7]
INFO: [Synth 8-6157] synthesizing module 'MVAU_hls_0_Matrix_Vector_Activate_Stream_Batch_p_ZL7threshs_88_ROM_AUTO_1R' [/home/andreea/proiect_finn/output_ip_hardware_cu_argmax/stitched_ip/finn_vivado_stitch_proj.gen/sources_1/bd/finn_design/ipshared/df1f/hdl/verilog/MVAU_hls_0_Matrix_Vector_Activate_Stream_Batch_p_ZL7threshs_88_ROM_AUTO_1R.v:7]
INFO: [Synth 8-3876] $readmem data file '/tmp/finn_dev_andreea/code_gen_ipgen_MVAU_hls_0_162klhtr/project_MVAU_hls_0/sol1/impl/ip/hdl/verilog/MVAU_hls_0_Matrix_Vector_Activate_Stream_Batch_p_ZL7threshs_88_ROM_AUTO_1R.dat' is read successfully [/home/andreea/proiect_finn/output_ip_hardware_cu_argmax/stitched_ip/finn_vivado_stitch_proj.gen/sources_1/bd/finn_design/ipshared/df1f/hdl/verilog/MVAU_hls_0_Matrix_Vector_Activate_Stream_Batch_p_ZL7threshs_88_ROM_AUTO_1R.v:28]
INFO: [Synth 8-6155] done synthesizing module 'MVAU_hls_0_Matrix_Vector_Activate_Stream_Batch_p_ZL7threshs_88_ROM_AUTO_1R' (0#1) [/home/andreea/proiect_finn/output_ip_hardware_cu_argmax/stitched_ip/finn_vivado_stitch_proj.gen/sources_1/bd/finn_design/ipshared/df1f/hdl/verilog/MVAU_hls_0_Matrix_Vector_Activate_Stream_Batch_p_ZL7threshs_88_ROM_AUTO_1R.v:7]
INFO: [Synth 8-6157] synthesizing module 'MVAU_hls_0_Matrix_Vector_Activate_Stream_Batch_p_ZL7threshs_89_ROM_AUTO_1R' [/home/andreea/proiect_finn/output_ip_hardware_cu_argmax/stitched_ip/finn_vivado_stitch_proj.gen/sources_1/bd/finn_design/ipshared/df1f/hdl/verilog/MVAU_hls_0_Matrix_Vector_Activate_Stream_Batch_p_ZL7threshs_89_ROM_AUTO_1R.v:7]
INFO: [Synth 8-3876] $readmem data file '/tmp/finn_dev_andreea/code_gen_ipgen_MVAU_hls_0_162klhtr/project_MVAU_hls_0/sol1/impl/ip/hdl/verilog/MVAU_hls_0_Matrix_Vector_Activate_Stream_Batch_p_ZL7threshs_89_ROM_AUTO_1R.dat' is read successfully [/home/andreea/proiect_finn/output_ip_hardware_cu_argmax/stitched_ip/finn_vivado_stitch_proj.gen/sources_1/bd/finn_design/ipshared/df1f/hdl/verilog/MVAU_hls_0_Matrix_Vector_Activate_Stream_Batch_p_ZL7threshs_89_ROM_AUTO_1R.v:28]
INFO: [Synth 8-6155] done synthesizing module 'MVAU_hls_0_Matrix_Vector_Activate_Stream_Batch_p_ZL7threshs_89_ROM_AUTO_1R' (0#1) [/home/andreea/proiect_finn/output_ip_hardware_cu_argmax/stitched_ip/finn_vivado_stitch_proj.gen/sources_1/bd/finn_design/ipshared/df1f/hdl/verilog/MVAU_hls_0_Matrix_Vector_Activate_Stream_Batch_p_ZL7threshs_89_ROM_AUTO_1R.v:7]
INFO: [Synth 8-6157] synthesizing module 'MVAU_hls_0_Matrix_Vector_Activate_Stream_Batch_p_ZL7threshs_90_ROM_AUTO_1R' [/home/andreea/proiect_finn/output_ip_hardware_cu_argmax/stitched_ip/finn_vivado_stitch_proj.gen/sources_1/bd/finn_design/ipshared/df1f/hdl/verilog/MVAU_hls_0_Matrix_Vector_Activate_Stream_Batch_p_ZL7threshs_90_ROM_AUTO_1R.v:7]
INFO: [Synth 8-3876] $readmem data file '/tmp/finn_dev_andreea/code_gen_ipgen_MVAU_hls_0_162klhtr/project_MVAU_hls_0/sol1/impl/ip/hdl/verilog/MVAU_hls_0_Matrix_Vector_Activate_Stream_Batch_p_ZL7threshs_90_ROM_AUTO_1R.dat' is read successfully [/home/andreea/proiect_finn/output_ip_hardware_cu_argmax/stitched_ip/finn_vivado_stitch_proj.gen/sources_1/bd/finn_design/ipshared/df1f/hdl/verilog/MVAU_hls_0_Matrix_Vector_Activate_Stream_Batch_p_ZL7threshs_90_ROM_AUTO_1R.v:28]
INFO: [Synth 8-6155] done synthesizing module 'MVAU_hls_0_Matrix_Vector_Activate_Stream_Batch_p_ZL7threshs_90_ROM_AUTO_1R' (0#1) [/home/andreea/proiect_finn/output_ip_hardware_cu_argmax/stitched_ip/finn_vivado_stitch_proj.gen/sources_1/bd/finn_design/ipshared/df1f/hdl/verilog/MVAU_hls_0_Matrix_Vector_Activate_Stream_Batch_p_ZL7threshs_90_ROM_AUTO_1R.v:7]
INFO: [Synth 8-6157] synthesizing module 'MVAU_hls_0_Matrix_Vector_Activate_Stream_Batch_p_ZL7threshs_91_ROM_AUTO_1R' [/home/andreea/proiect_finn/output_ip_hardware_cu_argmax/stitched_ip/finn_vivado_stitch_proj.gen/sources_1/bd/finn_design/ipshared/df1f/hdl/verilog/MVAU_hls_0_Matrix_Vector_Activate_Stream_Batch_p_ZL7threshs_91_ROM_AUTO_1R.v:7]
INFO: [Synth 8-3876] $readmem data file '/tmp/finn_dev_andreea/code_gen_ipgen_MVAU_hls_0_162klhtr/project_MVAU_hls_0/sol1/impl/ip/hdl/verilog/MVAU_hls_0_Matrix_Vector_Activate_Stream_Batch_p_ZL7threshs_91_ROM_AUTO_1R.dat' is read successfully [/home/andreea/proiect_finn/output_ip_hardware_cu_argmax/stitched_ip/finn_vivado_stitch_proj.gen/sources_1/bd/finn_design/ipshared/df1f/hdl/verilog/MVAU_hls_0_Matrix_Vector_Activate_Stream_Batch_p_ZL7threshs_91_ROM_AUTO_1R.v:28]
INFO: [Synth 8-6155] done synthesizing module 'MVAU_hls_0_Matrix_Vector_Activate_Stream_Batch_p_ZL7threshs_91_ROM_AUTO_1R' (0#1) [/home/andreea/proiect_finn/output_ip_hardware_cu_argmax/stitched_ip/finn_vivado_stitch_proj.gen/sources_1/bd/finn_design/ipshared/df1f/hdl/verilog/MVAU_hls_0_Matrix_Vector_Activate_Stream_Batch_p_ZL7threshs_91_ROM_AUTO_1R.v:7]
INFO: [Synth 8-6157] synthesizing module 'MVAU_hls_0_Matrix_Vector_Activate_Stream_Batch_p_ZL7threshs_92_ROM_AUTO_1R' [/home/andreea/proiect_finn/output_ip_hardware_cu_argmax/stitched_ip/finn_vivado_stitch_proj.gen/sources_1/bd/finn_design/ipshared/df1f/hdl/verilog/MVAU_hls_0_Matrix_Vector_Activate_Stream_Batch_p_ZL7threshs_92_ROM_AUTO_1R.v:7]
INFO: [Synth 8-3876] $readmem data file '/tmp/finn_dev_andreea/code_gen_ipgen_MVAU_hls_0_162klhtr/project_MVAU_hls_0/sol1/impl/ip/hdl/verilog/MVAU_hls_0_Matrix_Vector_Activate_Stream_Batch_p_ZL7threshs_92_ROM_AUTO_1R.dat' is read successfully [/home/andreea/proiect_finn/output_ip_hardware_cu_argmax/stitched_ip/finn_vivado_stitch_proj.gen/sources_1/bd/finn_design/ipshared/df1f/hdl/verilog/MVAU_hls_0_Matrix_Vector_Activate_Stream_Batch_p_ZL7threshs_92_ROM_AUTO_1R.v:28]
INFO: [Synth 8-6155] done synthesizing module 'MVAU_hls_0_Matrix_Vector_Activate_Stream_Batch_p_ZL7threshs_92_ROM_AUTO_1R' (0#1) [/home/andreea/proiect_finn/output_ip_hardware_cu_argmax/stitched_ip/finn_vivado_stitch_proj.gen/sources_1/bd/finn_design/ipshared/df1f/hdl/verilog/MVAU_hls_0_Matrix_Vector_Activate_Stream_Batch_p_ZL7threshs_92_ROM_AUTO_1R.v:7]
INFO: [Synth 8-6157] synthesizing module 'MVAU_hls_0_Matrix_Vector_Activate_Stream_Batch_p_ZL7threshs_93_ROM_AUTO_1R' [/home/andreea/proiect_finn/output_ip_hardware_cu_argmax/stitched_ip/finn_vivado_stitch_proj.gen/sources_1/bd/finn_design/ipshared/df1f/hdl/verilog/MVAU_hls_0_Matrix_Vector_Activate_Stream_Batch_p_ZL7threshs_93_ROM_AUTO_1R.v:7]
INFO: [Synth 8-3876] $readmem data file '/tmp/finn_dev_andreea/code_gen_ipgen_MVAU_hls_0_162klhtr/project_MVAU_hls_0/sol1/impl/ip/hdl/verilog/MVAU_hls_0_Matrix_Vector_Activate_Stream_Batch_p_ZL7threshs_93_ROM_AUTO_1R.dat' is read successfully [/home/andreea/proiect_finn/output_ip_hardware_cu_argmax/stitched_ip/finn_vivado_stitch_proj.gen/sources_1/bd/finn_design/ipshared/df1f/hdl/verilog/MVAU_hls_0_Matrix_Vector_Activate_Stream_Batch_p_ZL7threshs_93_ROM_AUTO_1R.v:28]
INFO: [Synth 8-6155] done synthesizing module 'MVAU_hls_0_Matrix_Vector_Activate_Stream_Batch_p_ZL7threshs_93_ROM_AUTO_1R' (0#1) [/home/andreea/proiect_finn/output_ip_hardware_cu_argmax/stitched_ip/finn_vivado_stitch_proj.gen/sources_1/bd/finn_design/ipshared/df1f/hdl/verilog/MVAU_hls_0_Matrix_Vector_Activate_Stream_Batch_p_ZL7threshs_93_ROM_AUTO_1R.v:7]
INFO: [Synth 8-6157] synthesizing module 'MVAU_hls_0_Matrix_Vector_Activate_Stream_Batch_p_ZL7threshs_94_ROM_AUTO_1R' [/home/andreea/proiect_finn/output_ip_hardware_cu_argmax/stitched_ip/finn_vivado_stitch_proj.gen/sources_1/bd/finn_design/ipshared/df1f/hdl/verilog/MVAU_hls_0_Matrix_Vector_Activate_Stream_Batch_p_ZL7threshs_94_ROM_AUTO_1R.v:7]
INFO: [Synth 8-3876] $readmem data file '/tmp/finn_dev_andreea/code_gen_ipgen_MVAU_hls_0_162klhtr/project_MVAU_hls_0/sol1/impl/ip/hdl/verilog/MVAU_hls_0_Matrix_Vector_Activate_Stream_Batch_p_ZL7threshs_94_ROM_AUTO_1R.dat' is read successfully [/home/andreea/proiect_finn/output_ip_hardware_cu_argmax/stitched_ip/finn_vivado_stitch_proj.gen/sources_1/bd/finn_design/ipshared/df1f/hdl/verilog/MVAU_hls_0_Matrix_Vector_Activate_Stream_Batch_p_ZL7threshs_94_ROM_AUTO_1R.v:28]
INFO: [Synth 8-6155] done synthesizing module 'MVAU_hls_0_Matrix_Vector_Activate_Stream_Batch_p_ZL7threshs_94_ROM_AUTO_1R' (0#1) [/home/andreea/proiect_finn/output_ip_hardware_cu_argmax/stitched_ip/finn_vivado_stitch_proj.gen/sources_1/bd/finn_design/ipshared/df1f/hdl/verilog/MVAU_hls_0_Matrix_Vector_Activate_Stream_Batch_p_ZL7threshs_94_ROM_AUTO_1R.v:7]
INFO: [Synth 8-6157] synthesizing module 'MVAU_hls_0_Matrix_Vector_Activate_Stream_Batch_p_ZL7threshs_95_ROM_AUTO_1R' [/home/andreea/proiect_finn/output_ip_hardware_cu_argmax/stitched_ip/finn_vivado_stitch_proj.gen/sources_1/bd/finn_design/ipshared/df1f/hdl/verilog/MVAU_hls_0_Matrix_Vector_Activate_Stream_Batch_p_ZL7threshs_95_ROM_AUTO_1R.v:7]
INFO: [Synth 8-3876] $readmem data file '/tmp/finn_dev_andreea/code_gen_ipgen_MVAU_hls_0_162klhtr/project_MVAU_hls_0/sol1/impl/ip/hdl/verilog/MVAU_hls_0_Matrix_Vector_Activate_Stream_Batch_p_ZL7threshs_95_ROM_AUTO_1R.dat' is read successfully [/home/andreea/proiect_finn/output_ip_hardware_cu_argmax/stitched_ip/finn_vivado_stitch_proj.gen/sources_1/bd/finn_design/ipshared/df1f/hdl/verilog/MVAU_hls_0_Matrix_Vector_Activate_Stream_Batch_p_ZL7threshs_95_ROM_AUTO_1R.v:28]
INFO: [Synth 8-6155] done synthesizing module 'MVAU_hls_0_Matrix_Vector_Activate_Stream_Batch_p_ZL7threshs_95_ROM_AUTO_1R' (0#1) [/home/andreea/proiect_finn/output_ip_hardware_cu_argmax/stitched_ip/finn_vivado_stitch_proj.gen/sources_1/bd/finn_design/ipshared/df1f/hdl/verilog/MVAU_hls_0_Matrix_Vector_Activate_Stream_Batch_p_ZL7threshs_95_ROM_AUTO_1R.v:7]
INFO: [Synth 8-6157] synthesizing module 'MVAU_hls_0_Matrix_Vector_Activate_Stream_Batch_p_ZL7threshs_96_ROM_AUTO_1R' [/home/andreea/proiect_finn/output_ip_hardware_cu_argmax/stitched_ip/finn_vivado_stitch_proj.gen/sources_1/bd/finn_design/ipshared/df1f/hdl/verilog/MVAU_hls_0_Matrix_Vector_Activate_Stream_Batch_p_ZL7threshs_96_ROM_AUTO_1R.v:7]
INFO: [Common 17-14] Message 'Synth 8-6157' appears 100 times and further instances of the messages will be disabled. Use the Tcl command set_msg_config to change the current settings.
INFO: [Synth 8-3876] $readmem data file '/tmp/finn_dev_andreea/code_gen_ipgen_MVAU_hls_0_162klhtr/project_MVAU_hls_0/sol1/impl/ip/hdl/verilog/MVAU_hls_0_Matrix_Vector_Activate_Stream_Batch_p_ZL7threshs_96_ROM_AUTO_1R.dat' is read successfully [/home/andreea/proiect_finn/output_ip_hardware_cu_argmax/stitched_ip/finn_vivado_stitch_proj.gen/sources_1/bd/finn_design/ipshared/df1f/hdl/verilog/MVAU_hls_0_Matrix_Vector_Activate_Stream_Batch_p_ZL7threshs_96_ROM_AUTO_1R.v:28]
INFO: [Synth 8-6155] done synthesizing module 'MVAU_hls_0_Matrix_Vector_Activate_Stream_Batch_p_ZL7threshs_96_ROM_AUTO_1R' (0#1) [/home/andreea/proiect_finn/output_ip_hardware_cu_argmax/stitched_ip/finn_vivado_stitch_proj.gen/sources_1/bd/finn_design/ipshared/df1f/hdl/verilog/MVAU_hls_0_Matrix_Vector_Activate_Stream_Batch_p_ZL7threshs_96_ROM_AUTO_1R.v:7]
INFO: [Synth 8-3876] $readmem data file '/tmp/finn_dev_andreea/code_gen_ipgen_MVAU_hls_0_162klhtr/project_MVAU_hls_0/sol1/impl/ip/hdl/verilog/MVAU_hls_0_Matrix_Vector_Activate_Stream_Batch_p_ZL7threshs_97_ROM_AUTO_1R.dat' is read successfully [/home/andreea/proiect_finn/output_ip_hardware_cu_argmax/stitched_ip/finn_vivado_stitch_proj.gen/sources_1/bd/finn_design/ipshared/df1f/hdl/verilog/MVAU_hls_0_Matrix_Vector_Activate_Stream_Batch_p_ZL7threshs_97_ROM_AUTO_1R.v:28]
INFO: [Synth 8-6155] done synthesizing module 'MVAU_hls_0_Matrix_Vector_Activate_Stream_Batch_p_ZL7threshs_97_ROM_AUTO_1R' (0#1) [/home/andreea/proiect_finn/output_ip_hardware_cu_argmax/stitched_ip/finn_vivado_stitch_proj.gen/sources_1/bd/finn_design/ipshared/df1f/hdl/verilog/MVAU_hls_0_Matrix_Vector_Activate_Stream_Batch_p_ZL7threshs_97_ROM_AUTO_1R.v:7]
INFO: [Synth 8-3876] $readmem data file '/tmp/finn_dev_andreea/code_gen_ipgen_MVAU_hls_0_162klhtr/project_MVAU_hls_0/sol1/impl/ip/hdl/verilog/MVAU_hls_0_Matrix_Vector_Activate_Stream_Batch_p_ZL7threshs_98_ROM_AUTO_1R.dat' is read successfully [/home/andreea/proiect_finn/output_ip_hardware_cu_argmax/stitched_ip/finn_vivado_stitch_proj.gen/sources_1/bd/finn_design/ipshared/df1f/hdl/verilog/MVAU_hls_0_Matrix_Vector_Activate_Stream_Batch_p_ZL7threshs_98_ROM_AUTO_1R.v:28]
INFO: [Synth 8-6155] done synthesizing module 'MVAU_hls_0_Matrix_Vector_Activate_Stream_Batch_p_ZL7threshs_98_ROM_AUTO_1R' (0#1) [/home/andreea/proiect_finn/output_ip_hardware_cu_argmax/stitched_ip/finn_vivado_stitch_proj.gen/sources_1/bd/finn_design/ipshared/df1f/hdl/verilog/MVAU_hls_0_Matrix_Vector_Activate_Stream_Batch_p_ZL7threshs_98_ROM_AUTO_1R.v:7]
INFO: [Synth 8-3876] $readmem data file '/tmp/finn_dev_andreea/code_gen_ipgen_MVAU_hls_0_162klhtr/project_MVAU_hls_0/sol1/impl/ip/hdl/verilog/MVAU_hls_0_Matrix_Vector_Activate_Stream_Batch_p_ZL7threshs_99_ROM_AUTO_1R.dat' is read successfully [/home/andreea/proiect_finn/output_ip_hardware_cu_argmax/stitched_ip/finn_vivado_stitch_proj.gen/sources_1/bd/finn_design/ipshared/df1f/hdl/verilog/MVAU_hls_0_Matrix_Vector_Activate_Stream_Batch_p_ZL7threshs_99_ROM_AUTO_1R.v:28]
INFO: [Common 17-14] Message 'Synth 8-3876' appears 100 times and further instances of the messages will be disabled. Use the Tcl command set_msg_config to change the current settings.
INFO: [Synth 8-6155] done synthesizing module 'MVAU_hls_0_Matrix_Vector_Activate_Stream_Batch_p_ZL7threshs_99_ROM_AUTO_1R' (0#1) [/home/andreea/proiect_finn/output_ip_hardware_cu_argmax/stitched_ip/finn_vivado_stitch_proj.gen/sources_1/bd/finn_design/ipshared/df1f/hdl/verilog/MVAU_hls_0_Matrix_Vector_Activate_Stream_Batch_p_ZL7threshs_99_ROM_AUTO_1R.v:7]
INFO: [Common 17-14] Message 'Synth 8-6155' appears 100 times and further instances of the messages will be disabled. Use the Tcl command set_msg_config to change the current settings.
WARNING: [Synth 8-7129] Port rst in module MVAU_hls_0_mac_muladd_8s_8s_16s_17_4_1_DSP48_1 is either unconnected or has no load
WARNING: [Synth 8-7129] Port rst in module MVAU_hls_0_mac_muladd_8s_8s_18s_18_4_1_DSP48_0 is either unconnected or has no load
WARNING: [Synth 8-7129] Port reset in module MVAU_hls_0_Matrix_Vector_Activate_Stream_Batch_p_ZL7threshs_254_ROM_AUTO_1R is either unconnected or has no load
WARNING: [Synth 8-7129] Port reset in module MVAU_hls_0_Matrix_Vector_Activate_Stream_Batch_p_ZL7threshs_253_ROM_AUTO_1R is either unconnected or has no load
WARNING: [Synth 8-7129] Port reset in module MVAU_hls_0_Matrix_Vector_Activate_Stream_Batch_p_ZL7threshs_252_ROM_AUTO_1R is either unconnected or has no load
WARNING: [Synth 8-7129] Port reset in module MVAU_hls_0_Matrix_Vector_Activate_Stream_Batch_p_ZL7threshs_251_ROM_AUTO_1R is either unconnected or has no load
WARNING: [Synth 8-7129] Port reset in module MVAU_hls_0_Matrix_Vector_Activate_Stream_Batch_p_ZL7threshs_250_ROM_AUTO_1R is either unconnected or has no load
WARNING: [Synth 8-7129] Port reset in module MVAU_hls_0_Matrix_Vector_Activate_Stream_Batch_p_ZL7threshs_249_ROM_AUTO_1R is either unconnected or has no load
WARNING: [Synth 8-7129] Port reset in module MVAU_hls_0_Matrix_Vector_Activate_Stream_Batch_p_ZL7threshs_248_ROM_AUTO_1R is either unconnected or has no load
WARNING: [Synth 8-7129] Port reset in module MVAU_hls_0_Matrix_Vector_Activate_Stream_Batch_p_ZL7threshs_247_ROM_AUTO_1R is either unconnected or has no load
WARNING: [Synth 8-7129] Port reset in module MVAU_hls_0_Matrix_Vector_Activate_Stream_Batch_p_ZL7threshs_246_ROM_AUTO_1R is either unconnected or has no load
WARNING: [Synth 8-7129] Port reset in module MVAU_hls_0_Matrix_Vector_Activate_Stream_Batch_p_ZL7threshs_245_ROM_AUTO_1R is either unconnected or has no load
WARNING: [Synth 8-7129] Port reset in module MVAU_hls_0_Matrix_Vector_Activate_Stream_Batch_p_ZL7threshs_244_ROM_AUTO_1R is either unconnected or has no load
WARNING: [Synth 8-7129] Port reset in module MVAU_hls_0_Matrix_Vector_Activate_Stream_Batch_p_ZL7threshs_243_ROM_AUTO_1R is either unconnected or has no load
WARNING: [Synth 8-7129] Port reset in module MVAU_hls_0_Matrix_Vector_Activate_Stream_Batch_p_ZL7threshs_242_ROM_AUTO_1R is either unconnected or has no load
WARNING: [Synth 8-7129] Port reset in module MVAU_hls_0_Matrix_Vector_Activate_Stream_Batch_p_ZL7threshs_241_ROM_AUTO_1R is either unconnected or has no load
WARNING: [Synth 8-7129] Port reset in module MVAU_hls_0_Matrix_Vector_Activate_Stream_Batch_p_ZL7threshs_240_ROM_AUTO_1R is either unconnected or has no load
WARNING: [Synth 8-7129] Port reset in module MVAU_hls_0_Matrix_Vector_Activate_Stream_Batch_p_ZL7threshs_239_ROM_AUTO_1R is either unconnected or has no load
WARNING: [Synth 8-7129] Port reset in module MVAU_hls_0_Matrix_Vector_Activate_Stream_Batch_p_ZL7threshs_238_ROM_AUTO_1R is either unconnected or has no load
WARNING: [Synth 8-7129] Port reset in module MVAU_hls_0_Matrix_Vector_Activate_Stream_Batch_p_ZL7threshs_237_ROM_AUTO_1R is either unconnected or has no load
WARNING: [Synth 8-7129] Port reset in module MVAU_hls_0_Matrix_Vector_Activate_Stream_Batch_p_ZL7threshs_236_ROM_AUTO_1R is either unconnected or has no load
WARNING: [Synth 8-7129] Port reset in module MVAU_hls_0_Matrix_Vector_Activate_Stream_Batch_p_ZL7threshs_235_ROM_AUTO_1R is either unconnected or has no load
WARNING: [Synth 8-7129] Port reset in module MVAU_hls_0_Matrix_Vector_Activate_Stream_Batch_p_ZL7threshs_234_ROM_AUTO_1R is either unconnected or has no load
WARNING: [Synth 8-7129] Port reset in module MVAU_hls_0_Matrix_Vector_Activate_Stream_Batch_p_ZL7threshs_233_ROM_AUTO_1R is either unconnected or has no load
WARNING: [Synth 8-7129] Port reset in module MVAU_hls_0_Matrix_Vector_Activate_Stream_Batch_p_ZL7threshs_232_ROM_AUTO_1R is either unconnected or has no load
WARNING: [Synth 8-7129] Port reset in module MVAU_hls_0_Matrix_Vector_Activate_Stream_Batch_p_ZL7threshs_231_ROM_AUTO_1R is either unconnected or has no load
WARNING: [Synth 8-7129] Port reset in module MVAU_hls_0_Matrix_Vector_Activate_Stream_Batch_p_ZL7threshs_230_ROM_AUTO_1R is either unconnected or has no load
WARNING: [Synth 8-7129] Port reset in module MVAU_hls_0_Matrix_Vector_Activate_Stream_Batch_p_ZL7threshs_229_ROM_AUTO_1R is either unconnected or has no load
WARNING: [Synth 8-7129] Port reset in module MVAU_hls_0_Matrix_Vector_Activate_Stream_Batch_p_ZL7threshs_228_ROM_AUTO_1R is either unconnected or has no load
WARNING: [Synth 8-7129] Port reset in module MVAU_hls_0_Matrix_Vector_Activate_Stream_Batch_p_ZL7threshs_227_ROM_AUTO_1R is either unconnected or has no load
WARNING: [Synth 8-7129] Port reset in module MVAU_hls_0_Matrix_Vector_Activate_Stream_Batch_p_ZL7threshs_226_ROM_AUTO_1R is either unconnected or has no load
WARNING: [Synth 8-7129] Port reset in module MVAU_hls_0_Matrix_Vector_Activate_Stream_Batch_p_ZL7threshs_225_ROM_AUTO_1R is either unconnected or has no load
WARNING: [Synth 8-7129] Port reset in module MVAU_hls_0_Matrix_Vector_Activate_Stream_Batch_p_ZL7threshs_224_ROM_AUTO_1R is either unconnected or has no load
WARNING: [Synth 8-7129] Port reset in module MVAU_hls_0_Matrix_Vector_Activate_Stream_Batch_p_ZL7threshs_223_ROM_AUTO_1R is either unconnected or has no load
WARNING: [Synth 8-7129] Port reset in module MVAU_hls_0_Matrix_Vector_Activate_Stream_Batch_p_ZL7threshs_222_ROM_AUTO_1R is either unconnected or has no load
WARNING: [Synth 8-7129] Port reset in module MVAU_hls_0_Matrix_Vector_Activate_Stream_Batch_p_ZL7threshs_221_ROM_AUTO_1R is either unconnected or has no load
WARNING: [Synth 8-7129] Port reset in module MVAU_hls_0_Matrix_Vector_Activate_Stream_Batch_p_ZL7threshs_220_ROM_AUTO_1R is either unconnected or has no load
WARNING: [Synth 8-7129] Port reset in module MVAU_hls_0_Matrix_Vector_Activate_Stream_Batch_p_ZL7threshs_219_ROM_AUTO_1R is either unconnected or has no load
WARNING: [Synth 8-7129] Port reset in module MVAU_hls_0_Matrix_Vector_Activate_Stream_Batch_p_ZL7threshs_218_ROM_AUTO_1R is either unconnected or has no load
WARNING: [Synth 8-7129] Port reset in module MVAU_hls_0_Matrix_Vector_Activate_Stream_Batch_p_ZL7threshs_217_ROM_AUTO_1R is either unconnected or has no load
WARNING: [Synth 8-7129] Port reset in module MVAU_hls_0_Matrix_Vector_Activate_Stream_Batch_p_ZL7threshs_216_ROM_AUTO_1R is either unconnected or has no load
WARNING: [Synth 8-7129] Port reset in module MVAU_hls_0_Matrix_Vector_Activate_Stream_Batch_p_ZL7threshs_215_ROM_AUTO_1R is either unconnected or has no load
WARNING: [Synth 8-7129] Port reset in module MVAU_hls_0_Matrix_Vector_Activate_Stream_Batch_p_ZL7threshs_214_ROM_AUTO_1R is either unconnected or has no load
WARNING: [Synth 8-7129] Port reset in module MVAU_hls_0_Matrix_Vector_Activate_Stream_Batch_p_ZL7threshs_213_ROM_AUTO_1R is either unconnected or has no load
WARNING: [Synth 8-7129] Port reset in module MVAU_hls_0_Matrix_Vector_Activate_Stream_Batch_p_ZL7threshs_212_ROM_AUTO_1R is either unconnected or has no load
WARNING: [Synth 8-7129] Port reset in module MVAU_hls_0_Matrix_Vector_Activate_Stream_Batch_p_ZL7threshs_211_ROM_AUTO_1R is either unconnected or has no load
WARNING: [Synth 8-7129] Port reset in module MVAU_hls_0_Matrix_Vector_Activate_Stream_Batch_p_ZL7threshs_210_ROM_AUTO_1R is either unconnected or has no load
WARNING: [Synth 8-7129] Port reset in module MVAU_hls_0_Matrix_Vector_Activate_Stream_Batch_p_ZL7threshs_209_ROM_AUTO_1R is either unconnected or has no load
WARNING: [Synth 8-7129] Port reset in module MVAU_hls_0_Matrix_Vector_Activate_Stream_Batch_p_ZL7threshs_208_ROM_AUTO_1R is either unconnected or has no load
WARNING: [Synth 8-7129] Port reset in module MVAU_hls_0_Matrix_Vector_Activate_Stream_Batch_p_ZL7threshs_207_ROM_AUTO_1R is either unconnected or has no load
WARNING: [Synth 8-7129] Port reset in module MVAU_hls_0_Matrix_Vector_Activate_Stream_Batch_p_ZL7threshs_206_ROM_AUTO_1R is either unconnected or has no load
WARNING: [Synth 8-7129] Port reset in module MVAU_hls_0_Matrix_Vector_Activate_Stream_Batch_p_ZL7threshs_205_ROM_AUTO_1R is either unconnected or has no load
WARNING: [Synth 8-7129] Port reset in module MVAU_hls_0_Matrix_Vector_Activate_Stream_Batch_p_ZL7threshs_204_ROM_AUTO_1R is either unconnected or has no load
WARNING: [Synth 8-7129] Port reset in module MVAU_hls_0_Matrix_Vector_Activate_Stream_Batch_p_ZL7threshs_203_ROM_AUTO_1R is either unconnected or has no load
WARNING: [Synth 8-7129] Port reset in module MVAU_hls_0_Matrix_Vector_Activate_Stream_Batch_p_ZL7threshs_202_ROM_AUTO_1R is either unconnected or has no load
WARNING: [Synth 8-7129] Port reset in module MVAU_hls_0_Matrix_Vector_Activate_Stream_Batch_p_ZL7threshs_201_ROM_AUTO_1R is either unconnected or has no load
WARNING: [Synth 8-7129] Port reset in module MVAU_hls_0_Matrix_Vector_Activate_Stream_Batch_p_ZL7threshs_200_ROM_AUTO_1R is either unconnected or has no load
WARNING: [Synth 8-7129] Port reset in module MVAU_hls_0_Matrix_Vector_Activate_Stream_Batch_p_ZL7threshs_199_ROM_AUTO_1R is either unconnected or has no load
WARNING: [Synth 8-7129] Port reset in module MVAU_hls_0_Matrix_Vector_Activate_Stream_Batch_p_ZL7threshs_198_ROM_AUTO_1R is either unconnected or has no load
WARNING: [Synth 8-7129] Port reset in module MVAU_hls_0_Matrix_Vector_Activate_Stream_Batch_p_ZL7threshs_197_ROM_AUTO_1R is either unconnected or has no load
WARNING: [Synth 8-7129] Port reset in module MVAU_hls_0_Matrix_Vector_Activate_Stream_Batch_p_ZL7threshs_196_ROM_AUTO_1R is either unconnected or has no load
WARNING: [Synth 8-7129] Port reset in module MVAU_hls_0_Matrix_Vector_Activate_Stream_Batch_p_ZL7threshs_195_ROM_AUTO_1R is either unconnected or has no load
WARNING: [Synth 8-7129] Port reset in module MVAU_hls_0_Matrix_Vector_Activate_Stream_Batch_p_ZL7threshs_194_ROM_AUTO_1R is either unconnected or has no load
WARNING: [Synth 8-7129] Port reset in module MVAU_hls_0_Matrix_Vector_Activate_Stream_Batch_p_ZL7threshs_193_ROM_AUTO_1R is either unconnected or has no load
WARNING: [Synth 8-7129] Port reset in module MVAU_hls_0_Matrix_Vector_Activate_Stream_Batch_p_ZL7threshs_192_ROM_AUTO_1R is either unconnected or has no load
WARNING: [Synth 8-7129] Port reset in module MVAU_hls_0_Matrix_Vector_Activate_Stream_Batch_p_ZL7threshs_191_ROM_AUTO_1R is either unconnected or has no load
WARNING: [Synth 8-7129] Port reset in module MVAU_hls_0_Matrix_Vector_Activate_Stream_Batch_p_ZL7threshs_190_ROM_AUTO_1R is either unconnected or has no load
WARNING: [Synth 8-7129] Port reset in module MVAU_hls_0_Matrix_Vector_Activate_Stream_Batch_p_ZL7threshs_189_ROM_AUTO_1R is either unconnected or has no load
WARNING: [Synth 8-7129] Port reset in module MVAU_hls_0_Matrix_Vector_Activate_Stream_Batch_p_ZL7threshs_188_ROM_AUTO_1R is either unconnected or has no load
WARNING: [Synth 8-7129] Port reset in module MVAU_hls_0_Matrix_Vector_Activate_Stream_Batch_p_ZL7threshs_187_ROM_AUTO_1R is either unconnected or has no load
WARNING: [Synth 8-7129] Port reset in module MVAU_hls_0_Matrix_Vector_Activate_Stream_Batch_p_ZL7threshs_186_ROM_AUTO_1R is either unconnected or has no load
WARNING: [Synth 8-7129] Port reset in module MVAU_hls_0_Matrix_Vector_Activate_Stream_Batch_p_ZL7threshs_185_ROM_AUTO_1R is either unconnected or has no load
WARNING: [Synth 8-7129] Port reset in module MVAU_hls_0_Matrix_Vector_Activate_Stream_Batch_p_ZL7threshs_184_ROM_AUTO_1R is either unconnected or has no load
WARNING: [Synth 8-7129] Port reset in module MVAU_hls_0_Matrix_Vector_Activate_Stream_Batch_p_ZL7threshs_183_ROM_AUTO_1R is either unconnected or has no load
WARNING: [Synth 8-7129] Port reset in module MVAU_hls_0_Matrix_Vector_Activate_Stream_Batch_p_ZL7threshs_182_ROM_AUTO_1R is either unconnected or has no load
WARNING: [Synth 8-7129] Port reset in module MVAU_hls_0_Matrix_Vector_Activate_Stream_Batch_p_ZL7threshs_181_ROM_AUTO_1R is either unconnected or has no load
WARNING: [Synth 8-7129] Port reset in module MVAU_hls_0_Matrix_Vector_Activate_Stream_Batch_p_ZL7threshs_180_ROM_AUTO_1R is either unconnected or has no load
WARNING: [Synth 8-7129] Port reset in module MVAU_hls_0_Matrix_Vector_Activate_Stream_Batch_p_ZL7threshs_179_ROM_AUTO_1R is either unconnected or has no load
WARNING: [Synth 8-7129] Port reset in module MVAU_hls_0_Matrix_Vector_Activate_Stream_Batch_p_ZL7threshs_178_ROM_AUTO_1R is either unconnected or has no load
WARNING: [Synth 8-7129] Port reset in module MVAU_hls_0_Matrix_Vector_Activate_Stream_Batch_p_ZL7threshs_177_ROM_AUTO_1R is either unconnected or has no load
WARNING: [Synth 8-7129] Port reset in module MVAU_hls_0_Matrix_Vector_Activate_Stream_Batch_p_ZL7threshs_176_ROM_AUTO_1R is either unconnected or has no load
WARNING: [Synth 8-7129] Port reset in module MVAU_hls_0_Matrix_Vector_Activate_Stream_Batch_p_ZL7threshs_175_ROM_AUTO_1R is either unconnected or has no load
WARNING: [Synth 8-7129] Port reset in module MVAU_hls_0_Matrix_Vector_Activate_Stream_Batch_p_ZL7threshs_174_ROM_AUTO_1R is either unconnected or has no load
WARNING: [Synth 8-7129] Port reset in module MVAU_hls_0_Matrix_Vector_Activate_Stream_Batch_p_ZL7threshs_173_ROM_AUTO_1R is either unconnected or has no load
WARNING: [Synth 8-7129] Port reset in module MVAU_hls_0_Matrix_Vector_Activate_Stream_Batch_p_ZL7threshs_172_ROM_AUTO_1R is either unconnected or has no load
WARNING: [Synth 8-7129] Port reset in module MVAU_hls_0_Matrix_Vector_Activate_Stream_Batch_p_ZL7threshs_171_ROM_AUTO_1R is either unconnected or has no load
WARNING: [Synth 8-7129] Port reset in module MVAU_hls_0_Matrix_Vector_Activate_Stream_Batch_p_ZL7threshs_170_ROM_AUTO_1R is either unconnected or has no load
WARNING: [Synth 8-7129] Port reset in module MVAU_hls_0_Matrix_Vector_Activate_Stream_Batch_p_ZL7threshs_169_ROM_AUTO_1R is either unconnected or has no load
WARNING: [Synth 8-7129] Port reset in module MVAU_hls_0_Matrix_Vector_Activate_Stream_Batch_p_ZL7threshs_168_ROM_AUTO_1R is either unconnected or has no load
WARNING: [Synth 8-7129] Port reset in module MVAU_hls_0_Matrix_Vector_Activate_Stream_Batch_p_ZL7threshs_167_ROM_AUTO_1R is either unconnected or has no load
WARNING: [Synth 8-7129] Port reset in module MVAU_hls_0_Matrix_Vector_Activate_Stream_Batch_p_ZL7threshs_166_ROM_AUTO_1R is either unconnected or has no load
WARNING: [Synth 8-7129] Port reset in module MVAU_hls_0_Matrix_Vector_Activate_Stream_Batch_p_ZL7threshs_165_ROM_AUTO_1R is either unconnected or has no load
WARNING: [Synth 8-7129] Port reset in module MVAU_hls_0_Matrix_Vector_Activate_Stream_Batch_p_ZL7threshs_164_ROM_AUTO_1R is either unconnected or has no load
WARNING: [Synth 8-7129] Port reset in module MVAU_hls_0_Matrix_Vector_Activate_Stream_Batch_p_ZL7threshs_163_ROM_AUTO_1R is either unconnected or has no load
WARNING: [Synth 8-7129] Port reset in module MVAU_hls_0_Matrix_Vector_Activate_Stream_Batch_p_ZL7threshs_162_ROM_AUTO_1R is either unconnected or has no load
WARNING: [Synth 8-7129] Port reset in module MVAU_hls_0_Matrix_Vector_Activate_Stream_Batch_p_ZL7threshs_161_ROM_AUTO_1R is either unconnected or has no load
WARNING: [Synth 8-7129] Port reset in module MVAU_hls_0_Matrix_Vector_Activate_Stream_Batch_p_ZL7threshs_160_ROM_AUTO_1R is either unconnected or has no load
WARNING: [Synth 8-7129] Port reset in module MVAU_hls_0_Matrix_Vector_Activate_Stream_Batch_p_ZL7threshs_159_ROM_AUTO_1R is either unconnected or has no load
WARNING: [Synth 8-7129] Port reset in module MVAU_hls_0_Matrix_Vector_Activate_Stream_Batch_p_ZL7threshs_158_ROM_AUTO_1R is either unconnected or has no load
WARNING: [Synth 8-7129] Port reset in module MVAU_hls_0_Matrix_Vector_Activate_Stream_Batch_p_ZL7threshs_157_ROM_AUTO_1R is either unconnected or has no load
INFO: [Common 17-14] Message 'Synth 8-7129' appears 100 times and further instances of the messages will be disabled. Use the Tcl command set_msg_config to change the current settings.
---------------------------------------------------------------------------------
Finished RTL Elaboration : Time (s): cpu = 00:00:07 ; elapsed = 00:00:08 . Memory (MB): peak = 2118.426 ; gain = 484.645 ; free physical = 544 ; free virtual = 3070
Synthesis current peak Physical Memory [PSS] (MB): peak = 1261.879; parent = 1123.148; children = 138.730
Synthesis current peak Virtual Memory [VSS] (MB): peak = 3070.918; parent = 2118.426; children = 952.492
---------------------------------------------------------------------------------
---------------------------------------------------------------------------------
Start Handling Custom Attributes
---------------------------------------------------------------------------------
---------------------------------------------------------------------------------
Finished Handling Custom Attributes : Time (s): cpu = 00:00:07 ; elapsed = 00:00:08 . Memory (MB): peak = 2136.238 ; gain = 502.457 ; free physical = 573 ; free virtual = 3105
Synthesis current peak Physical Memory [PSS] (MB): peak = 1261.879; parent = 1123.148; children = 138.730
Synthesis current peak Virtual Memory [VSS] (MB): peak = 3088.730; parent = 2136.238; children = 952.492
---------------------------------------------------------------------------------
---------------------------------------------------------------------------------
Finished RTL Optimization Phase 1 : Time (s): cpu = 00:00:07 ; elapsed = 00:00:08 . Memory (MB): peak = 2136.238 ; gain = 502.457 ; free physical = 575 ; free virtual = 3107
Synthesis current peak Physical Memory [PSS] (MB): peak = 1261.879; parent = 1123.148; children = 138.730
Synthesis current peak Virtual Memory [VSS] (MB): peak = 3088.730; parent = 2136.238; children = 952.492
---------------------------------------------------------------------------------
Netlist sorting complete. Time (s): cpu = 00:00:00.04 ; elapsed = 00:00:00.05 . Memory (MB): peak = 2136.238 ; gain = 0.000 ; free physical = 649 ; free virtual = 3186
INFO: [Project 1-570] Preparing netlist for logic optimization

Processing XDC Constraints
Initializing timing engine
Parsing XDC File [/home/andreea/proiect_finn/output_ip_hardware_cu_argmax/stitched_ip/finn_vivado_stitch_proj.gen/sources_1/bd/finn_design/ip/finn_design_MVAU_hls_0_0/constraints/MVAU_hls_0_ooc.xdc] for cell 'inst'
Finished Parsing XDC File [/home/andreea/proiect_finn/output_ip_hardware_cu_argmax/stitched_ip/finn_vivado_stitch_proj.gen/sources_1/bd/finn_design/ip/finn_design_MVAU_hls_0_0/constraints/MVAU_hls_0_ooc.xdc] for cell 'inst'
Parsing XDC File [/home/andreea/proiect_finn/output_ip_hardware_cu_argmax/stitched_ip/finn_vivado_stitch_proj.runs/finn_design_MVAU_hls_0_0_synth_1/dont_touch.xdc]
Finished Parsing XDC File [/home/andreea/proiect_finn/output_ip_hardware_cu_argmax/stitched_ip/finn_vivado_stitch_proj.runs/finn_design_MVAU_hls_0_0_synth_1/dont_touch.xdc]
Completed Processing XDC Constraints

Netlist sorting complete. Time (s): cpu = 00:00:00 ; elapsed = 00:00:00 . Memory (MB): peak = 2289.988 ; gain = 0.000 ; free physical = 404 ; free virtual = 2943
INFO: [Project 1-111] Unisim Transformation Summary:
No Unisim elements were transformed.

Constraint Validation Runtime : Time (s): cpu = 00:00:00.16 ; elapsed = 00:00:00.07 . Memory (MB): peak = 2289.988 ; gain = 0.000 ; free physical = 403 ; free virtual = 2942
INFO: [Designutils 20-5008] Incremental synthesis strategy off
INFO: [Synth 8-11241] undeclared symbol 'REGCCE', assumed default net type 'wire' [/tools/Xilinx/Vivado/2022.2/data/verilog/src/unimacro/BRAM_SINGLE_MACRO.v:2170]
---------------------------------------------------------------------------------
Finished Constraint Validation : Time (s): cpu = 00:00:13 ; elapsed = 00:00:15 . Memory (MB): peak = 2289.988 ; gain = 656.207 ; free physical = 494 ; free virtual = 3063
Synthesis current peak Physical Memory [PSS] (MB): peak = 1261.879; parent = 1123.148; children = 138.730
Synthesis current peak Virtual Memory [VSS] (MB): peak = 3210.465; parent = 2257.973; children = 952.492
---------------------------------------------------------------------------------
---------------------------------------------------------------------------------
Start Loading Part and Timing Information
---------------------------------------------------------------------------------
Loading part: xc7z020clg400-1
---------------------------------------------------------------------------------
Finished Loading Part and Timing Information : Time (s): cpu = 00:00:13 ; elapsed = 00:00:15 . Memory (MB): peak = 2289.988 ; gain = 656.207 ; free physical = 492 ; free virtual = 3061
Synthesis current peak Physical Memory [PSS] (MB): peak = 1261.879; parent = 1123.148; children = 138.730
Synthesis current peak Virtual Memory [VSS] (MB): peak = 3210.465; parent = 2257.973; children = 952.492
---------------------------------------------------------------------------------
---------------------------------------------------------------------------------
Start Applying 'set_property' XDC Constraints
---------------------------------------------------------------------------------
Applied set_property KEEP_HIERARCHY = SOFT for inst. (constraint file  /home/andreea/proiect_finn/output_ip_hardware_cu_argmax/stitched_ip/finn_vivado_stitch_proj.runs/finn_design_MVAU_hls_0_0_synth_1/dont_touch.xdc, line 9).
---------------------------------------------------------------------------------
Finished applying 'set_property' XDC Constraints : Time (s): cpu = 00:00:14 ; elapsed = 00:00:15 . Memory (MB): peak = 2289.988 ; gain = 656.207 ; free physical = 489 ; free virtual = 3058
Synthesis current peak Physical Memory [PSS] (MB): peak = 1261.879; parent = 1123.148; children = 138.730
Synthesis current peak Virtual Memory [VSS] (MB): peak = 3210.465; parent = 2257.973; children = 952.492
---------------------------------------------------------------------------------
WARNING: [Synth 8-3936] Found unconnected internal register 'nf_2_reg_12351_pp0_iter2_reg_reg' and it is trimmed from '32' to '4' bits. [/home/andreea/proiect_finn/output_ip_hardware_cu_argmax/stitched_ip/finn_vivado_stitch_proj.gen/sources_1/bd/finn_design/ipshared/df1f/hdl/verilog/MVAU_hls_0_Matrix_Vector_Activate_Stream_Batch.v:6282]
WARNING: [Synth 8-3936] Found unconnected internal register 'nf_2_reg_12351_pp0_iter1_reg_reg' and it is trimmed from '32' to '4' bits. [/home/andreea/proiect_finn/output_ip_hardware_cu_argmax/stitched_ip/finn_vivado_stitch_proj.gen/sources_1/bd/finn_design/ipshared/df1f/hdl/verilog/MVAU_hls_0_Matrix_Vector_Activate_Stream_Batch.v:6271]
WARNING: [Synth 8-3936] Found unconnected internal register 'nf_2_reg_12351_reg' and it is trimmed from '32' to '4' bits. [/home/andreea/proiect_finn/output_ip_hardware_cu_argmax/stitched_ip/finn_vivado_stitch_proj.gen/sources_1/bd/finn_design/ipshared/df1f/hdl/verilog/MVAU_hls_0_Matrix_Vector_Activate_Stream_Batch.v:6260]
INFO: [Synth 8-802] inferred FSM for state register 'ap_CS_iter1_fsm_reg' in module 'MVAU_hls_0_Matrix_Vector_Activate_Stream_Batch'
INFO: [Synth 8-802] inferred FSM for state register 'ap_CS_iter2_fsm_reg' in module 'MVAU_hls_0_Matrix_Vector_Activate_Stream_Batch'
INFO: [Synth 8-802] inferred FSM for state register 'ap_CS_iter3_fsm_reg' in module 'MVAU_hls_0_Matrix_Vector_Activate_Stream_Batch'
INFO: [Synth 8-802] inferred FSM for state register 'ap_CS_iter4_fsm_reg' in module 'MVAU_hls_0_Matrix_Vector_Activate_Stream_Batch'
INFO: [Synth 8-802] inferred FSM for state register 'ap_CS_iter5_fsm_reg' in module 'MVAU_hls_0_Matrix_Vector_Activate_Stream_Batch'
INFO: [Synth 8-802] inferred FSM for state register 'ap_CS_iter6_fsm_reg' in module 'MVAU_hls_0_Matrix_Vector_Activate_Stream_Batch'
INFO: [Synth 8-802] inferred FSM for state register 'ap_CS_iter7_fsm_reg' in module 'MVAU_hls_0_Matrix_Vector_Activate_Stream_Batch'
INFO: [Synth 8-802] inferred FSM for state register 'ap_CS_iter8_fsm_reg' in module 'MVAU_hls_0_Matrix_Vector_Activate_Stream_Batch'
INFO: [Synth 8-4490] FSM extraction disabled for register 'ap_CS_fsm_reg' through user attribute
---------------------------------------------------------------------------------------------------
                   State |                     New Encoding |                Previous Encoding 
---------------------------------------------------------------------------------------------------
*
  ap_ST_iter1_fsm_state0 |                               01 |                               01
  ap_ST_iter1_fsm_state2 |                               10 |                               10
---------------------------------------------------------------------------------------------------
INFO: [Synth 8-3898] No Re-encoding of one hot register 'ap_CS_iter1_fsm_reg' in module 'MVAU_hls_0_Matrix_Vector_Activate_Stream_Batch'
---------------------------------------------------------------------------------------------------
                   State |                     New Encoding |                Previous Encoding 
---------------------------------------------------------------------------------------------------
*
  ap_ST_iter2_fsm_state0 |                               01 |                               01
  ap_ST_iter2_fsm_state3 |                               10 |                               10
---------------------------------------------------------------------------------------------------
INFO: [Synth 8-3898] No Re-encoding of one hot register 'ap_CS_iter2_fsm_reg' in module 'MVAU_hls_0_Matrix_Vector_Activate_Stream_Batch'
---------------------------------------------------------------------------------------------------
                   State |                     New Encoding |                Previous Encoding 
---------------------------------------------------------------------------------------------------
*
  ap_ST_iter3_fsm_state0 |                               01 |                               01
  ap_ST_iter3_fsm_state4 |                               10 |                               10
---------------------------------------------------------------------------------------------------
INFO: [Synth 8-3898] No Re-encoding of one hot register 'ap_CS_iter3_fsm_reg' in module 'MVAU_hls_0_Matrix_Vector_Activate_Stream_Batch'
---------------------------------------------------------------------------------------------------
                   State |                     New Encoding |                Previous Encoding 
---------------------------------------------------------------------------------------------------
*
  ap_ST_iter4_fsm_state0 |                               01 |                               01
  ap_ST_iter4_fsm_state5 |                               10 |                               10
---------------------------------------------------------------------------------------------------
INFO: [Synth 8-3898] No Re-encoding of one hot register 'ap_CS_iter4_fsm_reg' in module 'MVAU_hls_0_Matrix_Vector_Activate_Stream_Batch'
---------------------------------------------------------------------------------------------------
                   State |                     New Encoding |                Previous Encoding 
---------------------------------------------------------------------------------------------------
*
  ap_ST_iter5_fsm_state0 |                               01 |                               01
  ap_ST_iter5_fsm_state6 |                               10 |                               10
---------------------------------------------------------------------------------------------------
INFO: [Synth 8-3898] No Re-encoding of one hot register 'ap_CS_iter5_fsm_reg' in module 'MVAU_hls_0_Matrix_Vector_Activate_Stream_Batch'
---------------------------------------------------------------------------------------------------
                   State |                     New Encoding |                Previous Encoding 
---------------------------------------------------------------------------------------------------
*
  ap_ST_iter8_fsm_state0 |                               01 |                               01
  ap_ST_iter8_fsm_state9 |                               10 |                               10
---------------------------------------------------------------------------------------------------
INFO: [Synth 8-3898] No Re-encoding of one hot register 'ap_CS_iter8_fsm_reg' in module 'MVAU_hls_0_Matrix_Vector_Activate_Stream_Batch'
---------------------------------------------------------------------------------------------------
                   State |                     New Encoding |                Previous Encoding 
---------------------------------------------------------------------------------------------------
*
  ap_ST_iter6_fsm_state0 |                               01 |                               01
  ap_ST_iter6_fsm_state7 |                               10 |                               10
---------------------------------------------------------------------------------------------------
INFO: [Synth 8-3898] No Re-encoding of one hot register 'ap_CS_iter6_fsm_reg' in module 'MVAU_hls_0_Matrix_Vector_Activate_Stream_Batch'
---------------------------------------------------------------------------------------------------
                   State |                     New Encoding |                Previous Encoding 
---------------------------------------------------------------------------------------------------
*
  ap_ST_iter7_fsm_state0 |                               01 |                               01
  ap_ST_iter7_fsm_state8 |                               10 |                               10
---------------------------------------------------------------------------------------------------
INFO: [Synth 8-3898] No Re-encoding of one hot register 'ap_CS_iter7_fsm_reg' in module 'MVAU_hls_0_Matrix_Vector_Activate_Stream_Batch'
---------------------------------------------------------------------------------
Finished RTL Optimization Phase 2 : Time (s): cpu = 00:00:15 ; elapsed = 00:00:17 . Memory (MB): peak = 2289.988 ; gain = 656.207 ; free physical = 328 ; free virtual = 2899
Synthesis current peak Physical Memory [PSS] (MB): peak = 1261.879; parent = 1123.148; children = 138.730
Synthesis current peak Virtual Memory [VSS] (MB): peak = 3210.465; parent = 2257.973; children = 952.492
---------------------------------------------------------------------------------
---------------------------------------------------------------------------------
Start RTL Component Statistics 
---------------------------------------------------------------------------------
Detailed RTL Component Info : 
+---Adders : 
	   2 Input   32 Bit       Adders := 2     
	   2 Input   18 Bit       Adders := 1     
	   2 Input   16 Bit       Adders := 1     
	   3 Input    8 Bit       Adders := 1     
	   4 Input    7 Bit       Adders := 2     
	   3 Input    7 Bit       Adders := 1     
	   2 Input    6 Bit       Adders := 2     
	   3 Input    6 Bit       Adders := 1     
	  16 Input    5 Bit       Adders := 14    
	   3 Input    5 Bit       Adders := 1     
	   8 Input    4 Bit       Adders := 2     
	   3 Input    4 Bit       Adders := 1     
	   4 Input    3 Bit       Adders := 2     
	   5 Input    3 Bit       Adders := 1     
	   3 Input    2 Bit       Adders := 1     
+---XORs : 
	   2 Input      1 Bit         XORs := 255   
+---Registers : 
	               32 Bit    Registers := 2     
	               24 Bit    Registers := 8     
	               18 Bit    Registers := 3     
	               16 Bit    Registers := 4     
	               15 Bit    Registers := 63    
	               14 Bit    Registers := 64    
	               13 Bit    Registers := 46    
	               12 Bit    Registers := 32    
	               11 Bit    Registers := 20    
	               10 Bit    Registers := 12    
	                9 Bit    Registers := 6     
	                8 Bit    Registers := 12    
	                7 Bit    Registers := 10    
	                6 Bit    Registers := 2     
	                5 Bit    Registers := 17    
	                4 Bit    Registers := 6     
	                3 Bit    Registers := 3     
	                2 Bit    Registers := 3     
	                1 Bit    Registers := 293   
+---Muxes : 
	   2 Input   24 Bit        Muxes := 5     
	   2 Input   18 Bit        Muxes := 2     
	  17 Input   16 Bit        Muxes := 3     
	   2 Input   16 Bit        Muxes := 1     
	  17 Input   15 Bit        Muxes := 63    
	  17 Input   14 Bit        Muxes := 64    
	  17 Input   13 Bit        Muxes := 46    
	  17 Input   12 Bit        Muxes := 32    
	  17 Input   11 Bit        Muxes := 20    
	  17 Input   10 Bit        Muxes := 12    
	  17 Input    9 Bit        Muxes := 6     
	  17 Input    8 Bit        Muxes := 3     
	   2 Input    8 Bit        Muxes := 1     
	  17 Input    7 Bit        Muxes := 5     
	  17 Input    4 Bit        Muxes := 1     
	   6 Input    4 Bit        Muxes := 1     
	   2 Input    4 Bit        Muxes := 1     
	   3 Input    2 Bit        Muxes := 8     
	   2 Input    2 Bit        Muxes := 26    
	   4 Input    2 Bit        Muxes := 3     
	   2 Input    1 Bit        Muxes := 12    
---------------------------------------------------------------------------------
Finished RTL Component Statistics 
---------------------------------------------------------------------------------
---------------------------------------------------------------------------------
Start Part Resource Summary
---------------------------------------------------------------------------------
Part Resources:
DSPs: 220 (col length:60)
BRAMs: 280 (col length: RAMB18 60 RAMB36 30)
---------------------------------------------------------------------------------
Finished Part Resource Summary
---------------------------------------------------------------------------------
---------------------------------------------------------------------------------
Start Cross Boundary and Area Optimization
---------------------------------------------------------------------------------
WARNING: [Synth 8-7080] Parallel synthesis criteria is not met
WARNING: [Synth 8-3936] Found unconnected internal register 'mac_muladd_8s_8s_18s_18_4_1_U3/MVAU_hls_0_mac_muladd_8s_8s_18s_18_4_1_DSP48_0_U/p_reg_reg' and it is trimmed from '44' to '18' bits. [/home/andreea/proiect_finn/output_ip_hardware_cu_argmax/stitched_ip/finn_vivado_stitch_proj.gen/sources_1/bd/finn_design/ipshared/df1f/hdl/verilog/MVAU_hls_0_mac_muladd_8s_8s_18s_18_4_1.v:39]
WARNING: [Synth 8-3936] Found unconnected internal register 'mac_muladd_8s_8s_16s_17_4_1_U4/MVAU_hls_0_mac_muladd_8s_8s_16s_17_4_1_DSP48_1_U/p_reg_reg' and it is trimmed from '44' to '17' bits. [/home/andreea/proiect_finn/output_ip_hardware_cu_argmax/stitched_ip/finn_vivado_stitch_proj.gen/sources_1/bd/finn_design/ipshared/df1f/hdl/verilog/MVAU_hls_0_mac_muladd_8s_8s_16s_17_4_1.v:39]
WARNING: [Synth 8-3936] Found unconnected internal register 'mac_muladd_8s_8s_16s_17_4_1_U4/MVAU_hls_0_mac_muladd_8s_8s_16s_17_4_1_DSP48_1_U/m_reg_reg' and it is trimmed from '43' to '17' bits. [/home/andreea/proiect_finn/output_ip_hardware_cu_argmax/stitched_ip/finn_vivado_stitch_proj.gen/sources_1/bd/finn_design/ipshared/df1f/hdl/verilog/MVAU_hls_0_mac_muladd_8s_8s_16s_17_4_1.v:32]
WARNING: [Synth 8-3936] Found unconnected internal register 'mac_muladd_8s_8s_18s_18_4_1_U3/MVAU_hls_0_mac_muladd_8s_8s_18s_18_4_1_DSP48_0_U/m_reg_reg' and it is trimmed from '43' to '18' bits. [/home/andreea/proiect_finn/output_ip_hardware_cu_argmax/stitched_ip/finn_vivado_stitch_proj.gen/sources_1/bd/finn_design/ipshared/df1f/hdl/verilog/MVAU_hls_0_mac_muladd_8s_8s_18s_18_4_1.v:32]
WARNING: [Synth 8-3936] Found unconnected internal register 'mac_muladd_8s_8s_16s_17_4_1_U4/MVAU_hls_0_mac_muladd_8s_8s_16s_17_4_1_DSP48_1_U/a_reg_reg' and it is trimmed from '25' to '17' bits. [/home/andreea/proiect_finn/output_ip_hardware_cu_argmax/stitched_ip/finn_vivado_stitch_proj.gen/sources_1/bd/finn_design/ipshared/df1f/hdl/verilog/MVAU_hls_0_mac_muladd_8s_8s_16s_17_4_1.v:31]
WARNING: [Synth 8-3936] Found unconnected internal register 'mac_muladd_8s_8s_18s_18_4_1_U3/MVAU_hls_0_mac_muladd_8s_8s_18s_18_4_1_DSP48_0_U/a_reg_reg' and it is trimmed from '25' to '18' bits. [/home/andreea/proiect_finn/output_ip_hardware_cu_argmax/stitched_ip/finn_vivado_stitch_proj.gen/sources_1/bd/finn_design/ipshared/df1f/hdl/verilog/MVAU_hls_0_mac_muladd_8s_8s_18s_18_4_1.v:31]
WARNING: [Synth 8-3936] Found unconnected internal register 'mac_muladd_8s_8s_16s_17_4_1_U4/MVAU_hls_0_mac_muladd_8s_8s_16s_17_4_1_DSP48_1_U/b_reg_reg' and it is trimmed from '18' to '17' bits. [/home/andreea/proiect_finn/output_ip_hardware_cu_argmax/stitched_ip/finn_vivado_stitch_proj.gen/sources_1/bd/finn_design/ipshared/df1f/hdl/verilog/MVAU_hls_0_mac_muladd_8s_8s_16s_17_4_1.v:31]
DSP Report: Generating DSP mac_muladd_8s_8s_18s_18_4_1_U3/MVAU_hls_0_mac_muladd_8s_8s_18s_18_4_1_DSP48_0_U/p_reg_reg, operation Mode is: (0 or C)+(A''*B'')'.
DSP Report: register ap_phi_reg_pp0_iter1_inElem_1_reg_3938_reg is absorbed into DSP mac_muladd_8s_8s_18s_18_4_1_U3/MVAU_hls_0_mac_muladd_8s_8s_18s_18_4_1_DSP48_0_U/p_reg_reg.
DSP Report: register mac_muladd_8s_8s_18s_18_4_1_U3/MVAU_hls_0_mac_muladd_8s_8s_18s_18_4_1_DSP48_0_U/a_reg_reg is absorbed into DSP mac_muladd_8s_8s_18s_18_4_1_U3/MVAU_hls_0_mac_muladd_8s_8s_18s_18_4_1_DSP48_0_U/p_reg_reg.
DSP Report: register mac_muladd_8s_8s_18s_18_4_1_U3/MVAU_hls_0_mac_muladd_8s_8s_18s_18_4_1_DSP48_0_U/p_reg_reg is absorbed into DSP mac_muladd_8s_8s_18s_18_4_1_U3/MVAU_hls_0_mac_muladd_8s_8s_18s_18_4_1_DSP48_0_U/p_reg_reg.
DSP Report: register mac_muladd_8s_8s_18s_18_4_1_U3/MVAU_hls_0_mac_muladd_8s_8s_18s_18_4_1_DSP48_0_U/p_reg_reg is absorbed into DSP mac_muladd_8s_8s_18s_18_4_1_U3/MVAU_hls_0_mac_muladd_8s_8s_18s_18_4_1_DSP48_0_U/p_reg_reg.
DSP Report: register mac_muladd_8s_8s_18s_18_4_1_U3/MVAU_hls_0_mac_muladd_8s_8s_18s_18_4_1_DSP48_0_U/p_reg_reg is absorbed into DSP mac_muladd_8s_8s_18s_18_4_1_U3/MVAU_hls_0_mac_muladd_8s_8s_18s_18_4_1_DSP48_0_U/p_reg_reg.
DSP Report: register mac_muladd_8s_8s_18s_18_4_1_U3/MVAU_hls_0_mac_muladd_8s_8s_18s_18_4_1_DSP48_0_U/m_reg_reg is absorbed into DSP mac_muladd_8s_8s_18s_18_4_1_U3/MVAU_hls_0_mac_muladd_8s_8s_18s_18_4_1_DSP48_0_U/p_reg_reg.
DSP Report: operator mac_muladd_8s_8s_18s_18_4_1_U3/MVAU_hls_0_mac_muladd_8s_8s_18s_18_4_1_DSP48_0_U/p is absorbed into DSP mac_muladd_8s_8s_18s_18_4_1_U3/MVAU_hls_0_mac_muladd_8s_8s_18s_18_4_1_DSP48_0_U/p_reg_reg.
DSP Report: operator mac_muladd_8s_8s_18s_18_4_1_U3/MVAU_hls_0_mac_muladd_8s_8s_18s_18_4_1_DSP48_0_U/p is absorbed into DSP mac_muladd_8s_8s_18s_18_4_1_U3/MVAU_hls_0_mac_muladd_8s_8s_18s_18_4_1_DSP48_0_U/p_reg_reg.
DSP Report: operator mac_muladd_8s_8s_18s_18_4_1_U3/MVAU_hls_0_mac_muladd_8s_8s_18s_18_4_1_DSP48_0_U/m is absorbed into DSP mac_muladd_8s_8s_18s_18_4_1_U3/MVAU_hls_0_mac_muladd_8s_8s_18s_18_4_1_DSP48_0_U/p_reg_reg.
DSP Report: Generating DSP mac_muladd_8s_8s_16s_17_4_1_U4/MVAU_hls_0_mac_muladd_8s_8s_16s_17_4_1_DSP48_1_U/m_reg_reg, operation Mode is: (A''*B'')'.
DSP Report: register mac_muladd_8s_8s_16s_17_4_1_U4/MVAU_hls_0_mac_muladd_8s_8s_16s_17_4_1_DSP48_1_U/m_reg_reg is absorbed into DSP mac_muladd_8s_8s_16s_17_4_1_U4/MVAU_hls_0_mac_muladd_8s_8s_16s_17_4_1_DSP48_1_U/m_reg_reg.
DSP Report: register mac_muladd_8s_8s_16s_17_4_1_U4/MVAU_hls_0_mac_muladd_8s_8s_16s_17_4_1_DSP48_1_U/m_reg_reg is absorbed into DSP mac_muladd_8s_8s_16s_17_4_1_U4/MVAU_hls_0_mac_muladd_8s_8s_16s_17_4_1_DSP48_1_U/m_reg_reg.
DSP Report: register mac_muladd_8s_8s_16s_17_4_1_U4/MVAU_hls_0_mac_muladd_8s_8s_16s_17_4_1_DSP48_1_U/m_reg_reg is absorbed into DSP mac_muladd_8s_8s_16s_17_4_1_U4/MVAU_hls_0_mac_muladd_8s_8s_16s_17_4_1_DSP48_1_U/m_reg_reg.
DSP Report: register mac_muladd_8s_8s_16s_17_4_1_U4/MVAU_hls_0_mac_muladd_8s_8s_16s_17_4_1_DSP48_1_U/a_reg_reg is absorbed into DSP mac_muladd_8s_8s_16s_17_4_1_U4/MVAU_hls_0_mac_muladd_8s_8s_16s_17_4_1_DSP48_1_U/m_reg_reg.
DSP Report: register mac_muladd_8s_8s_16s_17_4_1_U4/MVAU_hls_0_mac_muladd_8s_8s_16s_17_4_1_DSP48_1_U/m_reg_reg is absorbed into DSP mac_muladd_8s_8s_16s_17_4_1_U4/MVAU_hls_0_mac_muladd_8s_8s_16s_17_4_1_DSP48_1_U/m_reg_reg.
DSP Report: operator mac_muladd_8s_8s_16s_17_4_1_U4/MVAU_hls_0_mac_muladd_8s_8s_16s_17_4_1_DSP48_1_U/m is absorbed into DSP mac_muladd_8s_8s_16s_17_4_1_U4/MVAU_hls_0_mac_muladd_8s_8s_16s_17_4_1_DSP48_1_U/m_reg_reg.
DSP Report: Generating DSP mac_muladd_8s_8s_16s_17_4_1_U4/MVAU_hls_0_mac_muladd_8s_8s_16s_17_4_1_DSP48_1_U/p_reg_reg, operation Mode is: (PCIN+A''*B'')'.
DSP Report: register local_temp_V_3_reg_12390_pp0_iter1_reg_reg is absorbed into DSP mac_muladd_8s_8s_16s_17_4_1_U4/MVAU_hls_0_mac_muladd_8s_8s_16s_17_4_1_DSP48_1_U/p_reg_reg.
DSP Report: register local_temp_V_3_reg_12390_pp0_iter2_reg_reg is absorbed into DSP mac_muladd_8s_8s_16s_17_4_1_U4/MVAU_hls_0_mac_muladd_8s_8s_16s_17_4_1_DSP48_1_U/p_reg_reg.
DSP Report: register r_V_1_reg_12414_reg is absorbed into DSP mac_muladd_8s_8s_16s_17_4_1_U4/MVAU_hls_0_mac_muladd_8s_8s_16s_17_4_1_DSP48_1_U/p_reg_reg.
DSP Report: register r_V_1_reg_12414_pp0_iter2_reg_reg is absorbed into DSP mac_muladd_8s_8s_16s_17_4_1_U4/MVAU_hls_0_mac_muladd_8s_8s_16s_17_4_1_DSP48_1_U/p_reg_reg.
DSP Report: register mac_muladd_8s_8s_16s_17_4_1_U4/MVAU_hls_0_mac_muladd_8s_8s_16s_17_4_1_DSP48_1_U/p_reg_reg is absorbed into DSP mac_muladd_8s_8s_16s_17_4_1_U4/MVAU_hls_0_mac_muladd_8s_8s_16s_17_4_1_DSP48_1_U/p_reg_reg.
DSP Report: operator mac_muladd_8s_8s_16s_17_4_1_U4/MVAU_hls_0_mac_muladd_8s_8s_16s_17_4_1_DSP48_1_U/p is absorbed into DSP mac_muladd_8s_8s_16s_17_4_1_U4/MVAU_hls_0_mac_muladd_8s_8s_16s_17_4_1_DSP48_1_U/p_reg_reg.
DSP Report: operator mul_8s_8s_16_1_1_U2/dout is absorbed into DSP mac_muladd_8s_8s_16s_17_4_1_U4/MVAU_hls_0_mac_muladd_8s_8s_16s_17_4_1_DSP48_1_U/p_reg_reg.
---------------------------------------------------------------------------------
Finished Cross Boundary and Area Optimization : Time (s): cpu = 00:00:25 ; elapsed = 00:00:28 . Memory (MB): peak = 2289.988 ; gain = 656.207 ; free physical = 902 ; free virtual = 3565
Synthesis current peak Physical Memory [PSS] (MB): peak = 1261.879; parent = 1123.148; children = 138.730
Synthesis current peak Virtual Memory [VSS] (MB): peak = 3210.465; parent = 2257.973; children = 952.492
---------------------------------------------------------------------------------
---------------------------------------------------------------------------------
Start ROM, RAM, DSP, Shift Register and Retiming Reporting
---------------------------------------------------------------------------------

DSP: Preliminary Mapping Report (see note below. The ' indicates corresponding REG is set)
+-----------------------------------------------+---------------------+--------+--------+--------+--------+--------+------+------+------+------+-------+------+------+
|Module Name                                    | DSP Mapping         | A Size | B Size | C Size | D Size | P Size | AREG | BREG | CREG | DREG | ADREG | MREG | PREG | 
+-----------------------------------------------+---------------------+--------+--------+--------+--------+--------+------+------+------+------+-------+------+------+
|MVAU_hls_0_Matrix_Vector_Activate_Stream_Batch | (0 or C)+(A''*B'')' | 9      | 8      | 18     | -      | 18     | 2    | 2    | 0    | -    | -     | 1    | 1    | 
|MVAU_hls_0_Matrix_Vector_Activate_Stream_Batch | (A''*B'')'          | 17     | 9      | -      | -      | 26     | 2    | 2    | -    | -    | -     | 1    | 0    | 
|MVAU_hls_0_Matrix_Vector_Activate_Stream_Batch | (PCIN+A''*B'')'     | 8      | 8      | -      | -      | 17     | 2    | 2    | -    | -    | -     | 0    | 1    | 
+-----------------------------------------------+---------------------+--------+--------+--------+--------+--------+------+------+------+------+-------+------+------+

Note: The table above is a preliminary report that shows the DSPs inferred at the current stage of the synthesis flow. Some DSP may be reimplemented as non DSP primitives later in the synthesis flow. Multiple instantiated DSPs are reported only once.
---------------------------------------------------------------------------------
Finished ROM, RAM, DSP, Shift Register and Retiming Reporting
---------------------------------------------------------------------------------
---------------------------------------------------------------------------------
Start Applying XDC Timing Constraints
---------------------------------------------------------------------------------
---------------------------------------------------------------------------------
Finished Applying XDC Timing Constraints : Time (s): cpu = 00:00:33 ; elapsed = 00:00:36 . Memory (MB): peak = 2289.988 ; gain = 656.207 ; free physical = 3326 ; free virtual = 6105
Synthesis current peak Physical Memory [PSS] (MB): peak = 1478.237; parent = 1320.669; children = 157.568
Synthesis current peak Virtual Memory [VSS] (MB): peak = 3210.465; parent = 2257.973; children = 952.492
---------------------------------------------------------------------------------
---------------------------------------------------------------------------------
Start Timing Optimization
---------------------------------------------------------------------------------
---------------------------------------------------------------------------------
Finished Timing Optimization : Time (s): cpu = 00:00:36 ; elapsed = 00:00:39 . Memory (MB): peak = 2289.988 ; gain = 656.207 ; free physical = 3240 ; free virtual = 6056
Synthesis current peak Physical Memory [PSS] (MB): peak = 1485.283; parent = 1328.142; children = 157.568
Synthesis current peak Virtual Memory [VSS] (MB): peak = 3210.465; parent = 2257.973; children = 952.492
---------------------------------------------------------------------------------
---------------------------------------------------------------------------------
Start Technology Mapping
---------------------------------------------------------------------------------
---------------------------------------------------------------------------------
Finished Technology Mapping : Time (s): cpu = 00:00:37 ; elapsed = 00:00:40 . Memory (MB): peak = 2289.988 ; gain = 656.207 ; free physical = 3193 ; free virtual = 6030
Synthesis current peak Physical Memory [PSS] (MB): peak = 1495.058; parent = 1338.312; children = 157.568
Synthesis current peak Virtual Memory [VSS] (MB): peak = 3210.465; parent = 2257.973; children = 952.492
---------------------------------------------------------------------------------
---------------------------------------------------------------------------------
Start IO Insertion
---------------------------------------------------------------------------------
---------------------------------------------------------------------------------
Start Flattening Before IO Insertion
---------------------------------------------------------------------------------
---------------------------------------------------------------------------------
Finished Flattening Before IO Insertion
---------------------------------------------------------------------------------
---------------------------------------------------------------------------------
Start Final Netlist Cleanup
---------------------------------------------------------------------------------
---------------------------------------------------------------------------------
Finished Final Netlist Cleanup
---------------------------------------------------------------------------------
---------------------------------------------------------------------------------
Finished IO Insertion : Time (s): cpu = 00:00:44 ; elapsed = 00:00:47 . Memory (MB): peak = 2289.988 ; gain = 656.207 ; free physical = 2544 ; free virtual = 5511
Synthesis current peak Physical Memory [PSS] (MB): peak = 1495.058; parent = 1338.312; children = 157.568
Synthesis current peak Virtual Memory [VSS] (MB): peak = 3210.465; parent = 2257.973; children = 952.492
---------------------------------------------------------------------------------
---------------------------------------------------------------------------------
Start Renaming Generated Instances
---------------------------------------------------------------------------------
---------------------------------------------------------------------------------
Finished Renaming Generated Instances : Time (s): cpu = 00:00:44 ; elapsed = 00:00:47 . Memory (MB): peak = 2289.988 ; gain = 656.207 ; free physical = 2535 ; free virtual = 5502
Synthesis current peak Physical Memory [PSS] (MB): peak = 1495.058; parent = 1338.312; children = 157.568
Synthesis current peak Virtual Memory [VSS] (MB): peak = 3210.465; parent = 2257.973; children = 952.492
---------------------------------------------------------------------------------
---------------------------------------------------------------------------------
Start Rebuilding User Hierarchy
---------------------------------------------------------------------------------
---------------------------------------------------------------------------------
Finished Rebuilding User Hierarchy : Time (s): cpu = 00:00:44 ; elapsed = 00:00:48 . Memory (MB): peak = 2289.988 ; gain = 656.207 ; free physical = 2477 ; free virtual = 5445
Synthesis current peak Physical Memory [PSS] (MB): peak = 1495.058; parent = 1338.312; children = 157.568
Synthesis current peak Virtual Memory [VSS] (MB): peak = 3210.465; parent = 2257.973; children = 952.492
---------------------------------------------------------------------------------
---------------------------------------------------------------------------------
Start Renaming Generated Ports
---------------------------------------------------------------------------------
---------------------------------------------------------------------------------
Finished Renaming Generated Ports : Time (s): cpu = 00:00:44 ; elapsed = 00:00:48 . Memory (MB): peak = 2289.988 ; gain = 656.207 ; free physical = 2493 ; free virtual = 5461
Synthesis current peak Physical Memory [PSS] (MB): peak = 1495.058; parent = 1338.312; children = 157.568
Synthesis current peak Virtual Memory [VSS] (MB): peak = 3210.465; parent = 2257.973; children = 952.492
---------------------------------------------------------------------------------
---------------------------------------------------------------------------------
Start Handling Custom Attributes
---------------------------------------------------------------------------------
---------------------------------------------------------------------------------
Finished Handling Custom Attributes : Time (s): cpu = 00:00:44 ; elapsed = 00:00:48 . Memory (MB): peak = 2289.988 ; gain = 656.207 ; free physical = 2515 ; free virtual = 5483
Synthesis current peak Physical Memory [PSS] (MB): peak = 1495.058; parent = 1338.312; children = 157.568
Synthesis current peak Virtual Memory [VSS] (MB): peak = 3210.465; parent = 2257.973; children = 952.492
---------------------------------------------------------------------------------
---------------------------------------------------------------------------------
Start Renaming Generated Nets
---------------------------------------------------------------------------------
---------------------------------------------------------------------------------
Finished Renaming Generated Nets : Time (s): cpu = 00:00:44 ; elapsed = 00:00:48 . Memory (MB): peak = 2289.988 ; gain = 656.207 ; free physical = 2509 ; free virtual = 5477
Synthesis current peak Physical Memory [PSS] (MB): peak = 1495.058; parent = 1338.312; children = 157.568
Synthesis current peak Virtual Memory [VSS] (MB): peak = 3210.465; parent = 2257.973; children = 952.492
---------------------------------------------------------------------------------
---------------------------------------------------------------------------------
Start Writing Synthesis Report
---------------------------------------------------------------------------------

DSP Final Report (the ' indicates corresponding REG is set)
+-----------------------------------------------+-----------------+--------+--------+--------+--------+--------+------+------+------+------+-------+------+------+
|Module Name                                    | DSP Mapping     | A Size | B Size | C Size | D Size | P Size | AREG | BREG | CREG | DREG | ADREG | MREG | PREG | 
+-----------------------------------------------+-----------------+--------+--------+--------+--------+--------+------+------+------+------+-------+------+------+
|MVAU_hls_0_Matrix_Vector_Activate_Stream_Batch | (A''*B'')'      | 30     | 18     | -      | -      | 0      | 2    | 2    | -    | -    | -     | 0    | 1    | 
|MVAU_hls_0_Matrix_Vector_Activate_Stream_Batch | (PCIN+A''*B'')' | 30     | 18     | -      | -      | 17     | 2    | 2    | -    | -    | -     | 0    | 1    | 
|MVAU_hls_0_Matrix_Vector_Activate_Stream_Batch | Dynamic         | -      | -      | -      | -      | 18     | -    | -    | -    | -    | -     | 1    | 1    | 
+-----------------------------------------------+-----------------+--------+--------+--------+--------+--------+------+------+------+------+-------+------+------+


Report BlackBoxes: 
+-+--------------+----------+
| |BlackBox name |Instances |
+-+--------------+----------+
+-+--------------+----------+

Report Cell Usage: 
+------+--------+------+
|      |Cell    |Count |
+------+--------+------+
|1     |CARRY4  |   737|
|2     |DSP48E1 |     3|
|5     |LUT1    |   444|
|6     |LUT2    |  3260|
|7     |LUT3    |   268|
|8     |LUT4    |    76|
|9     |LUT5    |   173|
|10    |LUT6    |   187|
|11    |MUXF7   |     2|
|12    |FDRE    |   755|
|13    |FDSE    |     1|
+------+--------+------+
---------------------------------------------------------------------------------
Finished Writing Synthesis Report : Time (s): cpu = 00:00:44 ; elapsed = 00:00:48 . Memory (MB): peak = 2289.988 ; gain = 656.207 ; free physical = 2505 ; free virtual = 5473
Synthesis current peak Physical Memory [PSS] (MB): peak = 1495.058; parent = 1338.312; children = 157.568
Synthesis current peak Virtual Memory [VSS] (MB): peak = 3210.465; parent = 2257.973; children = 952.492
---------------------------------------------------------------------------------
Synthesis finished with 0 errors, 0 critical warnings and 11 warnings.
Synthesis Optimization Runtime : Time (s): cpu = 00:00:42 ; elapsed = 00:00:46 . Memory (MB): peak = 2289.988 ; gain = 502.457 ; free physical = 2583 ; free virtual = 5551
Synthesis Optimization Complete : Time (s): cpu = 00:00:45 ; elapsed = 00:00:48 . Memory (MB): peak = 2289.988 ; gain = 656.207 ; free physical = 2573 ; free virtual = 5542
INFO: [Project 1-571] Translating synthesized netlist
Netlist sorting complete. Time (s): cpu = 00:00:00.06 ; elapsed = 00:00:00.07 . Memory (MB): peak = 2289.988 ; gain = 0.000 ; free physical = 2634 ; free virtual = 5603
INFO: [Netlist 29-17] Analyzing 742 Unisim elements for replacement
INFO: [Netlist 29-28] Unisim Transformation completed in 0 CPU seconds
INFO: [Project 1-570] Preparing netlist for logic optimization
INFO: [Opt 31-138] Pushed 0 inverter(s) to 0 load pin(s).
Netlist sorting complete. Time (s): cpu = 00:00:00 ; elapsed = 00:00:00 . Memory (MB): peak = 2289.988 ; gain = 0.000 ; free physical = 2543 ; free virtual = 5515
INFO: [Project 1-111] Unisim Transformation Summary:
No Unisim elements were transformed.

Synth Design complete, checksum: a17fa0e4
INFO: [Common 17-83] Releasing license: Synthesis
361 Infos, 112 Warnings, 0 Critical Warnings and 0 Errors encountered.
synth_design completed successfully
synth_design: Time (s): cpu = 00:00:54 ; elapsed = 00:00:54 . Memory (MB): peak = 2289.988 ; gain = 988.832 ; free physical = 2736 ; free virtual = 5708
INFO: [Common 17-1381] The checkpoint '/home/andreea/proiect_finn/output_ip_hardware_cu_argmax/stitched_ip/finn_vivado_stitch_proj.runs/finn_design_MVAU_hls_0_0_synth_1/finn_design_MVAU_hls_0_0.dcp' has been generated.
INFO: [Coretcl 2-1648] Added synthesis output to IP cache for IP finn_design_MVAU_hls_0_0, cache-ID = 533acf2f3870360e
INFO: [Coretcl 2-1174] Renamed 11 cell refs.
INFO: [Common 17-1381] The checkpoint '/home/andreea/proiect_finn/output_ip_hardware_cu_argmax/stitched_ip/finn_vivado_stitch_proj.runs/finn_design_MVAU_hls_0_0_synth_1/finn_design_MVAU_hls_0_0.dcp' has been generated.
INFO: [runtcl-4] Executing : report_utilization -file finn_design_MVAU_hls_0_0_utilization_synth.rpt -pb finn_design_MVAU_hls_0_0_utilization_synth.pb
INFO: [Common 17-206] Exiting Vivado at Thu Apr 16 23:05:08 2026...
