
*** Running vivado
    with args -log design_1_wrapper.vds -m64 -product Vivado -mode batch -messageDb vivado.pb -notrace -source design_1_wrapper.tcl


****** Vivado v2022.2 (64-bit)
  **** SW Build 3671981 on Fri Oct 14 04:59:54 MDT 2022
  **** IP Build 3669848 on Fri Oct 14 08:30:02 MDT 2022
    ** Copyright 1986-2022 Xilinx, Inc. All Rights Reserved.

source design_1_wrapper.tcl -notrace
INFO: [IP_Flow 19-234] Refreshing IP repositories
INFO: [IP_Flow 19-1700] Loaded user IP repository '/home/andreea/finn/finn-rtllib/memstream'.
INFO: [IP_Flow 19-1700] Loaded user IP repository '/tmp/finn_dev_andreea/code_gen_ipgen_StreamingFIFO_rtl_0_iemavooy'.
INFO: [IP_Flow 19-1700] Loaded user IP repository '/home/andreea/StructuraSistemelorDeCalcul/Lab9/Hardware/ip_repo/zybo-z7-hdmi-master/zybo-z7-hdmi-master'.
INFO: [IP_Flow 19-1700] Loaded user IP repository '/tmp/finn_dev_andreea/code_gen_ipgen_FMPadding_rtl_0_niewojjq'.
INFO: [IP_Flow 19-1700] Loaded user IP repository '/tmp/finn_dev_andreea/code_gen_ipgen_StreamingFIFO_rtl_1_q1hnvlgl'.
INFO: [IP_Flow 19-1700] Loaded user IP repository '/tmp/finn_dev_andreea/code_gen_ipgen_ConvolutionInputGenerator_rtl_0_h6a0h_ka'.
INFO: [IP_Flow 19-1700] Loaded user IP repository '/tmp/finn_dev_andreea/code_gen_ipgen_StreamingFIFO_rtl_2_sm1awxs6'.
INFO: [IP_Flow 19-1700] Loaded user IP repository '/tmp/finn_dev_andreea/code_gen_ipgen_StreamingDataWidthConverter_rtl_0_ij2l_izx'.
INFO: [IP_Flow 19-1700] Loaded user IP repository '/tmp/finn_dev_andreea/code_gen_ipgen_StreamingFIFO_rtl_3_pq1kvdfs'.
INFO: [IP_Flow 19-1700] Loaded user IP repository '/tmp/finn_dev_andreea/code_gen_ipgen_MVAU_hls_0_qjxm8vie/project_MVAU_hls_0/sol1/impl/ip'.
INFO: [IP_Flow 19-1700] Loaded user IP repository '/tmp/finn_dev_andreea/code_gen_ipgen_StreamingFIFO_rtl_4_olfwghyo'.
INFO: [IP_Flow 19-1700] Loaded user IP repository '/tmp/finn_dev_andreea/code_gen_ipgen_StreamingDataWidthConverter_rtl_1_5ontli_g'.
INFO: [IP_Flow 19-1700] Loaded user IP repository '/tmp/finn_dev_andreea/code_gen_ipgen_StreamingFIFO_rtl_5_1ywnmozb'.
INFO: [IP_Flow 19-1700] Loaded user IP repository '/tmp/finn_dev_andreea/code_gen_ipgen_StreamingMaxPool_hls_0_2w9930ha/project_StreamingMaxPool_hls_0/sol1/impl/ip'.
INFO: [IP_Flow 19-1700] Loaded user IP repository '/tmp/finn_dev_andreea/code_gen_ipgen_StreamingFIFO_rtl_6_lx3g0gm1'.
INFO: [IP_Flow 19-1700] Loaded user IP repository '/tmp/finn_dev_andreea/code_gen_ipgen_StreamingDataWidthConverter_rtl_2_3tifrhmh'.
INFO: [IP_Flow 19-1700] Loaded user IP repository '/tmp/finn_dev_andreea/code_gen_ipgen_StreamingFIFO_rtl_7_mh_mf3y9'.
INFO: [IP_Flow 19-1700] Loaded user IP repository '/tmp/finn_dev_andreea/code_gen_ipgen_MVAU_hls_1_d8atf5o9/project_MVAU_hls_1/sol1/impl/ip'.
INFO: [IP_Flow 19-1700] Loaded user IP repository '/tmp/finn_dev_andreea/code_gen_ipgen_StreamingFIFO_rtl_8_sbjreyx9'.
INFO: [IP_Flow 19-1700] Loaded user IP repository '/tmp/finn_dev_andreea/code_gen_ipgen_MVAU_rtl_0_cyd2g4ui'.
INFO: [IP_Flow 19-1700] Loaded user IP repository '/tmp/finn_dev_andreea/code_gen_ipgen_StreamingFIFO_rtl_9_h3n7iwd2'.
INFO: [IP_Flow 19-2313] Loaded Vivado IP repository '/tools/Xilinx/Vivado/2022.2/data/ip'.
WARNING: [Vivado 12-8448] Reference module source file /home/andreea/proiect_finn/output_ip_hardware_cu_maimulteepoici/stitched_ip/finn_vivado_stitch_proj.srcs/sources_1/bd/finn_design/finn_design.bd referred in sub-design design_1 is not added in project.
add_files: Time (s): cpu = 00:00:26 ; elapsed = 00:00:06 . Memory (MB): peak = 1552.586 ; gain = 208.102 ; free physical = 4515 ; free virtual = 6519
Command: read_checkpoint -auto_incremental -incremental /home/andreea/proiect_finn/output_ip_hardware_cu_maimulteepoici/stitched_ip/finn_vivado_stitch_proj.srcs/utils_1/imports/synth_1/design_1_wrapper.dcp
INFO: [Vivado 12-5825] Read reference checkpoint from /home/andreea/proiect_finn/output_ip_hardware_cu_maimulteepoici/stitched_ip/finn_vivado_stitch_proj.srcs/utils_1/imports/synth_1/design_1_wrapper.dcp for incremental synthesis
INFO: [Vivado 12-7989] Please ensure there are no constraint changes
Command: synth_design -top design_1_wrapper -part xc7z020clg400-1
Starting synth_design
Attempting to get a license for feature 'Synthesis' and/or device 'xc7z020'
INFO: [Common 17-349] Got license for feature 'Synthesis' and/or device 'xc7z020'
INFO: [Device 21-403] Loading part xc7z020clg400-1
INFO: [Designutils 20-5440] No compile time benefit to using incremental synthesis; A full resynthesis will be run
INFO: [Designutils 20-4379] Flow is switching to default flow due to incremental criteria not met. If you would like to alter this behaviour and have the flow terminate instead, please set the following parameter config_implementation {autoIncr.Synth.RejectBehavior Terminate}
INFO: [Synth 8-7079] Multithreading enabled for synth_design using a maximum of 4 processes.
INFO: [Synth 8-7078] Launching helper process for spawning children vivado processes
INFO: [Synth 8-7075] Helper process launched with PID 1058594
INFO: [Synth 8-11241] undeclared symbol 'REGCCE', assumed default net type 'wire' [/tools/Xilinx/Vivado/2022.2/data/verilog/src/unimacro/BRAM_SINGLE_MACRO.v:2170]
---------------------------------------------------------------------------------
Starting RTL Elaboration : Time (s): cpu = 00:00:02 ; elapsed = 00:00:03 . Memory (MB): peak = 2086.766 ; gain = 365.734 ; free physical = 3663 ; free virtual = 5705
Synthesis current peak Physical Memory [PSS] (MB): peak = 1592.847; parent = 1363.298; children = 229.549
Synthesis current peak Virtual Memory [VSS] (MB): peak = 3063.980; parent = 2092.703; children = 971.277
---------------------------------------------------------------------------------
INFO: [Synth 8-6157] synthesizing module 'design_1_wrapper' [/home/andreea/proiect_finn/output_ip_hardware_cu_maimulteepoici/stitched_ip/finn_vivado_stitch_proj.gen/sources_1/bd/design_1/hdl/design_1_wrapper.v:12]
INFO: [Synth 8-6157] synthesizing module 'design_1' [/home/andreea/proiect_finn/output_ip_hardware_cu_maimulteepoici/stitched_ip/finn_vivado_stitch_proj.gen/sources_1/bd/design_1/synth/design_1.v:12]
INFO: [Synth 8-6157] synthesizing module 'design_1_axi_dma_0_0' [/home/andreea/proiect_finn/output_ip_hardware_cu_maimulteepoici/stitched_ip/finn_vivado_stitch_proj.runs/synth_1/.Xil/Vivado-1058379-DESKTOP-N2392HC/realtime/design_1_axi_dma_0_0_stub.v:5]
INFO: [Synth 8-6155] done synthesizing module 'design_1_axi_dma_0_0' (0#1) [/home/andreea/proiect_finn/output_ip_hardware_cu_maimulteepoici/stitched_ip/finn_vivado_stitch_proj.runs/synth_1/.Xil/Vivado-1058379-DESKTOP-N2392HC/realtime/design_1_axi_dma_0_0_stub.v:5]
WARNING: [Synth 8-7071] port 'mm2s_prmry_reset_out_n' of module 'design_1_axi_dma_0_0' is unconnected for instance 'axi_dma_0' [/home/andreea/proiect_finn/output_ip_hardware_cu_maimulteepoici/stitched_ip/finn_vivado_stitch_proj.gen/sources_1/bd/design_1/synth/design_1.v:317]
WARNING: [Synth 8-7071] port 'm_axis_mm2s_tkeep' of module 'design_1_axi_dma_0_0' is unconnected for instance 'axi_dma_0' [/home/andreea/proiect_finn/output_ip_hardware_cu_maimulteepoici/stitched_ip/finn_vivado_stitch_proj.gen/sources_1/bd/design_1/synth/design_1.v:317]
WARNING: [Synth 8-7071] port 'm_axis_mm2s_tlast' of module 'design_1_axi_dma_0_0' is unconnected for instance 'axi_dma_0' [/home/andreea/proiect_finn/output_ip_hardware_cu_maimulteepoici/stitched_ip/finn_vivado_stitch_proj.gen/sources_1/bd/design_1/synth/design_1.v:317]
WARNING: [Synth 8-7071] port 's2mm_prmry_reset_out_n' of module 'design_1_axi_dma_0_0' is unconnected for instance 'axi_dma_0' [/home/andreea/proiect_finn/output_ip_hardware_cu_maimulteepoici/stitched_ip/finn_vivado_stitch_proj.gen/sources_1/bd/design_1/synth/design_1.v:317]
WARNING: [Synth 8-7071] port 'mm2s_introut' of module 'design_1_axi_dma_0_0' is unconnected for instance 'axi_dma_0' [/home/andreea/proiect_finn/output_ip_hardware_cu_maimulteepoici/stitched_ip/finn_vivado_stitch_proj.gen/sources_1/bd/design_1/synth/design_1.v:317]
WARNING: [Synth 8-7071] port 's2mm_introut' of module 'design_1_axi_dma_0_0' is unconnected for instance 'axi_dma_0' [/home/andreea/proiect_finn/output_ip_hardware_cu_maimulteepoici/stitched_ip/finn_vivado_stitch_proj.gen/sources_1/bd/design_1/synth/design_1.v:317]
WARNING: [Synth 8-7071] port 'axi_dma_tstvec' of module 'design_1_axi_dma_0_0' is unconnected for instance 'axi_dma_0' [/home/andreea/proiect_finn/output_ip_hardware_cu_maimulteepoici/stitched_ip/finn_vivado_stitch_proj.gen/sources_1/bd/design_1/synth/design_1.v:317]
WARNING: [Synth 8-7023] instance 'axi_dma_0' of module 'design_1_axi_dma_0_0' has 64 connections declared, but only 57 given [/home/andreea/proiect_finn/output_ip_hardware_cu_maimulteepoici/stitched_ip/finn_vivado_stitch_proj.gen/sources_1/bd/design_1/synth/design_1.v:317]
INFO: [Synth 8-6157] synthesizing module 'design_1_axi_gpio_0_0' [/home/andreea/proiect_finn/output_ip_hardware_cu_maimulteepoici/stitched_ip/finn_vivado_stitch_proj.runs/synth_1/.Xil/Vivado-1058379-DESKTOP-N2392HC/realtime/design_1_axi_gpio_0_0_stub.v:5]
INFO: [Synth 8-6155] done synthesizing module 'design_1_axi_gpio_0_0' (0#1) [/home/andreea/proiect_finn/output_ip_hardware_cu_maimulteepoici/stitched_ip/finn_vivado_stitch_proj.runs/synth_1/.Xil/Vivado-1058379-DESKTOP-N2392HC/realtime/design_1_axi_gpio_0_0_stub.v:5]
INFO: [Synth 8-6157] synthesizing module 'design_1_axis_subset_converter_0_0' [/home/andreea/proiect_finn/output_ip_hardware_cu_maimulteepoici/stitched_ip/finn_vivado_stitch_proj.runs/synth_1/.Xil/Vivado-1058379-DESKTOP-N2392HC/realtime/design_1_axis_subset_converter_0_0_stub.v:5]
INFO: [Synth 8-6155] done synthesizing module 'design_1_axis_subset_converter_0_0' (0#1) [/home/andreea/proiect_finn/output_ip_hardware_cu_maimulteepoici/stitched_ip/finn_vivado_stitch_proj.runs/synth_1/.Xil/Vivado-1058379-DESKTOP-N2392HC/realtime/design_1_axis_subset_converter_0_0_stub.v:5]
INFO: [Synth 8-6157] synthesizing module 'finn_design_inst_0' [/home/andreea/proiect_finn/output_ip_hardware_cu_maimulteepoici/stitched_ip/finn_vivado_stitch_proj.gen/sources_1/bd/design_1/bd/finn_design_inst_0/synth/finn_design_inst_0.v:357]
INFO: [Synth 8-6157] synthesizing module 'finn_design_inst_0_ConvolutionInputGenerator_rtl_0_0' [/home/andreea/proiect_finn/output_ip_hardware_cu_maimulteepoici/stitched_ip/finn_vivado_stitch_proj.runs/synth_1/.Xil/Vivado-1058379-DESKTOP-N2392HC/realtime/finn_design_inst_0_ConvolutionInputGenerator_rtl_0_0_stub.v:5]
INFO: [Synth 8-6155] done synthesizing module 'finn_design_inst_0_ConvolutionInputGenerator_rtl_0_0' (0#1) [/home/andreea/proiect_finn/output_ip_hardware_cu_maimulteepoici/stitched_ip/finn_vivado_stitch_proj.runs/synth_1/.Xil/Vivado-1058379-DESKTOP-N2392HC/realtime/finn_design_inst_0_ConvolutionInputGenerator_rtl_0_0_stub.v:5]
INFO: [Synth 8-6157] synthesizing module 'finn_design_inst_0_FMPadding_rtl_0_0' [/home/andreea/proiect_finn/output_ip_hardware_cu_maimulteepoici/stitched_ip/finn_vivado_stitch_proj.runs/synth_1/.Xil/Vivado-1058379-DESKTOP-N2392HC/realtime/finn_design_inst_0_FMPadding_rtl_0_0_stub.v:5]
INFO: [Synth 8-6155] done synthesizing module 'finn_design_inst_0_FMPadding_rtl_0_0' (0#1) [/home/andreea/proiect_finn/output_ip_hardware_cu_maimulteepoici/stitched_ip/finn_vivado_stitch_proj.runs/synth_1/.Xil/Vivado-1058379-DESKTOP-N2392HC/realtime/finn_design_inst_0_FMPadding_rtl_0_0_stub.v:5]
WARNING: [Synth 8-7071] port 's_axilite_AWREADY' of module 'finn_design_inst_0_FMPadding_rtl_0_0' is unconnected for instance 'FMPadding_rtl_0' [/home/andreea/proiect_finn/output_ip_hardware_cu_maimulteepoici/stitched_ip/finn_vivado_stitch_proj.gen/sources_1/bd/design_1/bd/finn_design_inst_0/synth/finn_design_inst_0.v:456]
WARNING: [Synth 8-7071] port 's_axilite_WREADY' of module 'finn_design_inst_0_FMPadding_rtl_0_0' is unconnected for instance 'FMPadding_rtl_0' [/home/andreea/proiect_finn/output_ip_hardware_cu_maimulteepoici/stitched_ip/finn_vivado_stitch_proj.gen/sources_1/bd/design_1/bd/finn_design_inst_0/synth/finn_design_inst_0.v:456]
WARNING: [Synth 8-7071] port 's_axilite_BVALID' of module 'finn_design_inst_0_FMPadding_rtl_0_0' is unconnected for instance 'FMPadding_rtl_0' [/home/andreea/proiect_finn/output_ip_hardware_cu_maimulteepoici/stitched_ip/finn_vivado_stitch_proj.gen/sources_1/bd/design_1/bd/finn_design_inst_0/synth/finn_design_inst_0.v:456]
WARNING: [Synth 8-7071] port 's_axilite_BRESP' of module 'finn_design_inst_0_FMPadding_rtl_0_0' is unconnected for instance 'FMPadding_rtl_0' [/home/andreea/proiect_finn/output_ip_hardware_cu_maimulteepoici/stitched_ip/finn_vivado_stitch_proj.gen/sources_1/bd/design_1/bd/finn_design_inst_0/synth/finn_design_inst_0.v:456]
WARNING: [Synth 8-7071] port 's_axilite_ARREADY' of module 'finn_design_inst_0_FMPadding_rtl_0_0' is unconnected for instance 'FMPadding_rtl_0' [/home/andreea/proiect_finn/output_ip_hardware_cu_maimulteepoici/stitched_ip/finn_vivado_stitch_proj.gen/sources_1/bd/design_1/bd/finn_design_inst_0/synth/finn_design_inst_0.v:456]
WARNING: [Synth 8-7071] port 's_axilite_RVALID' of module 'finn_design_inst_0_FMPadding_rtl_0_0' is unconnected for instance 'FMPadding_rtl_0' [/home/andreea/proiect_finn/output_ip_hardware_cu_maimulteepoici/stitched_ip/finn_vivado_stitch_proj.gen/sources_1/bd/design_1/bd/finn_design_inst_0/synth/finn_design_inst_0.v:456]
WARNING: [Synth 8-7071] port 's_axilite_RDATA' of module 'finn_design_inst_0_FMPadding_rtl_0_0' is unconnected for instance 'FMPadding_rtl_0' [/home/andreea/proiect_finn/output_ip_hardware_cu_maimulteepoici/stitched_ip/finn_vivado_stitch_proj.gen/sources_1/bd/design_1/bd/finn_design_inst_0/synth/finn_design_inst_0.v:456]
WARNING: [Synth 8-7071] port 's_axilite_RRESP' of module 'finn_design_inst_0_FMPadding_rtl_0_0' is unconnected for instance 'FMPadding_rtl_0' [/home/andreea/proiect_finn/output_ip_hardware_cu_maimulteepoici/stitched_ip/finn_vivado_stitch_proj.gen/sources_1/bd/design_1/bd/finn_design_inst_0/synth/finn_design_inst_0.v:456]
WARNING: [Synth 8-7023] instance 'FMPadding_rtl_0' of module 'finn_design_inst_0_FMPadding_rtl_0_0' has 25 connections declared, but only 17 given [/home/andreea/proiect_finn/output_ip_hardware_cu_maimulteepoici/stitched_ip/finn_vivado_stitch_proj.gen/sources_1/bd/design_1/bd/finn_design_inst_0/synth/finn_design_inst_0.v:456]
INFO: [Synth 8-6157] synthesizing module 'MVAU_hls_0_imp_1W6HRI9' [/home/andreea/proiect_finn/output_ip_hardware_cu_maimulteepoici/stitched_ip/finn_vivado_stitch_proj.gen/sources_1/bd/design_1/bd/finn_design_inst_0/synth/finn_design_inst_0.v:12]
INFO: [Synth 8-6157] synthesizing module 'finn_design_inst_0_MVAU_hls_0_0' [/home/andreea/proiect_finn/output_ip_hardware_cu_maimulteepoici/stitched_ip/finn_vivado_stitch_proj.runs/synth_1/.Xil/Vivado-1058379-DESKTOP-N2392HC/realtime/finn_design_inst_0_MVAU_hls_0_0_stub.v:5]
INFO: [Synth 8-6155] done synthesizing module 'finn_design_inst_0_MVAU_hls_0_0' (0#1) [/home/andreea/proiect_finn/output_ip_hardware_cu_maimulteepoici/stitched_ip/finn_vivado_stitch_proj.runs/synth_1/.Xil/Vivado-1058379-DESKTOP-N2392HC/realtime/finn_design_inst_0_MVAU_hls_0_0_stub.v:5]
INFO: [Synth 8-6157] synthesizing module 'finn_design_inst_0_MVAU_hls_0_wstrm_0' [/home/andreea/proiect_finn/output_ip_hardware_cu_maimulteepoici/stitched_ip/finn_vivado_stitch_proj.runs/synth_1/.Xil/Vivado-1058379-DESKTOP-N2392HC/realtime/finn_design_inst_0_MVAU_hls_0_wstrm_0_stub.v:5]
INFO: [Synth 8-6155] done synthesizing module 'finn_design_inst_0_MVAU_hls_0_wstrm_0' (0#1) [/home/andreea/proiect_finn/output_ip_hardware_cu_maimulteepoici/stitched_ip/finn_vivado_stitch_proj.runs/synth_1/.Xil/Vivado-1058379-DESKTOP-N2392HC/realtime/finn_design_inst_0_MVAU_hls_0_wstrm_0_stub.v:5]
WARNING: [Synth 8-7071] port 'awready' of module 'finn_design_inst_0_MVAU_hls_0_wstrm_0' is unconnected for instance 'MVAU_hls_0_wstrm' [/home/andreea/proiect_finn/output_ip_hardware_cu_maimulteepoici/stitched_ip/finn_vivado_stitch_proj.gen/sources_1/bd/design_1/bd/finn_design_inst_0/synth/finn_design_inst_0.v:62]
WARNING: [Synth 8-7071] port 'wready' of module 'finn_design_inst_0_MVAU_hls_0_wstrm_0' is unconnected for instance 'MVAU_hls_0_wstrm' [/home/andreea/proiect_finn/output_ip_hardware_cu_maimulteepoici/stitched_ip/finn_vivado_stitch_proj.gen/sources_1/bd/design_1/bd/finn_design_inst_0/synth/finn_design_inst_0.v:62]
WARNING: [Synth 8-7071] port 'bvalid' of module 'finn_design_inst_0_MVAU_hls_0_wstrm_0' is unconnected for instance 'MVAU_hls_0_wstrm' [/home/andreea/proiect_finn/output_ip_hardware_cu_maimulteepoici/stitched_ip/finn_vivado_stitch_proj.gen/sources_1/bd/design_1/bd/finn_design_inst_0/synth/finn_design_inst_0.v:62]
WARNING: [Synth 8-7071] port 'bresp' of module 'finn_design_inst_0_MVAU_hls_0_wstrm_0' is unconnected for instance 'MVAU_hls_0_wstrm' [/home/andreea/proiect_finn/output_ip_hardware_cu_maimulteepoici/stitched_ip/finn_vivado_stitch_proj.gen/sources_1/bd/design_1/bd/finn_design_inst_0/synth/finn_design_inst_0.v:62]
WARNING: [Synth 8-7071] port 'arready' of module 'finn_design_inst_0_MVAU_hls_0_wstrm_0' is unconnected for instance 'MVAU_hls_0_wstrm' [/home/andreea/proiect_finn/output_ip_hardware_cu_maimulteepoici/stitched_ip/finn_vivado_stitch_proj.gen/sources_1/bd/design_1/bd/finn_design_inst_0/synth/finn_design_inst_0.v:62]
WARNING: [Synth 8-7071] port 'rvalid' of module 'finn_design_inst_0_MVAU_hls_0_wstrm_0' is unconnected for instance 'MVAU_hls_0_wstrm' [/home/andreea/proiect_finn/output_ip_hardware_cu_maimulteepoici/stitched_ip/finn_vivado_stitch_proj.gen/sources_1/bd/design_1/bd/finn_design_inst_0/synth/finn_design_inst_0.v:62]
WARNING: [Synth 8-7071] port 'rresp' of module 'finn_design_inst_0_MVAU_hls_0_wstrm_0' is unconnected for instance 'MVAU_hls_0_wstrm' [/home/andreea/proiect_finn/output_ip_hardware_cu_maimulteepoici/stitched_ip/finn_vivado_stitch_proj.gen/sources_1/bd/design_1/bd/finn_design_inst_0/synth/finn_design_inst_0.v:62]
WARNING: [Synth 8-7071] port 'rdata' of module 'finn_design_inst_0_MVAU_hls_0_wstrm_0' is unconnected for instance 'MVAU_hls_0_wstrm' [/home/andreea/proiect_finn/output_ip_hardware_cu_maimulteepoici/stitched_ip/finn_vivado_stitch_proj.gen/sources_1/bd/design_1/bd/finn_design_inst_0/synth/finn_design_inst_0.v:62]
WARNING: [Synth 8-7023] instance 'MVAU_hls_0_wstrm' of module 'finn_design_inst_0_MVAU_hls_0_wstrm_0' has 24 connections declared, but only 16 given [/home/andreea/proiect_finn/output_ip_hardware_cu_maimulteepoici/stitched_ip/finn_vivado_stitch_proj.gen/sources_1/bd/design_1/bd/finn_design_inst_0/synth/finn_design_inst_0.v:62]
INFO: [Synth 8-6155] done synthesizing module 'MVAU_hls_0_imp_1W6HRI9' (0#1) [/home/andreea/proiect_finn/output_ip_hardware_cu_maimulteepoici/stitched_ip/finn_vivado_stitch_proj.gen/sources_1/bd/design_1/bd/finn_design_inst_0/synth/finn_design_inst_0.v:12]
INFO: [Synth 8-6157] synthesizing module 'MVAU_hls_1_imp_9J6P5L' [/home/andreea/proiect_finn/output_ip_hardware_cu_maimulteepoici/stitched_ip/finn_vivado_stitch_proj.gen/sources_1/bd/design_1/bd/finn_design_inst_0/synth/finn_design_inst_0.v:81]
INFO: [Synth 8-6157] synthesizing module 'finn_design_inst_0_MVAU_hls_1_0' [/home/andreea/proiect_finn/output_ip_hardware_cu_maimulteepoici/stitched_ip/finn_vivado_stitch_proj.runs/synth_1/.Xil/Vivado-1058379-DESKTOP-N2392HC/realtime/finn_design_inst_0_MVAU_hls_1_0_stub.v:5]
INFO: [Synth 8-6155] done synthesizing module 'finn_design_inst_0_MVAU_hls_1_0' (0#1) [/home/andreea/proiect_finn/output_ip_hardware_cu_maimulteepoici/stitched_ip/finn_vivado_stitch_proj.runs/synth_1/.Xil/Vivado-1058379-DESKTOP-N2392HC/realtime/finn_design_inst_0_MVAU_hls_1_0_stub.v:5]
INFO: [Synth 8-6157] synthesizing module 'finn_design_inst_0_MVAU_hls_1_wstrm_0' [/home/andreea/proiect_finn/output_ip_hardware_cu_maimulteepoici/stitched_ip/finn_vivado_stitch_proj.runs/synth_1/.Xil/Vivado-1058379-DESKTOP-N2392HC/realtime/finn_design_inst_0_MVAU_hls_1_wstrm_0_stub.v:5]
INFO: [Synth 8-6155] done synthesizing module 'finn_design_inst_0_MVAU_hls_1_wstrm_0' (0#1) [/home/andreea/proiect_finn/output_ip_hardware_cu_maimulteepoici/stitched_ip/finn_vivado_stitch_proj.runs/synth_1/.Xil/Vivado-1058379-DESKTOP-N2392HC/realtime/finn_design_inst_0_MVAU_hls_1_wstrm_0_stub.v:5]
WARNING: [Synth 8-7071] port 'awready' of module 'finn_design_inst_0_MVAU_hls_1_wstrm_0' is unconnected for instance 'MVAU_hls_1_wstrm' [/home/andreea/proiect_finn/output_ip_hardware_cu_maimulteepoici/stitched_ip/finn_vivado_stitch_proj.gen/sources_1/bd/design_1/bd/finn_design_inst_0/synth/finn_design_inst_0.v:131]
WARNING: [Synth 8-7071] port 'wready' of module 'finn_design_inst_0_MVAU_hls_1_wstrm_0' is unconnected for instance 'MVAU_hls_1_wstrm' [/home/andreea/proiect_finn/output_ip_hardware_cu_maimulteepoici/stitched_ip/finn_vivado_stitch_proj.gen/sources_1/bd/design_1/bd/finn_design_inst_0/synth/finn_design_inst_0.v:131]
WARNING: [Synth 8-7071] port 'bvalid' of module 'finn_design_inst_0_MVAU_hls_1_wstrm_0' is unconnected for instance 'MVAU_hls_1_wstrm' [/home/andreea/proiect_finn/output_ip_hardware_cu_maimulteepoici/stitched_ip/finn_vivado_stitch_proj.gen/sources_1/bd/design_1/bd/finn_design_inst_0/synth/finn_design_inst_0.v:131]
WARNING: [Synth 8-7071] port 'bresp' of module 'finn_design_inst_0_MVAU_hls_1_wstrm_0' is unconnected for instance 'MVAU_hls_1_wstrm' [/home/andreea/proiect_finn/output_ip_hardware_cu_maimulteepoici/stitched_ip/finn_vivado_stitch_proj.gen/sources_1/bd/design_1/bd/finn_design_inst_0/synth/finn_design_inst_0.v:131]
WARNING: [Synth 8-7071] port 'arready' of module 'finn_design_inst_0_MVAU_hls_1_wstrm_0' is unconnected for instance 'MVAU_hls_1_wstrm' [/home/andreea/proiect_finn/output_ip_hardware_cu_maimulteepoici/stitched_ip/finn_vivado_stitch_proj.gen/sources_1/bd/design_1/bd/finn_design_inst_0/synth/finn_design_inst_0.v:131]
WARNING: [Synth 8-7071] port 'rvalid' of module 'finn_design_inst_0_MVAU_hls_1_wstrm_0' is unconnected for instance 'MVAU_hls_1_wstrm' [/home/andreea/proiect_finn/output_ip_hardware_cu_maimulteepoici/stitched_ip/finn_vivado_stitch_proj.gen/sources_1/bd/design_1/bd/finn_design_inst_0/synth/finn_design_inst_0.v:131]
WARNING: [Synth 8-7071] port 'rresp' of module 'finn_design_inst_0_MVAU_hls_1_wstrm_0' is unconnected for instance 'MVAU_hls_1_wstrm' [/home/andreea/proiect_finn/output_ip_hardware_cu_maimulteepoici/stitched_ip/finn_vivado_stitch_proj.gen/sources_1/bd/design_1/bd/finn_design_inst_0/synth/finn_design_inst_0.v:131]
WARNING: [Synth 8-7071] port 'rdata' of module 'finn_design_inst_0_MVAU_hls_1_wstrm_0' is unconnected for instance 'MVAU_hls_1_wstrm' [/home/andreea/proiect_finn/output_ip_hardware_cu_maimulteepoici/stitched_ip/finn_vivado_stitch_proj.gen/sources_1/bd/design_1/bd/finn_design_inst_0/synth/finn_design_inst_0.v:131]
WARNING: [Synth 8-7023] instance 'MVAU_hls_1_wstrm' of module 'finn_design_inst_0_MVAU_hls_1_wstrm_0' has 24 connections declared, but only 16 given [/home/andreea/proiect_finn/output_ip_hardware_cu_maimulteepoici/stitched_ip/finn_vivado_stitch_proj.gen/sources_1/bd/design_1/bd/finn_design_inst_0/synth/finn_design_inst_0.v:131]
INFO: [Synth 8-6155] done synthesizing module 'MVAU_hls_1_imp_9J6P5L' (0#1) [/home/andreea/proiect_finn/output_ip_hardware_cu_maimulteepoici/stitched_ip/finn_vivado_stitch_proj.gen/sources_1/bd/design_1/bd/finn_design_inst_0/synth/finn_design_inst_0.v:81]
INFO: [Synth 8-6157] synthesizing module 'MVAU_rtl_0_imp_424MF5' [/home/andreea/proiect_finn/output_ip_hardware_cu_maimulteepoici/stitched_ip/finn_vivado_stitch_proj.gen/sources_1/bd/design_1/bd/finn_design_inst_0/synth/finn_design_inst_0.v:150]
INFO: [Synth 8-6157] synthesizing module 'finn_design_inst_0_MVAU_rtl_0_0' [/home/andreea/proiect_finn/output_ip_hardware_cu_maimulteepoici/stitched_ip/finn_vivado_stitch_proj.runs/synth_1/.Xil/Vivado-1058379-DESKTOP-N2392HC/realtime/finn_design_inst_0_MVAU_rtl_0_0_stub.v:5]
INFO: [Synth 8-6155] done synthesizing module 'finn_design_inst_0_MVAU_rtl_0_0' (0#1) [/home/andreea/proiect_finn/output_ip_hardware_cu_maimulteepoici/stitched_ip/finn_vivado_stitch_proj.runs/synth_1/.Xil/Vivado-1058379-DESKTOP-N2392HC/realtime/finn_design_inst_0_MVAU_rtl_0_0_stub.v:5]
INFO: [Synth 8-6157] synthesizing module 'finn_design_inst_0_MVAU_rtl_0_wstrm_0' [/home/andreea/proiect_finn/output_ip_hardware_cu_maimulteepoici/stitched_ip/finn_vivado_stitch_proj.runs/synth_1/.Xil/Vivado-1058379-DESKTOP-N2392HC/realtime/finn_design_inst_0_MVAU_rtl_0_wstrm_0_stub.v:5]
INFO: [Synth 8-6155] done synthesizing module 'finn_design_inst_0_MVAU_rtl_0_wstrm_0' (0#1) [/home/andreea/proiect_finn/output_ip_hardware_cu_maimulteepoici/stitched_ip/finn_vivado_stitch_proj.runs/synth_1/.Xil/Vivado-1058379-DESKTOP-N2392HC/realtime/finn_design_inst_0_MVAU_rtl_0_wstrm_0_stub.v:5]
WARNING: [Synth 8-7071] port 'awready' of module 'finn_design_inst_0_MVAU_rtl_0_wstrm_0' is unconnected for instance 'MVAU_rtl_0_wstrm' [/home/andreea/proiect_finn/output_ip_hardware_cu_maimulteepoici/stitched_ip/finn_vivado_stitch_proj.gen/sources_1/bd/design_1/bd/finn_design_inst_0/synth/finn_design_inst_0.v:200]
WARNING: [Synth 8-7071] port 'wready' of module 'finn_design_inst_0_MVAU_rtl_0_wstrm_0' is unconnected for instance 'MVAU_rtl_0_wstrm' [/home/andreea/proiect_finn/output_ip_hardware_cu_maimulteepoici/stitched_ip/finn_vivado_stitch_proj.gen/sources_1/bd/design_1/bd/finn_design_inst_0/synth/finn_design_inst_0.v:200]
WARNING: [Synth 8-7071] port 'bvalid' of module 'finn_design_inst_0_MVAU_rtl_0_wstrm_0' is unconnected for instance 'MVAU_rtl_0_wstrm' [/home/andreea/proiect_finn/output_ip_hardware_cu_maimulteepoici/stitched_ip/finn_vivado_stitch_proj.gen/sources_1/bd/design_1/bd/finn_design_inst_0/synth/finn_design_inst_0.v:200]
WARNING: [Synth 8-7071] port 'bresp' of module 'finn_design_inst_0_MVAU_rtl_0_wstrm_0' is unconnected for instance 'MVAU_rtl_0_wstrm' [/home/andreea/proiect_finn/output_ip_hardware_cu_maimulteepoici/stitched_ip/finn_vivado_stitch_proj.gen/sources_1/bd/design_1/bd/finn_design_inst_0/synth/finn_design_inst_0.v:200]
WARNING: [Synth 8-7071] port 'arready' of module 'finn_design_inst_0_MVAU_rtl_0_wstrm_0' is unconnected for instance 'MVAU_rtl_0_wstrm' [/home/andreea/proiect_finn/output_ip_hardware_cu_maimulteepoici/stitched_ip/finn_vivado_stitch_proj.gen/sources_1/bd/design_1/bd/finn_design_inst_0/synth/finn_design_inst_0.v:200]
WARNING: [Synth 8-7071] port 'rvalid' of module 'finn_design_inst_0_MVAU_rtl_0_wstrm_0' is unconnected for instance 'MVAU_rtl_0_wstrm' [/home/andreea/proiect_finn/output_ip_hardware_cu_maimulteepoici/stitched_ip/finn_vivado_stitch_proj.gen/sources_1/bd/design_1/bd/finn_design_inst_0/synth/finn_design_inst_0.v:200]
WARNING: [Synth 8-7071] port 'rresp' of module 'finn_design_inst_0_MVAU_rtl_0_wstrm_0' is unconnected for instance 'MVAU_rtl_0_wstrm' [/home/andreea/proiect_finn/output_ip_hardware_cu_maimulteepoici/stitched_ip/finn_vivado_stitch_proj.gen/sources_1/bd/design_1/bd/finn_design_inst_0/synth/finn_design_inst_0.v:200]
WARNING: [Synth 8-7071] port 'rdata' of module 'finn_design_inst_0_MVAU_rtl_0_wstrm_0' is unconnected for instance 'MVAU_rtl_0_wstrm' [/home/andreea/proiect_finn/output_ip_hardware_cu_maimulteepoici/stitched_ip/finn_vivado_stitch_proj.gen/sources_1/bd/design_1/bd/finn_design_inst_0/synth/finn_design_inst_0.v:200]
WARNING: [Synth 8-7023] instance 'MVAU_rtl_0_wstrm' of module 'finn_design_inst_0_MVAU_rtl_0_wstrm_0' has 24 connections declared, but only 16 given [/home/andreea/proiect_finn/output_ip_hardware_cu_maimulteepoici/stitched_ip/finn_vivado_stitch_proj.gen/sources_1/bd/design_1/bd/finn_design_inst_0/synth/finn_design_inst_0.v:200]
INFO: [Synth 8-6155] done synthesizing module 'MVAU_rtl_0_imp_424MF5' (0#1) [/home/andreea/proiect_finn/output_ip_hardware_cu_maimulteepoici/stitched_ip/finn_vivado_stitch_proj.gen/sources_1/bd/design_1/bd/finn_design_inst_0/synth/finn_design_inst_0.v:150]
INFO: [Synth 8-6157] synthesizing module 'finn_design_inst_0_StreamingDataWidthConverter_rtl_0_0' [/home/andreea/proiect_finn/output_ip_hardware_cu_maimulteepoici/stitched_ip/finn_vivado_stitch_proj.runs/synth_1/.Xil/Vivado-1058379-DESKTOP-N2392HC/realtime/finn_design_inst_0_StreamingDataWidthConverter_rtl_0_0_stub.v:5]
INFO: [Synth 8-6155] done synthesizing module 'finn_design_inst_0_StreamingDataWidthConverter_rtl_0_0' (0#1) [/home/andreea/proiect_finn/output_ip_hardware_cu_maimulteepoici/stitched_ip/finn_vivado_stitch_proj.runs/synth_1/.Xil/Vivado-1058379-DESKTOP-N2392HC/realtime/finn_design_inst_0_StreamingDataWidthConverter_rtl_0_0_stub.v:5]
INFO: [Synth 8-6157] synthesizing module 'finn_design_inst_0_StreamingDataWidthConverter_rtl_1_0' [/home/andreea/proiect_finn/output_ip_hardware_cu_maimulteepoici/stitched_ip/finn_vivado_stitch_proj.runs/synth_1/.Xil/Vivado-1058379-DESKTOP-N2392HC/realtime/finn_design_inst_0_StreamingDataWidthConverter_rtl_1_0_stub.v:5]
INFO: [Synth 8-6155] done synthesizing module 'finn_design_inst_0_StreamingDataWidthConverter_rtl_1_0' (0#1) [/home/andreea/proiect_finn/output_ip_hardware_cu_maimulteepoici/stitched_ip/finn_vivado_stitch_proj.runs/synth_1/.Xil/Vivado-1058379-DESKTOP-N2392HC/realtime/finn_design_inst_0_StreamingDataWidthConverter_rtl_1_0_stub.v:5]
INFO: [Synth 8-6157] synthesizing module 'finn_design_inst_0_StreamingDataWidthConverter_rtl_2_0' [/home/andreea/proiect_finn/output_ip_hardware_cu_maimulteepoici/stitched_ip/finn_vivado_stitch_proj.runs/synth_1/.Xil/Vivado-1058379-DESKTOP-N2392HC/realtime/finn_design_inst_0_StreamingDataWidthConverter_rtl_2_0_stub.v:5]
INFO: [Synth 8-6155] done synthesizing module 'finn_design_inst_0_StreamingDataWidthConverter_rtl_2_0' (0#1) [/home/andreea/proiect_finn/output_ip_hardware_cu_maimulteepoici/stitched_ip/finn_vivado_stitch_proj.runs/synth_1/.Xil/Vivado-1058379-DESKTOP-N2392HC/realtime/finn_design_inst_0_StreamingDataWidthConverter_rtl_2_0_stub.v:5]
INFO: [Synth 8-6157] synthesizing module 'finn_design_inst_0_StreamingFIFO_rtl_0_0' [/home/andreea/proiect_finn/output_ip_hardware_cu_maimulteepoici/stitched_ip/finn_vivado_stitch_proj.runs/synth_1/.Xil/Vivado-1058379-DESKTOP-N2392HC/realtime/finn_design_inst_0_StreamingFIFO_rtl_0_0_stub.v:5]
INFO: [Synth 8-6155] done synthesizing module 'finn_design_inst_0_StreamingFIFO_rtl_0_0' (0#1) [/home/andreea/proiect_finn/output_ip_hardware_cu_maimulteepoici/stitched_ip/finn_vivado_stitch_proj.runs/synth_1/.Xil/Vivado-1058379-DESKTOP-N2392HC/realtime/finn_design_inst_0_StreamingFIFO_rtl_0_0_stub.v:5]
WARNING: [Synth 8-7071] port 'count' of module 'finn_design_inst_0_StreamingFIFO_rtl_0_0' is unconnected for instance 'StreamingFIFO_rtl_0' [/home/andreea/proiect_finn/output_ip_hardware_cu_maimulteepoici/stitched_ip/finn_vivado_stitch_proj.gen/sources_1/bd/design_1/bd/finn_design_inst_0/synth/finn_design_inst_0.v:528]
WARNING: [Synth 8-7071] port 'maxcount' of module 'finn_design_inst_0_StreamingFIFO_rtl_0_0' is unconnected for instance 'StreamingFIFO_rtl_0' [/home/andreea/proiect_finn/output_ip_hardware_cu_maimulteepoici/stitched_ip/finn_vivado_stitch_proj.gen/sources_1/bd/design_1/bd/finn_design_inst_0/synth/finn_design_inst_0.v:528]
WARNING: [Synth 8-7023] instance 'StreamingFIFO_rtl_0' of module 'finn_design_inst_0_StreamingFIFO_rtl_0_0' has 10 connections declared, but only 8 given [/home/andreea/proiect_finn/output_ip_hardware_cu_maimulteepoici/stitched_ip/finn_vivado_stitch_proj.gen/sources_1/bd/design_1/bd/finn_design_inst_0/synth/finn_design_inst_0.v:528]
INFO: [Synth 8-6157] synthesizing module 'StreamingFIFO_rtl_1_imp_1S6JKOP' [/home/andreea/proiect_finn/output_ip_hardware_cu_maimulteepoici/stitched_ip/finn_vivado_stitch_proj.gen/sources_1/bd/design_1/bd/finn_design_inst_0/synth/finn_design_inst_0.v:219]
INFO: [Synth 8-6157] synthesizing module 'finn_design_inst_0_fifo_0' [/home/andreea/proiect_finn/output_ip_hardware_cu_maimulteepoici/stitched_ip/finn_vivado_stitch_proj.runs/synth_1/.Xil/Vivado-1058379-DESKTOP-N2392HC/realtime/finn_design_inst_0_fifo_0_stub.v:5]
INFO: [Synth 8-6155] done synthesizing module 'finn_design_inst_0_fifo_0' (0#1) [/home/andreea/proiect_finn/output_ip_hardware_cu_maimulteepoici/stitched_ip/finn_vivado_stitch_proj.runs/synth_1/.Xil/Vivado-1058379-DESKTOP-N2392HC/realtime/finn_design_inst_0_fifo_0_stub.v:5]
INFO: [Synth 8-6155] done synthesizing module 'StreamingFIFO_rtl_1_imp_1S6JKOP' (0#1) [/home/andreea/proiect_finn/output_ip_hardware_cu_maimulteepoici/stitched_ip/finn_vivado_stitch_proj.gen/sources_1/bd/design_1/bd/finn_design_inst_0/synth/finn_design_inst_0.v:219]
INFO: [Synth 8-6157] synthesizing module 'StreamingFIFO_rtl_2_imp_IVH3O0' [/home/andreea/proiect_finn/output_ip_hardware_cu_maimulteepoici/stitched_ip/finn_vivado_stitch_proj.gen/sources_1/bd/design_1/bd/finn_design_inst_0/synth/finn_design_inst_0.v:265]
INFO: [Synth 8-6157] synthesizing module 'finn_design_inst_0_fifo_1' [/home/andreea/proiect_finn/output_ip_hardware_cu_maimulteepoici/stitched_ip/finn_vivado_stitch_proj.runs/synth_1/.Xil/Vivado-1058379-DESKTOP-N2392HC/realtime/finn_design_inst_0_fifo_1_stub.v:5]
INFO: [Synth 8-6155] done synthesizing module 'finn_design_inst_0_fifo_1' (0#1) [/home/andreea/proiect_finn/output_ip_hardware_cu_maimulteepoici/stitched_ip/finn_vivado_stitch_proj.runs/synth_1/.Xil/Vivado-1058379-DESKTOP-N2392HC/realtime/finn_design_inst_0_fifo_1_stub.v:5]
INFO: [Synth 8-6155] done synthesizing module 'StreamingFIFO_rtl_2_imp_IVH3O0' (0#1) [/home/andreea/proiect_finn/output_ip_hardware_cu_maimulteepoici/stitched_ip/finn_vivado_stitch_proj.gen/sources_1/bd/design_1/bd/finn_design_inst_0/synth/finn_design_inst_0.v:265]
INFO: [Synth 8-6157] synthesizing module 'StreamingFIFO_rtl_3_imp_1519K7C' [/home/andreea/proiect_finn/output_ip_hardware_cu_maimulteepoici/stitched_ip/finn_vivado_stitch_proj.gen/sources_1/bd/design_1/bd/finn_design_inst_0/synth/finn_design_inst_0.v:311]
INFO: [Synth 8-6157] synthesizing module 'finn_design_inst_0_fifo_2' [/home/andreea/proiect_finn/output_ip_hardware_cu_maimulteepoici/stitched_ip/finn_vivado_stitch_proj.runs/synth_1/.Xil/Vivado-1058379-DESKTOP-N2392HC/realtime/finn_design_inst_0_fifo_2_stub.v:5]
INFO: [Synth 8-6155] done synthesizing module 'finn_design_inst_0_fifo_2' (0#1) [/home/andreea/proiect_finn/output_ip_hardware_cu_maimulteepoici/stitched_ip/finn_vivado_stitch_proj.runs/synth_1/.Xil/Vivado-1058379-DESKTOP-N2392HC/realtime/finn_design_inst_0_fifo_2_stub.v:5]
INFO: [Synth 8-6155] done synthesizing module 'StreamingFIFO_rtl_3_imp_1519K7C' (0#1) [/home/andreea/proiect_finn/output_ip_hardware_cu_maimulteepoici/stitched_ip/finn_vivado_stitch_proj.gen/sources_1/bd/design_1/bd/finn_design_inst_0/synth/finn_design_inst_0.v:311]
INFO: [Synth 8-6157] synthesizing module 'finn_design_inst_0_StreamingFIFO_rtl_4_0' [/home/andreea/proiect_finn/output_ip_hardware_cu_maimulteepoici/stitched_ip/finn_vivado_stitch_proj.runs/synth_1/.Xil/Vivado-1058379-DESKTOP-N2392HC/realtime/finn_design_inst_0_StreamingFIFO_rtl_4_0_stub.v:5]
INFO: [Synth 8-6155] done synthesizing module 'finn_design_inst_0_StreamingFIFO_rtl_4_0' (0#1) [/home/andreea/proiect_finn/output_ip_hardware_cu_maimulteepoici/stitched_ip/finn_vivado_stitch_proj.runs/synth_1/.Xil/Vivado-1058379-DESKTOP-N2392HC/realtime/finn_design_inst_0_StreamingFIFO_rtl_4_0_stub.v:5]
WARNING: [Synth 8-7071] port 'count' of module 'finn_design_inst_0_StreamingFIFO_rtl_4_0' is unconnected for instance 'StreamingFIFO_rtl_4' [/home/andreea/proiect_finn/output_ip_hardware_cu_maimulteepoici/stitched_ip/finn_vivado_stitch_proj.gen/sources_1/bd/design_1/bd/finn_design_inst_0/synth/finn_design_inst_0.v:564]
WARNING: [Synth 8-7071] port 'maxcount' of module 'finn_design_inst_0_StreamingFIFO_rtl_4_0' is unconnected for instance 'StreamingFIFO_rtl_4' [/home/andreea/proiect_finn/output_ip_hardware_cu_maimulteepoici/stitched_ip/finn_vivado_stitch_proj.gen/sources_1/bd/design_1/bd/finn_design_inst_0/synth/finn_design_inst_0.v:564]
WARNING: [Synth 8-7023] instance 'StreamingFIFO_rtl_4' of module 'finn_design_inst_0_StreamingFIFO_rtl_4_0' has 10 connections declared, but only 8 given [/home/andreea/proiect_finn/output_ip_hardware_cu_maimulteepoici/stitched_ip/finn_vivado_stitch_proj.gen/sources_1/bd/design_1/bd/finn_design_inst_0/synth/finn_design_inst_0.v:564]
INFO: [Synth 8-6157] synthesizing module 'finn_design_inst_0_StreamingFIFO_rtl_5_0' [/home/andreea/proiect_finn/output_ip_hardware_cu_maimulteepoici/stitched_ip/finn_vivado_stitch_proj.runs/synth_1/.Xil/Vivado-1058379-DESKTOP-N2392HC/realtime/finn_design_inst_0_StreamingFIFO_rtl_5_0_stub.v:5]
INFO: [Synth 8-6155] done synthesizing module 'finn_design_inst_0_StreamingFIFO_rtl_5_0' (0#1) [/home/andreea/proiect_finn/output_ip_hardware_cu_maimulteepoici/stitched_ip/finn_vivado_stitch_proj.runs/synth_1/.Xil/Vivado-1058379-DESKTOP-N2392HC/realtime/finn_design_inst_0_StreamingFIFO_rtl_5_0_stub.v:5]
WARNING: [Synth 8-7071] port 'count' of module 'finn_design_inst_0_StreamingFIFO_rtl_5_0' is unconnected for instance 'StreamingFIFO_rtl_5' [/home/andreea/proiect_finn/output_ip_hardware_cu_maimulteepoici/stitched_ip/finn_vivado_stitch_proj.gen/sources_1/bd/design_1/bd/finn_design_inst_0/synth/finn_design_inst_0.v:573]
WARNING: [Synth 8-7071] port 'maxcount' of module 'finn_design_inst_0_StreamingFIFO_rtl_5_0' is unconnected for instance 'StreamingFIFO_rtl_5' [/home/andreea/proiect_finn/output_ip_hardware_cu_maimulteepoici/stitched_ip/finn_vivado_stitch_proj.gen/sources_1/bd/design_1/bd/finn_design_inst_0/synth/finn_design_inst_0.v:573]
WARNING: [Synth 8-7023] instance 'StreamingFIFO_rtl_5' of module 'finn_design_inst_0_StreamingFIFO_rtl_5_0' has 10 connections declared, but only 8 given [/home/andreea/proiect_finn/output_ip_hardware_cu_maimulteepoici/stitched_ip/finn_vivado_stitch_proj.gen/sources_1/bd/design_1/bd/finn_design_inst_0/synth/finn_design_inst_0.v:573]
INFO: [Synth 8-6157] synthesizing module 'finn_design_inst_0_StreamingFIFO_rtl_6_0' [/home/andreea/proiect_finn/output_ip_hardware_cu_maimulteepoici/stitched_ip/finn_vivado_stitch_proj.runs/synth_1/.Xil/Vivado-1058379-DESKTOP-N2392HC/realtime/finn_design_inst_0_StreamingFIFO_rtl_6_0_stub.v:5]
INFO: [Synth 8-6155] done synthesizing module 'finn_design_inst_0_StreamingFIFO_rtl_6_0' (0#1) [/home/andreea/proiect_finn/output_ip_hardware_cu_maimulteepoici/stitched_ip/finn_vivado_stitch_proj.runs/synth_1/.Xil/Vivado-1058379-DESKTOP-N2392HC/realtime/finn_design_inst_0_StreamingFIFO_rtl_6_0_stub.v:5]
WARNING: [Synth 8-7071] port 'count' of module 'finn_design_inst_0_StreamingFIFO_rtl_6_0' is unconnected for instance 'StreamingFIFO_rtl_6' [/home/andreea/proiect_finn/output_ip_hardware_cu_maimulteepoici/stitched_ip/finn_vivado_stitch_proj.gen/sources_1/bd/design_1/bd/finn_design_inst_0/synth/finn_design_inst_0.v:582]
WARNING: [Synth 8-7071] port 'maxcount' of module 'finn_design_inst_0_StreamingFIFO_rtl_6_0' is unconnected for instance 'StreamingFIFO_rtl_6' [/home/andreea/proiect_finn/output_ip_hardware_cu_maimulteepoici/stitched_ip/finn_vivado_stitch_proj.gen/sources_1/bd/design_1/bd/finn_design_inst_0/synth/finn_design_inst_0.v:582]
WARNING: [Synth 8-7023] instance 'StreamingFIFO_rtl_6' of module 'finn_design_inst_0_StreamingFIFO_rtl_6_0' has 10 connections declared, but only 8 given [/home/andreea/proiect_finn/output_ip_hardware_cu_maimulteepoici/stitched_ip/finn_vivado_stitch_proj.gen/sources_1/bd/design_1/bd/finn_design_inst_0/synth/finn_design_inst_0.v:582]
INFO: [Synth 8-6157] synthesizing module 'finn_design_inst_0_StreamingFIFO_rtl_7_0' [/home/andreea/proiect_finn/output_ip_hardware_cu_maimulteepoici/stitched_ip/finn_vivado_stitch_proj.runs/synth_1/.Xil/Vivado-1058379-DESKTOP-N2392HC/realtime/finn_design_inst_0_StreamingFIFO_rtl_7_0_stub.v:5]
INFO: [Synth 8-6155] done synthesizing module 'finn_design_inst_0_StreamingFIFO_rtl_7_0' (0#1) [/home/andreea/proiect_finn/output_ip_hardware_cu_maimulteepoici/stitched_ip/finn_vivado_stitch_proj.runs/synth_1/.Xil/Vivado-1058379-DESKTOP-N2392HC/realtime/finn_design_inst_0_StreamingFIFO_rtl_7_0_stub.v:5]
WARNING: [Synth 8-7071] port 'count' of module 'finn_design_inst_0_StreamingFIFO_rtl_7_0' is unconnected for instance 'StreamingFIFO_rtl_7' [/home/andreea/proiect_finn/output_ip_hardware_cu_maimulteepoici/stitched_ip/finn_vivado_stitch_proj.gen/sources_1/bd/design_1/bd/finn_design_inst_0/synth/finn_design_inst_0.v:591]
WARNING: [Synth 8-7071] port 'maxcount' of module 'finn_design_inst_0_StreamingFIFO_rtl_7_0' is unconnected for instance 'StreamingFIFO_rtl_7' [/home/andreea/proiect_finn/output_ip_hardware_cu_maimulteepoici/stitched_ip/finn_vivado_stitch_proj.gen/sources_1/bd/design_1/bd/finn_design_inst_0/synth/finn_design_inst_0.v:591]
WARNING: [Synth 8-7023] instance 'StreamingFIFO_rtl_7' of module 'finn_design_inst_0_StreamingFIFO_rtl_7_0' has 10 connections declared, but only 8 given [/home/andreea/proiect_finn/output_ip_hardware_cu_maimulteepoici/stitched_ip/finn_vivado_stitch_proj.gen/sources_1/bd/design_1/bd/finn_design_inst_0/synth/finn_design_inst_0.v:591]
INFO: [Synth 8-6157] synthesizing module 'finn_design_inst_0_StreamingFIFO_rtl_8_0' [/home/andreea/proiect_finn/output_ip_hardware_cu_maimulteepoici/stitched_ip/finn_vivado_stitch_proj.runs/synth_1/.Xil/Vivado-1058379-DESKTOP-N2392HC/realtime/finn_design_inst_0_StreamingFIFO_rtl_8_0_stub.v:5]
INFO: [Synth 8-6155] done synthesizing module 'finn_design_inst_0_StreamingFIFO_rtl_8_0' (0#1) [/home/andreea/proiect_finn/output_ip_hardware_cu_maimulteepoici/stitched_ip/finn_vivado_stitch_proj.runs/synth_1/.Xil/Vivado-1058379-DESKTOP-N2392HC/realtime/finn_design_inst_0_StreamingFIFO_rtl_8_0_stub.v:5]
WARNING: [Synth 8-7071] port 'count' of module 'finn_design_inst_0_StreamingFIFO_rtl_8_0' is unconnected for instance 'StreamingFIFO_rtl_8' [/home/andreea/proiect_finn/output_ip_hardware_cu_maimulteepoici/stitched_ip/finn_vivado_stitch_proj.gen/sources_1/bd/design_1/bd/finn_design_inst_0/synth/finn_design_inst_0.v:600]
WARNING: [Synth 8-7071] port 'maxcount' of module 'finn_design_inst_0_StreamingFIFO_rtl_8_0' is unconnected for instance 'StreamingFIFO_rtl_8' [/home/andreea/proiect_finn/output_ip_hardware_cu_maimulteepoici/stitched_ip/finn_vivado_stitch_proj.gen/sources_1/bd/design_1/bd/finn_design_inst_0/synth/finn_design_inst_0.v:600]
WARNING: [Synth 8-7023] instance 'StreamingFIFO_rtl_8' of module 'finn_design_inst_0_StreamingFIFO_rtl_8_0' has 10 connections declared, but only 8 given [/home/andreea/proiect_finn/output_ip_hardware_cu_maimulteepoici/stitched_ip/finn_vivado_stitch_proj.gen/sources_1/bd/design_1/bd/finn_design_inst_0/synth/finn_design_inst_0.v:600]
INFO: [Synth 8-6157] synthesizing module 'finn_design_inst_0_StreamingFIFO_rtl_9_0' [/home/andreea/proiect_finn/output_ip_hardware_cu_maimulteepoici/stitched_ip/finn_vivado_stitch_proj.runs/synth_1/.Xil/Vivado-1058379-DESKTOP-N2392HC/realtime/finn_design_inst_0_StreamingFIFO_rtl_9_0_stub.v:5]
INFO: [Synth 8-6155] done synthesizing module 'finn_design_inst_0_StreamingFIFO_rtl_9_0' (0#1) [/home/andreea/proiect_finn/output_ip_hardware_cu_maimulteepoici/stitched_ip/finn_vivado_stitch_proj.runs/synth_1/.Xil/Vivado-1058379-DESKTOP-N2392HC/realtime/finn_design_inst_0_StreamingFIFO_rtl_9_0_stub.v:5]
WARNING: [Synth 8-7071] port 'count' of module 'finn_design_inst_0_StreamingFIFO_rtl_9_0' is unconnected for instance 'StreamingFIFO_rtl_9' [/home/andreea/proiect_finn/output_ip_hardware_cu_maimulteepoici/stitched_ip/finn_vivado_stitch_proj.gen/sources_1/bd/design_1/bd/finn_design_inst_0/synth/finn_design_inst_0.v:609]
WARNING: [Synth 8-7071] port 'maxcount' of module 'finn_design_inst_0_StreamingFIFO_rtl_9_0' is unconnected for instance 'StreamingFIFO_rtl_9' [/home/andreea/proiect_finn/output_ip_hardware_cu_maimulteepoici/stitched_ip/finn_vivado_stitch_proj.gen/sources_1/bd/design_1/bd/finn_design_inst_0/synth/finn_design_inst_0.v:609]
WARNING: [Synth 8-7023] instance 'StreamingFIFO_rtl_9' of module 'finn_design_inst_0_StreamingFIFO_rtl_9_0' has 10 connections declared, but only 8 given [/home/andreea/proiect_finn/output_ip_hardware_cu_maimulteepoici/stitched_ip/finn_vivado_stitch_proj.gen/sources_1/bd/design_1/bd/finn_design_inst_0/synth/finn_design_inst_0.v:609]
INFO: [Synth 8-6157] synthesizing module 'finn_design_inst_0_StreamingMaxPool_hls_0_0' [/home/andreea/proiect_finn/output_ip_hardware_cu_maimulteepoici/stitched_ip/finn_vivado_stitch_proj.runs/synth_1/.Xil/Vivado-1058379-DESKTOP-N2392HC/realtime/finn_design_inst_0_StreamingMaxPool_hls_0_0_stub.v:5]
INFO: [Synth 8-6155] done synthesizing module 'finn_design_inst_0_StreamingMaxPool_hls_0_0' (0#1) [/home/andreea/proiect_finn/output_ip_hardware_cu_maimulteepoici/stitched_ip/finn_vivado_stitch_proj.runs/synth_1/.Xil/Vivado-1058379-DESKTOP-N2392HC/realtime/finn_design_inst_0_StreamingMaxPool_hls_0_0_stub.v:5]
INFO: [Synth 8-6155] done synthesizing module 'finn_design_inst_0' (0#1) [/home/andreea/proiect_finn/output_ip_hardware_cu_maimulteepoici/stitched_ip/finn_vivado_stitch_proj.gen/sources_1/bd/design_1/bd/finn_design_inst_0/synth/finn_design_inst_0.v:357]
INFO: [Synth 8-6157] synthesizing module 'hdmi_imp_17KSCWG' [/home/andreea/proiect_finn/output_ip_hardware_cu_maimulteepoici/stitched_ip/finn_vivado_stitch_proj.gen/sources_1/bd/design_1/synth/design_1.v:1949]
INFO: [Synth 8-6157] synthesizing module 'design_1_axi_dynclk_0_0' [/home/andreea/proiect_finn/output_ip_hardware_cu_maimulteepoici/stitched_ip/finn_vivado_stitch_proj.runs/synth_1/.Xil/Vivado-1058379-DESKTOP-N2392HC/realtime/design_1_axi_dynclk_0_0_stub.v:5]
INFO: [Synth 8-6155] done synthesizing module 'design_1_axi_dynclk_0_0' (0#1) [/home/andreea/proiect_finn/output_ip_hardware_cu_maimulteepoici/stitched_ip/finn_vivado_stitch_proj.runs/synth_1/.Xil/Vivado-1058379-DESKTOP-N2392HC/realtime/design_1_axi_dynclk_0_0_stub.v:5]
INFO: [Synth 8-6157] synthesizing module 'design_1_axi_mem_intercon_0' [/home/andreea/proiect_finn/output_ip_hardware_cu_maimulteepoici/stitched_ip/finn_vivado_stitch_proj.gen/sources_1/bd/design_1/synth/design_1.v:845]
INFO: [Synth 8-6157] synthesizing module 's00_couplers_imp_VSVCD3' [/home/andreea/proiect_finn/output_ip_hardware_cu_maimulteepoici/stitched_ip/finn_vivado_stitch_proj.gen/sources_1/bd/design_1/synth/design_1.v:3432]
INFO: [Synth 8-6157] synthesizing module 'design_1_auto_pc_1' [/home/andreea/proiect_finn/output_ip_hardware_cu_maimulteepoici/stitched_ip/finn_vivado_stitch_proj.runs/synth_1/.Xil/Vivado-1058379-DESKTOP-N2392HC/realtime/design_1_auto_pc_1_stub.v:5]
INFO: [Synth 8-6155] done synthesizing module 'design_1_auto_pc_1' (0#1) [/home/andreea/proiect_finn/output_ip_hardware_cu_maimulteepoici/stitched_ip/finn_vivado_stitch_proj.runs/synth_1/.Xil/Vivado-1058379-DESKTOP-N2392HC/realtime/design_1_auto_pc_1_stub.v:5]
INFO: [Synth 8-6155] done synthesizing module 's00_couplers_imp_VSVCD3' (0#1) [/home/andreea/proiect_finn/output_ip_hardware_cu_maimulteepoici/stitched_ip/finn_vivado_stitch_proj.gen/sources_1/bd/design_1/synth/design_1.v:3432]
INFO: [Synth 8-6155] done synthesizing module 'design_1_axi_mem_intercon_0' (0#1) [/home/andreea/proiect_finn/output_ip_hardware_cu_maimulteepoici/stitched_ip/finn_vivado_stitch_proj.gen/sources_1/bd/design_1/synth/design_1.v:845]
INFO: [Synth 8-6157] synthesizing module 'design_1_axi_vdma_0_0' [/home/andreea/proiect_finn/output_ip_hardware_cu_maimulteepoici/stitched_ip/finn_vivado_stitch_proj.runs/synth_1/.Xil/Vivado-1058379-DESKTOP-N2392HC/realtime/design_1_axi_vdma_0_0_stub.v:5]
INFO: [Synth 8-6155] done synthesizing module 'design_1_axi_vdma_0_0' (0#1) [/home/andreea/proiect_finn/output_ip_hardware_cu_maimulteepoici/stitched_ip/finn_vivado_stitch_proj.runs/synth_1/.Xil/Vivado-1058379-DESKTOP-N2392HC/realtime/design_1_axi_vdma_0_0_stub.v:5]
WARNING: [Synth 8-7071] port 'mm2s_frame_ptr_out' of module 'design_1_axi_vdma_0_0' is unconnected for instance 'axi_vdma_0' [/home/andreea/proiect_finn/output_ip_hardware_cu_maimulteepoici/stitched_ip/finn_vivado_stitch_proj.gen/sources_1/bd/design_1/synth/design_1.v:2342]
WARNING: [Synth 8-7071] port 'mm2s_introut' of module 'design_1_axi_vdma_0_0' is unconnected for instance 'axi_vdma_0' [/home/andreea/proiect_finn/output_ip_hardware_cu_maimulteepoici/stitched_ip/finn_vivado_stitch_proj.gen/sources_1/bd/design_1/synth/design_1.v:2342]
WARNING: [Synth 8-7023] instance 'axi_vdma_0' of module 'design_1_axi_vdma_0_0' has 41 connections declared, but only 39 given [/home/andreea/proiect_finn/output_ip_hardware_cu_maimulteepoici/stitched_ip/finn_vivado_stitch_proj.gen/sources_1/bd/design_1/synth/design_1.v:2342]
INFO: [Synth 8-6157] synthesizing module 'design_1_axis_subset_converter_0_1' [/home/andreea/proiect_finn/output_ip_hardware_cu_maimulteepoici/stitched_ip/finn_vivado_stitch_proj.runs/synth_1/.Xil/Vivado-1058379-DESKTOP-N2392HC/realtime/design_1_axis_subset_converter_0_1_stub.v:5]
INFO: [Synth 8-6155] done synthesizing module 'design_1_axis_subset_converter_0_1' (0#1) [/home/andreea/proiect_finn/output_ip_hardware_cu_maimulteepoici/stitched_ip/finn_vivado_stitch_proj.runs/synth_1/.Xil/Vivado-1058379-DESKTOP-N2392HC/realtime/design_1_axis_subset_converter_0_1_stub.v:5]
WARNING: [Synth 8-7071] port 'm_axis_tkeep' of module 'design_1_axis_subset_converter_0_1' is unconnected for instance 'axis_subset_converter_0' [/home/andreea/proiect_finn/output_ip_hardware_cu_maimulteepoici/stitched_ip/finn_vivado_stitch_proj.gen/sources_1/bd/design_1/synth/design_1.v:2382]
WARNING: [Synth 8-7023] instance 'axis_subset_converter_0' of module 'design_1_axis_subset_converter_0_1' has 14 connections declared, but only 13 given [/home/andreea/proiect_finn/output_ip_hardware_cu_maimulteepoici/stitched_ip/finn_vivado_stitch_proj.gen/sources_1/bd/design_1/synth/design_1.v:2382]
INFO: [Synth 8-6157] synthesizing module 'design_1_rgb2dvi_0_1' [/home/andreea/proiect_finn/output_ip_hardware_cu_maimulteepoici/stitched_ip/finn_vivado_stitch_proj.runs/synth_1/.Xil/Vivado-1058379-DESKTOP-N2392HC/realtime/design_1_rgb2dvi_0_1_stub.v:5]
INFO: [Synth 8-6155] done synthesizing module 'design_1_rgb2dvi_0_1' (0#1) [/home/andreea/proiect_finn/output_ip_hardware_cu_maimulteepoici/stitched_ip/finn_vivado_stitch_proj.runs/synth_1/.Xil/Vivado-1058379-DESKTOP-N2392HC/realtime/design_1_rgb2dvi_0_1_stub.v:5]
INFO: [Synth 8-6157] synthesizing module 'design_1_v_axi4s_vid_out_0_0' [/home/andreea/proiect_finn/output_ip_hardware_cu_maimulteepoici/stitched_ip/finn_vivado_stitch_proj.runs/synth_1/.Xil/Vivado-1058379-DESKTOP-N2392HC/realtime/design_1_v_axi4s_vid_out_0_0_stub.v:5]
INFO: [Synth 8-6155] done synthesizing module 'design_1_v_axi4s_vid_out_0_0' (0#1) [/home/andreea/proiect_finn/output_ip_hardware_cu_maimulteepoici/stitched_ip/finn_vivado_stitch_proj.runs/synth_1/.Xil/Vivado-1058379-DESKTOP-N2392HC/realtime/design_1_v_axi4s_vid_out_0_0_stub.v:5]
WARNING: [Synth 8-7071] port 'vid_vblank' of module 'design_1_v_axi4s_vid_out_0_0' is unconnected for instance 'v_axi4s_vid_out_0' [/home/andreea/proiect_finn/output_ip_hardware_cu_maimulteepoici/stitched_ip/finn_vivado_stitch_proj.gen/sources_1/bd/design_1/synth/design_1.v:2408]
WARNING: [Synth 8-7071] port 'vid_hblank' of module 'design_1_v_axi4s_vid_out_0_0' is unconnected for instance 'v_axi4s_vid_out_0' [/home/andreea/proiect_finn/output_ip_hardware_cu_maimulteepoici/stitched_ip/finn_vivado_stitch_proj.gen/sources_1/bd/design_1/synth/design_1.v:2408]
WARNING: [Synth 8-7071] port 'vid_field_id' of module 'design_1_v_axi4s_vid_out_0_0' is unconnected for instance 'v_axi4s_vid_out_0' [/home/andreea/proiect_finn/output_ip_hardware_cu_maimulteepoici/stitched_ip/finn_vivado_stitch_proj.gen/sources_1/bd/design_1/synth/design_1.v:2408]
WARNING: [Synth 8-7071] port 'vtg_ce' of module 'design_1_v_axi4s_vid_out_0_0' is unconnected for instance 'v_axi4s_vid_out_0' [/home/andreea/proiect_finn/output_ip_hardware_cu_maimulteepoici/stitched_ip/finn_vivado_stitch_proj.gen/sources_1/bd/design_1/synth/design_1.v:2408]
WARNING: [Synth 8-7071] port 'locked' of module 'design_1_v_axi4s_vid_out_0_0' is unconnected for instance 'v_axi4s_vid_out_0' [/home/andreea/proiect_finn/output_ip_hardware_cu_maimulteepoici/stitched_ip/finn_vivado_stitch_proj.gen/sources_1/bd/design_1/synth/design_1.v:2408]
WARNING: [Synth 8-7071] port 'overflow' of module 'design_1_v_axi4s_vid_out_0_0' is unconnected for instance 'v_axi4s_vid_out_0' [/home/andreea/proiect_finn/output_ip_hardware_cu_maimulteepoici/stitched_ip/finn_vivado_stitch_proj.gen/sources_1/bd/design_1/synth/design_1.v:2408]
WARNING: [Synth 8-7071] port 'underflow' of module 'design_1_v_axi4s_vid_out_0_0' is unconnected for instance 'v_axi4s_vid_out_0' [/home/andreea/proiect_finn/output_ip_hardware_cu_maimulteepoici/stitched_ip/finn_vivado_stitch_proj.gen/sources_1/bd/design_1/synth/design_1.v:2408]
WARNING: [Synth 8-7071] port 'fifo_read_level' of module 'design_1_v_axi4s_vid_out_0_0' is unconnected for instance 'v_axi4s_vid_out_0' [/home/andreea/proiect_finn/output_ip_hardware_cu_maimulteepoici/stitched_ip/finn_vivado_stitch_proj.gen/sources_1/bd/design_1/synth/design_1.v:2408]
WARNING: [Synth 8-7071] port 'status' of module 'design_1_v_axi4s_vid_out_0_0' is unconnected for instance 'v_axi4s_vid_out_0' [/home/andreea/proiect_finn/output_ip_hardware_cu_maimulteepoici/stitched_ip/finn_vivado_stitch_proj.gen/sources_1/bd/design_1/synth/design_1.v:2408]
WARNING: [Synth 8-7071] port 'sof_state_out' of module 'design_1_v_axi4s_vid_out_0_0' is unconnected for instance 'v_axi4s_vid_out_0' [/home/andreea/proiect_finn/output_ip_hardware_cu_maimulteepoici/stitched_ip/finn_vivado_stitch_proj.gen/sources_1/bd/design_1/synth/design_1.v:2408]
WARNING: [Synth 8-7023] instance 'v_axi4s_vid_out_0' of module 'design_1_v_axi4s_vid_out_0_0' has 32 connections declared, but only 22 given [/home/andreea/proiect_finn/output_ip_hardware_cu_maimulteepoici/stitched_ip/finn_vivado_stitch_proj.gen/sources_1/bd/design_1/synth/design_1.v:2408]
INFO: [Synth 8-6157] synthesizing module 'design_1_v_tc_0_0' [/home/andreea/proiect_finn/output_ip_hardware_cu_maimulteepoici/stitched_ip/finn_vivado_stitch_proj.runs/synth_1/.Xil/Vivado-1058379-DESKTOP-N2392HC/realtime/design_1_v_tc_0_0_stub.v:5]
INFO: [Synth 8-6155] done synthesizing module 'design_1_v_tc_0_0' (0#1) [/home/andreea/proiect_finn/output_ip_hardware_cu_maimulteepoici/stitched_ip/finn_vivado_stitch_proj.runs/synth_1/.Xil/Vivado-1058379-DESKTOP-N2392HC/realtime/design_1_v_tc_0_0_stub.v:5]
WARNING: [Synth 8-7071] port 'irq' of module 'design_1_v_tc_0_0' is unconnected for instance 'v_tc_0' [/home/andreea/proiect_finn/output_ip_hardware_cu_maimulteepoici/stitched_ip/finn_vivado_stitch_proj.gen/sources_1/bd/design_1/synth/design_1.v:2431]
WARNING: [Synth 8-7071] port 'fsync_out' of module 'design_1_v_tc_0_0' is unconnected for instance 'v_tc_0' [/home/andreea/proiect_finn/output_ip_hardware_cu_maimulteepoici/stitched_ip/finn_vivado_stitch_proj.gen/sources_1/bd/design_1/synth/design_1.v:2431]
WARNING: [Synth 8-7023] instance 'v_tc_0' of module 'design_1_v_tc_0_0' has 33 connections declared, but only 31 given [/home/andreea/proiect_finn/output_ip_hardware_cu_maimulteepoici/stitched_ip/finn_vivado_stitch_proj.gen/sources_1/bd/design_1/synth/design_1.v:2431]
INFO: [Synth 8-6157] synthesizing module 'design_1_xlconstant_0_0' [/home/andreea/proiect_finn/output_ip_hardware_cu_maimulteepoici/stitched_ip/finn_vivado_stitch_proj.gen/sources_1/bd/design_1/ip/design_1_xlconstant_0_0/synth/design_1_xlconstant_0_0.v:53]
INFO: [Synth 8-6157] synthesizing module 'xlconstant_v1_1_7_xlconstant' [/home/andreea/proiect_finn/output_ip_hardware_cu_maimulteepoici/stitched_ip/finn_vivado_stitch_proj.gen/sources_1/bd/design_1/ipshared/badb/hdl/xlconstant_v1_1_vl_rfs.v:23]
INFO: [Synth 8-6155] done synthesizing module 'xlconstant_v1_1_7_xlconstant' (0#1) [/home/andreea/proiect_finn/output_ip_hardware_cu_maimulteepoici/stitched_ip/finn_vivado_stitch_proj.gen/sources_1/bd/design_1/ipshared/badb/hdl/xlconstant_v1_1_vl_rfs.v:23]
INFO: [Synth 8-6155] done synthesizing module 'design_1_xlconstant_0_0' (0#1) [/home/andreea/proiect_finn/output_ip_hardware_cu_maimulteepoici/stitched_ip/finn_vivado_stitch_proj.gen/sources_1/bd/design_1/ip/design_1_xlconstant_0_0/synth/design_1_xlconstant_0_0.v:53]
INFO: [Synth 8-6155] done synthesizing module 'hdmi_imp_17KSCWG' (0#1) [/home/andreea/proiect_finn/output_ip_hardware_cu_maimulteepoici/stitched_ip/finn_vivado_stitch_proj.gen/sources_1/bd/design_1/synth/design_1.v:1949]
INFO: [Synth 8-6157] synthesizing module 'design_1_processing_system7_0_0' [/home/andreea/proiect_finn/output_ip_hardware_cu_maimulteepoici/stitched_ip/finn_vivado_stitch_proj.runs/synth_1/.Xil/Vivado-1058379-DESKTOP-N2392HC/realtime/design_1_processing_system7_0_0_stub.v:5]
INFO: [Synth 8-6155] done synthesizing module 'design_1_processing_system7_0_0' (0#1) [/home/andreea/proiect_finn/output_ip_hardware_cu_maimulteepoici/stitched_ip/finn_vivado_stitch_proj.runs/synth_1/.Xil/Vivado-1058379-DESKTOP-N2392HC/realtime/design_1_processing_system7_0_0_stub.v:5]
WARNING: [Synth 8-7071] port 'USB0_PORT_INDCTL' of module 'design_1_processing_system7_0_0' is unconnected for instance 'processing_system7_0' [/home/andreea/proiect_finn/output_ip_hardware_cu_maimulteepoici/stitched_ip/finn_vivado_stitch_proj.gen/sources_1/bd/design_1/synth/design_1.v:491]
WARNING: [Synth 8-7071] port 'USB0_VBUS_PWRSELECT' of module 'design_1_processing_system7_0_0' is unconnected for instance 'processing_system7_0' [/home/andreea/proiect_finn/output_ip_hardware_cu_maimulteepoici/stitched_ip/finn_vivado_stitch_proj.gen/sources_1/bd/design_1/synth/design_1.v:491]
WARNING: [Synth 8-7071] port 'S_AXI_HP0_BID' of module 'design_1_processing_system7_0_0' is unconnected for instance 'processing_system7_0' [/home/andreea/proiect_finn/output_ip_hardware_cu_maimulteepoici/stitched_ip/finn_vivado_stitch_proj.gen/sources_1/bd/design_1/synth/design_1.v:491]
WARNING: [Synth 8-7071] port 'S_AXI_HP0_RID' of module 'design_1_processing_system7_0_0' is unconnected for instance 'processing_system7_0' [/home/andreea/proiect_finn/output_ip_hardware_cu_maimulteepoici/stitched_ip/finn_vivado_stitch_proj.gen/sources_1/bd/design_1/synth/design_1.v:491]
WARNING: [Synth 8-7071] port 'S_AXI_HP0_RCOUNT' of module 'design_1_processing_system7_0_0' is unconnected for instance 'processing_system7_0' [/home/andreea/proiect_finn/output_ip_hardware_cu_maimulteepoici/stitched_ip/finn_vivado_stitch_proj.gen/sources_1/bd/design_1/synth/design_1.v:491]
WARNING: [Synth 8-7071] port 'S_AXI_HP0_WCOUNT' of module 'design_1_processing_system7_0_0' is unconnected for instance 'processing_system7_0' [/home/andreea/proiect_finn/output_ip_hardware_cu_maimulteepoici/stitched_ip/finn_vivado_stitch_proj.gen/sources_1/bd/design_1/synth/design_1.v:491]
WARNING: [Synth 8-7071] port 'S_AXI_HP0_RACOUNT' of module 'design_1_processing_system7_0_0' is unconnected for instance 'processing_system7_0' [/home/andreea/proiect_finn/output_ip_hardware_cu_maimulteepoici/stitched_ip/finn_vivado_stitch_proj.gen/sources_1/bd/design_1/synth/design_1.v:491]
WARNING: [Synth 8-7071] port 'S_AXI_HP0_WACOUNT' of module 'design_1_processing_system7_0_0' is unconnected for instance 'processing_system7_0' [/home/andreea/proiect_finn/output_ip_hardware_cu_maimulteepoici/stitched_ip/finn_vivado_stitch_proj.gen/sources_1/bd/design_1/synth/design_1.v:491]
WARNING: [Synth 8-7071] port 'S_AXI_HP1_AWREADY' of module 'design_1_processing_system7_0_0' is unconnected for instance 'processing_system7_0' [/home/andreea/proiect_finn/output_ip_hardware_cu_maimulteepoici/stitched_ip/finn_vivado_stitch_proj.gen/sources_1/bd/design_1/synth/design_1.v:491]
WARNING: [Synth 8-7071] port 'S_AXI_HP1_BVALID' of module 'design_1_processing_system7_0_0' is unconnected for instance 'processing_system7_0' [/home/andreea/proiect_finn/output_ip_hardware_cu_maimulteepoici/stitched_ip/finn_vivado_stitch_proj.gen/sources_1/bd/design_1/synth/design_1.v:491]
WARNING: [Synth 8-7071] port 'S_AXI_HP1_WREADY' of module 'design_1_processing_system7_0_0' is unconnected for instance 'processing_system7_0' [/home/andreea/proiect_finn/output_ip_hardware_cu_maimulteepoici/stitched_ip/finn_vivado_stitch_proj.gen/sources_1/bd/design_1/synth/design_1.v:491]
WARNING: [Synth 8-7071] port 'S_AXI_HP1_BRESP' of module 'design_1_processing_system7_0_0' is unconnected for instance 'processing_system7_0' [/home/andreea/proiect_finn/output_ip_hardware_cu_maimulteepoici/stitched_ip/finn_vivado_stitch_proj.gen/sources_1/bd/design_1/synth/design_1.v:491]
WARNING: [Synth 8-7071] port 'S_AXI_HP1_BID' of module 'design_1_processing_system7_0_0' is unconnected for instance 'processing_system7_0' [/home/andreea/proiect_finn/output_ip_hardware_cu_maimulteepoici/stitched_ip/finn_vivado_stitch_proj.gen/sources_1/bd/design_1/synth/design_1.v:491]
WARNING: [Synth 8-7071] port 'S_AXI_HP1_RID' of module 'design_1_processing_system7_0_0' is unconnected for instance 'processing_system7_0' [/home/andreea/proiect_finn/output_ip_hardware_cu_maimulteepoici/stitched_ip/finn_vivado_stitch_proj.gen/sources_1/bd/design_1/synth/design_1.v:491]
WARNING: [Synth 8-7071] port 'S_AXI_HP1_RCOUNT' of module 'design_1_processing_system7_0_0' is unconnected for instance 'processing_system7_0' [/home/andreea/proiect_finn/output_ip_hardware_cu_maimulteepoici/stitched_ip/finn_vivado_stitch_proj.gen/sources_1/bd/design_1/synth/design_1.v:491]
WARNING: [Synth 8-7071] port 'S_AXI_HP1_WCOUNT' of module 'design_1_processing_system7_0_0' is unconnected for instance 'processing_system7_0' [/home/andreea/proiect_finn/output_ip_hardware_cu_maimulteepoici/stitched_ip/finn_vivado_stitch_proj.gen/sources_1/bd/design_1/synth/design_1.v:491]
WARNING: [Synth 8-7071] port 'S_AXI_HP1_RACOUNT' of module 'design_1_processing_system7_0_0' is unconnected for instance 'processing_system7_0' [/home/andreea/proiect_finn/output_ip_hardware_cu_maimulteepoici/stitched_ip/finn_vivado_stitch_proj.gen/sources_1/bd/design_1/synth/design_1.v:491]
WARNING: [Synth 8-7071] port 'S_AXI_HP1_WACOUNT' of module 'design_1_processing_system7_0_0' is unconnected for instance 'processing_system7_0' [/home/andreea/proiect_finn/output_ip_hardware_cu_maimulteepoici/stitched_ip/finn_vivado_stitch_proj.gen/sources_1/bd/design_1/synth/design_1.v:491]
WARNING: [Synth 8-7023] instance 'processing_system7_0' of module 'design_1_processing_system7_0_0' has 155 connections declared, but only 137 given [/home/andreea/proiect_finn/output_ip_hardware_cu_maimulteepoici/stitched_ip/finn_vivado_stitch_proj.gen/sources_1/bd/design_1/synth/design_1.v:491]
INFO: [Synth 8-6157] synthesizing module 'design_1_ps7_0_axi_periph_0' [/home/andreea/proiect_finn/output_ip_hardware_cu_maimulteepoici/stitched_ip/finn_vivado_stitch_proj.gen/sources_1/bd/design_1/synth/design_1.v:1015]
INFO: [Synth 8-6157] synthesizing module 'm00_couplers_imp_15SPJYW' [/home/andreea/proiect_finn/output_ip_hardware_cu_maimulteepoici/stitched_ip/finn_vivado_stitch_proj.gen/sources_1/bd/design_1/synth/design_1.v:2467]
INFO: [Synth 8-6155] done synthesizing module 'm00_couplers_imp_15SPJYW' (0#1) [/home/andreea/proiect_finn/output_ip_hardware_cu_maimulteepoici/stitched_ip/finn_vivado_stitch_proj.gen/sources_1/bd/design_1/synth/design_1.v:2467]
INFO: [Synth 8-6157] synthesizing module 'm01_couplers_imp_XU9C55' [/home/andreea/proiect_finn/output_ip_hardware_cu_maimulteepoici/stitched_ip/finn_vivado_stitch_proj.gen/sources_1/bd/design_1/synth/design_1.v:2592]
INFO: [Synth 8-6155] done synthesizing module 'm01_couplers_imp_XU9C55' (0#1) [/home/andreea/proiect_finn/output_ip_hardware_cu_maimulteepoici/stitched_ip/finn_vivado_stitch_proj.gen/sources_1/bd/design_1/synth/design_1.v:2592]
INFO: [Synth 8-6157] synthesizing module 'm02_couplers_imp_14WQB4R' [/home/andreea/proiect_finn/output_ip_hardware_cu_maimulteepoici/stitched_ip/finn_vivado_stitch_proj.gen/sources_1/bd/design_1/synth/design_1.v:2724]
INFO: [Synth 8-6155] done synthesizing module 'm02_couplers_imp_14WQB4R' (0#1) [/home/andreea/proiect_finn/output_ip_hardware_cu_maimulteepoici/stitched_ip/finn_vivado_stitch_proj.gen/sources_1/bd/design_1/synth/design_1.v:2724]
INFO: [Synth 8-6157] synthesizing module 'm03_couplers_imp_YFYJ3U' [/home/andreea/proiect_finn/output_ip_hardware_cu_maimulteepoici/stitched_ip/finn_vivado_stitch_proj.gen/sources_1/bd/design_1/synth/design_1.v:2870]
INFO: [Synth 8-6155] done synthesizing module 'm03_couplers_imp_YFYJ3U' (0#1) [/home/andreea/proiect_finn/output_ip_hardware_cu_maimulteepoici/stitched_ip/finn_vivado_stitch_proj.gen/sources_1/bd/design_1/synth/design_1.v:2870]
INFO: [Synth 8-6157] synthesizing module 'm04_couplers_imp_17KQ732' [/home/andreea/proiect_finn/output_ip_hardware_cu_maimulteepoici/stitched_ip/finn_vivado_stitch_proj.gen/sources_1/bd/design_1/synth/design_1.v:2995]
INFO: [Synth 8-6155] done synthesizing module 'm04_couplers_imp_17KQ732' (0#1) [/home/andreea/proiect_finn/output_ip_hardware_cu_maimulteepoici/stitched_ip/finn_vivado_stitch_proj.gen/sources_1/bd/design_1/synth/design_1.v:2995]
INFO: [Synth 8-6157] synthesizing module 's00_couplers_imp_UYSKKA' [/home/andreea/proiect_finn/output_ip_hardware_cu_maimulteepoici/stitched_ip/finn_vivado_stitch_proj.gen/sources_1/bd/design_1/synth/design_1.v:3127]
INFO: [Synth 8-6157] synthesizing module 'design_1_auto_pc_0' [/home/andreea/proiect_finn/output_ip_hardware_cu_maimulteepoici/stitched_ip/finn_vivado_stitch_proj.runs/synth_1/.Xil/Vivado-1058379-DESKTOP-N2392HC/realtime/design_1_auto_pc_0_stub.v:5]
INFO: [Synth 8-6155] done synthesizing module 'design_1_auto_pc_0' (0#1) [/home/andreea/proiect_finn/output_ip_hardware_cu_maimulteepoici/stitched_ip/finn_vivado_stitch_proj.runs/synth_1/.Xil/Vivado-1058379-DESKTOP-N2392HC/realtime/design_1_auto_pc_0_stub.v:5]
INFO: [Synth 8-6155] done synthesizing module 's00_couplers_imp_UYSKKA' (0#1) [/home/andreea/proiect_finn/output_ip_hardware_cu_maimulteepoici/stitched_ip/finn_vivado_stitch_proj.gen/sources_1/bd/design_1/synth/design_1.v:3127]
INFO: [Synth 8-6157] synthesizing module 'design_1_xbar_0' [/home/andreea/proiect_finn/output_ip_hardware_cu_maimulteepoici/stitched_ip/finn_vivado_stitch_proj.runs/synth_1/.Xil/Vivado-1058379-DESKTOP-N2392HC/realtime/design_1_xbar_0_stub.v:5]
INFO: [Synth 8-6155] done synthesizing module 'design_1_xbar_0' (0#1) [/home/andreea/proiect_finn/output_ip_hardware_cu_maimulteepoici/stitched_ip/finn_vivado_stitch_proj.runs/synth_1/.Xil/Vivado-1058379-DESKTOP-N2392HC/realtime/design_1_xbar_0_stub.v:5]
WARNING: [Synth 8-689] width (9) of port connection 'm_axi_arprot' does not match port width (15) of module 'design_1_xbar_0' [/home/andreea/proiect_finn/output_ip_hardware_cu_maimulteepoici/stitched_ip/finn_vivado_stitch_proj.gen/sources_1/bd/design_1/synth/design_1.v:1910]
WARNING: [Synth 8-689] width (9) of port connection 'm_axi_awprot' does not match port width (15) of module 'design_1_xbar_0' [/home/andreea/proiect_finn/output_ip_hardware_cu_maimulteepoici/stitched_ip/finn_vivado_stitch_proj.gen/sources_1/bd/design_1/synth/design_1.v:1914]
INFO: [Synth 8-6155] done synthesizing module 'design_1_ps7_0_axi_periph_0' (0#1) [/home/andreea/proiect_finn/output_ip_hardware_cu_maimulteepoici/stitched_ip/finn_vivado_stitch_proj.gen/sources_1/bd/design_1/synth/design_1.v:1015]
INFO: [Synth 8-6157] synthesizing module 'design_1_rst_ps7_0_100M_0' [/home/andreea/proiect_finn/output_ip_hardware_cu_maimulteepoici/stitched_ip/finn_vivado_stitch_proj.runs/synth_1/.Xil/Vivado-1058379-DESKTOP-N2392HC/realtime/design_1_rst_ps7_0_100M_0_stub.v:5]
INFO: [Synth 8-6155] done synthesizing module 'design_1_rst_ps7_0_100M_0' (0#1) [/home/andreea/proiect_finn/output_ip_hardware_cu_maimulteepoici/stitched_ip/finn_vivado_stitch_proj.runs/synth_1/.Xil/Vivado-1058379-DESKTOP-N2392HC/realtime/design_1_rst_ps7_0_100M_0_stub.v:5]
WARNING: [Synth 8-7071] port 'mb_reset' of module 'design_1_rst_ps7_0_100M_0' is unconnected for instance 'rst_ps7_0_100M' [/home/andreea/proiect_finn/output_ip_hardware_cu_maimulteepoici/stitched_ip/finn_vivado_stitch_proj.gen/sources_1/bd/design_1/synth/design_1.v:767]
WARNING: [Synth 8-7071] port 'bus_struct_reset' of module 'design_1_rst_ps7_0_100M_0' is unconnected for instance 'rst_ps7_0_100M' [/home/andreea/proiect_finn/output_ip_hardware_cu_maimulteepoici/stitched_ip/finn_vivado_stitch_proj.gen/sources_1/bd/design_1/synth/design_1.v:767]
WARNING: [Synth 8-7071] port 'peripheral_reset' of module 'design_1_rst_ps7_0_100M_0' is unconnected for instance 'rst_ps7_0_100M' [/home/andreea/proiect_finn/output_ip_hardware_cu_maimulteepoici/stitched_ip/finn_vivado_stitch_proj.gen/sources_1/bd/design_1/synth/design_1.v:767]
WARNING: [Synth 8-7071] port 'interconnect_aresetn' of module 'design_1_rst_ps7_0_100M_0' is unconnected for instance 'rst_ps7_0_100M' [/home/andreea/proiect_finn/output_ip_hardware_cu_maimulteepoici/stitched_ip/finn_vivado_stitch_proj.gen/sources_1/bd/design_1/synth/design_1.v:767]
WARNING: [Synth 8-7023] instance 'rst_ps7_0_100M' of module 'design_1_rst_ps7_0_100M_0' has 10 connections declared, but only 6 given [/home/andreea/proiect_finn/output_ip_hardware_cu_maimulteepoici/stitched_ip/finn_vivado_stitch_proj.gen/sources_1/bd/design_1/synth/design_1.v:767]
INFO: [Synth 8-6157] synthesizing module 'design_1_smartconnect_0_0' [/home/andreea/proiect_finn/output_ip_hardware_cu_maimulteepoici/stitched_ip/finn_vivado_stitch_proj.runs/synth_1/.Xil/Vivado-1058379-DESKTOP-N2392HC/realtime/design_1_smartconnect_0_0_stub.v:5]
INFO: [Synth 8-6155] done synthesizing module 'design_1_smartconnect_0_0' (0#1) [/home/andreea/proiect_finn/output_ip_hardware_cu_maimulteepoici/stitched_ip/finn_vivado_stitch_proj.runs/synth_1/.Xil/Vivado-1058379-DESKTOP-N2392HC/realtime/design_1_smartconnect_0_0_stub.v:5]
INFO: [Synth 8-6155] done synthesizing module 'design_1' (0#1) [/home/andreea/proiect_finn/output_ip_hardware_cu_maimulteepoici/stitched_ip/finn_vivado_stitch_proj.gen/sources_1/bd/design_1/synth/design_1.v:12]
INFO: [Synth 8-6155] done synthesizing module 'design_1_wrapper' (0#1) [/home/andreea/proiect_finn/output_ip_hardware_cu_maimulteepoici/stitched_ip/finn_vivado_stitch_proj.gen/sources_1/bd/design_1/hdl/design_1_wrapper.v:12]
WARNING: [Synth 8-7129] Port M_ACLK in module s00_couplers_imp_UYSKKA is either unconnected or has no load
WARNING: [Synth 8-7129] Port M_ARESETN in module s00_couplers_imp_UYSKKA is either unconnected or has no load
WARNING: [Synth 8-7129] Port M_ACLK in module m04_couplers_imp_17KQ732 is either unconnected or has no load
WARNING: [Synth 8-7129] Port M_ARESETN in module m04_couplers_imp_17KQ732 is either unconnected or has no load
WARNING: [Synth 8-7129] Port S_ACLK in module m04_couplers_imp_17KQ732 is either unconnected or has no load
WARNING: [Synth 8-7129] Port S_ARESETN in module m04_couplers_imp_17KQ732 is either unconnected or has no load
WARNING: [Synth 8-7129] Port M_ACLK in module m03_couplers_imp_YFYJ3U is either unconnected or has no load
WARNING: [Synth 8-7129] Port M_ARESETN in module m03_couplers_imp_YFYJ3U is either unconnected or has no load
WARNING: [Synth 8-7129] Port S_ACLK in module m03_couplers_imp_YFYJ3U is either unconnected or has no load
WARNING: [Synth 8-7129] Port S_ARESETN in module m03_couplers_imp_YFYJ3U is either unconnected or has no load
WARNING: [Synth 8-7129] Port M_ACLK in module m02_couplers_imp_14WQB4R is either unconnected or has no load
WARNING: [Synth 8-7129] Port M_ARESETN in module m02_couplers_imp_14WQB4R is either unconnected or has no load
WARNING: [Synth 8-7129] Port S_ACLK in module m02_couplers_imp_14WQB4R is either unconnected or has no load
WARNING: [Synth 8-7129] Port S_ARESETN in module m02_couplers_imp_14WQB4R is either unconnected or has no load
WARNING: [Synth 8-7129] Port M_ACLK in module m01_couplers_imp_XU9C55 is either unconnected or has no load
WARNING: [Synth 8-7129] Port M_ARESETN in module m01_couplers_imp_XU9C55 is either unconnected or has no load
WARNING: [Synth 8-7129] Port S_ACLK in module m01_couplers_imp_XU9C55 is either unconnected or has no load
WARNING: [Synth 8-7129] Port S_ARESETN in module m01_couplers_imp_XU9C55 is either unconnected or has no load
WARNING: [Synth 8-7129] Port M_ACLK in module m00_couplers_imp_15SPJYW is either unconnected or has no load
WARNING: [Synth 8-7129] Port M_ARESETN in module m00_couplers_imp_15SPJYW is either unconnected or has no load
WARNING: [Synth 8-7129] Port S_ACLK in module m00_couplers_imp_15SPJYW is either unconnected or has no load
WARNING: [Synth 8-7129] Port S_ARESETN in module m00_couplers_imp_15SPJYW is either unconnected or has no load
WARNING: [Synth 8-7129] Port M00_ACLK in module design_1_ps7_0_axi_periph_0 is either unconnected or has no load
WARNING: [Synth 8-7129] Port M00_ARESETN in module design_1_ps7_0_axi_periph_0 is either unconnected or has no load
WARNING: [Synth 8-7129] Port M01_ACLK in module design_1_ps7_0_axi_periph_0 is either unconnected or has no load
WARNING: [Synth 8-7129] Port M01_ARESETN in module design_1_ps7_0_axi_periph_0 is either unconnected or has no load
WARNING: [Synth 8-7129] Port M02_ACLK in module design_1_ps7_0_axi_periph_0 is either unconnected or has no load
WARNING: [Synth 8-7129] Port M02_ARESETN in module design_1_ps7_0_axi_periph_0 is either unconnected or has no load
WARNING: [Synth 8-7129] Port M03_ACLK in module design_1_ps7_0_axi_periph_0 is either unconnected or has no load
WARNING: [Synth 8-7129] Port M03_ARESETN in module design_1_ps7_0_axi_periph_0 is either unconnected or has no load
WARNING: [Synth 8-7129] Port M04_ACLK in module design_1_ps7_0_axi_periph_0 is either unconnected or has no load
WARNING: [Synth 8-7129] Port M04_ARESETN in module design_1_ps7_0_axi_periph_0 is either unconnected or has no load
WARNING: [Synth 8-7129] Port S00_ACLK in module design_1_ps7_0_axi_periph_0 is either unconnected or has no load
WARNING: [Synth 8-7129] Port S00_ARESETN in module design_1_ps7_0_axi_periph_0 is either unconnected or has no load
WARNING: [Synth 8-7129] Port M_ACLK in module s00_couplers_imp_VSVCD3 is either unconnected or has no load
WARNING: [Synth 8-7129] Port M_ARESETN in module s00_couplers_imp_VSVCD3 is either unconnected or has no load
WARNING: [Synth 8-7129] Port ACLK in module design_1_axi_mem_intercon_0 is either unconnected or has no load
WARNING: [Synth 8-7129] Port ARESETN in module design_1_axi_mem_intercon_0 is either unconnected or has no load
WARNING: [Synth 8-7129] Port S_AXI_LITE_araddr[31] in module hdmi_imp_17KSCWG is either unconnected or has no load
WARNING: [Synth 8-7129] Port S_AXI_LITE_araddr[30] in module hdmi_imp_17KSCWG is either unconnected or has no load
WARNING: [Synth 8-7129] Port S_AXI_LITE_araddr[29] in module hdmi_imp_17KSCWG is either unconnected or has no load
WARNING: [Synth 8-7129] Port S_AXI_LITE_araddr[28] in module hdmi_imp_17KSCWG is either unconnected or has no load
WARNING: [Synth 8-7129] Port S_AXI_LITE_araddr[27] in module hdmi_imp_17KSCWG is either unconnected or has no load
WARNING: [Synth 8-7129] Port S_AXI_LITE_araddr[26] in module hdmi_imp_17KSCWG is either unconnected or has no load
WARNING: [Synth 8-7129] Port S_AXI_LITE_araddr[25] in module hdmi_imp_17KSCWG is either unconnected or has no load
WARNING: [Synth 8-7129] Port S_AXI_LITE_araddr[24] in module hdmi_imp_17KSCWG is either unconnected or has no load
WARNING: [Synth 8-7129] Port S_AXI_LITE_araddr[23] in module hdmi_imp_17KSCWG is either unconnected or has no load
WARNING: [Synth 8-7129] Port S_AXI_LITE_araddr[22] in module hdmi_imp_17KSCWG is either unconnected or has no load
WARNING: [Synth 8-7129] Port S_AXI_LITE_araddr[21] in module hdmi_imp_17KSCWG is either unconnected or has no load
WARNING: [Synth 8-7129] Port S_AXI_LITE_araddr[20] in module hdmi_imp_17KSCWG is either unconnected or has no load
WARNING: [Synth 8-7129] Port S_AXI_LITE_araddr[19] in module hdmi_imp_17KSCWG is either unconnected or has no load
WARNING: [Synth 8-7129] Port S_AXI_LITE_araddr[18] in module hdmi_imp_17KSCWG is either unconnected or has no load
WARNING: [Synth 8-7129] Port S_AXI_LITE_araddr[17] in module hdmi_imp_17KSCWG is either unconnected or has no load
WARNING: [Synth 8-7129] Port S_AXI_LITE_araddr[16] in module hdmi_imp_17KSCWG is either unconnected or has no load
WARNING: [Synth 8-7129] Port S_AXI_LITE_araddr[15] in module hdmi_imp_17KSCWG is either unconnected or has no load
WARNING: [Synth 8-7129] Port S_AXI_LITE_araddr[14] in module hdmi_imp_17KSCWG is either unconnected or has no load
WARNING: [Synth 8-7129] Port S_AXI_LITE_araddr[13] in module hdmi_imp_17KSCWG is either unconnected or has no load
WARNING: [Synth 8-7129] Port S_AXI_LITE_araddr[12] in module hdmi_imp_17KSCWG is either unconnected or has no load
WARNING: [Synth 8-7129] Port S_AXI_LITE_araddr[11] in module hdmi_imp_17KSCWG is either unconnected or has no load
WARNING: [Synth 8-7129] Port S_AXI_LITE_araddr[10] in module hdmi_imp_17KSCWG is either unconnected or has no load
WARNING: [Synth 8-7129] Port S_AXI_LITE_araddr[9] in module hdmi_imp_17KSCWG is either unconnected or has no load
WARNING: [Synth 8-7129] Port S_AXI_LITE_awaddr[31] in module hdmi_imp_17KSCWG is either unconnected or has no load
WARNING: [Synth 8-7129] Port S_AXI_LITE_awaddr[30] in module hdmi_imp_17KSCWG is either unconnected or has no load
WARNING: [Synth 8-7129] Port S_AXI_LITE_awaddr[29] in module hdmi_imp_17KSCWG is either unconnected or has no load
WARNING: [Synth 8-7129] Port S_AXI_LITE_awaddr[28] in module hdmi_imp_17KSCWG is either unconnected or has no load
WARNING: [Synth 8-7129] Port S_AXI_LITE_awaddr[27] in module hdmi_imp_17KSCWG is either unconnected or has no load
WARNING: [Synth 8-7129] Port S_AXI_LITE_awaddr[26] in module hdmi_imp_17KSCWG is either unconnected or has no load
WARNING: [Synth 8-7129] Port S_AXI_LITE_awaddr[25] in module hdmi_imp_17KSCWG is either unconnected or has no load
WARNING: [Synth 8-7129] Port S_AXI_LITE_awaddr[24] in module hdmi_imp_17KSCWG is either unconnected or has no load
WARNING: [Synth 8-7129] Port S_AXI_LITE_awaddr[23] in module hdmi_imp_17KSCWG is either unconnected or has no load
WARNING: [Synth 8-7129] Port S_AXI_LITE_awaddr[22] in module hdmi_imp_17KSCWG is either unconnected or has no load
WARNING: [Synth 8-7129] Port S_AXI_LITE_awaddr[21] in module hdmi_imp_17KSCWG is either unconnected or has no load
WARNING: [Synth 8-7129] Port S_AXI_LITE_awaddr[20] in module hdmi_imp_17KSCWG is either unconnected or has no load
WARNING: [Synth 8-7129] Port S_AXI_LITE_awaddr[19] in module hdmi_imp_17KSCWG is either unconnected or has no load
WARNING: [Synth 8-7129] Port S_AXI_LITE_awaddr[18] in module hdmi_imp_17KSCWG is either unconnected or has no load
WARNING: [Synth 8-7129] Port S_AXI_LITE_awaddr[17] in module hdmi_imp_17KSCWG is either unconnected or has no load
WARNING: [Synth 8-7129] Port S_AXI_LITE_awaddr[16] in module hdmi_imp_17KSCWG is either unconnected or has no load
WARNING: [Synth 8-7129] Port S_AXI_LITE_awaddr[15] in module hdmi_imp_17KSCWG is either unconnected or has no load
WARNING: [Synth 8-7129] Port S_AXI_LITE_awaddr[14] in module hdmi_imp_17KSCWG is either unconnected or has no load
WARNING: [Synth 8-7129] Port S_AXI_LITE_awaddr[13] in module hdmi_imp_17KSCWG is either unconnected or has no load
WARNING: [Synth 8-7129] Port S_AXI_LITE_awaddr[12] in module hdmi_imp_17KSCWG is either unconnected or has no load
WARNING: [Synth 8-7129] Port S_AXI_LITE_awaddr[11] in module hdmi_imp_17KSCWG is either unconnected or has no load
WARNING: [Synth 8-7129] Port S_AXI_LITE_awaddr[10] in module hdmi_imp_17KSCWG is either unconnected or has no load
WARNING: [Synth 8-7129] Port S_AXI_LITE_awaddr[9] in module hdmi_imp_17KSCWG is either unconnected or has no load
WARNING: [Synth 8-7129] Port ctrl_araddr[31] in module hdmi_imp_17KSCWG is either unconnected or has no load
WARNING: [Synth 8-7129] Port ctrl_araddr[30] in module hdmi_imp_17KSCWG is either unconnected or has no load
WARNING: [Synth 8-7129] Port ctrl_araddr[29] in module hdmi_imp_17KSCWG is either unconnected or has no load
WARNING: [Synth 8-7129] Port ctrl_araddr[28] in module hdmi_imp_17KSCWG is either unconnected or has no load
WARNING: [Synth 8-7129] Port ctrl_araddr[27] in module hdmi_imp_17KSCWG is either unconnected or has no load
WARNING: [Synth 8-7129] Port ctrl_araddr[26] in module hdmi_imp_17KSCWG is either unconnected or has no load
WARNING: [Synth 8-7129] Port ctrl_araddr[25] in module hdmi_imp_17KSCWG is either unconnected or has no load
WARNING: [Synth 8-7129] Port ctrl_araddr[24] in module hdmi_imp_17KSCWG is either unconnected or has no load
WARNING: [Synth 8-7129] Port ctrl_araddr[23] in module hdmi_imp_17KSCWG is either unconnected or has no load
WARNING: [Synth 8-7129] Port ctrl_araddr[22] in module hdmi_imp_17KSCWG is either unconnected or has no load
WARNING: [Synth 8-7129] Port ctrl_araddr[21] in module hdmi_imp_17KSCWG is either unconnected or has no load
WARNING: [Synth 8-7129] Port ctrl_araddr[20] in module hdmi_imp_17KSCWG is either unconnected or has no load
WARNING: [Synth 8-7129] Port ctrl_araddr[19] in module hdmi_imp_17KSCWG is either unconnected or has no load
WARNING: [Synth 8-7129] Port ctrl_araddr[18] in module hdmi_imp_17KSCWG is either unconnected or has no load
WARNING: [Synth 8-7129] Port ctrl_araddr[17] in module hdmi_imp_17KSCWG is either unconnected or has no load
WARNING: [Synth 8-7129] Port ctrl_araddr[16] in module hdmi_imp_17KSCWG is either unconnected or has no load
INFO: [Common 17-14] Message 'Synth 8-7129' appears 100 times and further instances of the messages will be disabled. Use the Tcl command set_msg_config to change the current settings.
---------------------------------------------------------------------------------
Finished RTL Elaboration : Time (s): cpu = 00:00:03 ; elapsed = 00:00:04 . Memory (MB): peak = 2163.672 ; gain = 442.641 ; free physical = 3748 ; free virtual = 5793
Synthesis current peak Physical Memory [PSS] (MB): peak = 1592.847; parent = 1363.298; children = 229.549
Synthesis current peak Virtual Memory [VSS] (MB): peak = 3134.949; parent = 2163.672; children = 971.277
---------------------------------------------------------------------------------
---------------------------------------------------------------------------------
Start Handling Custom Attributes
---------------------------------------------------------------------------------
---------------------------------------------------------------------------------
Finished Handling Custom Attributes : Time (s): cpu = 00:00:03 ; elapsed = 00:00:04 . Memory (MB): peak = 2181.484 ; gain = 460.453 ; free physical = 3746 ; free virtual = 5791
Synthesis current peak Physical Memory [PSS] (MB): peak = 1592.847; parent = 1363.298; children = 229.549
Synthesis current peak Virtual Memory [VSS] (MB): peak = 3152.762; parent = 2181.484; children = 971.277
---------------------------------------------------------------------------------
---------------------------------------------------------------------------------
Finished RTL Optimization Phase 1 : Time (s): cpu = 00:00:03 ; elapsed = 00:00:04 . Memory (MB): peak = 2181.484 ; gain = 460.453 ; free physical = 3746 ; free virtual = 5791
Synthesis current peak Physical Memory [PSS] (MB): peak = 1592.847; parent = 1363.298; children = 229.549
Synthesis current peak Virtual Memory [VSS] (MB): peak = 3152.762; parent = 2181.484; children = 971.277
---------------------------------------------------------------------------------
Netlist sorting complete. Time (s): cpu = 00:00:00.02 ; elapsed = 00:00:00.02 . Memory (MB): peak = 2181.484 ; gain = 0.000 ; free physical = 3739 ; free virtual = 5784
INFO: [Project 1-570] Preparing netlist for logic optimization

Processing XDC Constraints
Initializing timing engine
Parsing XDC File [/home/andreea/proiect_finn/output_ip_hardware_cu_maimulteepoici/stitched_ip/finn_vivado_stitch_proj.gen/sources_1/bd/design_1/bd/finn_design_inst_0/ip/finn_design_inst_0_StreamingFIFO_rtl_0_0/finn_design_inst_0_StreamingFIFO_rtl_0_0/finn_design_inst_0_StreamingFIFO_rtl_0_0_in_context.xdc] for cell 'design_1_i/finn_design_0/StreamingFIFO_rtl_0'
Finished Parsing XDC File [/home/andreea/proiect_finn/output_ip_hardware_cu_maimulteepoici/stitched_ip/finn_vivado_stitch_proj.gen/sources_1/bd/design_1/bd/finn_design_inst_0/ip/finn_design_inst_0_StreamingFIFO_rtl_0_0/finn_design_inst_0_StreamingFIFO_rtl_0_0/finn_design_inst_0_StreamingFIFO_rtl_0_0_in_context.xdc] for cell 'design_1_i/finn_design_0/StreamingFIFO_rtl_0'
Parsing XDC File [/home/andreea/proiect_finn/output_ip_hardware_cu_maimulteepoici/stitched_ip/finn_vivado_stitch_proj.gen/sources_1/bd/design_1/bd/finn_design_inst_0/ip/finn_design_inst_0_FMPadding_rtl_0_0/finn_design_inst_0_FMPadding_rtl_0_0/finn_design_inst_0_FMPadding_rtl_0_0_in_context.xdc] for cell 'design_1_i/finn_design_0/FMPadding_rtl_0'
Finished Parsing XDC File [/home/andreea/proiect_finn/output_ip_hardware_cu_maimulteepoici/stitched_ip/finn_vivado_stitch_proj.gen/sources_1/bd/design_1/bd/finn_design_inst_0/ip/finn_design_inst_0_FMPadding_rtl_0_0/finn_design_inst_0_FMPadding_rtl_0_0/finn_design_inst_0_FMPadding_rtl_0_0_in_context.xdc] for cell 'design_1_i/finn_design_0/FMPadding_rtl_0'
Parsing XDC File [/home/andreea/proiect_finn/output_ip_hardware_cu_maimulteepoici/stitched_ip/finn_vivado_stitch_proj.gen/sources_1/bd/design_1/bd/finn_design_inst_0/ip/finn_design_inst_0_fifo_0/finn_design_inst_0_fifo_0/finn_design_inst_0_fifo_0_in_context.xdc] for cell 'design_1_i/finn_design_0/StreamingFIFO_rtl_1/fifo'
Finished Parsing XDC File [/home/andreea/proiect_finn/output_ip_hardware_cu_maimulteepoici/stitched_ip/finn_vivado_stitch_proj.gen/sources_1/bd/design_1/bd/finn_design_inst_0/ip/finn_design_inst_0_fifo_0/finn_design_inst_0_fifo_0/finn_design_inst_0_fifo_0_in_context.xdc] for cell 'design_1_i/finn_design_0/StreamingFIFO_rtl_1/fifo'
Parsing XDC File [/home/andreea/proiect_finn/output_ip_hardware_cu_maimulteepoici/stitched_ip/finn_vivado_stitch_proj.gen/sources_1/bd/design_1/bd/finn_design_inst_0/ip/finn_design_inst_0_ConvolutionInputGenerator_rtl_0_0/finn_design_inst_0_ConvolutionInputGenerator_rtl_0_0/finn_design_inst_0_ConvolutionInputGenerator_rtl_0_0_in_context.xdc] for cell 'design_1_i/finn_design_0/ConvolutionInputGenerator_rtl_0'
Finished Parsing XDC File [/home/andreea/proiect_finn/output_ip_hardware_cu_maimulteepoici/stitched_ip/finn_vivado_stitch_proj.gen/sources_1/bd/design_1/bd/finn_design_inst_0/ip/finn_design_inst_0_ConvolutionInputGenerator_rtl_0_0/finn_design_inst_0_ConvolutionInputGenerator_rtl_0_0/finn_design_inst_0_ConvolutionInputGenerator_rtl_0_0_in_context.xdc] for cell 'design_1_i/finn_design_0/ConvolutionInputGenerator_rtl_0'
Parsing XDC File [/home/andreea/proiect_finn/output_ip_hardware_cu_maimulteepoici/stitched_ip/finn_vivado_stitch_proj.gen/sources_1/bd/design_1/bd/finn_design_inst_0/ip/finn_design_inst_0_fifo_1/finn_design_inst_0_fifo_1/finn_design_inst_0_fifo_1_in_context.xdc] for cell 'design_1_i/finn_design_0/StreamingFIFO_rtl_2/fifo'
Finished Parsing XDC File [/home/andreea/proiect_finn/output_ip_hardware_cu_maimulteepoici/stitched_ip/finn_vivado_stitch_proj.gen/sources_1/bd/design_1/bd/finn_design_inst_0/ip/finn_design_inst_0_fifo_1/finn_design_inst_0_fifo_1/finn_design_inst_0_fifo_1_in_context.xdc] for cell 'design_1_i/finn_design_0/StreamingFIFO_rtl_2/fifo'
Parsing XDC File [/home/andreea/proiect_finn/output_ip_hardware_cu_maimulteepoici/stitched_ip/finn_vivado_stitch_proj.gen/sources_1/bd/design_1/bd/finn_design_inst_0/ip/finn_design_inst_0_StreamingDataWidthConverter_rtl_0_0/finn_design_inst_0_StreamingDataWidthConverter_rtl_0_0/finn_design_inst_0_StreamingDataWidthConverter_rtl_0_0_in_context.xdc] for cell 'design_1_i/finn_design_0/StreamingDataWidthConverter_rtl_0'
Finished Parsing XDC File [/home/andreea/proiect_finn/output_ip_hardware_cu_maimulteepoici/stitched_ip/finn_vivado_stitch_proj.gen/sources_1/bd/design_1/bd/finn_design_inst_0/ip/finn_design_inst_0_StreamingDataWidthConverter_rtl_0_0/finn_design_inst_0_StreamingDataWidthConverter_rtl_0_0/finn_design_inst_0_StreamingDataWidthConverter_rtl_0_0_in_context.xdc] for cell 'design_1_i/finn_design_0/StreamingDataWidthConverter_rtl_0'
Parsing XDC File [/home/andreea/proiect_finn/output_ip_hardware_cu_maimulteepoici/stitched_ip/finn_vivado_stitch_proj.gen/sources_1/bd/design_1/bd/finn_design_inst_0/ip/finn_design_inst_0_fifo_2/finn_design_inst_0_fifo_2/finn_design_inst_0_fifo_2_in_context.xdc] for cell 'design_1_i/finn_design_0/StreamingFIFO_rtl_3/fifo'
Finished Parsing XDC File [/home/andreea/proiect_finn/output_ip_hardware_cu_maimulteepoici/stitched_ip/finn_vivado_stitch_proj.gen/sources_1/bd/design_1/bd/finn_design_inst_0/ip/finn_design_inst_0_fifo_2/finn_design_inst_0_fifo_2/finn_design_inst_0_fifo_2_in_context.xdc] for cell 'design_1_i/finn_design_0/StreamingFIFO_rtl_3/fifo'
Parsing XDC File [/home/andreea/proiect_finn/output_ip_hardware_cu_maimulteepoici/stitched_ip/finn_vivado_stitch_proj.gen/sources_1/bd/design_1/bd/finn_design_inst_0/ip/finn_design_inst_0_MVAU_hls_0_0/finn_design_inst_0_MVAU_hls_0_0/finn_design_inst_0_MVAU_hls_0_0_in_context.xdc] for cell 'design_1_i/finn_design_0/MVAU_hls_0/MVAU_hls_0'
Finished Parsing XDC File [/home/andreea/proiect_finn/output_ip_hardware_cu_maimulteepoici/stitched_ip/finn_vivado_stitch_proj.gen/sources_1/bd/design_1/bd/finn_design_inst_0/ip/finn_design_inst_0_MVAU_hls_0_0/finn_design_inst_0_MVAU_hls_0_0/finn_design_inst_0_MVAU_hls_0_0_in_context.xdc] for cell 'design_1_i/finn_design_0/MVAU_hls_0/MVAU_hls_0'
Parsing XDC File [/home/andreea/proiect_finn/output_ip_hardware_cu_maimulteepoici/stitched_ip/finn_vivado_stitch_proj.gen/sources_1/bd/design_1/bd/finn_design_inst_0/ip/finn_design_inst_0_MVAU_hls_0_wstrm_0/finn_design_inst_0_MVAU_hls_0_wstrm_0/finn_design_inst_0_MVAU_hls_0_wstrm_0_in_context.xdc] for cell 'design_1_i/finn_design_0/MVAU_hls_0/MVAU_hls_0_wstrm'
Finished Parsing XDC File [/home/andreea/proiect_finn/output_ip_hardware_cu_maimulteepoici/stitched_ip/finn_vivado_stitch_proj.gen/sources_1/bd/design_1/bd/finn_design_inst_0/ip/finn_design_inst_0_MVAU_hls_0_wstrm_0/finn_design_inst_0_MVAU_hls_0_wstrm_0/finn_design_inst_0_MVAU_hls_0_wstrm_0_in_context.xdc] for cell 'design_1_i/finn_design_0/MVAU_hls_0/MVAU_hls_0_wstrm'
Parsing XDC File [/home/andreea/proiect_finn/output_ip_hardware_cu_maimulteepoici/stitched_ip/finn_vivado_stitch_proj.gen/sources_1/bd/design_1/bd/finn_design_inst_0/ip/finn_design_inst_0_StreamingFIFO_rtl_4_0/finn_design_inst_0_StreamingFIFO_rtl_4_0/finn_design_inst_0_StreamingFIFO_rtl_4_0_in_context.xdc] for cell 'design_1_i/finn_design_0/StreamingFIFO_rtl_4'
Finished Parsing XDC File [/home/andreea/proiect_finn/output_ip_hardware_cu_maimulteepoici/stitched_ip/finn_vivado_stitch_proj.gen/sources_1/bd/design_1/bd/finn_design_inst_0/ip/finn_design_inst_0_StreamingFIFO_rtl_4_0/finn_design_inst_0_StreamingFIFO_rtl_4_0/finn_design_inst_0_StreamingFIFO_rtl_4_0_in_context.xdc] for cell 'design_1_i/finn_design_0/StreamingFIFO_rtl_4'
Parsing XDC File [/home/andreea/proiect_finn/output_ip_hardware_cu_maimulteepoici/stitched_ip/finn_vivado_stitch_proj.gen/sources_1/bd/design_1/bd/finn_design_inst_0/ip/finn_design_inst_0_StreamingDataWidthConverter_rtl_1_0/finn_design_inst_0_StreamingDataWidthConverter_rtl_1_0/finn_design_inst_0_StreamingDataWidthConverter_rtl_1_0_in_context.xdc] for cell 'design_1_i/finn_design_0/StreamingDataWidthConverter_rtl_1'
Finished Parsing XDC File [/home/andreea/proiect_finn/output_ip_hardware_cu_maimulteepoici/stitched_ip/finn_vivado_stitch_proj.gen/sources_1/bd/design_1/bd/finn_design_inst_0/ip/finn_design_inst_0_StreamingDataWidthConverter_rtl_1_0/finn_design_inst_0_StreamingDataWidthConverter_rtl_1_0/finn_design_inst_0_StreamingDataWidthConverter_rtl_1_0_in_context.xdc] for cell 'design_1_i/finn_design_0/StreamingDataWidthConverter_rtl_1'
Parsing XDC File [/home/andreea/proiect_finn/output_ip_hardware_cu_maimulteepoici/stitched_ip/finn_vivado_stitch_proj.gen/sources_1/bd/design_1/bd/finn_design_inst_0/ip/finn_design_inst_0_StreamingFIFO_rtl_5_0/finn_design_inst_0_StreamingFIFO_rtl_5_0/finn_design_inst_0_StreamingFIFO_rtl_5_0_in_context.xdc] for cell 'design_1_i/finn_design_0/StreamingFIFO_rtl_5'
Finished Parsing XDC File [/home/andreea/proiect_finn/output_ip_hardware_cu_maimulteepoici/stitched_ip/finn_vivado_stitch_proj.gen/sources_1/bd/design_1/bd/finn_design_inst_0/ip/finn_design_inst_0_StreamingFIFO_rtl_5_0/finn_design_inst_0_StreamingFIFO_rtl_5_0/finn_design_inst_0_StreamingFIFO_rtl_5_0_in_context.xdc] for cell 'design_1_i/finn_design_0/StreamingFIFO_rtl_5'
Parsing XDC File [/home/andreea/proiect_finn/output_ip_hardware_cu_maimulteepoici/stitched_ip/finn_vivado_stitch_proj.gen/sources_1/bd/design_1/bd/finn_design_inst_0/ip/finn_design_inst_0_StreamingMaxPool_hls_0_0/finn_design_inst_0_StreamingMaxPool_hls_0_0/finn_design_inst_0_StreamingMaxPool_hls_0_0_in_context.xdc] for cell 'design_1_i/finn_design_0/StreamingMaxPool_hls_0'
Finished Parsing XDC File [/home/andreea/proiect_finn/output_ip_hardware_cu_maimulteepoici/stitched_ip/finn_vivado_stitch_proj.gen/sources_1/bd/design_1/bd/finn_design_inst_0/ip/finn_design_inst_0_StreamingMaxPool_hls_0_0/finn_design_inst_0_StreamingMaxPool_hls_0_0/finn_design_inst_0_StreamingMaxPool_hls_0_0_in_context.xdc] for cell 'design_1_i/finn_design_0/StreamingMaxPool_hls_0'
Parsing XDC File [/home/andreea/proiect_finn/output_ip_hardware_cu_maimulteepoici/stitched_ip/finn_vivado_stitch_proj.gen/sources_1/bd/design_1/bd/finn_design_inst_0/ip/finn_design_inst_0_StreamingFIFO_rtl_6_0/finn_design_inst_0_StreamingFIFO_rtl_6_0/finn_design_inst_0_StreamingFIFO_rtl_6_0_in_context.xdc] for cell 'design_1_i/finn_design_0/StreamingFIFO_rtl_6'
Finished Parsing XDC File [/home/andreea/proiect_finn/output_ip_hardware_cu_maimulteepoici/stitched_ip/finn_vivado_stitch_proj.gen/sources_1/bd/design_1/bd/finn_design_inst_0/ip/finn_design_inst_0_StreamingFIFO_rtl_6_0/finn_design_inst_0_StreamingFIFO_rtl_6_0/finn_design_inst_0_StreamingFIFO_rtl_6_0_in_context.xdc] for cell 'design_1_i/finn_design_0/StreamingFIFO_rtl_6'
Parsing XDC File [/home/andreea/proiect_finn/output_ip_hardware_cu_maimulteepoici/stitched_ip/finn_vivado_stitch_proj.gen/sources_1/bd/design_1/bd/finn_design_inst_0/ip/finn_design_inst_0_StreamingDataWidthConverter_rtl_2_0/finn_design_inst_0_StreamingDataWidthConverter_rtl_2_0/finn_design_inst_0_StreamingDataWidthConverter_rtl_2_0_in_context.xdc] for cell 'design_1_i/finn_design_0/StreamingDataWidthConverter_rtl_2'
Finished Parsing XDC File [/home/andreea/proiect_finn/output_ip_hardware_cu_maimulteepoici/stitched_ip/finn_vivado_stitch_proj.gen/sources_1/bd/design_1/bd/finn_design_inst_0/ip/finn_design_inst_0_StreamingDataWidthConverter_rtl_2_0/finn_design_inst_0_StreamingDataWidthConverter_rtl_2_0/finn_design_inst_0_StreamingDataWidthConverter_rtl_2_0_in_context.xdc] for cell 'design_1_i/finn_design_0/StreamingDataWidthConverter_rtl_2'
Parsing XDC File [/home/andreea/proiect_finn/output_ip_hardware_cu_maimulteepoici/stitched_ip/finn_vivado_stitch_proj.gen/sources_1/bd/design_1/bd/finn_design_inst_0/ip/finn_design_inst_0_StreamingFIFO_rtl_7_0/finn_design_inst_0_StreamingFIFO_rtl_7_0/finn_design_inst_0_StreamingFIFO_rtl_7_0_in_context.xdc] for cell 'design_1_i/finn_design_0/StreamingFIFO_rtl_7'
Finished Parsing XDC File [/home/andreea/proiect_finn/output_ip_hardware_cu_maimulteepoici/stitched_ip/finn_vivado_stitch_proj.gen/sources_1/bd/design_1/bd/finn_design_inst_0/ip/finn_design_inst_0_StreamingFIFO_rtl_7_0/finn_design_inst_0_StreamingFIFO_rtl_7_0/finn_design_inst_0_StreamingFIFO_rtl_7_0_in_context.xdc] for cell 'design_1_i/finn_design_0/StreamingFIFO_rtl_7'
Parsing XDC File [/home/andreea/proiect_finn/output_ip_hardware_cu_maimulteepoici/stitched_ip/finn_vivado_stitch_proj.gen/sources_1/bd/design_1/bd/finn_design_inst_0/ip/finn_design_inst_0_MVAU_hls_1_0/finn_design_inst_0_MVAU_hls_1_0/finn_design_inst_0_MVAU_hls_1_0_in_context.xdc] for cell 'design_1_i/finn_design_0/MVAU_hls_1/MVAU_hls_1'
Finished Parsing XDC File [/home/andreea/proiect_finn/output_ip_hardware_cu_maimulteepoici/stitched_ip/finn_vivado_stitch_proj.gen/sources_1/bd/design_1/bd/finn_design_inst_0/ip/finn_design_inst_0_MVAU_hls_1_0/finn_design_inst_0_MVAU_hls_1_0/finn_design_inst_0_MVAU_hls_1_0_in_context.xdc] for cell 'design_1_i/finn_design_0/MVAU_hls_1/MVAU_hls_1'
Parsing XDC File [/home/andreea/proiect_finn/output_ip_hardware_cu_maimulteepoici/stitched_ip/finn_vivado_stitch_proj.gen/sources_1/bd/design_1/bd/finn_design_inst_0/ip/finn_design_inst_0_MVAU_hls_1_wstrm_0/finn_design_inst_0_MVAU_hls_1_wstrm_0/finn_design_inst_0_MVAU_hls_1_wstrm_0_in_context.xdc] for cell 'design_1_i/finn_design_0/MVAU_hls_1/MVAU_hls_1_wstrm'
Finished Parsing XDC File [/home/andreea/proiect_finn/output_ip_hardware_cu_maimulteepoici/stitched_ip/finn_vivado_stitch_proj.gen/sources_1/bd/design_1/bd/finn_design_inst_0/ip/finn_design_inst_0_MVAU_hls_1_wstrm_0/finn_design_inst_0_MVAU_hls_1_wstrm_0/finn_design_inst_0_MVAU_hls_1_wstrm_0_in_context.xdc] for cell 'design_1_i/finn_design_0/MVAU_hls_1/MVAU_hls_1_wstrm'
Parsing XDC File [/home/andreea/proiect_finn/output_ip_hardware_cu_maimulteepoici/stitched_ip/finn_vivado_stitch_proj.gen/sources_1/bd/design_1/bd/finn_design_inst_0/ip/finn_design_inst_0_StreamingFIFO_rtl_8_0/finn_design_inst_0_StreamingFIFO_rtl_8_0/finn_design_inst_0_StreamingFIFO_rtl_8_0_in_context.xdc] for cell 'design_1_i/finn_design_0/StreamingFIFO_rtl_8'
Finished Parsing XDC File [/home/andreea/proiect_finn/output_ip_hardware_cu_maimulteepoici/stitched_ip/finn_vivado_stitch_proj.gen/sources_1/bd/design_1/bd/finn_design_inst_0/ip/finn_design_inst_0_StreamingFIFO_rtl_8_0/finn_design_inst_0_StreamingFIFO_rtl_8_0/finn_design_inst_0_StreamingFIFO_rtl_8_0_in_context.xdc] for cell 'design_1_i/finn_design_0/StreamingFIFO_rtl_8'
Parsing XDC File [/home/andreea/proiect_finn/output_ip_hardware_cu_maimulteepoici/stitched_ip/finn_vivado_stitch_proj.gen/sources_1/bd/design_1/bd/finn_design_inst_0/ip/finn_design_inst_0_MVAU_rtl_0_0/finn_design_inst_0_MVAU_rtl_0_0/finn_design_inst_0_MVAU_rtl_0_0_in_context.xdc] for cell 'design_1_i/finn_design_0/MVAU_rtl_0/MVAU_rtl_0'
Finished Parsing XDC File [/home/andreea/proiect_finn/output_ip_hardware_cu_maimulteepoici/stitched_ip/finn_vivado_stitch_proj.gen/sources_1/bd/design_1/bd/finn_design_inst_0/ip/finn_design_inst_0_MVAU_rtl_0_0/finn_design_inst_0_MVAU_rtl_0_0/finn_design_inst_0_MVAU_rtl_0_0_in_context.xdc] for cell 'design_1_i/finn_design_0/MVAU_rtl_0/MVAU_rtl_0'
Parsing XDC File [/home/andreea/proiect_finn/output_ip_hardware_cu_maimulteepoici/stitched_ip/finn_vivado_stitch_proj.gen/sources_1/bd/design_1/bd/finn_design_inst_0/ip/finn_design_inst_0_MVAU_rtl_0_wstrm_0/finn_design_inst_0_MVAU_rtl_0_wstrm_0/finn_design_inst_0_MVAU_rtl_0_wstrm_0_in_context.xdc] for cell 'design_1_i/finn_design_0/MVAU_rtl_0/MVAU_rtl_0_wstrm'
Finished Parsing XDC File [/home/andreea/proiect_finn/output_ip_hardware_cu_maimulteepoici/stitched_ip/finn_vivado_stitch_proj.gen/sources_1/bd/design_1/bd/finn_design_inst_0/ip/finn_design_inst_0_MVAU_rtl_0_wstrm_0/finn_design_inst_0_MVAU_rtl_0_wstrm_0/finn_design_inst_0_MVAU_rtl_0_wstrm_0_in_context.xdc] for cell 'design_1_i/finn_design_0/MVAU_rtl_0/MVAU_rtl_0_wstrm'
Parsing XDC File [/home/andreea/proiect_finn/output_ip_hardware_cu_maimulteepoici/stitched_ip/finn_vivado_stitch_proj.gen/sources_1/bd/design_1/bd/finn_design_inst_0/ip/finn_design_inst_0_StreamingFIFO_rtl_9_0/finn_design_inst_0_StreamingFIFO_rtl_9_0/finn_design_inst_0_StreamingFIFO_rtl_9_0_in_context.xdc] for cell 'design_1_i/finn_design_0/StreamingFIFO_rtl_9'
Finished Parsing XDC File [/home/andreea/proiect_finn/output_ip_hardware_cu_maimulteepoici/stitched_ip/finn_vivado_stitch_proj.gen/sources_1/bd/design_1/bd/finn_design_inst_0/ip/finn_design_inst_0_StreamingFIFO_rtl_9_0/finn_design_inst_0_StreamingFIFO_rtl_9_0/finn_design_inst_0_StreamingFIFO_rtl_9_0_in_context.xdc] for cell 'design_1_i/finn_design_0/StreamingFIFO_rtl_9'
Parsing XDC File [/home/andreea/proiect_finn/output_ip_hardware_cu_maimulteepoici/stitched_ip/finn_vivado_stitch_proj.gen/sources_1/bd/design_1/ip/design_1_processing_system7_0_0/design_1_processing_system7_0_0/design_1_processing_system7_0_0_in_context.xdc] for cell 'design_1_i/processing_system7_0'
Finished Parsing XDC File [/home/andreea/proiect_finn/output_ip_hardware_cu_maimulteepoici/stitched_ip/finn_vivado_stitch_proj.gen/sources_1/bd/design_1/ip/design_1_processing_system7_0_0/design_1_processing_system7_0_0/design_1_processing_system7_0_0_in_context.xdc] for cell 'design_1_i/processing_system7_0'
Parsing XDC File [/home/andreea/proiect_finn/output_ip_hardware_cu_maimulteepoici/stitched_ip/finn_vivado_stitch_proj.gen/sources_1/bd/design_1/ip/design_1_axi_dma_0_0/design_1_axi_dma_0_0/design_1_axi_dma_0_0_in_context.xdc] for cell 'design_1_i/axi_dma_0'
Finished Parsing XDC File [/home/andreea/proiect_finn/output_ip_hardware_cu_maimulteepoici/stitched_ip/finn_vivado_stitch_proj.gen/sources_1/bd/design_1/ip/design_1_axi_dma_0_0/design_1_axi_dma_0_0/design_1_axi_dma_0_0_in_context.xdc] for cell 'design_1_i/axi_dma_0'
Parsing XDC File [/home/andreea/proiect_finn/output_ip_hardware_cu_maimulteepoici/stitched_ip/finn_vivado_stitch_proj.gen/sources_1/bd/design_1/ip/design_1_smartconnect_0_0/design_1_smartconnect_0_0/design_1_smartconnect_0_0_in_context.xdc] for cell 'design_1_i/smartconnect_0'
Finished Parsing XDC File [/home/andreea/proiect_finn/output_ip_hardware_cu_maimulteepoici/stitched_ip/finn_vivado_stitch_proj.gen/sources_1/bd/design_1/ip/design_1_smartconnect_0_0/design_1_smartconnect_0_0/design_1_smartconnect_0_0_in_context.xdc] for cell 'design_1_i/smartconnect_0'
Parsing XDC File [/home/andreea/proiect_finn/output_ip_hardware_cu_maimulteepoici/stitched_ip/finn_vivado_stitch_proj.gen/sources_1/bd/design_1/ip/design_1_axis_subset_converter_0_0/design_1_axis_subset_converter_0_0/design_1_axis_subset_converter_0_0_in_context.xdc] for cell 'design_1_i/axis_subset_converter_0'
Finished Parsing XDC File [/home/andreea/proiect_finn/output_ip_hardware_cu_maimulteepoici/stitched_ip/finn_vivado_stitch_proj.gen/sources_1/bd/design_1/ip/design_1_axis_subset_converter_0_0/design_1_axis_subset_converter_0_0/design_1_axis_subset_converter_0_0_in_context.xdc] for cell 'design_1_i/axis_subset_converter_0'
Parsing XDC File [/home/andreea/proiect_finn/output_ip_hardware_cu_maimulteepoici/stitched_ip/finn_vivado_stitch_proj.gen/sources_1/bd/design_1/ip/design_1_rst_ps7_0_100M_0/design_1_rst_ps7_0_100M_0/design_1_rst_ps7_0_100M_0_in_context.xdc] for cell 'design_1_i/rst_ps7_0_100M'
Finished Parsing XDC File [/home/andreea/proiect_finn/output_ip_hardware_cu_maimulteepoici/stitched_ip/finn_vivado_stitch_proj.gen/sources_1/bd/design_1/ip/design_1_rst_ps7_0_100M_0/design_1_rst_ps7_0_100M_0/design_1_rst_ps7_0_100M_0_in_context.xdc] for cell 'design_1_i/rst_ps7_0_100M'
Parsing XDC File [/home/andreea/proiect_finn/output_ip_hardware_cu_maimulteepoici/stitched_ip/finn_vivado_stitch_proj.gen/sources_1/bd/design_1/ip/design_1_xbar_0/design_1_xbar_0/design_1_xbar_0_in_context.xdc] for cell 'design_1_i/ps7_0_axi_periph/xbar'
Finished Parsing XDC File [/home/andreea/proiect_finn/output_ip_hardware_cu_maimulteepoici/stitched_ip/finn_vivado_stitch_proj.gen/sources_1/bd/design_1/ip/design_1_xbar_0/design_1_xbar_0/design_1_xbar_0_in_context.xdc] for cell 'design_1_i/ps7_0_axi_periph/xbar'
Parsing XDC File [/home/andreea/proiect_finn/output_ip_hardware_cu_maimulteepoici/stitched_ip/finn_vivado_stitch_proj.gen/sources_1/bd/design_1/ip/design_1_auto_pc_0/design_1_auto_pc_0/design_1_auto_pc_0_in_context.xdc] for cell 'design_1_i/ps7_0_axi_periph/s00_couplers/auto_pc'
Finished Parsing XDC File [/home/andreea/proiect_finn/output_ip_hardware_cu_maimulteepoici/stitched_ip/finn_vivado_stitch_proj.gen/sources_1/bd/design_1/ip/design_1_auto_pc_0/design_1_auto_pc_0/design_1_auto_pc_0_in_context.xdc] for cell 'design_1_i/ps7_0_axi_periph/s00_couplers/auto_pc'
Parsing XDC File [/home/andreea/proiect_finn/output_ip_hardware_cu_maimulteepoici/stitched_ip/finn_vivado_stitch_proj.gen/sources_1/bd/design_1/ip/design_1_axi_gpio_0_0/design_1_axi_gpio_0_0/design_1_axi_gpio_0_0_in_context.xdc] for cell 'design_1_i/axi_gpio_btn_and_sw'
Finished Parsing XDC File [/home/andreea/proiect_finn/output_ip_hardware_cu_maimulteepoici/stitched_ip/finn_vivado_stitch_proj.gen/sources_1/bd/design_1/ip/design_1_axi_gpio_0_0/design_1_axi_gpio_0_0/design_1_axi_gpio_0_0_in_context.xdc] for cell 'design_1_i/axi_gpio_btn_and_sw'
Parsing XDC File [/home/andreea/proiect_finn/output_ip_hardware_cu_maimulteepoici/stitched_ip/finn_vivado_stitch_proj.gen/sources_1/bd/design_1/ip/design_1_axi_dynclk_0_0/design_1_axi_dynclk_0_0/design_1_axi_dynclk_0_0_in_context.xdc] for cell 'design_1_i/hdmi/axi_dynclk_0'
Finished Parsing XDC File [/home/andreea/proiect_finn/output_ip_hardware_cu_maimulteepoici/stitched_ip/finn_vivado_stitch_proj.gen/sources_1/bd/design_1/ip/design_1_axi_dynclk_0_0/design_1_axi_dynclk_0_0/design_1_axi_dynclk_0_0_in_context.xdc] for cell 'design_1_i/hdmi/axi_dynclk_0'
Parsing XDC File [/home/andreea/proiect_finn/output_ip_hardware_cu_maimulteepoici/stitched_ip/finn_vivado_stitch_proj.gen/sources_1/bd/design_1/ip/design_1_axi_vdma_0_0/design_1_axi_vdma_0_0/design_1_axi_vdma_0_0_in_context.xdc] for cell 'design_1_i/hdmi/axi_vdma_0'
Finished Parsing XDC File [/home/andreea/proiect_finn/output_ip_hardware_cu_maimulteepoici/stitched_ip/finn_vivado_stitch_proj.gen/sources_1/bd/design_1/ip/design_1_axi_vdma_0_0/design_1_axi_vdma_0_0/design_1_axi_vdma_0_0_in_context.xdc] for cell 'design_1_i/hdmi/axi_vdma_0'
Parsing XDC File [/home/andreea/proiect_finn/output_ip_hardware_cu_maimulteepoici/stitched_ip/finn_vivado_stitch_proj.gen/sources_1/bd/design_1/ip/design_1_v_tc_0_0/design_1_v_tc_0_0/design_1_v_tc_0_0_in_context.xdc] for cell 'design_1_i/hdmi/v_tc_0'
Finished Parsing XDC File [/home/andreea/proiect_finn/output_ip_hardware_cu_maimulteepoici/stitched_ip/finn_vivado_stitch_proj.gen/sources_1/bd/design_1/ip/design_1_v_tc_0_0/design_1_v_tc_0_0/design_1_v_tc_0_0_in_context.xdc] for cell 'design_1_i/hdmi/v_tc_0'
Parsing XDC File [/home/andreea/proiect_finn/output_ip_hardware_cu_maimulteepoici/stitched_ip/finn_vivado_stitch_proj.gen/sources_1/bd/design_1/ip/design_1_v_axi4s_vid_out_0_0/design_1_v_axi4s_vid_out_0_0/design_1_v_axi4s_vid_out_0_0_in_context.xdc] for cell 'design_1_i/hdmi/v_axi4s_vid_out_0'
Finished Parsing XDC File [/home/andreea/proiect_finn/output_ip_hardware_cu_maimulteepoici/stitched_ip/finn_vivado_stitch_proj.gen/sources_1/bd/design_1/ip/design_1_v_axi4s_vid_out_0_0/design_1_v_axi4s_vid_out_0_0/design_1_v_axi4s_vid_out_0_0_in_context.xdc] for cell 'design_1_i/hdmi/v_axi4s_vid_out_0'
Parsing XDC File [/home/andreea/proiect_finn/output_ip_hardware_cu_maimulteepoici/stitched_ip/finn_vivado_stitch_proj.gen/sources_1/bd/design_1/ip/design_1_rgb2dvi_0_1/design_1_rgb2dvi_0_1/design_1_rgb2dvi_0_1_in_context.xdc] for cell 'design_1_i/hdmi/rgb2dvi_0'
Finished Parsing XDC File [/home/andreea/proiect_finn/output_ip_hardware_cu_maimulteepoici/stitched_ip/finn_vivado_stitch_proj.gen/sources_1/bd/design_1/ip/design_1_rgb2dvi_0_1/design_1_rgb2dvi_0_1/design_1_rgb2dvi_0_1_in_context.xdc] for cell 'design_1_i/hdmi/rgb2dvi_0'
Parsing XDC File [/home/andreea/proiect_finn/output_ip_hardware_cu_maimulteepoici/stitched_ip/finn_vivado_stitch_proj.gen/sources_1/bd/design_1/ip/design_1_axis_subset_converter_0_1/design_1_axis_subset_converter_0_1/design_1_axis_subset_converter_0_1_in_context.xdc] for cell 'design_1_i/hdmi/axis_subset_converter_0'
Finished Parsing XDC File [/home/andreea/proiect_finn/output_ip_hardware_cu_maimulteepoici/stitched_ip/finn_vivado_stitch_proj.gen/sources_1/bd/design_1/ip/design_1_axis_subset_converter_0_1/design_1_axis_subset_converter_0_1/design_1_axis_subset_converter_0_1_in_context.xdc] for cell 'design_1_i/hdmi/axis_subset_converter_0'
Parsing XDC File [/home/andreea/proiect_finn/output_ip_hardware_cu_maimulteepoici/stitched_ip/finn_vivado_stitch_proj.gen/sources_1/bd/design_1/ip/design_1_auto_pc_1/design_1_auto_pc_1/design_1_auto_pc_1_in_context.xdc] for cell 'design_1_i/hdmi/axi_mem_intercon/s00_couplers/auto_pc'
Finished Parsing XDC File [/home/andreea/proiect_finn/output_ip_hardware_cu_maimulteepoici/stitched_ip/finn_vivado_stitch_proj.gen/sources_1/bd/design_1/ip/design_1_auto_pc_1/design_1_auto_pc_1/design_1_auto_pc_1_in_context.xdc] for cell 'design_1_i/hdmi/axi_mem_intercon/s00_couplers/auto_pc'
Parsing XDC File [/home/andreea/proiect_finn/output_ip_hardware_cu_maimulteepoici/stitched_ip/finn_vivado_stitch_proj.srcs/constrs_1/new/design_1.xdc]
Finished Parsing XDC File [/home/andreea/proiect_finn/output_ip_hardware_cu_maimulteepoici/stitched_ip/finn_vivado_stitch_proj.srcs/constrs_1/new/design_1.xdc]
INFO: [Project 1-236] Implementation specific constraints were found while reading constraint file [/home/andreea/proiect_finn/output_ip_hardware_cu_maimulteepoici/stitched_ip/finn_vivado_stitch_proj.srcs/constrs_1/new/design_1.xdc]. These constraints will be ignored for synthesis but will be used in implementation. Impacted constraints are listed in the file [.Xil/design_1_wrapper_propImpl.xdc].
Resolution: To avoid this warning, move constraints listed in [.Xil/design_1_wrapper_propImpl.xdc] to another XDC file and exclude this new file from synthesis with the used_in_synthesis property (File Properties dialog in GUI) and re-run elaboration/synthesis.
Parsing XDC File [/home/andreea/proiect_finn/output_ip_hardware_cu_maimulteepoici/stitched_ip/finn_vivado_stitch_proj.runs/synth_1/dont_touch.xdc]
Finished Parsing XDC File [/home/andreea/proiect_finn/output_ip_hardware_cu_maimulteepoici/stitched_ip/finn_vivado_stitch_proj.runs/synth_1/dont_touch.xdc]
Completed Processing XDC Constraints

Netlist sorting complete. Time (s): cpu = 00:00:00 ; elapsed = 00:00:00 . Memory (MB): peak = 2230.410 ; gain = 0.000 ; free physical = 3638 ; free virtual = 5700
INFO: [Project 1-111] Unisim Transformation Summary:
No Unisim elements were transformed.

Constraint Validation Runtime : Time (s): cpu = 00:00:00 ; elapsed = 00:00:00 . Memory (MB): peak = 2230.410 ; gain = 0.000 ; free physical = 3638 ; free virtual = 5700
INFO: [Designutils 20-5440] No compile time benefit to using incremental synthesis; A full resynthesis will be run
INFO: [Designutils 20-4379] Flow is switching to default flow due to incremental criteria not met. If you would like to alter this behaviour and have the flow terminate instead, please set the following parameter config_implementation {autoIncr.Synth.RejectBehavior Terminate}
INFO: [Synth 8-11241] undeclared symbol 'REGCCE', assumed default net type 'wire' [/tools/Xilinx/Vivado/2022.2/data/verilog/src/unimacro/BRAM_SINGLE_MACRO.v:2170]
---------------------------------------------------------------------------------
Finished Constraint Validation : Time (s): cpu = 00:00:07 ; elapsed = 00:00:08 . Memory (MB): peak = 2230.410 ; gain = 509.379 ; free physical = 3702 ; free virtual = 5764
Synthesis current peak Physical Memory [PSS] (MB): peak = 1592.847; parent = 1363.298; children = 229.549
Synthesis current peak Virtual Memory [VSS] (MB): peak = 3169.672; parent = 2198.395; children = 971.277
---------------------------------------------------------------------------------
---------------------------------------------------------------------------------
Start Loading Part and Timing Information
---------------------------------------------------------------------------------
Loading part: xc7z020clg400-1
---------------------------------------------------------------------------------
Finished Loading Part and Timing Information : Time (s): cpu = 00:00:07 ; elapsed = 00:00:08 . Memory (MB): peak = 2230.410 ; gain = 509.379 ; free physical = 3702 ; free virtual = 5764
Synthesis current peak Physical Memory [PSS] (MB): peak = 1592.847; parent = 1363.298; children = 229.549
Synthesis current peak Virtual Memory [VSS] (MB): peak = 3169.672; parent = 2198.395; children = 971.277
---------------------------------------------------------------------------------
---------------------------------------------------------------------------------
Start Applying 'set_property' XDC Constraints
---------------------------------------------------------------------------------
Applied set_property IO_BUFFER_TYPE = NONE for DDR_addr[0]. (constraint file  /home/andreea/proiect_finn/output_ip_hardware_cu_maimulteepoici/stitched_ip/finn_vivado_stitch_proj.gen/sources_1/bd/design_1/ip/design_1_processing_system7_0_0/design_1_processing_system7_0_0/design_1_processing_system7_0_0_in_context.xdc, line 2).
Applied set_property CLOCK_BUFFER_TYPE = NONE for DDR_addr[0]. (constraint file  /home/andreea/proiect_finn/output_ip_hardware_cu_maimulteepoici/stitched_ip/finn_vivado_stitch_proj.gen/sources_1/bd/design_1/ip/design_1_processing_system7_0_0/design_1_processing_system7_0_0/design_1_processing_system7_0_0_in_context.xdc, line 3).
Applied set_property IO_BUFFER_TYPE = NONE for DDR_addr[10]. (constraint file  /home/andreea/proiect_finn/output_ip_hardware_cu_maimulteepoici/stitched_ip/finn_vivado_stitch_proj.gen/sources_1/bd/design_1/ip/design_1_processing_system7_0_0/design_1_processing_system7_0_0/design_1_processing_system7_0_0_in_context.xdc, line 4).
Applied set_property CLOCK_BUFFER_TYPE = NONE for DDR_addr[10]. (constraint file  /home/andreea/proiect_finn/output_ip_hardware_cu_maimulteepoici/stitched_ip/finn_vivado_stitch_proj.gen/sources_1/bd/design_1/ip/design_1_processing_system7_0_0/design_1_processing_system7_0_0/design_1_processing_system7_0_0_in_context.xdc, line 5).
Applied set_property IO_BUFFER_TYPE = NONE for DDR_addr[11]. (constraint file  /home/andreea/proiect_finn/output_ip_hardware_cu_maimulteepoici/stitched_ip/finn_vivado_stitch_proj.gen/sources_1/bd/design_1/ip/design_1_processing_system7_0_0/design_1_processing_system7_0_0/design_1_processing_system7_0_0_in_context.xdc, line 6).
Applied set_property CLOCK_BUFFER_TYPE = NONE for DDR_addr[11]. (constraint file  /home/andreea/proiect_finn/output_ip_hardware_cu_maimulteepoici/stitched_ip/finn_vivado_stitch_proj.gen/sources_1/bd/design_1/ip/design_1_processing_system7_0_0/design_1_processing_system7_0_0/design_1_processing_system7_0_0_in_context.xdc, line 7).
Applied set_property IO_BUFFER_TYPE = NONE for DDR_addr[12]. (constraint file  /home/andreea/proiect_finn/output_ip_hardware_cu_maimulteepoici/stitched_ip/finn_vivado_stitch_proj.gen/sources_1/bd/design_1/ip/design_1_processing_system7_0_0/design_1_processing_system7_0_0/design_1_processing_system7_0_0_in_context.xdc, line 8).
Applied set_property CLOCK_BUFFER_TYPE = NONE for DDR_addr[12]. (constraint file  /home/andreea/proiect_finn/output_ip_hardware_cu_maimulteepoici/stitched_ip/finn_vivado_stitch_proj.gen/sources_1/bd/design_1/ip/design_1_processing_system7_0_0/design_1_processing_system7_0_0/design_1_processing_system7_0_0_in_context.xdc, line 9).
Applied set_property IO_BUFFER_TYPE = NONE for DDR_addr[13]. (constraint file  /home/andreea/proiect_finn/output_ip_hardware_cu_maimulteepoici/stitched_ip/finn_vivado_stitch_proj.gen/sources_1/bd/design_1/ip/design_1_processing_system7_0_0/design_1_processing_system7_0_0/design_1_processing_system7_0_0_in_context.xdc, line 10).
Applied set_property CLOCK_BUFFER_TYPE = NONE for DDR_addr[13]. (constraint file  /home/andreea/proiect_finn/output_ip_hardware_cu_maimulteepoici/stitched_ip/finn_vivado_stitch_proj.gen/sources_1/bd/design_1/ip/design_1_processing_system7_0_0/design_1_processing_system7_0_0/design_1_processing_system7_0_0_in_context.xdc, line 11).
Applied set_property IO_BUFFER_TYPE = NONE for DDR_addr[14]. (constraint file  /home/andreea/proiect_finn/output_ip_hardware_cu_maimulteepoici/stitched_ip/finn_vivado_stitch_proj.gen/sources_1/bd/design_1/ip/design_1_processing_system7_0_0/design_1_processing_system7_0_0/design_1_processing_system7_0_0_in_context.xdc, line 12).
Applied set_property CLOCK_BUFFER_TYPE = NONE for DDR_addr[14]. (constraint file  /home/andreea/proiect_finn/output_ip_hardware_cu_maimulteepoici/stitched_ip/finn_vivado_stitch_proj.gen/sources_1/bd/design_1/ip/design_1_processing_system7_0_0/design_1_processing_system7_0_0/design_1_processing_system7_0_0_in_context.xdc, line 13).
Applied set_property IO_BUFFER_TYPE = NONE for DDR_addr[1]. (constraint file  /home/andreea/proiect_finn/output_ip_hardware_cu_maimulteepoici/stitched_ip/finn_vivado_stitch_proj.gen/sources_1/bd/design_1/ip/design_1_processing_system7_0_0/design_1_processing_system7_0_0/design_1_processing_system7_0_0_in_context.xdc, line 14).
Applied set_property CLOCK_BUFFER_TYPE = NONE for DDR_addr[1]. (constraint file  /home/andreea/proiect_finn/output_ip_hardware_cu_maimulteepoici/stitched_ip/finn_vivado_stitch_proj.gen/sources_1/bd/design_1/ip/design_1_processing_system7_0_0/design_1_processing_system7_0_0/design_1_processing_system7_0_0_in_context.xdc, line 15).
Applied set_property IO_BUFFER_TYPE = NONE for DDR_addr[2]. (constraint file  /home/andreea/proiect_finn/output_ip_hardware_cu_maimulteepoici/stitched_ip/finn_vivado_stitch_proj.gen/sources_1/bd/design_1/ip/design_1_processing_system7_0_0/design_1_processing_system7_0_0/design_1_processing_system7_0_0_in_context.xdc, line 16).
Applied set_property CLOCK_BUFFER_TYPE = NONE for DDR_addr[2]. (constraint file  /home/andreea/proiect_finn/output_ip_hardware_cu_maimulteepoici/stitched_ip/finn_vivado_stitch_proj.gen/sources_1/bd/design_1/ip/design_1_processing_system7_0_0/design_1_processing_system7_0_0/design_1_processing_system7_0_0_in_context.xdc, line 17).
Applied set_property IO_BUFFER_TYPE = NONE for DDR_addr[3]. (constraint file  /home/andreea/proiect_finn/output_ip_hardware_cu_maimulteepoici/stitched_ip/finn_vivado_stitch_proj.gen/sources_1/bd/design_1/ip/design_1_processing_system7_0_0/design_1_processing_system7_0_0/design_1_processing_system7_0_0_in_context.xdc, line 18).
Applied set_property CLOCK_BUFFER_TYPE = NONE for DDR_addr[3]. (constraint file  /home/andreea/proiect_finn/output_ip_hardware_cu_maimulteepoici/stitched_ip/finn_vivado_stitch_proj.gen/sources_1/bd/design_1/ip/design_1_processing_system7_0_0/design_1_processing_system7_0_0/design_1_processing_system7_0_0_in_context.xdc, line 19).
Applied set_property IO_BUFFER_TYPE = NONE for DDR_addr[4]. (constraint file  /home/andreea/proiect_finn/output_ip_hardware_cu_maimulteepoici/stitched_ip/finn_vivado_stitch_proj.gen/sources_1/bd/design_1/ip/design_1_processing_system7_0_0/design_1_processing_system7_0_0/design_1_processing_system7_0_0_in_context.xdc, line 20).
Applied set_property CLOCK_BUFFER_TYPE = NONE for DDR_addr[4]. (constraint file  /home/andreea/proiect_finn/output_ip_hardware_cu_maimulteepoici/stitched_ip/finn_vivado_stitch_proj.gen/sources_1/bd/design_1/ip/design_1_processing_system7_0_0/design_1_processing_system7_0_0/design_1_processing_system7_0_0_in_context.xdc, line 21).
Applied set_property IO_BUFFER_TYPE = NONE for DDR_addr[5]. (constraint file  /home/andreea/proiect_finn/output_ip_hardware_cu_maimulteepoici/stitched_ip/finn_vivado_stitch_proj.gen/sources_1/bd/design_1/ip/design_1_processing_system7_0_0/design_1_processing_system7_0_0/design_1_processing_system7_0_0_in_context.xdc, line 22).
Applied set_property CLOCK_BUFFER_TYPE = NONE for DDR_addr[5]. (constraint file  /home/andreea/proiect_finn/output_ip_hardware_cu_maimulteepoici/stitched_ip/finn_vivado_stitch_proj.gen/sources_1/bd/design_1/ip/design_1_processing_system7_0_0/design_1_processing_system7_0_0/design_1_processing_system7_0_0_in_context.xdc, line 23).
Applied set_property IO_BUFFER_TYPE = NONE for DDR_addr[6]. (constraint file  /home/andreea/proiect_finn/output_ip_hardware_cu_maimulteepoici/stitched_ip/finn_vivado_stitch_proj.gen/sources_1/bd/design_1/ip/design_1_processing_system7_0_0/design_1_processing_system7_0_0/design_1_processing_system7_0_0_in_context.xdc, line 24).
Applied set_property CLOCK_BUFFER_TYPE = NONE for DDR_addr[6]. (constraint file  /home/andreea/proiect_finn/output_ip_hardware_cu_maimulteepoici/stitched_ip/finn_vivado_stitch_proj.gen/sources_1/bd/design_1/ip/design_1_processing_system7_0_0/design_1_processing_system7_0_0/design_1_processing_system7_0_0_in_context.xdc, line 25).
Applied set_property IO_BUFFER_TYPE = NONE for DDR_addr[7]. (constraint file  /home/andreea/proiect_finn/output_ip_hardware_cu_maimulteepoici/stitched_ip/finn_vivado_stitch_proj.gen/sources_1/bd/design_1/ip/design_1_processing_system7_0_0/design_1_processing_system7_0_0/design_1_processing_system7_0_0_in_context.xdc, line 26).
Applied set_property CLOCK_BUFFER_TYPE = NONE for DDR_addr[7]. (constraint file  /home/andreea/proiect_finn/output_ip_hardware_cu_maimulteepoici/stitched_ip/finn_vivado_stitch_proj.gen/sources_1/bd/design_1/ip/design_1_processing_system7_0_0/design_1_processing_system7_0_0/design_1_processing_system7_0_0_in_context.xdc, line 27).
Applied set_property IO_BUFFER_TYPE = NONE for DDR_addr[8]. (constraint file  /home/andreea/proiect_finn/output_ip_hardware_cu_maimulteepoici/stitched_ip/finn_vivado_stitch_proj.gen/sources_1/bd/design_1/ip/design_1_processing_system7_0_0/design_1_processing_system7_0_0/design_1_processing_system7_0_0_in_context.xdc, line 28).
Applied set_property CLOCK_BUFFER_TYPE = NONE for DDR_addr[8]. (constraint file  /home/andreea/proiect_finn/output_ip_hardware_cu_maimulteepoici/stitched_ip/finn_vivado_stitch_proj.gen/sources_1/bd/design_1/ip/design_1_processing_system7_0_0/design_1_processing_system7_0_0/design_1_processing_system7_0_0_in_context.xdc, line 29).
Applied set_property IO_BUFFER_TYPE = NONE for DDR_addr[9]. (constraint file  /home/andreea/proiect_finn/output_ip_hardware_cu_maimulteepoici/stitched_ip/finn_vivado_stitch_proj.gen/sources_1/bd/design_1/ip/design_1_processing_system7_0_0/design_1_processing_system7_0_0/design_1_processing_system7_0_0_in_context.xdc, line 30).
Applied set_property CLOCK_BUFFER_TYPE = NONE for DDR_addr[9]. (constraint file  /home/andreea/proiect_finn/output_ip_hardware_cu_maimulteepoici/stitched_ip/finn_vivado_stitch_proj.gen/sources_1/bd/design_1/ip/design_1_processing_system7_0_0/design_1_processing_system7_0_0/design_1_processing_system7_0_0_in_context.xdc, line 31).
Applied set_property IO_BUFFER_TYPE = NONE for DDR_ba[0]. (constraint file  /home/andreea/proiect_finn/output_ip_hardware_cu_maimulteepoici/stitched_ip/finn_vivado_stitch_proj.gen/sources_1/bd/design_1/ip/design_1_processing_system7_0_0/design_1_processing_system7_0_0/design_1_processing_system7_0_0_in_context.xdc, line 32).
Applied set_property CLOCK_BUFFER_TYPE = NONE for DDR_ba[0]. (constraint file  /home/andreea/proiect_finn/output_ip_hardware_cu_maimulteepoici/stitched_ip/finn_vivado_stitch_proj.gen/sources_1/bd/design_1/ip/design_1_processing_system7_0_0/design_1_processing_system7_0_0/design_1_processing_system7_0_0_in_context.xdc, line 33).
Applied set_property IO_BUFFER_TYPE = NONE for DDR_ba[1]. (constraint file  /home/andreea/proiect_finn/output_ip_hardware_cu_maimulteepoici/stitched_ip/finn_vivado_stitch_proj.gen/sources_1/bd/design_1/ip/design_1_processing_system7_0_0/design_1_processing_system7_0_0/design_1_processing_system7_0_0_in_context.xdc, line 34).
Applied set_property CLOCK_BUFFER_TYPE = NONE for DDR_ba[1]. (constraint file  /home/andreea/proiect_finn/output_ip_hardware_cu_maimulteepoici/stitched_ip/finn_vivado_stitch_proj.gen/sources_1/bd/design_1/ip/design_1_processing_system7_0_0/design_1_processing_system7_0_0/design_1_processing_system7_0_0_in_context.xdc, line 35).
Applied set_property IO_BUFFER_TYPE = NONE for DDR_ba[2]. (constraint file  /home/andreea/proiect_finn/output_ip_hardware_cu_maimulteepoici/stitched_ip/finn_vivado_stitch_proj.gen/sources_1/bd/design_1/ip/design_1_processing_system7_0_0/design_1_processing_system7_0_0/design_1_processing_system7_0_0_in_context.xdc, line 36).
Applied set_property CLOCK_BUFFER_TYPE = NONE for DDR_ba[2]. (constraint file  /home/andreea/proiect_finn/output_ip_hardware_cu_maimulteepoici/stitched_ip/finn_vivado_stitch_proj.gen/sources_1/bd/design_1/ip/design_1_processing_system7_0_0/design_1_processing_system7_0_0/design_1_processing_system7_0_0_in_context.xdc, line 37).
Applied set_property IO_BUFFER_TYPE = NONE for DDR_cas_n. (constraint file  /home/andreea/proiect_finn/output_ip_hardware_cu_maimulteepoici/stitched_ip/finn_vivado_stitch_proj.gen/sources_1/bd/design_1/ip/design_1_processing_system7_0_0/design_1_processing_system7_0_0/design_1_processing_system7_0_0_in_context.xdc, line 38).
Applied set_property CLOCK_BUFFER_TYPE = NONE for DDR_cas_n. (constraint file  /home/andreea/proiect_finn/output_ip_hardware_cu_maimulteepoici/stitched_ip/finn_vivado_stitch_proj.gen/sources_1/bd/design_1/ip/design_1_processing_system7_0_0/design_1_processing_system7_0_0/design_1_processing_system7_0_0_in_context.xdc, line 39).
Applied set_property IO_BUFFER_TYPE = NONE for DDR_cke. (constraint file  /home/andreea/proiect_finn/output_ip_hardware_cu_maimulteepoici/stitched_ip/finn_vivado_stitch_proj.gen/sources_1/bd/design_1/ip/design_1_processing_system7_0_0/design_1_processing_system7_0_0/design_1_processing_system7_0_0_in_context.xdc, line 40).
Applied set_property CLOCK_BUFFER_TYPE = NONE for DDR_cke. (constraint file  /home/andreea/proiect_finn/output_ip_hardware_cu_maimulteepoici/stitched_ip/finn_vivado_stitch_proj.gen/sources_1/bd/design_1/ip/design_1_processing_system7_0_0/design_1_processing_system7_0_0/design_1_processing_system7_0_0_in_context.xdc, line 41).
Applied set_property IO_BUFFER_TYPE = NONE for DDR_cs_n. (constraint file  /home/andreea/proiect_finn/output_ip_hardware_cu_maimulteepoici/stitched_ip/finn_vivado_stitch_proj.gen/sources_1/bd/design_1/ip/design_1_processing_system7_0_0/design_1_processing_system7_0_0/design_1_processing_system7_0_0_in_context.xdc, line 42).
Applied set_property CLOCK_BUFFER_TYPE = NONE for DDR_cs_n. (constraint file  /home/andreea/proiect_finn/output_ip_hardware_cu_maimulteepoici/stitched_ip/finn_vivado_stitch_proj.gen/sources_1/bd/design_1/ip/design_1_processing_system7_0_0/design_1_processing_system7_0_0/design_1_processing_system7_0_0_in_context.xdc, line 43).
Applied set_property IO_BUFFER_TYPE = NONE for DDR_ck_p. (constraint file  /home/andreea/proiect_finn/output_ip_hardware_cu_maimulteepoici/stitched_ip/finn_vivado_stitch_proj.gen/sources_1/bd/design_1/ip/design_1_processing_system7_0_0/design_1_processing_system7_0_0/design_1_processing_system7_0_0_in_context.xdc, line 44).
Applied set_property CLOCK_BUFFER_TYPE = NONE for DDR_ck_p. (constraint file  /home/andreea/proiect_finn/output_ip_hardware_cu_maimulteepoici/stitched_ip/finn_vivado_stitch_proj.gen/sources_1/bd/design_1/ip/design_1_processing_system7_0_0/design_1_processing_system7_0_0/design_1_processing_system7_0_0_in_context.xdc, line 45).
Applied set_property IO_BUFFER_TYPE = NONE for DDR_ck_n. (constraint file  /home/andreea/proiect_finn/output_ip_hardware_cu_maimulteepoici/stitched_ip/finn_vivado_stitch_proj.gen/sources_1/bd/design_1/ip/design_1_processing_system7_0_0/design_1_processing_system7_0_0/design_1_processing_system7_0_0_in_context.xdc, line 46).
Applied set_property CLOCK_BUFFER_TYPE = NONE for DDR_ck_n. (constraint file  /home/andreea/proiect_finn/output_ip_hardware_cu_maimulteepoici/stitched_ip/finn_vivado_stitch_proj.gen/sources_1/bd/design_1/ip/design_1_processing_system7_0_0/design_1_processing_system7_0_0/design_1_processing_system7_0_0_in_context.xdc, line 47).
Applied set_property IO_BUFFER_TYPE = NONE for DDR_dm[0]. (constraint file  /home/andreea/proiect_finn/output_ip_hardware_cu_maimulteepoici/stitched_ip/finn_vivado_stitch_proj.gen/sources_1/bd/design_1/ip/design_1_processing_system7_0_0/design_1_processing_system7_0_0/design_1_processing_system7_0_0_in_context.xdc, line 48).
Applied set_property CLOCK_BUFFER_TYPE = NONE for DDR_dm[0]. (constraint file  /home/andreea/proiect_finn/output_ip_hardware_cu_maimulteepoici/stitched_ip/finn_vivado_stitch_proj.gen/sources_1/bd/design_1/ip/design_1_processing_system7_0_0/design_1_processing_system7_0_0/design_1_processing_system7_0_0_in_context.xdc, line 49).
Applied set_property IO_BUFFER_TYPE = NONE for DDR_dm[1]. (constraint file  /home/andreea/proiect_finn/output_ip_hardware_cu_maimulteepoici/stitched_ip/finn_vivado_stitch_proj.gen/sources_1/bd/design_1/ip/design_1_processing_system7_0_0/design_1_processing_system7_0_0/design_1_processing_system7_0_0_in_context.xdc, line 50).
Applied set_property CLOCK_BUFFER_TYPE = NONE for DDR_dm[1]. (constraint file  /home/andreea/proiect_finn/output_ip_hardware_cu_maimulteepoici/stitched_ip/finn_vivado_stitch_proj.gen/sources_1/bd/design_1/ip/design_1_processing_system7_0_0/design_1_processing_system7_0_0/design_1_processing_system7_0_0_in_context.xdc, line 51).
Applied set_property IO_BUFFER_TYPE = NONE for DDR_dm[2]. (constraint file  /home/andreea/proiect_finn/output_ip_hardware_cu_maimulteepoici/stitched_ip/finn_vivado_stitch_proj.gen/sources_1/bd/design_1/ip/design_1_processing_system7_0_0/design_1_processing_system7_0_0/design_1_processing_system7_0_0_in_context.xdc, line 52).
Applied set_property CLOCK_BUFFER_TYPE = NONE for DDR_dm[2]. (constraint file  /home/andreea/proiect_finn/output_ip_hardware_cu_maimulteepoici/stitched_ip/finn_vivado_stitch_proj.gen/sources_1/bd/design_1/ip/design_1_processing_system7_0_0/design_1_processing_system7_0_0/design_1_processing_system7_0_0_in_context.xdc, line 53).
Applied set_property IO_BUFFER_TYPE = NONE for DDR_dm[3]. (constraint file  /home/andreea/proiect_finn/output_ip_hardware_cu_maimulteepoici/stitched_ip/finn_vivado_stitch_proj.gen/sources_1/bd/design_1/ip/design_1_processing_system7_0_0/design_1_processing_system7_0_0/design_1_processing_system7_0_0_in_context.xdc, line 54).
Applied set_property CLOCK_BUFFER_TYPE = NONE for DDR_dm[3]. (constraint file  /home/andreea/proiect_finn/output_ip_hardware_cu_maimulteepoici/stitched_ip/finn_vivado_stitch_proj.gen/sources_1/bd/design_1/ip/design_1_processing_system7_0_0/design_1_processing_system7_0_0/design_1_processing_system7_0_0_in_context.xdc, line 55).
Applied set_property IO_BUFFER_TYPE = NONE for DDR_dqs_p[0]. (constraint file  /home/andreea/proiect_finn/output_ip_hardware_cu_maimulteepoici/stitched_ip/finn_vivado_stitch_proj.gen/sources_1/bd/design_1/ip/design_1_processing_system7_0_0/design_1_processing_system7_0_0/design_1_processing_system7_0_0_in_context.xdc, line 56).
Applied set_property CLOCK_BUFFER_TYPE = NONE for DDR_dqs_p[0]. (constraint file  /home/andreea/proiect_finn/output_ip_hardware_cu_maimulteepoici/stitched_ip/finn_vivado_stitch_proj.gen/sources_1/bd/design_1/ip/design_1_processing_system7_0_0/design_1_processing_system7_0_0/design_1_processing_system7_0_0_in_context.xdc, line 57).
Applied set_property IO_BUFFER_TYPE = NONE for DDR_dqs_p[1]. (constraint file  /home/andreea/proiect_finn/output_ip_hardware_cu_maimulteepoici/stitched_ip/finn_vivado_stitch_proj.gen/sources_1/bd/design_1/ip/design_1_processing_system7_0_0/design_1_processing_system7_0_0/design_1_processing_system7_0_0_in_context.xdc, line 58).
Applied set_property CLOCK_BUFFER_TYPE = NONE for DDR_dqs_p[1]. (constraint file  /home/andreea/proiect_finn/output_ip_hardware_cu_maimulteepoici/stitched_ip/finn_vivado_stitch_proj.gen/sources_1/bd/design_1/ip/design_1_processing_system7_0_0/design_1_processing_system7_0_0/design_1_processing_system7_0_0_in_context.xdc, line 59).
Applied set_property IO_BUFFER_TYPE = NONE for DDR_dqs_p[2]. (constraint file  /home/andreea/proiect_finn/output_ip_hardware_cu_maimulteepoici/stitched_ip/finn_vivado_stitch_proj.gen/sources_1/bd/design_1/ip/design_1_processing_system7_0_0/design_1_processing_system7_0_0/design_1_processing_system7_0_0_in_context.xdc, line 60).
Applied set_property CLOCK_BUFFER_TYPE = NONE for DDR_dqs_p[2]. (constraint file  /home/andreea/proiect_finn/output_ip_hardware_cu_maimulteepoici/stitched_ip/finn_vivado_stitch_proj.gen/sources_1/bd/design_1/ip/design_1_processing_system7_0_0/design_1_processing_system7_0_0/design_1_processing_system7_0_0_in_context.xdc, line 61).
Applied set_property IO_BUFFER_TYPE = NONE for DDR_dqs_p[3]. (constraint file  /home/andreea/proiect_finn/output_ip_hardware_cu_maimulteepoici/stitched_ip/finn_vivado_stitch_proj.gen/sources_1/bd/design_1/ip/design_1_processing_system7_0_0/design_1_processing_system7_0_0/design_1_processing_system7_0_0_in_context.xdc, line 62).
Applied set_property CLOCK_BUFFER_TYPE = NONE for DDR_dqs_p[3]. (constraint file  /home/andreea/proiect_finn/output_ip_hardware_cu_maimulteepoici/stitched_ip/finn_vivado_stitch_proj.gen/sources_1/bd/design_1/ip/design_1_processing_system7_0_0/design_1_processing_system7_0_0/design_1_processing_system7_0_0_in_context.xdc, line 63).
Applied set_property IO_BUFFER_TYPE = NONE for DDR_dqs_n[0]. (constraint file  /home/andreea/proiect_finn/output_ip_hardware_cu_maimulteepoici/stitched_ip/finn_vivado_stitch_proj.gen/sources_1/bd/design_1/ip/design_1_processing_system7_0_0/design_1_processing_system7_0_0/design_1_processing_system7_0_0_in_context.xdc, line 64).
Applied set_property CLOCK_BUFFER_TYPE = NONE for DDR_dqs_n[0]. (constraint file  /home/andreea/proiect_finn/output_ip_hardware_cu_maimulteepoici/stitched_ip/finn_vivado_stitch_proj.gen/sources_1/bd/design_1/ip/design_1_processing_system7_0_0/design_1_processing_system7_0_0/design_1_processing_system7_0_0_in_context.xdc, line 65).
Applied set_property IO_BUFFER_TYPE = NONE for DDR_dqs_n[1]. (constraint file  /home/andreea/proiect_finn/output_ip_hardware_cu_maimulteepoici/stitched_ip/finn_vivado_stitch_proj.gen/sources_1/bd/design_1/ip/design_1_processing_system7_0_0/design_1_processing_system7_0_0/design_1_processing_system7_0_0_in_context.xdc, line 66).
Applied set_property CLOCK_BUFFER_TYPE = NONE for DDR_dqs_n[1]. (constraint file  /home/andreea/proiect_finn/output_ip_hardware_cu_maimulteepoici/stitched_ip/finn_vivado_stitch_proj.gen/sources_1/bd/design_1/ip/design_1_processing_system7_0_0/design_1_processing_system7_0_0/design_1_processing_system7_0_0_in_context.xdc, line 67).
Applied set_property IO_BUFFER_TYPE = NONE for DDR_dqs_n[2]. (constraint file  /home/andreea/proiect_finn/output_ip_hardware_cu_maimulteepoici/stitched_ip/finn_vivado_stitch_proj.gen/sources_1/bd/design_1/ip/design_1_processing_system7_0_0/design_1_processing_system7_0_0/design_1_processing_system7_0_0_in_context.xdc, line 68).
Applied set_property CLOCK_BUFFER_TYPE = NONE for DDR_dqs_n[2]. (constraint file  /home/andreea/proiect_finn/output_ip_hardware_cu_maimulteepoici/stitched_ip/finn_vivado_stitch_proj.gen/sources_1/bd/design_1/ip/design_1_processing_system7_0_0/design_1_processing_system7_0_0/design_1_processing_system7_0_0_in_context.xdc, line 69).
Applied set_property IO_BUFFER_TYPE = NONE for DDR_dqs_n[3]. (constraint file  /home/andreea/proiect_finn/output_ip_hardware_cu_maimulteepoici/stitched_ip/finn_vivado_stitch_proj.gen/sources_1/bd/design_1/ip/design_1_processing_system7_0_0/design_1_processing_system7_0_0/design_1_processing_system7_0_0_in_context.xdc, line 70).
Applied set_property CLOCK_BUFFER_TYPE = NONE for DDR_dqs_n[3]. (constraint file  /home/andreea/proiect_finn/output_ip_hardware_cu_maimulteepoici/stitched_ip/finn_vivado_stitch_proj.gen/sources_1/bd/design_1/ip/design_1_processing_system7_0_0/design_1_processing_system7_0_0/design_1_processing_system7_0_0_in_context.xdc, line 71).
Applied set_property IO_BUFFER_TYPE = NONE for DDR_dq[0]. (constraint file  /home/andreea/proiect_finn/output_ip_hardware_cu_maimulteepoici/stitched_ip/finn_vivado_stitch_proj.gen/sources_1/bd/design_1/ip/design_1_processing_system7_0_0/design_1_processing_system7_0_0/design_1_processing_system7_0_0_in_context.xdc, line 72).
Applied set_property CLOCK_BUFFER_TYPE = NONE for DDR_dq[0]. (constraint file  /home/andreea/proiect_finn/output_ip_hardware_cu_maimulteepoici/stitched_ip/finn_vivado_stitch_proj.gen/sources_1/bd/design_1/ip/design_1_processing_system7_0_0/design_1_processing_system7_0_0/design_1_processing_system7_0_0_in_context.xdc, line 73).
Applied set_property IO_BUFFER_TYPE = NONE for DDR_dq[10]. (constraint file  /home/andreea/proiect_finn/output_ip_hardware_cu_maimulteepoici/stitched_ip/finn_vivado_stitch_proj.gen/sources_1/bd/design_1/ip/design_1_processing_system7_0_0/design_1_processing_system7_0_0/design_1_processing_system7_0_0_in_context.xdc, line 74).
Applied set_property CLOCK_BUFFER_TYPE = NONE for DDR_dq[10]. (constraint file  /home/andreea/proiect_finn/output_ip_hardware_cu_maimulteepoici/stitched_ip/finn_vivado_stitch_proj.gen/sources_1/bd/design_1/ip/design_1_processing_system7_0_0/design_1_processing_system7_0_0/design_1_processing_system7_0_0_in_context.xdc, line 75).
Applied set_property IO_BUFFER_TYPE = NONE for DDR_dq[11]. (constraint file  /home/andreea/proiect_finn/output_ip_hardware_cu_maimulteepoici/stitched_ip/finn_vivado_stitch_proj.gen/sources_1/bd/design_1/ip/design_1_processing_system7_0_0/design_1_processing_system7_0_0/design_1_processing_system7_0_0_in_context.xdc, line 76).
Applied set_property CLOCK_BUFFER_TYPE = NONE for DDR_dq[11]. (constraint file  /home/andreea/proiect_finn/output_ip_hardware_cu_maimulteepoici/stitched_ip/finn_vivado_stitch_proj.gen/sources_1/bd/design_1/ip/design_1_processing_system7_0_0/design_1_processing_system7_0_0/design_1_processing_system7_0_0_in_context.xdc, line 77).
Applied set_property IO_BUFFER_TYPE = NONE for DDR_dq[12]. (constraint file  /home/andreea/proiect_finn/output_ip_hardware_cu_maimulteepoici/stitched_ip/finn_vivado_stitch_proj.gen/sources_1/bd/design_1/ip/design_1_processing_system7_0_0/design_1_processing_system7_0_0/design_1_processing_system7_0_0_in_context.xdc, line 78).
Applied set_property CLOCK_BUFFER_TYPE = NONE for DDR_dq[12]. (constraint file  /home/andreea/proiect_finn/output_ip_hardware_cu_maimulteepoici/stitched_ip/finn_vivado_stitch_proj.gen/sources_1/bd/design_1/ip/design_1_processing_system7_0_0/design_1_processing_system7_0_0/design_1_processing_system7_0_0_in_context.xdc, line 79).
Applied set_property IO_BUFFER_TYPE = NONE for DDR_dq[13]. (constraint file  /home/andreea/proiect_finn/output_ip_hardware_cu_maimulteepoici/stitched_ip/finn_vivado_stitch_proj.gen/sources_1/bd/design_1/ip/design_1_processing_system7_0_0/design_1_processing_system7_0_0/design_1_processing_system7_0_0_in_context.xdc, line 80).
Applied set_property CLOCK_BUFFER_TYPE = NONE for DDR_dq[13]. (constraint file  /home/andreea/proiect_finn/output_ip_hardware_cu_maimulteepoici/stitched_ip/finn_vivado_stitch_proj.gen/sources_1/bd/design_1/ip/design_1_processing_system7_0_0/design_1_processing_system7_0_0/design_1_processing_system7_0_0_in_context.xdc, line 81).
Applied set_property IO_BUFFER_TYPE = NONE for DDR_dq[14]. (constraint file  /home/andreea/proiect_finn/output_ip_hardware_cu_maimulteepoici/stitched_ip/finn_vivado_stitch_proj.gen/sources_1/bd/design_1/ip/design_1_processing_system7_0_0/design_1_processing_system7_0_0/design_1_processing_system7_0_0_in_context.xdc, line 82).
Applied set_property CLOCK_BUFFER_TYPE = NONE for DDR_dq[14]. (constraint file  /home/andreea/proiect_finn/output_ip_hardware_cu_maimulteepoici/stitched_ip/finn_vivado_stitch_proj.gen/sources_1/bd/design_1/ip/design_1_processing_system7_0_0/design_1_processing_system7_0_0/design_1_processing_system7_0_0_in_context.xdc, line 83).
Applied set_property IO_BUFFER_TYPE = NONE for DDR_dq[15]. (constraint file  /home/andreea/proiect_finn/output_ip_hardware_cu_maimulteepoici/stitched_ip/finn_vivado_stitch_proj.gen/sources_1/bd/design_1/ip/design_1_processing_system7_0_0/design_1_processing_system7_0_0/design_1_processing_system7_0_0_in_context.xdc, line 84).
Applied set_property CLOCK_BUFFER_TYPE = NONE for DDR_dq[15]. (constraint file  /home/andreea/proiect_finn/output_ip_hardware_cu_maimulteepoici/stitched_ip/finn_vivado_stitch_proj.gen/sources_1/bd/design_1/ip/design_1_processing_system7_0_0/design_1_processing_system7_0_0/design_1_processing_system7_0_0_in_context.xdc, line 85).
Applied set_property IO_BUFFER_TYPE = NONE for DDR_dq[16]. (constraint file  /home/andreea/proiect_finn/output_ip_hardware_cu_maimulteepoici/stitched_ip/finn_vivado_stitch_proj.gen/sources_1/bd/design_1/ip/design_1_processing_system7_0_0/design_1_processing_system7_0_0/design_1_processing_system7_0_0_in_context.xdc, line 86).
Applied set_property CLOCK_BUFFER_TYPE = NONE for DDR_dq[16]. (constraint file  /home/andreea/proiect_finn/output_ip_hardware_cu_maimulteepoici/stitched_ip/finn_vivado_stitch_proj.gen/sources_1/bd/design_1/ip/design_1_processing_system7_0_0/design_1_processing_system7_0_0/design_1_processing_system7_0_0_in_context.xdc, line 87).
Applied set_property IO_BUFFER_TYPE = NONE for DDR_dq[17]. (constraint file  /home/andreea/proiect_finn/output_ip_hardware_cu_maimulteepoici/stitched_ip/finn_vivado_stitch_proj.gen/sources_1/bd/design_1/ip/design_1_processing_system7_0_0/design_1_processing_system7_0_0/design_1_processing_system7_0_0_in_context.xdc, line 88).
Applied set_property CLOCK_BUFFER_TYPE = NONE for DDR_dq[17]. (constraint file  /home/andreea/proiect_finn/output_ip_hardware_cu_maimulteepoici/stitched_ip/finn_vivado_stitch_proj.gen/sources_1/bd/design_1/ip/design_1_processing_system7_0_0/design_1_processing_system7_0_0/design_1_processing_system7_0_0_in_context.xdc, line 89).
Applied set_property IO_BUFFER_TYPE = NONE for DDR_dq[18]. (constraint file  /home/andreea/proiect_finn/output_ip_hardware_cu_maimulteepoici/stitched_ip/finn_vivado_stitch_proj.gen/sources_1/bd/design_1/ip/design_1_processing_system7_0_0/design_1_processing_system7_0_0/design_1_processing_system7_0_0_in_context.xdc, line 90).
Applied set_property CLOCK_BUFFER_TYPE = NONE for DDR_dq[18]. (constraint file  /home/andreea/proiect_finn/output_ip_hardware_cu_maimulteepoici/stitched_ip/finn_vivado_stitch_proj.gen/sources_1/bd/design_1/ip/design_1_processing_system7_0_0/design_1_processing_system7_0_0/design_1_processing_system7_0_0_in_context.xdc, line 91).
Applied set_property IO_BUFFER_TYPE = NONE for DDR_dq[19]. (constraint file  /home/andreea/proiect_finn/output_ip_hardware_cu_maimulteepoici/stitched_ip/finn_vivado_stitch_proj.gen/sources_1/bd/design_1/ip/design_1_processing_system7_0_0/design_1_processing_system7_0_0/design_1_processing_system7_0_0_in_context.xdc, line 92).
Applied set_property CLOCK_BUFFER_TYPE = NONE for DDR_dq[19]. (constraint file  /home/andreea/proiect_finn/output_ip_hardware_cu_maimulteepoici/stitched_ip/finn_vivado_stitch_proj.gen/sources_1/bd/design_1/ip/design_1_processing_system7_0_0/design_1_processing_system7_0_0/design_1_processing_system7_0_0_in_context.xdc, line 93).
Applied set_property IO_BUFFER_TYPE = NONE for DDR_dq[1]. (constraint file  /home/andreea/proiect_finn/output_ip_hardware_cu_maimulteepoici/stitched_ip/finn_vivado_stitch_proj.gen/sources_1/bd/design_1/ip/design_1_processing_system7_0_0/design_1_processing_system7_0_0/design_1_processing_system7_0_0_in_context.xdc, line 94).
Applied set_property CLOCK_BUFFER_TYPE = NONE for DDR_dq[1]. (constraint file  /home/andreea/proiect_finn/output_ip_hardware_cu_maimulteepoici/stitched_ip/finn_vivado_stitch_proj.gen/sources_1/bd/design_1/ip/design_1_processing_system7_0_0/design_1_processing_system7_0_0/design_1_processing_system7_0_0_in_context.xdc, line 95).
Applied set_property IO_BUFFER_TYPE = NONE for DDR_dq[20]. (constraint file  /home/andreea/proiect_finn/output_ip_hardware_cu_maimulteepoici/stitched_ip/finn_vivado_stitch_proj.gen/sources_1/bd/design_1/ip/design_1_processing_system7_0_0/design_1_processing_system7_0_0/design_1_processing_system7_0_0_in_context.xdc, line 96).
Applied set_property CLOCK_BUFFER_TYPE = NONE for DDR_dq[20]. (constraint file  /home/andreea/proiect_finn/output_ip_hardware_cu_maimulteepoici/stitched_ip/finn_vivado_stitch_proj.gen/sources_1/bd/design_1/ip/design_1_processing_system7_0_0/design_1_processing_system7_0_0/design_1_processing_system7_0_0_in_context.xdc, line 97).
Applied set_property IO_BUFFER_TYPE = NONE for DDR_dq[21]. (constraint file  /home/andreea/proiect_finn/output_ip_hardware_cu_maimulteepoici/stitched_ip/finn_vivado_stitch_proj.gen/sources_1/bd/design_1/ip/design_1_processing_system7_0_0/design_1_processing_system7_0_0/design_1_processing_system7_0_0_in_context.xdc, line 98).
Applied set_property CLOCK_BUFFER_TYPE = NONE for DDR_dq[21]. (constraint file  /home/andreea/proiect_finn/output_ip_hardware_cu_maimulteepoici/stitched_ip/finn_vivado_stitch_proj.gen/sources_1/bd/design_1/ip/design_1_processing_system7_0_0/design_1_processing_system7_0_0/design_1_processing_system7_0_0_in_context.xdc, line 99).
Applied set_property IO_BUFFER_TYPE = NONE for DDR_dq[22]. (constraint file  /home/andreea/proiect_finn/output_ip_hardware_cu_maimulteepoici/stitched_ip/finn_vivado_stitch_proj.gen/sources_1/bd/design_1/ip/design_1_processing_system7_0_0/design_1_processing_system7_0_0/design_1_processing_system7_0_0_in_context.xdc, line 100).
Applied set_property CLOCK_BUFFER_TYPE = NONE for DDR_dq[22]. (constraint file  /home/andreea/proiect_finn/output_ip_hardware_cu_maimulteepoici/stitched_ip/finn_vivado_stitch_proj.gen/sources_1/bd/design_1/ip/design_1_processing_system7_0_0/design_1_processing_system7_0_0/design_1_processing_system7_0_0_in_context.xdc, line 101).
Applied set_property IO_BUFFER_TYPE = NONE for DDR_dq[23]. (constraint file  /home/andreea/proiect_finn/output_ip_hardware_cu_maimulteepoici/stitched_ip/finn_vivado_stitch_proj.gen/sources_1/bd/design_1/ip/design_1_processing_system7_0_0/design_1_processing_system7_0_0/design_1_processing_system7_0_0_in_context.xdc, line 102).
Applied set_property CLOCK_BUFFER_TYPE = NONE for DDR_dq[23]. (constraint file  /home/andreea/proiect_finn/output_ip_hardware_cu_maimulteepoici/stitched_ip/finn_vivado_stitch_proj.gen/sources_1/bd/design_1/ip/design_1_processing_system7_0_0/design_1_processing_system7_0_0/design_1_processing_system7_0_0_in_context.xdc, line 103).
Applied set_property IO_BUFFER_TYPE = NONE for DDR_dq[24]. (constraint file  /home/andreea/proiect_finn/output_ip_hardware_cu_maimulteepoici/stitched_ip/finn_vivado_stitch_proj.gen/sources_1/bd/design_1/ip/design_1_processing_system7_0_0/design_1_processing_system7_0_0/design_1_processing_system7_0_0_in_context.xdc, line 104).
Applied set_property CLOCK_BUFFER_TYPE = NONE for DDR_dq[24]. (constraint file  /home/andreea/proiect_finn/output_ip_hardware_cu_maimulteepoici/stitched_ip/finn_vivado_stitch_proj.gen/sources_1/bd/design_1/ip/design_1_processing_system7_0_0/design_1_processing_system7_0_0/design_1_processing_system7_0_0_in_context.xdc, line 105).
Applied set_property IO_BUFFER_TYPE = NONE for DDR_dq[25]. (constraint file  /home/andreea/proiect_finn/output_ip_hardware_cu_maimulteepoici/stitched_ip/finn_vivado_stitch_proj.gen/sources_1/bd/design_1/ip/design_1_processing_system7_0_0/design_1_processing_system7_0_0/design_1_processing_system7_0_0_in_context.xdc, line 106).
Applied set_property CLOCK_BUFFER_TYPE = NONE for DDR_dq[25]. (constraint file  /home/andreea/proiect_finn/output_ip_hardware_cu_maimulteepoici/stitched_ip/finn_vivado_stitch_proj.gen/sources_1/bd/design_1/ip/design_1_processing_system7_0_0/design_1_processing_system7_0_0/design_1_processing_system7_0_0_in_context.xdc, line 107).
Applied set_property IO_BUFFER_TYPE = NONE for DDR_dq[26]. (constraint file  /home/andreea/proiect_finn/output_ip_hardware_cu_maimulteepoici/stitched_ip/finn_vivado_stitch_proj.gen/sources_1/bd/design_1/ip/design_1_processing_system7_0_0/design_1_processing_system7_0_0/design_1_processing_system7_0_0_in_context.xdc, line 108).
Applied set_property CLOCK_BUFFER_TYPE = NONE for DDR_dq[26]. (constraint file  /home/andreea/proiect_finn/output_ip_hardware_cu_maimulteepoici/stitched_ip/finn_vivado_stitch_proj.gen/sources_1/bd/design_1/ip/design_1_processing_system7_0_0/design_1_processing_system7_0_0/design_1_processing_system7_0_0_in_context.xdc, line 109).
Applied set_property IO_BUFFER_TYPE = NONE for DDR_dq[27]. (constraint file  /home/andreea/proiect_finn/output_ip_hardware_cu_maimulteepoici/stitched_ip/finn_vivado_stitch_proj.gen/sources_1/bd/design_1/ip/design_1_processing_system7_0_0/design_1_processing_system7_0_0/design_1_processing_system7_0_0_in_context.xdc, line 110).
Applied set_property CLOCK_BUFFER_TYPE = NONE for DDR_dq[27]. (constraint file  /home/andreea/proiect_finn/output_ip_hardware_cu_maimulteepoici/stitched_ip/finn_vivado_stitch_proj.gen/sources_1/bd/design_1/ip/design_1_processing_system7_0_0/design_1_processing_system7_0_0/design_1_processing_system7_0_0_in_context.xdc, line 111).
Applied set_property IO_BUFFER_TYPE = NONE for DDR_dq[28]. (constraint file  /home/andreea/proiect_finn/output_ip_hardware_cu_maimulteepoici/stitched_ip/finn_vivado_stitch_proj.gen/sources_1/bd/design_1/ip/design_1_processing_system7_0_0/design_1_processing_system7_0_0/design_1_processing_system7_0_0_in_context.xdc, line 112).
Applied set_property CLOCK_BUFFER_TYPE = NONE for DDR_dq[28]. (constraint file  /home/andreea/proiect_finn/output_ip_hardware_cu_maimulteepoici/stitched_ip/finn_vivado_stitch_proj.gen/sources_1/bd/design_1/ip/design_1_processing_system7_0_0/design_1_processing_system7_0_0/design_1_processing_system7_0_0_in_context.xdc, line 113).
Applied set_property IO_BUFFER_TYPE = NONE for DDR_dq[29]. (constraint file  /home/andreea/proiect_finn/output_ip_hardware_cu_maimulteepoici/stitched_ip/finn_vivado_stitch_proj.gen/sources_1/bd/design_1/ip/design_1_processing_system7_0_0/design_1_processing_system7_0_0/design_1_processing_system7_0_0_in_context.xdc, line 114).
Applied set_property CLOCK_BUFFER_TYPE = NONE for DDR_dq[29]. (constraint file  /home/andreea/proiect_finn/output_ip_hardware_cu_maimulteepoici/stitched_ip/finn_vivado_stitch_proj.gen/sources_1/bd/design_1/ip/design_1_processing_system7_0_0/design_1_processing_system7_0_0/design_1_processing_system7_0_0_in_context.xdc, line 115).
Applied set_property IO_BUFFER_TYPE = NONE for DDR_dq[2]. (constraint file  /home/andreea/proiect_finn/output_ip_hardware_cu_maimulteepoici/stitched_ip/finn_vivado_stitch_proj.gen/sources_1/bd/design_1/ip/design_1_processing_system7_0_0/design_1_processing_system7_0_0/design_1_processing_system7_0_0_in_context.xdc, line 116).
Applied set_property CLOCK_BUFFER_TYPE = NONE for DDR_dq[2]. (constraint file  /home/andreea/proiect_finn/output_ip_hardware_cu_maimulteepoici/stitched_ip/finn_vivado_stitch_proj.gen/sources_1/bd/design_1/ip/design_1_processing_system7_0_0/design_1_processing_system7_0_0/design_1_processing_system7_0_0_in_context.xdc, line 117).
Applied set_property IO_BUFFER_TYPE = NONE for DDR_dq[30]. (constraint file  /home/andreea/proiect_finn/output_ip_hardware_cu_maimulteepoici/stitched_ip/finn_vivado_stitch_proj.gen/sources_1/bd/design_1/ip/design_1_processing_system7_0_0/design_1_processing_system7_0_0/design_1_processing_system7_0_0_in_context.xdc, line 118).
Applied set_property CLOCK_BUFFER_TYPE = NONE for DDR_dq[30]. (constraint file  /home/andreea/proiect_finn/output_ip_hardware_cu_maimulteepoici/stitched_ip/finn_vivado_stitch_proj.gen/sources_1/bd/design_1/ip/design_1_processing_system7_0_0/design_1_processing_system7_0_0/design_1_processing_system7_0_0_in_context.xdc, line 119).
Applied set_property IO_BUFFER_TYPE = NONE for DDR_dq[31]. (constraint file  /home/andreea/proiect_finn/output_ip_hardware_cu_maimulteepoici/stitched_ip/finn_vivado_stitch_proj.gen/sources_1/bd/design_1/ip/design_1_processing_system7_0_0/design_1_processing_system7_0_0/design_1_processing_system7_0_0_in_context.xdc, line 120).
Applied set_property CLOCK_BUFFER_TYPE = NONE for DDR_dq[31]. (constraint file  /home/andreea/proiect_finn/output_ip_hardware_cu_maimulteepoici/stitched_ip/finn_vivado_stitch_proj.gen/sources_1/bd/design_1/ip/design_1_processing_system7_0_0/design_1_processing_system7_0_0/design_1_processing_system7_0_0_in_context.xdc, line 121).
Applied set_property IO_BUFFER_TYPE = NONE for DDR_dq[3]. (constraint file  /home/andreea/proiect_finn/output_ip_hardware_cu_maimulteepoici/stitched_ip/finn_vivado_stitch_proj.gen/sources_1/bd/design_1/ip/design_1_processing_system7_0_0/design_1_processing_system7_0_0/design_1_processing_system7_0_0_in_context.xdc, line 122).
Applied set_property CLOCK_BUFFER_TYPE = NONE for DDR_dq[3]. (constraint file  /home/andreea/proiect_finn/output_ip_hardware_cu_maimulteepoici/stitched_ip/finn_vivado_stitch_proj.gen/sources_1/bd/design_1/ip/design_1_processing_system7_0_0/design_1_processing_system7_0_0/design_1_processing_system7_0_0_in_context.xdc, line 123).
Applied set_property IO_BUFFER_TYPE = NONE for DDR_dq[4]. (constraint file  /home/andreea/proiect_finn/output_ip_hardware_cu_maimulteepoici/stitched_ip/finn_vivado_stitch_proj.gen/sources_1/bd/design_1/ip/design_1_processing_system7_0_0/design_1_processing_system7_0_0/design_1_processing_system7_0_0_in_context.xdc, line 124).
Applied set_property CLOCK_BUFFER_TYPE = NONE for DDR_dq[4]. (constraint file  /home/andreea/proiect_finn/output_ip_hardware_cu_maimulteepoici/stitched_ip/finn_vivado_stitch_proj.gen/sources_1/bd/design_1/ip/design_1_processing_system7_0_0/design_1_processing_system7_0_0/design_1_processing_system7_0_0_in_context.xdc, line 125).
Applied set_property IO_BUFFER_TYPE = NONE for DDR_dq[5]. (constraint file  /home/andreea/proiect_finn/output_ip_hardware_cu_maimulteepoici/stitched_ip/finn_vivado_stitch_proj.gen/sources_1/bd/design_1/ip/design_1_processing_system7_0_0/design_1_processing_system7_0_0/design_1_processing_system7_0_0_in_context.xdc, line 126).
Applied set_property CLOCK_BUFFER_TYPE = NONE for DDR_dq[5]. (constraint file  /home/andreea/proiect_finn/output_ip_hardware_cu_maimulteepoici/stitched_ip/finn_vivado_stitch_proj.gen/sources_1/bd/design_1/ip/design_1_processing_system7_0_0/design_1_processing_system7_0_0/design_1_processing_system7_0_0_in_context.xdc, line 127).
Applied set_property IO_BUFFER_TYPE = NONE for DDR_dq[6]. (constraint file  /home/andreea/proiect_finn/output_ip_hardware_cu_maimulteepoici/stitched_ip/finn_vivado_stitch_proj.gen/sources_1/bd/design_1/ip/design_1_processing_system7_0_0/design_1_processing_system7_0_0/design_1_processing_system7_0_0_in_context.xdc, line 128).
Applied set_property CLOCK_BUFFER_TYPE = NONE for DDR_dq[6]. (constraint file  /home/andreea/proiect_finn/output_ip_hardware_cu_maimulteepoici/stitched_ip/finn_vivado_stitch_proj.gen/sources_1/bd/design_1/ip/design_1_processing_system7_0_0/design_1_processing_system7_0_0/design_1_processing_system7_0_0_in_context.xdc, line 129).
Applied set_property IO_BUFFER_TYPE = NONE for DDR_dq[7]. (constraint file  /home/andreea/proiect_finn/output_ip_hardware_cu_maimulteepoici/stitched_ip/finn_vivado_stitch_proj.gen/sources_1/bd/design_1/ip/design_1_processing_system7_0_0/design_1_processing_system7_0_0/design_1_processing_system7_0_0_in_context.xdc, line 130).
Applied set_property CLOCK_BUFFER_TYPE = NONE for DDR_dq[7]. (constraint file  /home/andreea/proiect_finn/output_ip_hardware_cu_maimulteepoici/stitched_ip/finn_vivado_stitch_proj.gen/sources_1/bd/design_1/ip/design_1_processing_system7_0_0/design_1_processing_system7_0_0/design_1_processing_system7_0_0_in_context.xdc, line 131).
Applied set_property IO_BUFFER_TYPE = NONE for DDR_dq[8]. (constraint file  /home/andreea/proiect_finn/output_ip_hardware_cu_maimulteepoici/stitched_ip/finn_vivado_stitch_proj.gen/sources_1/bd/design_1/ip/design_1_processing_system7_0_0/design_1_processing_system7_0_0/design_1_processing_system7_0_0_in_context.xdc, line 132).
Applied set_property CLOCK_BUFFER_TYPE = NONE for DDR_dq[8]. (constraint file  /home/andreea/proiect_finn/output_ip_hardware_cu_maimulteepoici/stitched_ip/finn_vivado_stitch_proj.gen/sources_1/bd/design_1/ip/design_1_processing_system7_0_0/design_1_processing_system7_0_0/design_1_processing_system7_0_0_in_context.xdc, line 133).
Applied set_property IO_BUFFER_TYPE = NONE for DDR_dq[9]. (constraint file  /home/andreea/proiect_finn/output_ip_hardware_cu_maimulteepoici/stitched_ip/finn_vivado_stitch_proj.gen/sources_1/bd/design_1/ip/design_1_processing_system7_0_0/design_1_processing_system7_0_0/design_1_processing_system7_0_0_in_context.xdc, line 134).
Applied set_property CLOCK_BUFFER_TYPE = NONE for DDR_dq[9]. (constraint file  /home/andreea/proiect_finn/output_ip_hardware_cu_maimulteepoici/stitched_ip/finn_vivado_stitch_proj.gen/sources_1/bd/design_1/ip/design_1_processing_system7_0_0/design_1_processing_system7_0_0/design_1_processing_system7_0_0_in_context.xdc, line 135).
Applied set_property IO_BUFFER_TYPE = NONE for DDR_reset_n. (constraint file  /home/andreea/proiect_finn/output_ip_hardware_cu_maimulteepoici/stitched_ip/finn_vivado_stitch_proj.gen/sources_1/bd/design_1/ip/design_1_processing_system7_0_0/design_1_processing_system7_0_0/design_1_processing_system7_0_0_in_context.xdc, line 136).
Applied set_property CLOCK_BUFFER_TYPE = NONE for DDR_reset_n. (constraint file  /home/andreea/proiect_finn/output_ip_hardware_cu_maimulteepoici/stitched_ip/finn_vivado_stitch_proj.gen/sources_1/bd/design_1/ip/design_1_processing_system7_0_0/design_1_processing_system7_0_0/design_1_processing_system7_0_0_in_context.xdc, line 137).
Applied set_property IO_BUFFER_TYPE = NONE for DDR_odt. (constraint file  /home/andreea/proiect_finn/output_ip_hardware_cu_maimulteepoici/stitched_ip/finn_vivado_stitch_proj.gen/sources_1/bd/design_1/ip/design_1_processing_system7_0_0/design_1_processing_system7_0_0/design_1_processing_system7_0_0_in_context.xdc, line 138).
Applied set_property CLOCK_BUFFER_TYPE = NONE for DDR_odt. (constraint file  /home/andreea/proiect_finn/output_ip_hardware_cu_maimulteepoici/stitched_ip/finn_vivado_stitch_proj.gen/sources_1/bd/design_1/ip/design_1_processing_system7_0_0/design_1_processing_system7_0_0/design_1_processing_system7_0_0_in_context.xdc, line 139).
Applied set_property IO_BUFFER_TYPE = NONE for DDR_ras_n. (constraint file  /home/andreea/proiect_finn/output_ip_hardware_cu_maimulteepoici/stitched_ip/finn_vivado_stitch_proj.gen/sources_1/bd/design_1/ip/design_1_processing_system7_0_0/design_1_processing_system7_0_0/design_1_processing_system7_0_0_in_context.xdc, line 140).
Applied set_property CLOCK_BUFFER_TYPE = NONE for DDR_ras_n. (constraint file  /home/andreea/proiect_finn/output_ip_hardware_cu_maimulteepoici/stitched_ip/finn_vivado_stitch_proj.gen/sources_1/bd/design_1/ip/design_1_processing_system7_0_0/design_1_processing_system7_0_0/design_1_processing_system7_0_0_in_context.xdc, line 141).
Applied set_property IO_BUFFER_TYPE = NONE for FIXED_IO_ddr_vrn. (constraint file  /home/andreea/proiect_finn/output_ip_hardware_cu_maimulteepoici/stitched_ip/finn_vivado_stitch_proj.gen/sources_1/bd/design_1/ip/design_1_processing_system7_0_0/design_1_processing_system7_0_0/design_1_processing_system7_0_0_in_context.xdc, line 142).
Applied set_property CLOCK_BUFFER_TYPE = NONE for FIXED_IO_ddr_vrn. (constraint file  /home/andreea/proiect_finn/output_ip_hardware_cu_maimulteepoici/stitched_ip/finn_vivado_stitch_proj.gen/sources_1/bd/design_1/ip/design_1_processing_system7_0_0/design_1_processing_system7_0_0/design_1_processing_system7_0_0_in_context.xdc, line 143).
Applied set_property IO_BUFFER_TYPE = NONE for FIXED_IO_ddr_vrp. (constraint file  /home/andreea/proiect_finn/output_ip_hardware_cu_maimulteepoici/stitched_ip/finn_vivado_stitch_proj.gen/sources_1/bd/design_1/ip/design_1_processing_system7_0_0/design_1_processing_system7_0_0/design_1_processing_system7_0_0_in_context.xdc, line 144).
Applied set_property CLOCK_BUFFER_TYPE = NONE for FIXED_IO_ddr_vrp. (constraint file  /home/andreea/proiect_finn/output_ip_hardware_cu_maimulteepoici/stitched_ip/finn_vivado_stitch_proj.gen/sources_1/bd/design_1/ip/design_1_processing_system7_0_0/design_1_processing_system7_0_0/design_1_processing_system7_0_0_in_context.xdc, line 145).
Applied set_property IO_BUFFER_TYPE = NONE for DDR_we_n. (constraint file  /home/andreea/proiect_finn/output_ip_hardware_cu_maimulteepoici/stitched_ip/finn_vivado_stitch_proj.gen/sources_1/bd/design_1/ip/design_1_processing_system7_0_0/design_1_processing_system7_0_0/design_1_processing_system7_0_0_in_context.xdc, line 146).
Applied set_property CLOCK_BUFFER_TYPE = NONE for DDR_we_n. (constraint file  /home/andreea/proiect_finn/output_ip_hardware_cu_maimulteepoici/stitched_ip/finn_vivado_stitch_proj.gen/sources_1/bd/design_1/ip/design_1_processing_system7_0_0/design_1_processing_system7_0_0/design_1_processing_system7_0_0_in_context.xdc, line 147).
Applied set_property IO_BUFFER_TYPE = NONE for FIXED_IO_mio[0]. (constraint file  /home/andreea/proiect_finn/output_ip_hardware_cu_maimulteepoici/stitched_ip/finn_vivado_stitch_proj.gen/sources_1/bd/design_1/ip/design_1_processing_system7_0_0/design_1_processing_system7_0_0/design_1_processing_system7_0_0_in_context.xdc, line 148).
Applied set_property CLOCK_BUFFER_TYPE = NONE for FIXED_IO_mio[0]. (constraint file  /home/andreea/proiect_finn/output_ip_hardware_cu_maimulteepoici/stitched_ip/finn_vivado_stitch_proj.gen/sources_1/bd/design_1/ip/design_1_processing_system7_0_0/design_1_processing_system7_0_0/design_1_processing_system7_0_0_in_context.xdc, line 149).
Applied set_property IO_BUFFER_TYPE = NONE for FIXED_IO_mio[10]. (constraint file  /home/andreea/proiect_finn/output_ip_hardware_cu_maimulteepoici/stitched_ip/finn_vivado_stitch_proj.gen/sources_1/bd/design_1/ip/design_1_processing_system7_0_0/design_1_processing_system7_0_0/design_1_processing_system7_0_0_in_context.xdc, line 150).
Applied set_property CLOCK_BUFFER_TYPE = NONE for FIXED_IO_mio[10]. (constraint file  /home/andreea/proiect_finn/output_ip_hardware_cu_maimulteepoici/stitched_ip/finn_vivado_stitch_proj.gen/sources_1/bd/design_1/ip/design_1_processing_system7_0_0/design_1_processing_system7_0_0/design_1_processing_system7_0_0_in_context.xdc, line 151).
Applied set_property IO_BUFFER_TYPE = NONE for FIXED_IO_mio[11]. (constraint file  /home/andreea/proiect_finn/output_ip_hardware_cu_maimulteepoici/stitched_ip/finn_vivado_stitch_proj.gen/sources_1/bd/design_1/ip/design_1_processing_system7_0_0/design_1_processing_system7_0_0/design_1_processing_system7_0_0_in_context.xdc, line 152).
Applied set_property CLOCK_BUFFER_TYPE = NONE for FIXED_IO_mio[11]. (constraint file  /home/andreea/proiect_finn/output_ip_hardware_cu_maimulteepoici/stitched_ip/finn_vivado_stitch_proj.gen/sources_1/bd/design_1/ip/design_1_processing_system7_0_0/design_1_processing_system7_0_0/design_1_processing_system7_0_0_in_context.xdc, line 153).
Applied set_property IO_BUFFER_TYPE = NONE for FIXED_IO_mio[12]. (constraint file  /home/andreea/proiect_finn/output_ip_hardware_cu_maimulteepoici/stitched_ip/finn_vivado_stitch_proj.gen/sources_1/bd/design_1/ip/design_1_processing_system7_0_0/design_1_processing_system7_0_0/design_1_processing_system7_0_0_in_context.xdc, line 154).
Applied set_property CLOCK_BUFFER_TYPE = NONE for FIXED_IO_mio[12]. (constraint file  /home/andreea/proiect_finn/output_ip_hardware_cu_maimulteepoici/stitched_ip/finn_vivado_stitch_proj.gen/sources_1/bd/design_1/ip/design_1_processing_system7_0_0/design_1_processing_system7_0_0/design_1_processing_system7_0_0_in_context.xdc, line 155).
Applied set_property IO_BUFFER_TYPE = NONE for FIXED_IO_mio[13]. (constraint file  /home/andreea/proiect_finn/output_ip_hardware_cu_maimulteepoici/stitched_ip/finn_vivado_stitch_proj.gen/sources_1/bd/design_1/ip/design_1_processing_system7_0_0/design_1_processing_system7_0_0/design_1_processing_system7_0_0_in_context.xdc, line 156).
Applied set_property CLOCK_BUFFER_TYPE = NONE for FIXED_IO_mio[13]. (constraint file  /home/andreea/proiect_finn/output_ip_hardware_cu_maimulteepoici/stitched_ip/finn_vivado_stitch_proj.gen/sources_1/bd/design_1/ip/design_1_processing_system7_0_0/design_1_processing_system7_0_0/design_1_processing_system7_0_0_in_context.xdc, line 157).
Applied set_property IO_BUFFER_TYPE = NONE for FIXED_IO_mio[14]. (constraint file  /home/andreea/proiect_finn/output_ip_hardware_cu_maimulteepoici/stitched_ip/finn_vivado_stitch_proj.gen/sources_1/bd/design_1/ip/design_1_processing_system7_0_0/design_1_processing_system7_0_0/design_1_processing_system7_0_0_in_context.xdc, line 158).
Applied set_property CLOCK_BUFFER_TYPE = NONE for FIXED_IO_mio[14]. (constraint file  /home/andreea/proiect_finn/output_ip_hardware_cu_maimulteepoici/stitched_ip/finn_vivado_stitch_proj.gen/sources_1/bd/design_1/ip/design_1_processing_system7_0_0/design_1_processing_system7_0_0/design_1_processing_system7_0_0_in_context.xdc, line 159).
Applied set_property IO_BUFFER_TYPE = NONE for FIXED_IO_mio[15]. (constraint file  /home/andreea/proiect_finn/output_ip_hardware_cu_maimulteepoici/stitched_ip/finn_vivado_stitch_proj.gen/sources_1/bd/design_1/ip/design_1_processing_system7_0_0/design_1_processing_system7_0_0/design_1_processing_system7_0_0_in_context.xdc, line 160).
Applied set_property CLOCK_BUFFER_TYPE = NONE for FIXED_IO_mio[15]. (constraint file  /home/andreea/proiect_finn/output_ip_hardware_cu_maimulteepoici/stitched_ip/finn_vivado_stitch_proj.gen/sources_1/bd/design_1/ip/design_1_processing_system7_0_0/design_1_processing_system7_0_0/design_1_processing_system7_0_0_in_context.xdc, line 161).
Applied set_property IO_BUFFER_TYPE = NONE for FIXED_IO_mio[16]. (constraint file  /home/andreea/proiect_finn/output_ip_hardware_cu_maimulteepoici/stitched_ip/finn_vivado_stitch_proj.gen/sources_1/bd/design_1/ip/design_1_processing_system7_0_0/design_1_processing_system7_0_0/design_1_processing_system7_0_0_in_context.xdc, line 162).
Applied set_property CLOCK_BUFFER_TYPE = NONE for FIXED_IO_mio[16]. (constraint file  /home/andreea/proiect_finn/output_ip_hardware_cu_maimulteepoici/stitched_ip/finn_vivado_stitch_proj.gen/sources_1/bd/design_1/ip/design_1_processing_system7_0_0/design_1_processing_system7_0_0/design_1_processing_system7_0_0_in_context.xdc, line 163).
Applied set_property IO_BUFFER_TYPE = NONE for FIXED_IO_mio[17]. (constraint file  /home/andreea/proiect_finn/output_ip_hardware_cu_maimulteepoici/stitched_ip/finn_vivado_stitch_proj.gen/sources_1/bd/design_1/ip/design_1_processing_system7_0_0/design_1_processing_system7_0_0/design_1_processing_system7_0_0_in_context.xdc, line 164).
Applied set_property CLOCK_BUFFER_TYPE = NONE for FIXED_IO_mio[17]. (constraint file  /home/andreea/proiect_finn/output_ip_hardware_cu_maimulteepoici/stitched_ip/finn_vivado_stitch_proj.gen/sources_1/bd/design_1/ip/design_1_processing_system7_0_0/design_1_processing_system7_0_0/design_1_processing_system7_0_0_in_context.xdc, line 165).
Applied set_property IO_BUFFER_TYPE = NONE for FIXED_IO_mio[18]. (constraint file  /home/andreea/proiect_finn/output_ip_hardware_cu_maimulteepoici/stitched_ip/finn_vivado_stitch_proj.gen/sources_1/bd/design_1/ip/design_1_processing_system7_0_0/design_1_processing_system7_0_0/design_1_processing_system7_0_0_in_context.xdc, line 166).
Applied set_property CLOCK_BUFFER_TYPE = NONE for FIXED_IO_mio[18]. (constraint file  /home/andreea/proiect_finn/output_ip_hardware_cu_maimulteepoici/stitched_ip/finn_vivado_stitch_proj.gen/sources_1/bd/design_1/ip/design_1_processing_system7_0_0/design_1_processing_system7_0_0/design_1_processing_system7_0_0_in_context.xdc, line 167).
Applied set_property IO_BUFFER_TYPE = NONE for FIXED_IO_mio[19]. (constraint file  /home/andreea/proiect_finn/output_ip_hardware_cu_maimulteepoici/stitched_ip/finn_vivado_stitch_proj.gen/sources_1/bd/design_1/ip/design_1_processing_system7_0_0/design_1_processing_system7_0_0/design_1_processing_system7_0_0_in_context.xdc, line 168).
Applied set_property CLOCK_BUFFER_TYPE = NONE for FIXED_IO_mio[19]. (constraint file  /home/andreea/proiect_finn/output_ip_hardware_cu_maimulteepoici/stitched_ip/finn_vivado_stitch_proj.gen/sources_1/bd/design_1/ip/design_1_processing_system7_0_0/design_1_processing_system7_0_0/design_1_processing_system7_0_0_in_context.xdc, line 169).
Applied set_property IO_BUFFER_TYPE = NONE for FIXED_IO_mio[1]. (constraint file  /home/andreea/proiect_finn/output_ip_hardware_cu_maimulteepoici/stitched_ip/finn_vivado_stitch_proj.gen/sources_1/bd/design_1/ip/design_1_processing_system7_0_0/design_1_processing_system7_0_0/design_1_processing_system7_0_0_in_context.xdc, line 170).
Applied set_property CLOCK_BUFFER_TYPE = NONE for FIXED_IO_mio[1]. (constraint file  /home/andreea/proiect_finn/output_ip_hardware_cu_maimulteepoici/stitched_ip/finn_vivado_stitch_proj.gen/sources_1/bd/design_1/ip/design_1_processing_system7_0_0/design_1_processing_system7_0_0/design_1_processing_system7_0_0_in_context.xdc, line 171).
Applied set_property IO_BUFFER_TYPE = NONE for FIXED_IO_mio[20]. (constraint file  /home/andreea/proiect_finn/output_ip_hardware_cu_maimulteepoici/stitched_ip/finn_vivado_stitch_proj.gen/sources_1/bd/design_1/ip/design_1_processing_system7_0_0/design_1_processing_system7_0_0/design_1_processing_system7_0_0_in_context.xdc, line 172).
Applied set_property CLOCK_BUFFER_TYPE = NONE for FIXED_IO_mio[20]. (constraint file  /home/andreea/proiect_finn/output_ip_hardware_cu_maimulteepoici/stitched_ip/finn_vivado_stitch_proj.gen/sources_1/bd/design_1/ip/design_1_processing_system7_0_0/design_1_processing_system7_0_0/design_1_processing_system7_0_0_in_context.xdc, line 173).
Applied set_property IO_BUFFER_TYPE = NONE for FIXED_IO_mio[21]. (constraint file  /home/andreea/proiect_finn/output_ip_hardware_cu_maimulteepoici/stitched_ip/finn_vivado_stitch_proj.gen/sources_1/bd/design_1/ip/design_1_processing_system7_0_0/design_1_processing_system7_0_0/design_1_processing_system7_0_0_in_context.xdc, line 174).
Applied set_property CLOCK_BUFFER_TYPE = NONE for FIXED_IO_mio[21]. (constraint file  /home/andreea/proiect_finn/output_ip_hardware_cu_maimulteepoici/stitched_ip/finn_vivado_stitch_proj.gen/sources_1/bd/design_1/ip/design_1_processing_system7_0_0/design_1_processing_system7_0_0/design_1_processing_system7_0_0_in_context.xdc, line 175).
Applied set_property IO_BUFFER_TYPE = NONE for FIXED_IO_mio[22]. (constraint file  /home/andreea/proiect_finn/output_ip_hardware_cu_maimulteepoici/stitched_ip/finn_vivado_stitch_proj.gen/sources_1/bd/design_1/ip/design_1_processing_system7_0_0/design_1_processing_system7_0_0/design_1_processing_system7_0_0_in_context.xdc, line 176).
Applied set_property CLOCK_BUFFER_TYPE = NONE for FIXED_IO_mio[22]. (constraint file  /home/andreea/proiect_finn/output_ip_hardware_cu_maimulteepoici/stitched_ip/finn_vivado_stitch_proj.gen/sources_1/bd/design_1/ip/design_1_processing_system7_0_0/design_1_processing_system7_0_0/design_1_processing_system7_0_0_in_context.xdc, line 177).
Applied set_property IO_BUFFER_TYPE = NONE for FIXED_IO_mio[23]. (constraint file  /home/andreea/proiect_finn/output_ip_hardware_cu_maimulteepoici/stitched_ip/finn_vivado_stitch_proj.gen/sources_1/bd/design_1/ip/design_1_processing_system7_0_0/design_1_processing_system7_0_0/design_1_processing_system7_0_0_in_context.xdc, line 178).
Applied set_property CLOCK_BUFFER_TYPE = NONE for FIXED_IO_mio[23]. (constraint file  /home/andreea/proiect_finn/output_ip_hardware_cu_maimulteepoici/stitched_ip/finn_vivado_stitch_proj.gen/sources_1/bd/design_1/ip/design_1_processing_system7_0_0/design_1_processing_system7_0_0/design_1_processing_system7_0_0_in_context.xdc, line 179).
Applied set_property IO_BUFFER_TYPE = NONE for FIXED_IO_mio[24]. (constraint file  /home/andreea/proiect_finn/output_ip_hardware_cu_maimulteepoici/stitched_ip/finn_vivado_stitch_proj.gen/sources_1/bd/design_1/ip/design_1_processing_system7_0_0/design_1_processing_system7_0_0/design_1_processing_system7_0_0_in_context.xdc, line 180).
Applied set_property CLOCK_BUFFER_TYPE = NONE for FIXED_IO_mio[24]. (constraint file  /home/andreea/proiect_finn/output_ip_hardware_cu_maimulteepoici/stitched_ip/finn_vivado_stitch_proj.gen/sources_1/bd/design_1/ip/design_1_processing_system7_0_0/design_1_processing_system7_0_0/design_1_processing_system7_0_0_in_context.xdc, line 181).
Applied set_property IO_BUFFER_TYPE = NONE for FIXED_IO_mio[25]. (constraint file  /home/andreea/proiect_finn/output_ip_hardware_cu_maimulteepoici/stitched_ip/finn_vivado_stitch_proj.gen/sources_1/bd/design_1/ip/design_1_processing_system7_0_0/design_1_processing_system7_0_0/design_1_processing_system7_0_0_in_context.xdc, line 182).
Applied set_property CLOCK_BUFFER_TYPE = NONE for FIXED_IO_mio[25]. (constraint file  /home/andreea/proiect_finn/output_ip_hardware_cu_maimulteepoici/stitched_ip/finn_vivado_stitch_proj.gen/sources_1/bd/design_1/ip/design_1_processing_system7_0_0/design_1_processing_system7_0_0/design_1_processing_system7_0_0_in_context.xdc, line 183).
Applied set_property IO_BUFFER_TYPE = NONE for FIXED_IO_mio[26]. (constraint file  /home/andreea/proiect_finn/output_ip_hardware_cu_maimulteepoici/stitched_ip/finn_vivado_stitch_proj.gen/sources_1/bd/design_1/ip/design_1_processing_system7_0_0/design_1_processing_system7_0_0/design_1_processing_system7_0_0_in_context.xdc, line 184).
Applied set_property CLOCK_BUFFER_TYPE = NONE for FIXED_IO_mio[26]. (constraint file  /home/andreea/proiect_finn/output_ip_hardware_cu_maimulteepoici/stitched_ip/finn_vivado_stitch_proj.gen/sources_1/bd/design_1/ip/design_1_processing_system7_0_0/design_1_processing_system7_0_0/design_1_processing_system7_0_0_in_context.xdc, line 185).
Applied set_property IO_BUFFER_TYPE = NONE for FIXED_IO_mio[27]. (constraint file  /home/andreea/proiect_finn/output_ip_hardware_cu_maimulteepoici/stitched_ip/finn_vivado_stitch_proj.gen/sources_1/bd/design_1/ip/design_1_processing_system7_0_0/design_1_processing_system7_0_0/design_1_processing_system7_0_0_in_context.xdc, line 186).
Applied set_property CLOCK_BUFFER_TYPE = NONE for FIXED_IO_mio[27]. (constraint file  /home/andreea/proiect_finn/output_ip_hardware_cu_maimulteepoici/stitched_ip/finn_vivado_stitch_proj.gen/sources_1/bd/design_1/ip/design_1_processing_system7_0_0/design_1_processing_system7_0_0/design_1_processing_system7_0_0_in_context.xdc, line 187).
Applied set_property IO_BUFFER_TYPE = NONE for FIXED_IO_mio[28]. (constraint file  /home/andreea/proiect_finn/output_ip_hardware_cu_maimulteepoici/stitched_ip/finn_vivado_stitch_proj.gen/sources_1/bd/design_1/ip/design_1_processing_system7_0_0/design_1_processing_system7_0_0/design_1_processing_system7_0_0_in_context.xdc, line 188).
Applied set_property CLOCK_BUFFER_TYPE = NONE for FIXED_IO_mio[28]. (constraint file  /home/andreea/proiect_finn/output_ip_hardware_cu_maimulteepoici/stitched_ip/finn_vivado_stitch_proj.gen/sources_1/bd/design_1/ip/design_1_processing_system7_0_0/design_1_processing_system7_0_0/design_1_processing_system7_0_0_in_context.xdc, line 189).
Applied set_property IO_BUFFER_TYPE = NONE for FIXED_IO_mio[29]. (constraint file  /home/andreea/proiect_finn/output_ip_hardware_cu_maimulteepoici/stitched_ip/finn_vivado_stitch_proj.gen/sources_1/bd/design_1/ip/design_1_processing_system7_0_0/design_1_processing_system7_0_0/design_1_processing_system7_0_0_in_context.xdc, line 190).
Applied set_property CLOCK_BUFFER_TYPE = NONE for FIXED_IO_mio[29]. (constraint file  /home/andreea/proiect_finn/output_ip_hardware_cu_maimulteepoici/stitched_ip/finn_vivado_stitch_proj.gen/sources_1/bd/design_1/ip/design_1_processing_system7_0_0/design_1_processing_system7_0_0/design_1_processing_system7_0_0_in_context.xdc, line 191).
Applied set_property IO_BUFFER_TYPE = NONE for FIXED_IO_mio[2]. (constraint file  /home/andreea/proiect_finn/output_ip_hardware_cu_maimulteepoici/stitched_ip/finn_vivado_stitch_proj.gen/sources_1/bd/design_1/ip/design_1_processing_system7_0_0/design_1_processing_system7_0_0/design_1_processing_system7_0_0_in_context.xdc, line 192).
Applied set_property CLOCK_BUFFER_TYPE = NONE for FIXED_IO_mio[2]. (constraint file  /home/andreea/proiect_finn/output_ip_hardware_cu_maimulteepoici/stitched_ip/finn_vivado_stitch_proj.gen/sources_1/bd/design_1/ip/design_1_processing_system7_0_0/design_1_processing_system7_0_0/design_1_processing_system7_0_0_in_context.xdc, line 193).
Applied set_property IO_BUFFER_TYPE = NONE for FIXED_IO_mio[30]. (constraint file  /home/andreea/proiect_finn/output_ip_hardware_cu_maimulteepoici/stitched_ip/finn_vivado_stitch_proj.gen/sources_1/bd/design_1/ip/design_1_processing_system7_0_0/design_1_processing_system7_0_0/design_1_processing_system7_0_0_in_context.xdc, line 194).
Applied set_property CLOCK_BUFFER_TYPE = NONE for FIXED_IO_mio[30]. (constraint file  /home/andreea/proiect_finn/output_ip_hardware_cu_maimulteepoici/stitched_ip/finn_vivado_stitch_proj.gen/sources_1/bd/design_1/ip/design_1_processing_system7_0_0/design_1_processing_system7_0_0/design_1_processing_system7_0_0_in_context.xdc, line 195).
Applied set_property IO_BUFFER_TYPE = NONE for FIXED_IO_mio[31]. (constraint file  /home/andreea/proiect_finn/output_ip_hardware_cu_maimulteepoici/stitched_ip/finn_vivado_stitch_proj.gen/sources_1/bd/design_1/ip/design_1_processing_system7_0_0/design_1_processing_system7_0_0/design_1_processing_system7_0_0_in_context.xdc, line 196).
Applied set_property CLOCK_BUFFER_TYPE = NONE for FIXED_IO_mio[31]. (constraint file  /home/andreea/proiect_finn/output_ip_hardware_cu_maimulteepoici/stitched_ip/finn_vivado_stitch_proj.gen/sources_1/bd/design_1/ip/design_1_processing_system7_0_0/design_1_processing_system7_0_0/design_1_processing_system7_0_0_in_context.xdc, line 197).
Applied set_property IO_BUFFER_TYPE = NONE for FIXED_IO_mio[32]. (constraint file  /home/andreea/proiect_finn/output_ip_hardware_cu_maimulteepoici/stitched_ip/finn_vivado_stitch_proj.gen/sources_1/bd/design_1/ip/design_1_processing_system7_0_0/design_1_processing_system7_0_0/design_1_processing_system7_0_0_in_context.xdc, line 198).
Applied set_property CLOCK_BUFFER_TYPE = NONE for FIXED_IO_mio[32]. (constraint file  /home/andreea/proiect_finn/output_ip_hardware_cu_maimulteepoici/stitched_ip/finn_vivado_stitch_proj.gen/sources_1/bd/design_1/ip/design_1_processing_system7_0_0/design_1_processing_system7_0_0/design_1_processing_system7_0_0_in_context.xdc, line 199).
Applied set_property IO_BUFFER_TYPE = NONE for FIXED_IO_mio[33]. (constraint file  /home/andreea/proiect_finn/output_ip_hardware_cu_maimulteepoici/stitched_ip/finn_vivado_stitch_proj.gen/sources_1/bd/design_1/ip/design_1_processing_system7_0_0/design_1_processing_system7_0_0/design_1_processing_system7_0_0_in_context.xdc, line 200).
Applied set_property CLOCK_BUFFER_TYPE = NONE for FIXED_IO_mio[33]. (constraint file  /home/andreea/proiect_finn/output_ip_hardware_cu_maimulteepoici/stitched_ip/finn_vivado_stitch_proj.gen/sources_1/bd/design_1/ip/design_1_processing_system7_0_0/design_1_processing_system7_0_0/design_1_processing_system7_0_0_in_context.xdc, line 201).
Applied set_property IO_BUFFER_TYPE = NONE for FIXED_IO_mio[34]. (constraint file  /home/andreea/proiect_finn/output_ip_hardware_cu_maimulteepoici/stitched_ip/finn_vivado_stitch_proj.gen/sources_1/bd/design_1/ip/design_1_processing_system7_0_0/design_1_processing_system7_0_0/design_1_processing_system7_0_0_in_context.xdc, line 202).
Applied set_property CLOCK_BUFFER_TYPE = NONE for FIXED_IO_mio[34]. (constraint file  /home/andreea/proiect_finn/output_ip_hardware_cu_maimulteepoici/stitched_ip/finn_vivado_stitch_proj.gen/sources_1/bd/design_1/ip/design_1_processing_system7_0_0/design_1_processing_system7_0_0/design_1_processing_system7_0_0_in_context.xdc, line 203).
Applied set_property IO_BUFFER_TYPE = NONE for FIXED_IO_mio[35]. (constraint file  /home/andreea/proiect_finn/output_ip_hardware_cu_maimulteepoici/stitched_ip/finn_vivado_stitch_proj.gen/sources_1/bd/design_1/ip/design_1_processing_system7_0_0/design_1_processing_system7_0_0/design_1_processing_system7_0_0_in_context.xdc, line 204).
Applied set_property CLOCK_BUFFER_TYPE = NONE for FIXED_IO_mio[35]. (constraint file  /home/andreea/proiect_finn/output_ip_hardware_cu_maimulteepoici/stitched_ip/finn_vivado_stitch_proj.gen/sources_1/bd/design_1/ip/design_1_processing_system7_0_0/design_1_processing_system7_0_0/design_1_processing_system7_0_0_in_context.xdc, line 205).
Applied set_property IO_BUFFER_TYPE = NONE for FIXED_IO_mio[36]. (constraint file  /home/andreea/proiect_finn/output_ip_hardware_cu_maimulteepoici/stitched_ip/finn_vivado_stitch_proj.gen/sources_1/bd/design_1/ip/design_1_processing_system7_0_0/design_1_processing_system7_0_0/design_1_processing_system7_0_0_in_context.xdc, line 206).
Applied set_property CLOCK_BUFFER_TYPE = NONE for FIXED_IO_mio[36]. (constraint file  /home/andreea/proiect_finn/output_ip_hardware_cu_maimulteepoici/stitched_ip/finn_vivado_stitch_proj.gen/sources_1/bd/design_1/ip/design_1_processing_system7_0_0/design_1_processing_system7_0_0/design_1_processing_system7_0_0_in_context.xdc, line 207).
Applied set_property IO_BUFFER_TYPE = NONE for FIXED_IO_mio[37]. (constraint file  /home/andreea/proiect_finn/output_ip_hardware_cu_maimulteepoici/stitched_ip/finn_vivado_stitch_proj.gen/sources_1/bd/design_1/ip/design_1_processing_system7_0_0/design_1_processing_system7_0_0/design_1_processing_system7_0_0_in_context.xdc, line 208).
Applied set_property CLOCK_BUFFER_TYPE = NONE for FIXED_IO_mio[37]. (constraint file  /home/andreea/proiect_finn/output_ip_hardware_cu_maimulteepoici/stitched_ip/finn_vivado_stitch_proj.gen/sources_1/bd/design_1/ip/design_1_processing_system7_0_0/design_1_processing_system7_0_0/design_1_processing_system7_0_0_in_context.xdc, line 209).
Applied set_property IO_BUFFER_TYPE = NONE for FIXED_IO_mio[38]. (constraint file  /home/andreea/proiect_finn/output_ip_hardware_cu_maimulteepoici/stitched_ip/finn_vivado_stitch_proj.gen/sources_1/bd/design_1/ip/design_1_processing_system7_0_0/design_1_processing_system7_0_0/design_1_processing_system7_0_0_in_context.xdc, line 210).
Applied set_property CLOCK_BUFFER_TYPE = NONE for FIXED_IO_mio[38]. (constraint file  /home/andreea/proiect_finn/output_ip_hardware_cu_maimulteepoici/stitched_ip/finn_vivado_stitch_proj.gen/sources_1/bd/design_1/ip/design_1_processing_system7_0_0/design_1_processing_system7_0_0/design_1_processing_system7_0_0_in_context.xdc, line 211).
Applied set_property IO_BUFFER_TYPE = NONE for FIXED_IO_mio[39]. (constraint file  /home/andreea/proiect_finn/output_ip_hardware_cu_maimulteepoici/stitched_ip/finn_vivado_stitch_proj.gen/sources_1/bd/design_1/ip/design_1_processing_system7_0_0/design_1_processing_system7_0_0/design_1_processing_system7_0_0_in_context.xdc, line 212).
Applied set_property CLOCK_BUFFER_TYPE = NONE for FIXED_IO_mio[39]. (constraint file  /home/andreea/proiect_finn/output_ip_hardware_cu_maimulteepoici/stitched_ip/finn_vivado_stitch_proj.gen/sources_1/bd/design_1/ip/design_1_processing_system7_0_0/design_1_processing_system7_0_0/design_1_processing_system7_0_0_in_context.xdc, line 213).
Applied set_property IO_BUFFER_TYPE = NONE for FIXED_IO_mio[3]. (constraint file  /home/andreea/proiect_finn/output_ip_hardware_cu_maimulteepoici/stitched_ip/finn_vivado_stitch_proj.gen/sources_1/bd/design_1/ip/design_1_processing_system7_0_0/design_1_processing_system7_0_0/design_1_processing_system7_0_0_in_context.xdc, line 214).
Applied set_property CLOCK_BUFFER_TYPE = NONE for FIXED_IO_mio[3]. (constraint file  /home/andreea/proiect_finn/output_ip_hardware_cu_maimulteepoici/stitched_ip/finn_vivado_stitch_proj.gen/sources_1/bd/design_1/ip/design_1_processing_system7_0_0/design_1_processing_system7_0_0/design_1_processing_system7_0_0_in_context.xdc, line 215).
Applied set_property IO_BUFFER_TYPE = NONE for FIXED_IO_mio[40]. (constraint file  /home/andreea/proiect_finn/output_ip_hardware_cu_maimulteepoici/stitched_ip/finn_vivado_stitch_proj.gen/sources_1/bd/design_1/ip/design_1_processing_system7_0_0/design_1_processing_system7_0_0/design_1_processing_system7_0_0_in_context.xdc, line 216).
Applied set_property CLOCK_BUFFER_TYPE = NONE for FIXED_IO_mio[40]. (constraint file  /home/andreea/proiect_finn/output_ip_hardware_cu_maimulteepoici/stitched_ip/finn_vivado_stitch_proj.gen/sources_1/bd/design_1/ip/design_1_processing_system7_0_0/design_1_processing_system7_0_0/design_1_processing_system7_0_0_in_context.xdc, line 217).
Applied set_property IO_BUFFER_TYPE = NONE for FIXED_IO_mio[41]. (constraint file  /home/andreea/proiect_finn/output_ip_hardware_cu_maimulteepoici/stitched_ip/finn_vivado_stitch_proj.gen/sources_1/bd/design_1/ip/design_1_processing_system7_0_0/design_1_processing_system7_0_0/design_1_processing_system7_0_0_in_context.xdc, line 218).
Applied set_property CLOCK_BUFFER_TYPE = NONE for FIXED_IO_mio[41]. (constraint file  /home/andreea/proiect_finn/output_ip_hardware_cu_maimulteepoici/stitched_ip/finn_vivado_stitch_proj.gen/sources_1/bd/design_1/ip/design_1_processing_system7_0_0/design_1_processing_system7_0_0/design_1_processing_system7_0_0_in_context.xdc, line 219).
Applied set_property IO_BUFFER_TYPE = NONE for FIXED_IO_mio[42]. (constraint file  /home/andreea/proiect_finn/output_ip_hardware_cu_maimulteepoici/stitched_ip/finn_vivado_stitch_proj.gen/sources_1/bd/design_1/ip/design_1_processing_system7_0_0/design_1_processing_system7_0_0/design_1_processing_system7_0_0_in_context.xdc, line 220).
Applied set_property CLOCK_BUFFER_TYPE = NONE for FIXED_IO_mio[42]. (constraint file  /home/andreea/proiect_finn/output_ip_hardware_cu_maimulteepoici/stitched_ip/finn_vivado_stitch_proj.gen/sources_1/bd/design_1/ip/design_1_processing_system7_0_0/design_1_processing_system7_0_0/design_1_processing_system7_0_0_in_context.xdc, line 221).
Applied set_property IO_BUFFER_TYPE = NONE for FIXED_IO_mio[43]. (constraint file  /home/andreea/proiect_finn/output_ip_hardware_cu_maimulteepoici/stitched_ip/finn_vivado_stitch_proj.gen/sources_1/bd/design_1/ip/design_1_processing_system7_0_0/design_1_processing_system7_0_0/design_1_processing_system7_0_0_in_context.xdc, line 222).
Applied set_property CLOCK_BUFFER_TYPE = NONE for FIXED_IO_mio[43]. (constraint file  /home/andreea/proiect_finn/output_ip_hardware_cu_maimulteepoici/stitched_ip/finn_vivado_stitch_proj.gen/sources_1/bd/design_1/ip/design_1_processing_system7_0_0/design_1_processing_system7_0_0/design_1_processing_system7_0_0_in_context.xdc, line 223).
Applied set_property IO_BUFFER_TYPE = NONE for FIXED_IO_mio[44]. (constraint file  /home/andreea/proiect_finn/output_ip_hardware_cu_maimulteepoici/stitched_ip/finn_vivado_stitch_proj.gen/sources_1/bd/design_1/ip/design_1_processing_system7_0_0/design_1_processing_system7_0_0/design_1_processing_system7_0_0_in_context.xdc, line 224).
Applied set_property CLOCK_BUFFER_TYPE = NONE for FIXED_IO_mio[44]. (constraint file  /home/andreea/proiect_finn/output_ip_hardware_cu_maimulteepoici/stitched_ip/finn_vivado_stitch_proj.gen/sources_1/bd/design_1/ip/design_1_processing_system7_0_0/design_1_processing_system7_0_0/design_1_processing_system7_0_0_in_context.xdc, line 225).
Applied set_property IO_BUFFER_TYPE = NONE for FIXED_IO_mio[45]. (constraint file  /home/andreea/proiect_finn/output_ip_hardware_cu_maimulteepoici/stitched_ip/finn_vivado_stitch_proj.gen/sources_1/bd/design_1/ip/design_1_processing_system7_0_0/design_1_processing_system7_0_0/design_1_processing_system7_0_0_in_context.xdc, line 226).
Applied set_property CLOCK_BUFFER_TYPE = NONE for FIXED_IO_mio[45]. (constraint file  /home/andreea/proiect_finn/output_ip_hardware_cu_maimulteepoici/stitched_ip/finn_vivado_stitch_proj.gen/sources_1/bd/design_1/ip/design_1_processing_system7_0_0/design_1_processing_system7_0_0/design_1_processing_system7_0_0_in_context.xdc, line 227).
Applied set_property IO_BUFFER_TYPE = NONE for FIXED_IO_mio[46]. (constraint file  /home/andreea/proiect_finn/output_ip_hardware_cu_maimulteepoici/stitched_ip/finn_vivado_stitch_proj.gen/sources_1/bd/design_1/ip/design_1_processing_system7_0_0/design_1_processing_system7_0_0/design_1_processing_system7_0_0_in_context.xdc, line 228).
Applied set_property CLOCK_BUFFER_TYPE = NONE for FIXED_IO_mio[46]. (constraint file  /home/andreea/proiect_finn/output_ip_hardware_cu_maimulteepoici/stitched_ip/finn_vivado_stitch_proj.gen/sources_1/bd/design_1/ip/design_1_processing_system7_0_0/design_1_processing_system7_0_0/design_1_processing_system7_0_0_in_context.xdc, line 229).
Applied set_property IO_BUFFER_TYPE = NONE for FIXED_IO_mio[47]. (constraint file  /home/andreea/proiect_finn/output_ip_hardware_cu_maimulteepoici/stitched_ip/finn_vivado_stitch_proj.gen/sources_1/bd/design_1/ip/design_1_processing_system7_0_0/design_1_processing_system7_0_0/design_1_processing_system7_0_0_in_context.xdc, line 230).
Applied set_property CLOCK_BUFFER_TYPE = NONE for FIXED_IO_mio[47]. (constraint file  /home/andreea/proiect_finn/output_ip_hardware_cu_maimulteepoici/stitched_ip/finn_vivado_stitch_proj.gen/sources_1/bd/design_1/ip/design_1_processing_system7_0_0/design_1_processing_system7_0_0/design_1_processing_system7_0_0_in_context.xdc, line 231).
Applied set_property IO_BUFFER_TYPE = NONE for FIXED_IO_mio[48]. (constraint file  /home/andreea/proiect_finn/output_ip_hardware_cu_maimulteepoici/stitched_ip/finn_vivado_stitch_proj.gen/sources_1/bd/design_1/ip/design_1_processing_system7_0_0/design_1_processing_system7_0_0/design_1_processing_system7_0_0_in_context.xdc, line 232).
Applied set_property CLOCK_BUFFER_TYPE = NONE for FIXED_IO_mio[48]. (constraint file  /home/andreea/proiect_finn/output_ip_hardware_cu_maimulteepoici/stitched_ip/finn_vivado_stitch_proj.gen/sources_1/bd/design_1/ip/design_1_processing_system7_0_0/design_1_processing_system7_0_0/design_1_processing_system7_0_0_in_context.xdc, line 233).
Applied set_property IO_BUFFER_TYPE = NONE for FIXED_IO_mio[49]. (constraint file  /home/andreea/proiect_finn/output_ip_hardware_cu_maimulteepoici/stitched_ip/finn_vivado_stitch_proj.gen/sources_1/bd/design_1/ip/design_1_processing_system7_0_0/design_1_processing_system7_0_0/design_1_processing_system7_0_0_in_context.xdc, line 234).
Applied set_property CLOCK_BUFFER_TYPE = NONE for FIXED_IO_mio[49]. (constraint file  /home/andreea/proiect_finn/output_ip_hardware_cu_maimulteepoici/stitched_ip/finn_vivado_stitch_proj.gen/sources_1/bd/design_1/ip/design_1_processing_system7_0_0/design_1_processing_system7_0_0/design_1_processing_system7_0_0_in_context.xdc, line 235).
Applied set_property IO_BUFFER_TYPE = NONE for FIXED_IO_mio[4]. (constraint file  /home/andreea/proiect_finn/output_ip_hardware_cu_maimulteepoici/stitched_ip/finn_vivado_stitch_proj.gen/sources_1/bd/design_1/ip/design_1_processing_system7_0_0/design_1_processing_system7_0_0/design_1_processing_system7_0_0_in_context.xdc, line 236).
Applied set_property CLOCK_BUFFER_TYPE = NONE for FIXED_IO_mio[4]. (constraint file  /home/andreea/proiect_finn/output_ip_hardware_cu_maimulteepoici/stitched_ip/finn_vivado_stitch_proj.gen/sources_1/bd/design_1/ip/design_1_processing_system7_0_0/design_1_processing_system7_0_0/design_1_processing_system7_0_0_in_context.xdc, line 237).
Applied set_property IO_BUFFER_TYPE = NONE for FIXED_IO_mio[50]. (constraint file  /home/andreea/proiect_finn/output_ip_hardware_cu_maimulteepoici/stitched_ip/finn_vivado_stitch_proj.gen/sources_1/bd/design_1/ip/design_1_processing_system7_0_0/design_1_processing_system7_0_0/design_1_processing_system7_0_0_in_context.xdc, line 238).
Applied set_property CLOCK_BUFFER_TYPE = NONE for FIXED_IO_mio[50]. (constraint file  /home/andreea/proiect_finn/output_ip_hardware_cu_maimulteepoici/stitched_ip/finn_vivado_stitch_proj.gen/sources_1/bd/design_1/ip/design_1_processing_system7_0_0/design_1_processing_system7_0_0/design_1_processing_system7_0_0_in_context.xdc, line 239).
Applied set_property IO_BUFFER_TYPE = NONE for FIXED_IO_mio[51]. (constraint file  /home/andreea/proiect_finn/output_ip_hardware_cu_maimulteepoici/stitched_ip/finn_vivado_stitch_proj.gen/sources_1/bd/design_1/ip/design_1_processing_system7_0_0/design_1_processing_system7_0_0/design_1_processing_system7_0_0_in_context.xdc, line 240).
Applied set_property CLOCK_BUFFER_TYPE = NONE for FIXED_IO_mio[51]. (constraint file  /home/andreea/proiect_finn/output_ip_hardware_cu_maimulteepoici/stitched_ip/finn_vivado_stitch_proj.gen/sources_1/bd/design_1/ip/design_1_processing_system7_0_0/design_1_processing_system7_0_0/design_1_processing_system7_0_0_in_context.xdc, line 241).
Applied set_property IO_BUFFER_TYPE = NONE for FIXED_IO_mio[52]. (constraint file  /home/andreea/proiect_finn/output_ip_hardware_cu_maimulteepoici/stitched_ip/finn_vivado_stitch_proj.gen/sources_1/bd/design_1/ip/design_1_processing_system7_0_0/design_1_processing_system7_0_0/design_1_processing_system7_0_0_in_context.xdc, line 242).
Applied set_property CLOCK_BUFFER_TYPE = NONE for FIXED_IO_mio[52]. (constraint file  /home/andreea/proiect_finn/output_ip_hardware_cu_maimulteepoici/stitched_ip/finn_vivado_stitch_proj.gen/sources_1/bd/design_1/ip/design_1_processing_system7_0_0/design_1_processing_system7_0_0/design_1_processing_system7_0_0_in_context.xdc, line 243).
Applied set_property IO_BUFFER_TYPE = NONE for FIXED_IO_mio[53]. (constraint file  /home/andreea/proiect_finn/output_ip_hardware_cu_maimulteepoici/stitched_ip/finn_vivado_stitch_proj.gen/sources_1/bd/design_1/ip/design_1_processing_system7_0_0/design_1_processing_system7_0_0/design_1_processing_system7_0_0_in_context.xdc, line 244).
Applied set_property CLOCK_BUFFER_TYPE = NONE for FIXED_IO_mio[53]. (constraint file  /home/andreea/proiect_finn/output_ip_hardware_cu_maimulteepoici/stitched_ip/finn_vivado_stitch_proj.gen/sources_1/bd/design_1/ip/design_1_processing_system7_0_0/design_1_processing_system7_0_0/design_1_processing_system7_0_0_in_context.xdc, line 245).
Applied set_property IO_BUFFER_TYPE = NONE for FIXED_IO_mio[5]. (constraint file  /home/andreea/proiect_finn/output_ip_hardware_cu_maimulteepoici/stitched_ip/finn_vivado_stitch_proj.gen/sources_1/bd/design_1/ip/design_1_processing_system7_0_0/design_1_processing_system7_0_0/design_1_processing_system7_0_0_in_context.xdc, line 246).
Applied set_property CLOCK_BUFFER_TYPE = NONE for FIXED_IO_mio[5]. (constraint file  /home/andreea/proiect_finn/output_ip_hardware_cu_maimulteepoici/stitched_ip/finn_vivado_stitch_proj.gen/sources_1/bd/design_1/ip/design_1_processing_system7_0_0/design_1_processing_system7_0_0/design_1_processing_system7_0_0_in_context.xdc, line 247).
Applied set_property IO_BUFFER_TYPE = NONE for FIXED_IO_mio[6]. (constraint file  /home/andreea/proiect_finn/output_ip_hardware_cu_maimulteepoici/stitched_ip/finn_vivado_stitch_proj.gen/sources_1/bd/design_1/ip/design_1_processing_system7_0_0/design_1_processing_system7_0_0/design_1_processing_system7_0_0_in_context.xdc, line 248).
Applied set_property CLOCK_BUFFER_TYPE = NONE for FIXED_IO_mio[6]. (constraint file  /home/andreea/proiect_finn/output_ip_hardware_cu_maimulteepoici/stitched_ip/finn_vivado_stitch_proj.gen/sources_1/bd/design_1/ip/design_1_processing_system7_0_0/design_1_processing_system7_0_0/design_1_processing_system7_0_0_in_context.xdc, line 249).
Applied set_property IO_BUFFER_TYPE = NONE for FIXED_IO_mio[7]. (constraint file  /home/andreea/proiect_finn/output_ip_hardware_cu_maimulteepoici/stitched_ip/finn_vivado_stitch_proj.gen/sources_1/bd/design_1/ip/design_1_processing_system7_0_0/design_1_processing_system7_0_0/design_1_processing_system7_0_0_in_context.xdc, line 250).
Applied set_property CLOCK_BUFFER_TYPE = NONE for FIXED_IO_mio[7]. (constraint file  /home/andreea/proiect_finn/output_ip_hardware_cu_maimulteepoici/stitched_ip/finn_vivado_stitch_proj.gen/sources_1/bd/design_1/ip/design_1_processing_system7_0_0/design_1_processing_system7_0_0/design_1_processing_system7_0_0_in_context.xdc, line 251).
Applied set_property IO_BUFFER_TYPE = NONE for FIXED_IO_mio[8]. (constraint file  /home/andreea/proiect_finn/output_ip_hardware_cu_maimulteepoici/stitched_ip/finn_vivado_stitch_proj.gen/sources_1/bd/design_1/ip/design_1_processing_system7_0_0/design_1_processing_system7_0_0/design_1_processing_system7_0_0_in_context.xdc, line 252).
Applied set_property CLOCK_BUFFER_TYPE = NONE for FIXED_IO_mio[8]. (constraint file  /home/andreea/proiect_finn/output_ip_hardware_cu_maimulteepoici/stitched_ip/finn_vivado_stitch_proj.gen/sources_1/bd/design_1/ip/design_1_processing_system7_0_0/design_1_processing_system7_0_0/design_1_processing_system7_0_0_in_context.xdc, line 253).
Applied set_property IO_BUFFER_TYPE = NONE for FIXED_IO_mio[9]. (constraint file  /home/andreea/proiect_finn/output_ip_hardware_cu_maimulteepoici/stitched_ip/finn_vivado_stitch_proj.gen/sources_1/bd/design_1/ip/design_1_processing_system7_0_0/design_1_processing_system7_0_0/design_1_processing_system7_0_0_in_context.xdc, line 254).
Applied set_property CLOCK_BUFFER_TYPE = NONE for FIXED_IO_mio[9]. (constraint file  /home/andreea/proiect_finn/output_ip_hardware_cu_maimulteepoici/stitched_ip/finn_vivado_stitch_proj.gen/sources_1/bd/design_1/ip/design_1_processing_system7_0_0/design_1_processing_system7_0_0/design_1_processing_system7_0_0_in_context.xdc, line 255).
Applied set_property IO_BUFFER_TYPE = NONE for FIXED_IO_ps_clk. (constraint file  /home/andreea/proiect_finn/output_ip_hardware_cu_maimulteepoici/stitched_ip/finn_vivado_stitch_proj.gen/sources_1/bd/design_1/ip/design_1_processing_system7_0_0/design_1_processing_system7_0_0/design_1_processing_system7_0_0_in_context.xdc, line 256).
Applied set_property CLOCK_BUFFER_TYPE = NONE for FIXED_IO_ps_clk. (constraint file  /home/andreea/proiect_finn/output_ip_hardware_cu_maimulteepoici/stitched_ip/finn_vivado_stitch_proj.gen/sources_1/bd/design_1/ip/design_1_processing_system7_0_0/design_1_processing_system7_0_0/design_1_processing_system7_0_0_in_context.xdc, line 257).
Applied set_property IO_BUFFER_TYPE = NONE for FIXED_IO_ps_porb. (constraint file  /home/andreea/proiect_finn/output_ip_hardware_cu_maimulteepoici/stitched_ip/finn_vivado_stitch_proj.gen/sources_1/bd/design_1/ip/design_1_processing_system7_0_0/design_1_processing_system7_0_0/design_1_processing_system7_0_0_in_context.xdc, line 258).
Applied set_property CLOCK_BUFFER_TYPE = NONE for FIXED_IO_ps_porb. (constraint file  /home/andreea/proiect_finn/output_ip_hardware_cu_maimulteepoici/stitched_ip/finn_vivado_stitch_proj.gen/sources_1/bd/design_1/ip/design_1_processing_system7_0_0/design_1_processing_system7_0_0/design_1_processing_system7_0_0_in_context.xdc, line 259).
Applied set_property IO_BUFFER_TYPE = NONE for FIXED_IO_ps_srstb. (constraint file  /home/andreea/proiect_finn/output_ip_hardware_cu_maimulteepoici/stitched_ip/finn_vivado_stitch_proj.gen/sources_1/bd/design_1/ip/design_1_processing_system7_0_0/design_1_processing_system7_0_0/design_1_processing_system7_0_0_in_context.xdc, line 260).
Applied set_property CLOCK_BUFFER_TYPE = NONE for FIXED_IO_ps_srstb. (constraint file  /home/andreea/proiect_finn/output_ip_hardware_cu_maimulteepoici/stitched_ip/finn_vivado_stitch_proj.gen/sources_1/bd/design_1/ip/design_1_processing_system7_0_0/design_1_processing_system7_0_0/design_1_processing_system7_0_0_in_context.xdc, line 261).
Applied set_property IO_BUFFER_TYPE = NONE for hdmi_out_0_clk_n. (constraint file  /home/andreea/proiect_finn/output_ip_hardware_cu_maimulteepoici/stitched_ip/finn_vivado_stitch_proj.gen/sources_1/bd/design_1/ip/design_1_rgb2dvi_0_1/design_1_rgb2dvi_0_1/design_1_rgb2dvi_0_1_in_context.xdc, line 1).
Applied set_property CLOCK_BUFFER_TYPE = NONE for hdmi_out_0_clk_n. (constraint file  /home/andreea/proiect_finn/output_ip_hardware_cu_maimulteepoici/stitched_ip/finn_vivado_stitch_proj.gen/sources_1/bd/design_1/ip/design_1_rgb2dvi_0_1/design_1_rgb2dvi_0_1/design_1_rgb2dvi_0_1_in_context.xdc, line 2).
Applied set_property IO_BUFFER_TYPE = NONE for hdmi_out_0_clk_p. (constraint file  /home/andreea/proiect_finn/output_ip_hardware_cu_maimulteepoici/stitched_ip/finn_vivado_stitch_proj.gen/sources_1/bd/design_1/ip/design_1_rgb2dvi_0_1/design_1_rgb2dvi_0_1/design_1_rgb2dvi_0_1_in_context.xdc, line 3).
Applied set_property CLOCK_BUFFER_TYPE = NONE for hdmi_out_0_clk_p. (constraint file  /home/andreea/proiect_finn/output_ip_hardware_cu_maimulteepoici/stitched_ip/finn_vivado_stitch_proj.gen/sources_1/bd/design_1/ip/design_1_rgb2dvi_0_1/design_1_rgb2dvi_0_1/design_1_rgb2dvi_0_1_in_context.xdc, line 4).
Applied set_property IO_BUFFER_TYPE = NONE for hdmi_out_0_data_n[0]. (constraint file  /home/andreea/proiect_finn/output_ip_hardware_cu_maimulteepoici/stitched_ip/finn_vivado_stitch_proj.gen/sources_1/bd/design_1/ip/design_1_rgb2dvi_0_1/design_1_rgb2dvi_0_1/design_1_rgb2dvi_0_1_in_context.xdc, line 5).
Applied set_property CLOCK_BUFFER_TYPE = NONE for hdmi_out_0_data_n[0]. (constraint file  /home/andreea/proiect_finn/output_ip_hardware_cu_maimulteepoici/stitched_ip/finn_vivado_stitch_proj.gen/sources_1/bd/design_1/ip/design_1_rgb2dvi_0_1/design_1_rgb2dvi_0_1/design_1_rgb2dvi_0_1_in_context.xdc, line 6).
Applied set_property IO_BUFFER_TYPE = NONE for hdmi_out_0_data_n[1]. (constraint file  /home/andreea/proiect_finn/output_ip_hardware_cu_maimulteepoici/stitched_ip/finn_vivado_stitch_proj.gen/sources_1/bd/design_1/ip/design_1_rgb2dvi_0_1/design_1_rgb2dvi_0_1/design_1_rgb2dvi_0_1_in_context.xdc, line 7).
Applied set_property CLOCK_BUFFER_TYPE = NONE for hdmi_out_0_data_n[1]. (constraint file  /home/andreea/proiect_finn/output_ip_hardware_cu_maimulteepoici/stitched_ip/finn_vivado_stitch_proj.gen/sources_1/bd/design_1/ip/design_1_rgb2dvi_0_1/design_1_rgb2dvi_0_1/design_1_rgb2dvi_0_1_in_context.xdc, line 8).
Applied set_property IO_BUFFER_TYPE = NONE for hdmi_out_0_data_n[2]. (constraint file  /home/andreea/proiect_finn/output_ip_hardware_cu_maimulteepoici/stitched_ip/finn_vivado_stitch_proj.gen/sources_1/bd/design_1/ip/design_1_rgb2dvi_0_1/design_1_rgb2dvi_0_1/design_1_rgb2dvi_0_1_in_context.xdc, line 9).
Applied set_property CLOCK_BUFFER_TYPE = NONE for hdmi_out_0_data_n[2]. (constraint file  /home/andreea/proiect_finn/output_ip_hardware_cu_maimulteepoici/stitched_ip/finn_vivado_stitch_proj.gen/sources_1/bd/design_1/ip/design_1_rgb2dvi_0_1/design_1_rgb2dvi_0_1/design_1_rgb2dvi_0_1_in_context.xdc, line 10).
Applied set_property IO_BUFFER_TYPE = NONE for hdmi_out_0_data_p[0]. (constraint file  /home/andreea/proiect_finn/output_ip_hardware_cu_maimulteepoici/stitched_ip/finn_vivado_stitch_proj.gen/sources_1/bd/design_1/ip/design_1_rgb2dvi_0_1/design_1_rgb2dvi_0_1/design_1_rgb2dvi_0_1_in_context.xdc, line 11).
Applied set_property CLOCK_BUFFER_TYPE = NONE for hdmi_out_0_data_p[0]. (constraint file  /home/andreea/proiect_finn/output_ip_hardware_cu_maimulteepoici/stitched_ip/finn_vivado_stitch_proj.gen/sources_1/bd/design_1/ip/design_1_rgb2dvi_0_1/design_1_rgb2dvi_0_1/design_1_rgb2dvi_0_1_in_context.xdc, line 12).
Applied set_property IO_BUFFER_TYPE = NONE for hdmi_out_0_data_p[1]. (constraint file  /home/andreea/proiect_finn/output_ip_hardware_cu_maimulteepoici/stitched_ip/finn_vivado_stitch_proj.gen/sources_1/bd/design_1/ip/design_1_rgb2dvi_0_1/design_1_rgb2dvi_0_1/design_1_rgb2dvi_0_1_in_context.xdc, line 13).
Applied set_property CLOCK_BUFFER_TYPE = NONE for hdmi_out_0_data_p[1]. (constraint file  /home/andreea/proiect_finn/output_ip_hardware_cu_maimulteepoici/stitched_ip/finn_vivado_stitch_proj.gen/sources_1/bd/design_1/ip/design_1_rgb2dvi_0_1/design_1_rgb2dvi_0_1/design_1_rgb2dvi_0_1_in_context.xdc, line 14).
Applied set_property IO_BUFFER_TYPE = NONE for hdmi_out_0_data_p[2]. (constraint file  /home/andreea/proiect_finn/output_ip_hardware_cu_maimulteepoici/stitched_ip/finn_vivado_stitch_proj.gen/sources_1/bd/design_1/ip/design_1_rgb2dvi_0_1/design_1_rgb2dvi_0_1/design_1_rgb2dvi_0_1_in_context.xdc, line 15).
Applied set_property CLOCK_BUFFER_TYPE = NONE for hdmi_out_0_data_p[2]. (constraint file  /home/andreea/proiect_finn/output_ip_hardware_cu_maimulteepoici/stitched_ip/finn_vivado_stitch_proj.gen/sources_1/bd/design_1/ip/design_1_rgb2dvi_0_1/design_1_rgb2dvi_0_1/design_1_rgb2dvi_0_1_in_context.xdc, line 16).
Applied set_property KEEP_HIERARCHY = SOFT for design_1_i. (constraint file  auto generated constraint).
Applied set_property KEEP_HIERARCHY = SOFT for design_1_i/processing_system7_0. (constraint file  auto generated constraint).
Applied set_property KEEP_HIERARCHY = SOFT for design_1_i/axi_dma_0. (constraint file  auto generated constraint).
Applied set_property KEEP_HIERARCHY = SOFT for design_1_i/smartconnect_0. (constraint file  auto generated constraint).
Applied set_property KEEP_HIERARCHY = SOFT for design_1_i/axis_subset_converter_0. (constraint file  auto generated constraint).
Applied set_property KEEP_HIERARCHY = SOFT for design_1_i/rst_ps7_0_100M. (constraint file  auto generated constraint).
Applied set_property KEEP_HIERARCHY = SOFT for design_1_i/ps7_0_axi_periph/xbar. (constraint file  auto generated constraint).
Applied set_property KEEP_HIERARCHY = SOFT for design_1_i/ps7_0_axi_periph/s00_couplers/auto_pc. (constraint file  auto generated constraint).
Applied set_property KEEP_HIERARCHY = SOFT for design_1_i/ps7_0_axi_periph. (constraint file  auto generated constraint).
Applied set_property KEEP_HIERARCHY = SOFT for design_1_i/axi_gpio_btn_and_sw. (constraint file  auto generated constraint).
Applied set_property KEEP_HIERARCHY = SOFT for design_1_i/hdmi/axi_dynclk_0. (constraint file  auto generated constraint).
Applied set_property KEEP_HIERARCHY = SOFT for design_1_i/hdmi/axi_vdma_0. (constraint file  auto generated constraint).
Applied set_property KEEP_HIERARCHY = SOFT for design_1_i/hdmi/v_tc_0. (constraint file  auto generated constraint).
Applied set_property KEEP_HIERARCHY = SOFT for design_1_i/hdmi/v_axi4s_vid_out_0. (constraint file  auto generated constraint).
Applied set_property KEEP_HIERARCHY = SOFT for design_1_i/hdmi/rgb2dvi_0. (constraint file  auto generated constraint).
Applied set_property KEEP_HIERARCHY = SOFT for design_1_i/hdmi/axis_subset_converter_0. (constraint file  auto generated constraint).
Applied set_property KEEP_HIERARCHY = SOFT for design_1_i/hdmi/xlconstant_0. (constraint file  auto generated constraint).
Applied set_property KEEP_HIERARCHY = SOFT for design_1_i/hdmi/axi_mem_intercon/s00_couplers/auto_pc. (constraint file  auto generated constraint).
Applied set_property KEEP_HIERARCHY = SOFT for design_1_i/hdmi/axi_mem_intercon. (constraint file  auto generated constraint).
Applied set_property KEEP_HIERARCHY = SOFT for design_1_i/finn_design_0. (constraint file  auto generated constraint).
Applied set_property KEEP_HIERARCHY = SOFT for design_1_i/finn_design_0/StreamingFIFO_rtl_0. (constraint file  auto generated constraint).
Applied set_property KEEP_HIERARCHY = SOFT for design_1_i/finn_design_0/FMPadding_rtl_0. (constraint file  auto generated constraint).
Applied set_property KEEP_HIERARCHY = SOFT for design_1_i/finn_design_0/StreamingFIFO_rtl_1/fifo. (constraint file  auto generated constraint).
Applied set_property KEEP_HIERARCHY = SOFT for design_1_i/finn_design_0/ConvolutionInputGenerator_rtl_0. (constraint file  auto generated constraint).
Applied set_property KEEP_HIERARCHY = SOFT for design_1_i/finn_design_0/StreamingFIFO_rtl_2/fifo. (constraint file  auto generated constraint).
Applied set_property KEEP_HIERARCHY = SOFT for design_1_i/finn_design_0/StreamingDataWidthConverter_rtl_0. (constraint file  auto generated constraint).
Applied set_property KEEP_HIERARCHY = SOFT for design_1_i/finn_design_0/StreamingFIFO_rtl_3/fifo. (constraint file  auto generated constraint).
Applied set_property KEEP_HIERARCHY = SOFT for design_1_i/finn_design_0/MVAU_hls_0/MVAU_hls_0. (constraint file  auto generated constraint).
Applied set_property KEEP_HIERARCHY = SOFT for design_1_i/finn_design_0/MVAU_hls_0/MVAU_hls_0_wstrm. (constraint file  auto generated constraint).
Applied set_property KEEP_HIERARCHY = SOFT for design_1_i/finn_design_0/StreamingFIFO_rtl_4. (constraint file  auto generated constraint).
Applied set_property KEEP_HIERARCHY = SOFT for design_1_i/finn_design_0/StreamingDataWidthConverter_rtl_1. (constraint file  auto generated constraint).
Applied set_property KEEP_HIERARCHY = SOFT for design_1_i/finn_design_0/StreamingFIFO_rtl_5. (constraint file  auto generated constraint).
Applied set_property KEEP_HIERARCHY = SOFT for design_1_i/finn_design_0/StreamingMaxPool_hls_0. (constraint file  auto generated constraint).
Applied set_property KEEP_HIERARCHY = SOFT for design_1_i/finn_design_0/StreamingFIFO_rtl_6. (constraint file  auto generated constraint).
Applied set_property KEEP_HIERARCHY = SOFT for design_1_i/finn_design_0/StreamingDataWidthConverter_rtl_2. (constraint file  auto generated constraint).
Applied set_property KEEP_HIERARCHY = SOFT for design_1_i/finn_design_0/StreamingFIFO_rtl_7. (constraint file  auto generated constraint).
Applied set_property KEEP_HIERARCHY = SOFT for design_1_i/finn_design_0/MVAU_hls_1/MVAU_hls_1. (constraint file  auto generated constraint).
Applied set_property KEEP_HIERARCHY = SOFT for design_1_i/finn_design_0/MVAU_hls_1/MVAU_hls_1_wstrm. (constraint file  auto generated constraint).
Applied set_property KEEP_HIERARCHY = SOFT for design_1_i/finn_design_0/StreamingFIFO_rtl_8. (constraint file  auto generated constraint).
Applied set_property KEEP_HIERARCHY = SOFT for design_1_i/finn_design_0/MVAU_rtl_0/MVAU_rtl_0. (constraint file  auto generated constraint).
Applied set_property KEEP_HIERARCHY = SOFT for design_1_i/finn_design_0/MVAU_rtl_0/MVAU_rtl_0_wstrm. (constraint file  auto generated constraint).
Applied set_property KEEP_HIERARCHY = SOFT for design_1_i/finn_design_0/StreamingFIFO_rtl_9. (constraint file  auto generated constraint).
---------------------------------------------------------------------------------
Finished applying 'set_property' XDC Constraints : Time (s): cpu = 00:00:08 ; elapsed = 00:00:09 . Memory (MB): peak = 2230.410 ; gain = 509.379 ; free physical = 3701 ; free virtual = 5763
Synthesis current peak Physical Memory [PSS] (MB): peak = 1592.847; parent = 1363.298; children = 229.549
Synthesis current peak Virtual Memory [VSS] (MB): peak = 3169.672; parent = 2198.395; children = 971.277
---------------------------------------------------------------------------------
---------------------------------------------------------------------------------
Finished RTL Optimization Phase 2 : Time (s): cpu = 00:00:08 ; elapsed = 00:00:09 . Memory (MB): peak = 2230.410 ; gain = 509.379 ; free physical = 3703 ; free virtual = 5766
Synthesis current peak Physical Memory [PSS] (MB): peak = 1592.847; parent = 1363.298; children = 229.549
Synthesis current peak Virtual Memory [VSS] (MB): peak = 3169.672; parent = 2198.395; children = 971.277
---------------------------------------------------------------------------------
---------------------------------------------------------------------------------
Start RTL Component Statistics 
---------------------------------------------------------------------------------
Detailed RTL Component Info : 
---------------------------------------------------------------------------------
Finished RTL Component Statistics 
---------------------------------------------------------------------------------
---------------------------------------------------------------------------------
Start Part Resource Summary
---------------------------------------------------------------------------------
Part Resources:
DSPs: 220 (col length:60)
BRAMs: 280 (col length: RAMB18 60 RAMB36 30)
---------------------------------------------------------------------------------
Finished Part Resource Summary
---------------------------------------------------------------------------------
---------------------------------------------------------------------------------
Start Cross Boundary and Area Optimization
---------------------------------------------------------------------------------
WARNING: [Synth 8-7080] Parallel synthesis criteria is not met
---------------------------------------------------------------------------------
Finished Cross Boundary and Area Optimization : Time (s): cpu = 00:00:08 ; elapsed = 00:00:09 . Memory (MB): peak = 2230.410 ; gain = 509.379 ; free physical = 3687 ; free virtual = 5756
Synthesis current peak Physical Memory [PSS] (MB): peak = 1592.847; parent = 1363.298; children = 229.549
Synthesis current peak Virtual Memory [VSS] (MB): peak = 3169.672; parent = 2198.395; children = 971.277
---------------------------------------------------------------------------------
---------------------------------------------------------------------------------
Start Applying XDC Timing Constraints
---------------------------------------------------------------------------------
---------------------------------------------------------------------------------
Finished Applying XDC Timing Constraints : Time (s): cpu = 00:00:11 ; elapsed = 00:00:12 . Memory (MB): peak = 2230.410 ; gain = 509.379 ; free physical = 3560 ; free virtual = 5637
Synthesis current peak Physical Memory [PSS] (MB): peak = 1681.753; parent = 1452.716; children = 229.549
Synthesis current peak Virtual Memory [VSS] (MB): peak = 3169.672; parent = 2198.395; children = 971.277
---------------------------------------------------------------------------------
---------------------------------------------------------------------------------
Start Timing Optimization
---------------------------------------------------------------------------------
---------------------------------------------------------------------------------
Finished Timing Optimization : Time (s): cpu = 00:00:11 ; elapsed = 00:00:12 . Memory (MB): peak = 2230.410 ; gain = 509.379 ; free physical = 3560 ; free virtual = 5637
Synthesis current peak Physical Memory [PSS] (MB): peak = 1682.034; parent = 1452.997; children = 229.549
Synthesis current peak Virtual Memory [VSS] (MB): peak = 3169.672; parent = 2198.395; children = 971.277
---------------------------------------------------------------------------------
---------------------------------------------------------------------------------
Start Technology Mapping
---------------------------------------------------------------------------------
---------------------------------------------------------------------------------
Finished Technology Mapping : Time (s): cpu = 00:00:11 ; elapsed = 00:00:13 . Memory (MB): peak = 2230.410 ; gain = 509.379 ; free physical = 3558 ; free virtual = 5635
Synthesis current peak Physical Memory [PSS] (MB): peak = 1683.315; parent = 1454.278; children = 229.549
Synthesis current peak Virtual Memory [VSS] (MB): peak = 3169.672; parent = 2198.395; children = 971.277
---------------------------------------------------------------------------------
---------------------------------------------------------------------------------
Start IO Insertion
---------------------------------------------------------------------------------
---------------------------------------------------------------------------------
Start Flattening Before IO Insertion
---------------------------------------------------------------------------------
---------------------------------------------------------------------------------
Finished Flattening Before IO Insertion
---------------------------------------------------------------------------------
---------------------------------------------------------------------------------
Start Final Netlist Cleanup
---------------------------------------------------------------------------------
---------------------------------------------------------------------------------
Finished Final Netlist Cleanup
---------------------------------------------------------------------------------
---------------------------------------------------------------------------------
Finished IO Insertion : Time (s): cpu = 00:00:13 ; elapsed = 00:00:15 . Memory (MB): peak = 2230.410 ; gain = 509.379 ; free physical = 3558 ; free virtual = 5635
Synthesis current peak Physical Memory [PSS] (MB): peak = 1683.640; parent = 1454.603; children = 229.549
Synthesis current peak Virtual Memory [VSS] (MB): peak = 3169.672; parent = 2198.395; children = 971.277
---------------------------------------------------------------------------------
---------------------------------------------------------------------------------
Start Renaming Generated Instances
---------------------------------------------------------------------------------
---------------------------------------------------------------------------------
Finished Renaming Generated Instances : Time (s): cpu = 00:00:13 ; elapsed = 00:00:15 . Memory (MB): peak = 2230.410 ; gain = 509.379 ; free physical = 3558 ; free virtual = 5635
Synthesis current peak Physical Memory [PSS] (MB): peak = 1683.640; parent = 1454.603; children = 229.549
Synthesis current peak Virtual Memory [VSS] (MB): peak = 3169.672; parent = 2198.395; children = 971.277
---------------------------------------------------------------------------------
---------------------------------------------------------------------------------
Start Rebuilding User Hierarchy
---------------------------------------------------------------------------------
---------------------------------------------------------------------------------
Finished Rebuilding User Hierarchy : Time (s): cpu = 00:00:13 ; elapsed = 00:00:15 . Memory (MB): peak = 2230.410 ; gain = 509.379 ; free physical = 3558 ; free virtual = 5635
Synthesis current peak Physical Memory [PSS] (MB): peak = 1683.718; parent = 1454.681; children = 229.549
Synthesis current peak Virtual Memory [VSS] (MB): peak = 3169.672; parent = 2198.395; children = 971.277
---------------------------------------------------------------------------------
---------------------------------------------------------------------------------
Start Renaming Generated Ports
---------------------------------------------------------------------------------
---------------------------------------------------------------------------------
Finished Renaming Generated Ports : Time (s): cpu = 00:00:13 ; elapsed = 00:00:15 . Memory (MB): peak = 2230.410 ; gain = 509.379 ; free physical = 3558 ; free virtual = 5635
Synthesis current peak Physical Memory [PSS] (MB): peak = 1683.780; parent = 1454.743; children = 229.549
Synthesis current peak Virtual Memory [VSS] (MB): peak = 3169.672; parent = 2198.395; children = 971.277
---------------------------------------------------------------------------------
---------------------------------------------------------------------------------
Start Handling Custom Attributes
---------------------------------------------------------------------------------
---------------------------------------------------------------------------------
Finished Handling Custom Attributes : Time (s): cpu = 00:00:13 ; elapsed = 00:00:15 . Memory (MB): peak = 2230.410 ; gain = 509.379 ; free physical = 3558 ; free virtual = 5635
Synthesis current peak Physical Memory [PSS] (MB): peak = 1683.780; parent = 1454.743; children = 229.549
Synthesis current peak Virtual Memory [VSS] (MB): peak = 3169.672; parent = 2198.395; children = 971.277
---------------------------------------------------------------------------------
---------------------------------------------------------------------------------
Start Renaming Generated Nets
---------------------------------------------------------------------------------
---------------------------------------------------------------------------------
Finished Renaming Generated Nets : Time (s): cpu = 00:00:13 ; elapsed = 00:00:15 . Memory (MB): peak = 2230.410 ; gain = 509.379 ; free physical = 3558 ; free virtual = 5635
Synthesis current peak Physical Memory [PSS] (MB): peak = 1683.780; parent = 1454.743; children = 229.549
Synthesis current peak Virtual Memory [VSS] (MB): peak = 3169.672; parent = 2198.395; children = 971.277
---------------------------------------------------------------------------------
---------------------------------------------------------------------------------
Start Writing Synthesis Report
---------------------------------------------------------------------------------

Report BlackBoxes: 
+------+-------------------------------------------------------+----------+
|      |BlackBox name                                          |Instances |
+------+-------------------------------------------------------+----------+
|1     |finn_design_inst_0_ConvolutionInputGenerator_rtl_0_0   |         1|
|2     |finn_design_inst_0_FMPadding_rtl_0_0                   |         1|
|3     |finn_design_inst_0_StreamingDataWidthConverter_rtl_0_0 |         1|
|4     |finn_design_inst_0_StreamingDataWidthConverter_rtl_1_0 |         1|
|5     |finn_design_inst_0_StreamingDataWidthConverter_rtl_2_0 |         1|
|6     |finn_design_inst_0_StreamingFIFO_rtl_0_0               |         1|
|7     |finn_design_inst_0_StreamingFIFO_rtl_4_0               |         1|
|8     |finn_design_inst_0_StreamingFIFO_rtl_5_0               |         1|
|9     |finn_design_inst_0_StreamingFIFO_rtl_6_0               |         1|
|10    |finn_design_inst_0_StreamingFIFO_rtl_7_0               |         1|
|11    |finn_design_inst_0_StreamingFIFO_rtl_8_0               |         1|
|12    |finn_design_inst_0_StreamingFIFO_rtl_9_0               |         1|
|13    |finn_design_inst_0_StreamingMaxPool_hls_0_0            |         1|
|14    |finn_design_inst_0_MVAU_hls_0_0                        |         1|
|15    |finn_design_inst_0_MVAU_hls_0_wstrm_0                  |         1|
|16    |finn_design_inst_0_MVAU_hls_1_0                        |         1|
|17    |finn_design_inst_0_MVAU_hls_1_wstrm_0                  |         1|
|18    |finn_design_inst_0_MVAU_rtl_0_0                        |         1|
|19    |finn_design_inst_0_MVAU_rtl_0_wstrm_0                  |         1|
|20    |finn_design_inst_0_fifo_0                              |         1|
|21    |finn_design_inst_0_fifo_1                              |         1|
|22    |finn_design_inst_0_fifo_2                              |         1|
|23    |design_1_xbar_0                                        |         1|
|24    |design_1_auto_pc_0                                     |         1|
|25    |design_1_axi_dma_0_0                                   |         1|
|26    |design_1_axi_gpio_0_0                                  |         1|
|27    |design_1_axis_subset_converter_0_0                     |         1|
|28    |design_1_processing_system7_0_0                        |         1|
|29    |design_1_rst_ps7_0_100M_0                              |         1|
|30    |design_1_smartconnect_0_0                              |         1|
|31    |design_1_auto_pc_1                                     |         1|
|32    |design_1_axi_dynclk_0_0                                |         1|
|33    |design_1_axi_vdma_0_0                                  |         1|
|34    |design_1_axis_subset_converter_0_1                     |         1|
|35    |design_1_rgb2dvi_0_1                                   |         1|
|36    |design_1_v_axi4s_vid_out_0_0                           |         1|
|37    |design_1_v_tc_0_0                                      |         1|
+------+-------------------------------------------------------+----------+

Report Cell Usage: 
+------+-----------------------------------------------------+------+
|      |Cell                                                 |Count |
+------+-----------------------------------------------------+------+
|1     |design_1_auto_pc                                     |     2|
|3     |design_1_axi_dma_0                                   |     1|
|4     |design_1_axi_dynclk_0                                |     1|
|5     |design_1_axi_gpio_0                                  |     1|
|6     |design_1_axi_vdma_0                                  |     1|
|7     |design_1_axis_subset_converter_0                     |     2|
|9     |design_1_processing_system7_0                        |     1|
|10    |design_1_rgb2dvi_0                                   |     1|
|11    |design_1_rst_ps7_0_100M                              |     1|
|12    |design_1_smartconnect_0                              |     1|
|13    |design_1_v_axi4s_vid_out_0                           |     1|
|14    |design_1_v_tc_0                                      |     1|
|15    |design_1_xbar                                        |     1|
|16    |finn_design_inst_0_ConvolutionInputGenerator_rtl_0   |     1|
|17    |finn_design_inst_0_FMPadding_rtl_0                   |     1|
|18    |finn_design_inst_0_MVAU_hls_0                        |     1|
|19    |finn_design_inst_0_MVAU_hls_0_wstrm                  |     1|
|20    |finn_design_inst_0_MVAU_hls_1                        |     1|
|21    |finn_design_inst_0_MVAU_hls_1_wstrm                  |     1|
|22    |finn_design_inst_0_MVAU_rtl_0                        |     1|
|23    |finn_design_inst_0_MVAU_rtl_0_wstrm                  |     1|
|24    |finn_design_inst_0_StreamingDataWidthConverter_rtl_0 |     1|
|25    |finn_design_inst_0_StreamingDataWidthConverter_rtl_1 |     1|
|26    |finn_design_inst_0_StreamingDataWidthConverter_rtl_2 |     1|
|27    |finn_design_inst_0_StreamingFIFO_rtl_0               |     1|
|28    |finn_design_inst_0_StreamingFIFO_rtl_4               |     1|
|29    |finn_design_inst_0_StreamingFIFO_rtl_5               |     1|
|30    |finn_design_inst_0_StreamingFIFO_rtl_6               |     1|
|31    |finn_design_inst_0_StreamingFIFO_rtl_7               |     1|
|32    |finn_design_inst_0_StreamingFIFO_rtl_8               |     1|
|33    |finn_design_inst_0_StreamingFIFO_rtl_9               |     1|
|34    |finn_design_inst_0_StreamingMaxPool_hls_0            |     1|
|35    |finn_design_inst_0_fifo                              |     3|
|38    |IBUF                                                 |     8|
+------+-----------------------------------------------------+------+
---------------------------------------------------------------------------------
Finished Writing Synthesis Report : Time (s): cpu = 00:00:13 ; elapsed = 00:00:15 . Memory (MB): peak = 2230.410 ; gain = 509.379 ; free physical = 3558 ; free virtual = 5635
Synthesis current peak Physical Memory [PSS] (MB): peak = 1683.796; parent = 1454.759; children = 229.549
Synthesis current peak Virtual Memory [VSS] (MB): peak = 3169.672; parent = 2198.395; children = 971.277
---------------------------------------------------------------------------------
Synthesis finished with 0 errors, 0 critical warnings and 17 warnings.
Synthesis Optimization Runtime : Time (s): cpu = 00:00:12 ; elapsed = 00:00:13 . Memory (MB): peak = 2230.410 ; gain = 460.453 ; free physical = 3613 ; free virtual = 5689
Synthesis Optimization Complete : Time (s): cpu = 00:00:14 ; elapsed = 00:00:15 . Memory (MB): peak = 2230.410 ; gain = 509.379 ; free physical = 3613 ; free virtual = 5689
INFO: [Project 1-571] Translating synthesized netlist
Netlist sorting complete. Time (s): cpu = 00:00:00.02 ; elapsed = 00:00:00.02 . Memory (MB): peak = 2230.410 ; gain = 0.000 ; free physical = 3715 ; free virtual = 5795
INFO: [Project 1-570] Preparing netlist for logic optimization
INFO: [Opt 31-138] Pushed 0 inverter(s) to 0 load pin(s).
Netlist sorting complete. Time (s): cpu = 00:00:00 ; elapsed = 00:00:00 . Memory (MB): peak = 2230.410 ; gain = 0.000 ; free physical = 3651 ; free virtual = 5732
INFO: [Project 1-111] Unisim Transformation Summary:
No Unisim elements were transformed.

Synth Design complete, checksum: 6b79f445
INFO: [Common 17-83] Releasing license: Synthesis
161 Infos, 212 Warnings, 0 Critical Warnings and 0 Errors encountered.
synth_design completed successfully
synth_design: Time (s): cpu = 00:00:18 ; elapsed = 00:00:19 . Memory (MB): peak = 2230.410 ; gain = 677.824 ; free physical = 3859 ; free virtual = 5938
INFO: [Common 17-1381] The checkpoint '/home/andreea/proiect_finn/output_ip_hardware_cu_maimulteepoici/stitched_ip/finn_vivado_stitch_proj.runs/synth_1/design_1_wrapper.dcp' has been generated.
INFO: [runtcl-4] Executing : report_utilization -file design_1_wrapper_utilization_synth.rpt -pb design_1_wrapper_utilization_synth.pb
INFO: [Common 17-206] Exiting Vivado at Sun Apr 19 16:42:10 2026...
